idx,date,n_fixtures,n_bets,bankroll_open,bankroll_close,stake_frac,pnl_frac,exposure,k_risk,capped,model,policy,opening_drawdown,drawdown_trust_multiplier
1,2024-08-03,9,23,1000.0,1012.3476830898875,0.14705419853952215,0.012347683089887512,0.1470541985395221,0.2619267334956533,false,m12_joint_hybrid_synergy,P0_flat_benchmark,0.0,1.0
2,2024-08-10,9,18,1012.3476830898875,969.5974922979884,0.10687768150213528,-0.0422287634041073,0.10687768150213527,0.2523711794949741,false,m12_joint_hybrid_synergy,P0_flat_benchmark,0.0,1.0
3,2024-08-17,8,14,969.5974922979884,998.6640060989886,0.08904477561704148,0.02997791767397337,0.08904477561704148,0.2676804584881644,false,m12_joint_hybrid_synergy,P0_flat_benchmark,-0.042228763404107306,1.0
4,2024-08-24,8,18,998.6640060989886,1126.4502648107218,0.10026122407063637,0.1279572087622301,0.10026122407063637,0.26835735045440623,false,m12_joint_hybrid_synergy,P0_flat_benchmark,-0.013516776122935892,1.0
5,2024-08-31,9,17,1126.4502648107218,1121.785738040982,0.07431111412525399,-0.0041409078726821,0.07431111412525399,0.26451154259563414,false,m12_joint_hybrid_synergy,P0_flat_benchmark,0.0,1.0
6,2024-09-14,8,18,1121.785738040982,1132.2518257776744,0.10283031089826708,0.009329845604000539,0.10283031089826708,0.2543008719836325,false,m12_joint_hybrid_synergy,P0_flat_benchmark,-0.004140907872682287,1.0
7,2024-09-21,9,18,1132.2518257776744,1112.4216881034113,0.06751535568907675,-0.017513893307827436,0.06751535568907677,0.2744865383368691,false,m12_joint_hybrid_synergy,P0_flat_benchmark,0.0,1.0
8,2024-09-28,9,13,1112.4216881034113,1114.8556443994098,0.05523528287590879,0.0021879799018914604,0.05523528287590879,0.26804834366982205,false,m12_joint_hybrid_synergy,P0_flat_benchmark,-0.0175138933078276,1.0
9,2024-10-05,9,13,1114.8556443994098,1126.4397377493242,0.062138163709924095,0.010390666637522413,0.062138163709924095,0.2748113252071439,false,m12_joint_hybrid_synergy,P0_flat_benchmark,-0.015364233452497378,1.0
10,2024-10-19,9,19,1126.4397377493242,1133.981779231871,0.08950185922882403,0.00669546823482654,0.08950185922882403,0.26623464667453195,false,m12_joint_hybrid_synergy,P0_flat_benchmark,-0.005133211442921004,1.0
11,2024-10-26,5,7,1133.981779231871,1168.2722983623964,0.04425201537851882,0.030239038896862178,0.04425201537851882,0.2883283304061927,false,m12_joint_hybrid_synergy,P0_flat_benchmark,0.0,1.0
12,2024-11-02,9,15,1168.2722983623964,1129.3899129225197,0.09310084415421702,-0.03328195446761825,0.09310084415421702,0.2626934577809864,false,m12_joint_hybrid_synergy,P0_flat_benchmark,0.0,1.0
13,2024-11-09,9,15,1129.3899129225197,1259.8310752241796,0.08272015489638011,0.11549701374976656,0.08272015489638014,0.26241071966168217,false,m12_joint_hybrid_synergy,P0_flat_benchmark,-0.03328195446761806,1.0
14,2024-11-16,9,14,1259.8310752241796,1340.8663630098065,0.07414464699659773,0.06432234398663916,0.07414464699659773,0.2614799183351115,false,m12_joint_hybrid_synergy,P0_flat_benchmark,0.0,1.0
15,2024-11-23,1,2,1340.8663630098065,1324.805222100308,0.011978181683554745,-0.011978181683554745,0.011978181683554745,0.24752272525032173,false,m12_joint_hybrid_synergy,P0_flat_benchmark,0.0,1.0
16,2024-11-30,1,2,1324.805222100308,1322.908962450377,0.0014313497699871003,-0.0014313497699871003,0.0014313497699871003,0.2816481249947866,false,m12_joint_hybrid_synergy,P0_flat_benchmark,-0.01197818168355469,1.0
17,2024-12-03,3,3,1322.908962450377,1358.5704987180563,0.01980438074796562,0.02695690881224729,0.019804380747965623,0.2666489201607607,false,m12_joint_hybrid_synergy,P0_flat_benchmark,-0.013392386485944097,1.0
18,2024-12-07,8,13,1358.5704987180563,1417.1158319484798,0.04514480210842241,0.04309333471149778,0.04514480210842241,0.26135687009705644,false,m12_joint_hybrid_synergy,P0_flat_benchmark,0.0,1.0
19,2024-12-14,9,16,1417.1158319484798,1551.9895384069216,0.08594696504478724,0.09517479334981076,0.08594696504478724,0.2871499078287913,false,m12_joint_hybrid_synergy,P0_flat_benchmark,0.0,1.0
20,2024-12-17,3,5,1551.9895384069216,1552.194454491737,0.034986920403618255,0.00013203444981062934,0.034986920403618255,0.31304075427108585,false,m12_joint_hybrid_synergy,P0_flat_benchmark,0.0,1.0
21,2024-12-21,9,17,1552.194454491737,1556.2529738392172,0.0711320949420243,0.0026146977498442848,0.07113209494202428,0.26660399347832364,false,m12_joint_hybrid_synergy,P0_flat_benchmark,0.0,1.0
22,2024-12-28,8,21,1556.2529738392172,1680.9401308116871,0.10010269289431553,0.08012010840684296,0.10010269289431552,0.2819771855663804,false,m12_joint_hybrid_synergy,P0_flat_benchmark,0.0,1.0
23,2025-01-04,8,12,1680.9401308116871,1684.474451036059,0.041148737627415964,0.002102585427992106,0.04114873762741596,0.26458861289573266,false,m12_joint_hybrid_synergy,P0_flat_benchmark,0.0,1.0
24,2025-01-08,1,2,1684.474451036059,1674.9152898708824,0.005674862660752844,-0.005674862660752844,0.005674862660752844,0.28649190877208625,false,m12_joint_hybrid_synergy,P0_flat_benchmark,0.0,1.0
25,2025-01-11,5,11,1674.9152898708824,1616.1530458692562,0.04843099347986928,-0.035083711013322985,0.04843099347986928,0.268366295042408,false,m12_joint_hybrid_synergy,P0_flat_benchmark,-0.0056748626607527886,1.0
26,2025-01-14,1,2,1616.1530458692562,1588.4261522832137,0.017156106382938123,-0.017156106382938123,0.017156106382938123,0.25865480660329093,false,m12_joint_hybrid_synergy,P0_flat_benchmark,-0.04055947843244567,1.0
27,2025-01-17,1,2,1588.4261522832137,1626.528013707981,0.008497755233669742,0.023987178358905327,0.008497755233669742,0.2607909527929396,false,m12_joint_hybrid_synergy,P0_flat_benchmark,-0.05701974208856031,0.75
28,2025-01-18,3,6,1626.528013707981,1558.5046502243683,0.04182120621983041,-0.04182120621983041,0.041821206219830404,0.2617495452769882,false,m12_joint_hybrid_synergy,P0_flat_benchmark,-0.034400306453111984,1.0
29,2025-01-21,1,2,1558.5046502243683,1595.58936170505,0.010122522867278393,0.02379505988342264,0.010122522867278393,0.2532821926327182,false,m12_joint_hybrid_synergy,P0_flat_benchmark,-0.07478285036274146,0.75
30,2025-01-25,8,14,1595.58936170505,1560.0336097305349,0.08441214175700058,-0.0222837735246115,0.08441214175700058,0.2647738011219352,false,m12_joint_hybrid_synergy,P0_flat_benchmark,-0.052767252881953275,0.75
31,2025-01-28,1,2,1560.0336097305349,1565.4700604102204,0.010238218615353956,0.0034848292022533244,0.010238218615353956,0.3021684998637898,false,m12_joint_hybrid_synergy,P0_flat_benchmark,-0.07387517289382761,0.75
32,2025-02-01,9,15,1565.4700604102204,1724.9867123007423,0.08126122396537705,0.10189696751448676,0.08126122396537706,0.2715509225009705,false,m12_joint_hybrid_synergy,P0_flat_benchmark,-0.07064778605139621,0.75
33,2025-02-04,1,0,1724.9867123007423,1724.9867123007423,0.0,0.0,0.0,1.0,false,m12_joint_hybrid_synergy,P0_flat_benchmark,0.0,1.0
34,2025-02-08,8,15,1724.9867123007423,1744.9404843233558,0.06259891039581793,0.011567493175642866,0.06259891039581793,0.2581792761283147,false,m12_joint_hybrid_synergy,P0_flat_benchmark,0.0,1.0
35,2025-02-11,1,2,1744.9404843233558,1749.4530293403504,0.005048463018911541,0.002586073884774679,0.005048463018911541,0.35866965413672725,false,m12_joint_hybrid_synergy,P0_flat_benchmark,0.0,1.0
36,2025-02-15,8,17,1749.4530293403504,1741.6261014745733,0.072660284971611,-0.004473928556246148,0.072660284971611,0.26438033126014576,false,m12_joint_hybrid_synergy,P0_flat_benchmark,0.0,1.0
37,2025-02-22,9,17,1741.6261014745733,1787.6929356270248,0.08807150395303547,0.026450472988116213,0.08807150395303545,0.2690197348195421,false,m12_joint_hybrid_synergy,P0_flat_benchmark,-0.004473928556246176,1.0
38,2025-02-25,1,3,1787.6929356270248,1750.0444899226895,0.021059794416612373,-0.021059794416612373,0.021059794416612373,0.2696723198301303,false,m12_joint_hybrid_synergy,P0_flat_benchmark,0.0,1.0
39,2025-03-01,9,20,1750.0444899226895,1895.3055441683612,0.10945758661893495,0.083004206511395,0.10945758661893495,0.2698500716022073,false,m12_joint_hybrid_synergy,P0_flat_benchmark,-0.02105979441661232,1.0
40,2025-03-04,2,4,1895.3055441683612,1849.531954402295,0.03900680537068189,-0.024151034595401504,0.03900680537068189,0.26078433821041846,false,m12_joint_hybrid_synergy,P0_flat_benchmark,0.0,1.0
41,2025-03-08,9,20,1849.531954402295,1719.8929959636198,0.12413029222076497,-0.07009284599279603,0.12413029222076497,0.2654634025830529,false,m12_joint_hybrid_synergy,P0_flat_benchmark,-0.024151034595401355,1.0
42,2025-03-11,2,4,1719.8929959636198,1662.2231836434275,0.03353104667298267,-0.03353104667298267,0.03353104667298267,0.2669385783495314,false,m12_joint_hybrid_synergy,P0_flat_benchmark,-0.09255106583973527,0.75
43,2025-03-15,9,20,1662.2231836434275,1788.8757991233826,0.10037214481614014,0.07619471123146355,0.10037214481614014,0.25555399052111455,false,m12_joint_hybrid_synergy,P0_flat_benchmark,-0.12297877840441163,0.5
44,2025-03-22,9,21,1788.8757991233826,1764.9963087498927,0.11627964646628355,-0.013348881115833496,0.11627964646628354,0.2662079030729414,false,m12_joint_hybrid_synergy,P0_flat_benchmark,-0.05615439968107028,0.75
45,2025-03-29,9,13,1764.9963087498927,1842.8262740383466,0.05838471268505539,0.044096389835273295,0.05838471268505538,0.27219287417870014,false,m12_joint_hybrid_synergy,P0_flat_benchmark,-0.06875368239143032,0.75
46,2025-04-05,9,19,1842.8262740383466,1890.6501717657893,0.08490022044193958,0.025951386954475117,0.08490022044193957,0.2628537568945935,false,m12_joint_hybrid_synergy,P0_flat_benchmark,-0.027689081737499954,1.0
47,2025-04-12,9,21,1890.6501717657893,1844.949218471747,0.11514560172035916,-0.024172083221170287,0.11514560172035919,0.26391363468298973,false,m12_joint_hybrid_synergy,P0_flat_benchmark,-0.0024562648576087476,1.0
48,2025-04-19,9,18,1844.949218471747,1898.8517880573877,0.102070414769699,0.029216289015418395,0.10207041476969902,0.27233969550344295,false,m12_joint_hybrid_synergy,P0_flat_benchmark,-0.026568975040227594,1.0
49,2025-04-26,8,15,1898.8517880573877,1836.4879203556113,0.06580093614177839,-0.03284293597531253,0.06580093614177837,0.26542591798117676,false,m12_joint_hybrid_synergy,P0_flat_benchmark,0.0,1.0
50,2025-05-03,9,20,1836.4879203556113,1868.8576344872893,0.15320327550987015,0.017625879142951363,0.15320327550987012,0.2791108745084129,false,m12_joint_hybrid_synergy,P0_flat_benchmark,-0.032842935975312515,1.0
51,2025-08-02,9,18,1868.8576344872893,1743.871996535876,0.11717741612993532,-0.06687809474888251,0.11717741612993532,0.2672547088905419,false,m12_joint_hybrid_synergy,P0_flat_benchmark,-0.015795942452561773,1.0
52,2025-08-09,9,20,1743.871996535876,1807.703965599274,0.17584756257641773,0.03660358626676585,0.17584756257641776,0.29274413137426364,false,m12_joint_hybrid_synergy,P0_flat_benchmark,-0.08161763466545391,0.75
53,2025-08-16,6,15,1807.703965599274,1973.5591747656374,0.10211674756077659,0.09174909848216248,0.10211674756077657,0.26313732110114413,false,m12_joint_hybrid_synergy,P0_flat_benchmark,-0.048001546530054395,1.0
54,2025-08-23,9,20,1973.5591747656374,1906.9354081878048,0.11080382362701623,-0.033758180362514045,0.11080382362701621,0.3003316534223797,false,m12_joint_hybrid_synergy,P0_flat_benchmark,0.0,1.0
55,2025-08-30,9,19,1906.9354081878048,1695.5683256636255,0.13473660989246047,-0.11084123857401396,0.1347366098924605,0.280439819364262,false,m12_joint_hybrid_synergy,P0_flat_benchmark,-0.03375818036251399,1.0
56,2025-09-13,8,17,1695.5683256636255,1647.1065893297741,0.11523991983157635,-0.02858141167203283,0.11523991983157633,0.27872852284322464,false,m12_joint_hybrid_synergy,P0_flat_benchmark,-0.14085762041314198,0.5
57,2025-09-20,9,18,1647.1065893297741,1622.759562293969,0.1061194253203523,-0.014781694878479178,0.10611942532035232,0.273470285445153,false,m12_joint_hybrid_synergy,P0_flat_benchmark,-0.16541312244900386,0.25
58,2025-09-27,9,21,1622.759562293969,1873.338417071145,0.15174883400371703,0.1544152692731337,0.15174883400371705,0.27147902950982905,false,m12_joint_hybrid_synergy,P0_flat_benchmark,-0.1777497310225452,0.25
59,2025-10-04,9,19,1873.338417071145,1902.6975981547419,0.12960228586761774,0.01567211819074213,0.12960228586761777,0.2979170079688576,false,m12_joint_hybrid_synergy,P0_flat_benchmark,-0.05078173432848487,0.75
60,2025-10-07,1,3,1902.6975981547419,1882.0101037796842,0.01839468631991842,-0.010872717974270163,0.01839468631991842,0.2643088489737255,false,m12_joint_hybrid_synergy,P0_flat_benchmark,-0.03590547348006956,1.0
61,2025-10-18,9,17,1882.0101037796842,2034.289035751025,0.10406240596958626,0.08091291947132248,0.10406240596958627,0.28296768495219193,false,m12_joint_hybrid_synergy,P0_flat_benchmark,-0.04638780136745824,1.0
62,2025-10-24,1,3,2034.289035751025,2128.833123387863,0.019010794031619257,0.04647524809665688,0.019010794031619257,0.28180938557776675,false,m12_joint_hybrid_synergy,P0_flat_benchmark,0.0,1.0
63,2025-10-25,4,6,2128.833123387863,2204.2869734728115,0.050859099541712555,0.03544375989644037,0.05085909954171254,0.2737172029380562,false,m12_joint_hybrid_synergy,P0_flat_benchmark,0.0,1.0
64,2025-11-01,9,16,2204.2869734728115,2245.790960690501,0.08982758347860588,0.01882875855873755,0.08982758347860585,0.27491680455748424,false,m12_joint_hybrid_synergy,P0_flat_benchmark,0.0,1.0
65,2025-11-08,9,13,2245.790960690501,2187.6020452545217,0.08921144906884858,-0.02591021001264003,0.08921144906884856,0.2711535072473611,false,m12_joint_hybrid_synergy,P0_flat_benchmark,0.0,1.0
66,2025-11-15,8,15,2187.6020452545217,2269.0209591548523,0.0950707430666659,0.03721833871793531,0.09507074306666588,0.2646009408501432,false,m12_joint_hybrid_synergy,P0_flat_benchmark,-0.025910210012639934,1.0
67,2025-11-22,9,17,2269.0209591548523,2364.37508872378,0.1410294873194464,0.04202434939360149,0.1410294873194464,0.28481771491798286,false,m12_joint_hybrid_synergy,P0_flat_benchmark,0.0,1.0
68,2025-11-25,1,3,2364.37508872378,2368.992647471213,0.020341306502695104,0.001952972169878905,0.020341306502695104,0.26992812070104,false,m12_joint_hybrid_synergy,P0_flat_benchmark,0.0,1.0
69,2025-12-06,8,16,2368.992647471213,2189.014368564998,0.11946613605445452,-0.07597249366659413,0.11946613605445451,0.26937190862458954,false,m12_joint_hybrid_synergy,P0_flat_benchmark,0.0,1.0
70,2025-12-13,9,18,2189.014368564998,2340.5371609418366,0.11679743530321914,0.06921964266327255,0.11679743530321915,0.28303202453448484,false,m12_joint_hybrid_synergy,P0_flat_benchmark,-0.07597249366659409,0.75
71,2025-12-20,9,17,2340.5371609418366,2608.9884008253484,0.0924830250039593,0.1146964228397411,0.09248302500395929,0.2665203305994358,false,m12_joint_hybrid_synergy,P0_flat_benchmark,-0.012011639867160917,1.0
72,2025-12-27,9,16,2608.9884008253484,2817.6097707210697,0.0869580114775313,0.07996255170384194,0.08695801147753131,0.2805671309725256,false,m12_joint_hybrid_synergy,P0_flat_benchmark,0.0,1.0
73,2026-01-03,4,8,2817.6097707210697,2810.4963006752055,0.04617031504186852,-0.002524646996820982,0.04617031504186852,0.26089232170118726,false,m12_joint_hybrid_synergy,P0_flat_benchmark,0.0,1.0
74,2026-01-10,5,10,2810.4963006752055,2725.13253452536,0.06539022877289125,-0.030373199968040197,0.06539022877289125,0.2694043679000571,false,m12_joint_hybrid_synergy,P0_flat_benchmark,-0.0025246469968208674,1.0
75,2026-01-17,2,5,2725.13253452536,2835.712887196376,0.041760579588206975,0.04057797236282904,0.041760579588206975,0.26606966127982906,false,m12_joint_hybrid_synergy,P0_flat_benchmark,-0.03282116535677804,1.0
76,2026-01-20,2,5,2835.712887196376,2749.50242865776,0.034263634504539627,-0.030401688029795804,0.034263634504539627,0.2617313074483537,false,m12_joint_hybrid_synergy,P0_flat_benchmark,0.0,1.0
77,2026-01-24,8,18,2749.50242865776,2740.5434838128217,0.12203231622300148,-0.0032583876819168084,0.12203231622300151,0.28283342138208467,false,m12_joint_hybrid_synergy,P0_flat_benchmark,-0.030401688029795926,1.0
78,2026-01-31,9,16,2740.5434838128217,2792.7811791015793,0.11352725051933533,0.01906107149815442,0.11352725051933531,0.2648030640245553,false,m12_joint_hybrid_synergy,P0_flat_benchmark,-0.033561015225926694,1.0
79,2026-02-07,5,10,2792.7811791015793,2709.653219406357,0.06462221332863437,-0.02976529644258198,0.06462221332863437,0.26643667464482285,false,m12_joint_hybrid_synergy,P0_flat_benchmark,-0.015139652638544332,1.0
80,2026-02-10,3,8,2709.653219406357,2708.0347094907033,0.05013298259951683,-0.0005973125653356472,0.05013298259951683,0.293902276440072,false,m12_joint_hybrid_synergy,P0_flat_benchmark,-0.04445431283230228,1.0
81,2026-02-14,6,13,2708.0347094907033,2674.6228409836704,0.08397111253963957,-0.01233805031742605,0.08397111253963957,0.2996004730537357,false,m12_joint_hybrid_synergy,P0_flat_benchmark,-0.0450250722779999,1.0
82,2026-02-17,4,9,2674.6228409836704,2688.366486523231,0.039384891659845364,0.005138535919518872,0.039384891659845364,0.277499678072289,false,m12_joint_hybrid_synergy,P0_flat_benchmark,-0.05680760098811444,0.75
83,2026-02-21,9,16,2688.366486523231,2735.921685764579,0.09303761345977651,0.017689254601164765,0.09303761345977654,0.2547792551583086,false,m12_joint_hybrid_synergy,P0_flat_benchmark,-0.0519609729667746,0.75
84,2026-02-24,3,5,2735.921685764579,2780.5771040268537,0.016671782017421085,0.01632189199516346,0.016671782017421085,0.26890816187842154,false,m12_joint_hybrid_synergy,P0_flat_benchmark,-0.03519086924574344,1.0
85,2026-02-28,9,19,2780.5771040268537,2854.3327537872688,0.13606997097690823,0.02652530284220541,0.13606997097690826,0.2637105452292807,false,m12_joint_hybrid_synergy,P0_flat_benchmark,-0.019443358817624934,1.0
86,2026-03-03,2,3,2854.3327537872688,2775.509647696687,0.027615247726809598,-0.027615247726809598,0.027615247726809598,0.27352749333254117,false,m12_joint_hybrid_synergy,P0_flat_benchmark,0.0,1.0
87,2026-03-07,9,18,2775.509647696687,2675.5403434134714,0.11223355264941845,-0.036018359498831885,0.11223355264941846,0.26420016266740154,false,m12_joint_hybrid_synergy,P0_flat_benchmark,-0.027615247726809566,1.0
88,2026-03-10,3,8,2675.5403434134714,2626.4855510693333,0.05347164806765418,-0.018334536597401238,0.05347164806765417,0.2696047995711489,false,m12_joint_hybrid_synergy,P0_flat_benchmark,-0.0626389513053679,0.75
89,2026-03-14,9,18,2626.4855510693333,2606.8424690988013,0.11658170645173371,-0.0074788463856330385,0.11658170645173371,0.25923319216317714,false,m12_joint_hybrid_synergy,P0_flat_benchmark,-0.07982503175763811,0.75
90,2026-03-17,1,3,2606.8424690988013,2502.275477275982,0.04011250893076351,-0.04011250893076351,0.04011250893076351,0.25391030163692174,false,m12_joint_hybrid_synergy,P0_flat_benchmark,-0.08670687899302743,0.75
91,2026-03-21,9,17,2502.275477275982,2421.4832896510266,0.1277469878931519,-0.03228748727254743,0.1277469878931519,0.2627355192579982,false,m12_joint_hybrid_synergy,P0_flat_benchmark,-0.12334135746582442,0.5
92,2026-03-24,2,3,2421.4832896510266,2402.631963275793,0.00976886758345517,-0.007785032610301543,0.00976886758345517,0.274249126005615,false,m12_joint_hybrid_synergy,P0_flat_benchmark,-0.15164646222901523,0.25
93,2026-03-27,1,3,2402.631963275793,2437.9220061052783,0.023887494971716657,0.014688076812800812,0.023887494971716657,0.27151748591428404,false,m12_joint_hybrid_synergy,P0_flat_benchmark,-0.15825092218562709,0.25
94,2026-03-28,7,13,2437.9220061052783,2496.1770313551783,0.06294722348428776,0.02389536051769171,0.06294722348428777,0.2661629681148304,false,m12_joint_hybrid_synergy,P0_flat_benchmark,-0.14588724707358536,0.5
95,2026-04-04,8,17,2496.1770313551783,2332.752006885184,0.08885757570660872,-0.0654701258833675,0.0888575757066087,0.2685067238228493,false,m12_joint_hybrid_synergy,P0_flat_benchmark,-0.12547791491965044,0.5
96,2026-04-07,1,3,2332.752006885184,2329.4016095804773,0.01590226569366121,-0.0014362423844532148,0.01590226569366121,0.39147130767170524,false,m12_joint_hybrid_synergy,P0_flat_benchmark,-0.18273298591764597,0.25
97,2026-04-11,9,21,2329.4016095804773,2410.204597544597,0.15958757420661027,0.034688302623209856,0.1595875742066103,0.2660628481005864,false,m12_joint_hybrid_synergy,P0_flat_benchmark,-0.18390677944268663,0.25
98,2026-04-14,1,3,2410.204597544597,2362.2050366264943,0.042723329333819775,-0.019915139555788164,0.042723329333819775,0.2681544943662629,false,m12_joint_hybrid_synergy,P0_flat_benchmark,-0.15559789083924447,0.25
99,2026-04-18,9,17,2362.2050366264943,2480.8911538650873,0.129090484296158,0.05024378299018896,0.129090484296158,0.2395370191948666,false,m12_joint_hybrid_synergy,P0_flat_benchmark,-0.1724142766843828,0.25
100,2026-04-25,9,21,2480.8911538650873,2439.1485283735838,0.15428078629388253,-0.01682565775869313,0.1542807862938825,0.2586407397188098,false,m12_joint_hybrid_synergy,P0_flat_benchmark,-0.13083323919633438,0.5
1,2024-08-03,9,23,1000.0,1020.0878414488719,0.13999809192035723,0.020087841448871817,0.13999809192035723,0.23547137078079103,false,m12_joint_hybrid_synergy,P1_conservative_tilt,0.0,1.0
2,2024-08-10,9,18,1020.0878414488719,980.3507921770582,0.11140133554494519,-0.03895453671457689,0.1114013355449452,0.2866061018572464,false,m12_joint_hybrid_synergy,P1_conservative_tilt,0.0,1.0
3,2024-08-17,8,14,980.3507921770582,1017.4370298950346,0.09013175639578806,0.03782955857629205,0.09013175639578805,0.3034331882261867,false,m12_joint_hybrid_synergy,P1_conservative_tilt,-0.03895453671457705,1.0
4,2024-08-24,8,18,1017.4370298950346,1141.8169695301542,0.09816530981310902,0.12224829250410829,0.098165309813109,0.2544426623043628,false,m12_joint_hybrid_synergy,P1_conservative_tilt,-0.0025986110667413076,1.0
5,2024-08-31,9,17,1141.8169695301542,1143.6045878378523,0.06909476710381661,0.0015655909444345735,0.06909476710381662,0.2322756229836023,false,m12_joint_hybrid_synergy,P1_conservative_tilt,0.0,1.0
6,2024-09-14,8,18,1143.6045878378523,1165.850428646375,0.10503442882456704,0.01945238856603545,0.10503442882456704,0.28403506505611514,false,m12_joint_hybrid_synergy,P1_conservative_tilt,0.0,1.0
7,2024-09-21,9,18,1165.850428646375,1144.8540495061102,0.06940185572877465,-0.01800949643655643,0.06940185572877464,0.2945048313056876,false,m12_joint_hybrid_synergy,P1_conservative_tilt,0.0,1.0
8,2024-09-28,9,13,1144.8540495061102,1151.5776400876503,0.05916053543859807,0.005872880114666837,0.059160535438598075,0.3196098343753456,false,m12_joint_hybrid_synergy,P1_conservative_tilt,-0.01800949643655647,1.0
9,2024-10-05,9,13,1151.5776400876503,1169.5389859066543,0.0644189003919176,0.015597164440981054,0.0644189003919176,0.2744226352774823,false,m12_joint_hybrid_synergy,P1_conservative_tilt,-0.012242383935387235,1.0
10,2024-10-19,9,19,1169.5389859066543,1174.7842883951469,0.08781267461199477,0.004484931713863487,0.08781267461199477,0.2517697112281545,false,m12_joint_hybrid_synergy,P1_conservative_tilt,0.0,1.0
11,2024-10-26,5,7,1174.7842883951469,1208.4822142087014,0.043349135697601134,0.02868435179669338,0.043349135697601134,0.24671968953044848,false,m12_joint_hybrid_synergy,P1_conservative_tilt,0.0,1.0
12,2024-11-02,9,15,1208.4822142087014,1182.1000630911137,0.09314310988110276,-0.021830814560115326,0.09314310988110275,0.29277978842644486,false,m12_joint_hybrid_synergy,P1_conservative_tilt,0.0,1.0
13,2024-11-09,9,15,1182.1000630911137,1308.0878907524848,0.0780412561958132,0.10657966410383325,0.0780412561958132,0.24637417763053215,false,m12_joint_hybrid_synergy,P1_conservative_tilt,-0.021830814560115264,1.0
14,2024-11-16,9,14,1308.0878907524848,1384.6514162653002,0.07711642297982604,0.0585308724697176,0.07711642297982604,0.2757504122157416,false,m12_joint_hybrid_synergy,P1_conservative_tilt,0.0,1.0
15,2024-11-23,1,2,1384.6514162653002,1368.0658100328837,0.011978181683554301,-0.011978181683554301,0.011978181683554301,0.29702727030037507,false,m12_joint_hybrid_synergy,P1_conservative_tilt,0.0,1.0
16,2024-11-30,1,2,1368.0658100328837,1365.8681778451692,0.0016063789998975175,-0.0016063789998975175,0.0016063789998975175,0.3445938912656531,false,m12_joint_hybrid_synergy,P1_conservative_tilt,-0.011978181683554245,1.0
17,2024-12-03,3,3,1365.8681778451692,1402.6877617648915,0.019804380747965623,0.02695690881224729,0.019804380747965623,0.31997870419291286,false,m12_joint_hybrid_synergy,P1_conservative_tilt,-0.01356531918393833,1.0
18,2024-12-07,8,13,1402.6877617648915,1465.8439486232755,0.047996221798523545,0.04502512147031168,0.04799622179852355,0.2978551490549558,false,m12_joint_hybrid_synergy,P1_conservative_tilt,0.0,1.0
19,2024-12-14,9,16,1465.8439486232755,1606.9382573561245,0.08869589099365227,0.09625465852989666,0.08869589099365227,0.30192285273604724,false,m12_joint_hybrid_synergy,P1_conservative_tilt,0.0,1.0
20,2024-12-17,3,5,1606.9382573561245,1607.4849513402598,0.03476132613643619,0.0003402084564436119,0.03476132613643619,0.2681875498586613,false,m12_joint_hybrid_synergy,P1_conservative_tilt,0.0,1.0
21,2024-12-21,9,17,1607.4849513402598,1611.4359562272036,0.070692919127611,0.00245787985987022,0.07069291912761101,0.26693720170945917,false,m12_joint_hybrid_synergy,P1_conservative_tilt,0.0,1.0
22,2024-12-28,8,21,1611.4359562272036,1740.9232385840571,0.11088322206096729,0.08035521477379556,0.11088322206096729,0.32752348816447885,false,m12_joint_hybrid_synergy,P1_conservative_tilt,0.0,1.0
23,2025-01-04,8,12,1740.9232385840571,1748.7305219460904,0.04224744652065403,0.004484564964727213,0.04224744652065403,0.31313325679145276,false,m12_joint_hybrid_synergy,P1_conservative_tilt,0.0,1.0
24,2025-01-08,1,2,1748.7305219460904,1739.0367695951518,0.005543308262356439,-0.005543308262356439,0.005543308262356439,0.24521717141382732,false,m12_joint_hybrid_synergy,P1_conservative_tilt,0.0,1.0
25,2025-01-11,5,11,1739.0367695951518,1683.143217121107,0.04794339696913362,-0.032140523680276804,0.04794339696913362,0.2741319745910134,false,m12_joint_hybrid_synergy,P1_conservative_tilt,-0.005543308262356494,1.0
26,2025-01-14,1,2,1683.143217121107,1654.2670330304568,0.01715610638293802,-0.01715610638293802,0.01715610638293802,0.3103857679239472,false,m12_joint_hybrid_synergy,P1_conservative_tilt,-0.037505667112159746,1.0
27,2025-01-17,1,2,1654.2670330304568,1693.9482314050158,0.008497755233669857,0.02398717835890565,0.008497755233669857,0.31294914335153173,false,m12_joint_hybrid_synergy,P1_conservative_tilt,-0.05401832228015846,0.75
28,2025-01-18,3,6,1693.9482314050158,1629.2324720833985,0.03820409509677871,-0.03820409509677871,0.03820409509677872,0.23650318509043725,false,m12_joint_hybrid_synergy,P1_conservative_tilt,-0.03132689105243591,1.0
29,2025-01-21,1,2,1629.2324720833985,1667.9842851387955,0.01007955364844565,0.023785318375002938,0.01007955364844565,0.2167616324304286,false,m12_joint_hybrid_synergy,P1_conservative_tilt,-0.06833417062436098,0.75
30,2025-01-25,8,14,1667.9842851387955,1617.7531291404605,0.08360932463520519,-0.03011488564123671,0.08360932463520518,0.27357407936430217,false,m12_joint_hybrid_synergy,P1_conservative_tilt,-0.04617420225355007,1.0
31,2025-01-28,1,2,1617.7531291404605,1626.3691507316112,0.009853618821970278,0.005325918668275748,0.009853618821970278,0.28649058970093205,false,m12_joint_hybrid_synergy,P1_conservative_tilt,-0.0748985570743459,0.75
32,2025-02-01,9,15,1626.3691507316112,1798.8419119151706,0.08001515442943206,0.10604773283234856,0.08001515442943206,0.27339916184975444,false,m12_joint_hybrid_synergy,P1_conservative_tilt,-0.06997154202941935,0.75
33,2025-02-04,1,0,1798.8419119151706,1798.8419119151706,0.0,0.0,0.0,1.0,false,m12_joint_hybrid_synergy,P1_conservative_tilt,0.0,1.0
34,2025-02-08,8,15,1798.8419119151706,1827.0767300849693,0.059746815196258955,0.01569610869236302,0.05974681519625896,0.2355299429590834,false,m12_joint_hybrid_synergy,P1_conservative_tilt,0.0,1.0
35,2025-02-11,1,2,1827.0767300849693,1832.8185189716492,0.004966756883399702,0.003142609608088475,0.004966756883399702,0.326551793865547,false,m12_joint_hybrid_synergy,P1_conservative_tilt,0.0,1.0
36,2025-02-15,8,17,1832.8185189716492,1831.726581840614,0.07551669346688723,-0.0005957693681793207,0.07551669346688722,0.28742048064492487,false,m12_joint_hybrid_synergy,P1_conservative_tilt,0.0,1.0
37,2025-02-22,9,17,1831.726581840614,1890.3278629612332,0.0849652826122657,0.03199237358980382,0.08496528261226571,0.24838718096332305,false,m12_joint_hybrid_synergy,P1_conservative_tilt,-0.0005957693681792886,1.0
38,2025-02-25,1,3,1890.3278629612332,1847.854933461279,0.022468551795781833,-0.022468551795781833,0.022468551795781833,0.30236881108829644,false,m12_joint_hybrid_synergy,P1_conservative_tilt,0.0,1.0
39,2025-03-01,9,20,1847.854933461279,2005.5943510188752,0.11606092991065371,0.08536352865218119,0.11606092991065373,0.2948560808833605,false,m12_joint_hybrid_synergy,P1_conservative_tilt,-0.022468551795782,1.0
40,2025-03-04,2,4,2005.5943510188752,1956.6563582414244,0.035163957234438985,-0.024400743227357788,0.035163957234438985,0.22673028691511676,false,m12_joint_hybrid_synergy,P1_conservative_tilt,0.0,1.0
41,2025-03-08,9,20,1956.6563582414244,1819.7816051273012,0.11720015076876106,-0.069953393981323,0.11720015076876106,0.2332634156110584,false,m12_joint_hybrid_synergy,P1_conservative_tilt,-0.024400743227357746,1.0
42,2025-03-11,2,4,1819.7816051273012,1761.1377539868445,0.03222576323182165,-0.03222576323182165,0.03222576323182165,0.26568802721316587,false,m12_joint_hybrid_synergy,P1_conservative_tilt,-0.09264722240426038,0.75
43,2025-03-15,9,20,1761.1377539868445,1878.9299998221763,0.10637922916890866,0.06688417505596869,0.10637922916890866,0.29265699161699604,false,m12_joint_hybrid_synergy,P1_conservative_tilt,-0.12188735818279639,0.5
44,2025-03-22,9,21,1878.9299998221763,1849.4759623675866,0.10740668964366365,-0.015675963158487773,0.10740668964366366,0.2447883823152838,false,m12_joint_hybrid_synergy,P1_conservative_tilt,-0.06315551852863532,0.75
45,2025-03-29,9,13,1849.4759623675866,1914.9133478966246,0.05983879390781899,0.035381582059206294,0.059838793907818974,0.2821452767091825,false,m12_joint_hybrid_synergy,P1_conservative_tilt,-0.07784145810541288,0.75
46,2025-04-05,9,19,1914.9133478966246,1956.7673378920192,0.08379991657012086,0.021856858453343384,0.08379991657012084,0.267454858163492,false,m12_joint_hybrid_synergy,P1_conservative_tilt,-0.045214029983771664,1.0
47,2025-04-12,9,21,1956.7673378920192,1897.99968846546,0.11238004590434549,-0.030033028602096414,0.11238004590434549,0.2685670298960751,false,m12_joint_hybrid_synergy,P1_conservative_tilt,-0.02434540818388875,1.0
48,2025-04-19,9,18,1897.99968846546,1953.9497318371668,0.09759082811632346,0.02947842600382226,0.09759082811632344,0.2572786950109012,false,m12_joint_hybrid_synergy,P1_conservative_tilt,-0.05364727044566886,0.75
49,2025-04-26,8,15,1953.9497318371668,1890.844825102814,0.0674036661896709,-0.03229607482021534,0.06740366618967089,0.31768544346479516,false,m12_joint_hybrid_synergy,P1_conservative_tilt,-0.025750281533986175,1.0
50,2025-05-03,9,20,1890.844825102814,1959.1700237478003,0.1445051849969774,0.03613474661585267,0.1445051849969774,0.2706379025986483,false,m12_joint_hybrid_synergy,P1_conservative_tilt,-0.05721472333513833,0.75
51,2025-08-02,9,18,1959.1700237478003,1847.1887734758118,0.11072549786158989,-0.05715749471185435,0.11072549786158989,0.2439618444353631,false,m12_joint_hybrid_synergy,P1_conservative_tilt,-0.02314741624969696,1.0
52,2025-08-09,9,20,1847.1887734758118,1906.2864377326594,0.17353737439696512,0.03199329982156879,0.1735373743969651,0.2810328765251677,false,m12_joint_hybrid_synergy,P1_conservative_tilt,-0.07898186263966622,0.75
53,2025-08-16,6,15,1906.2864377326594,2071.015878050656,0.10600883690459405,0.08641379231230635,0.10600883690459403,0.3130038662656648,false,m12_joint_hybrid_synergy,P1_conservative_tilt,-0.04951545322999429,1.0
54,2025-08-23,9,20,2071.015878050656,2006.1556457645602,0.10575579967351005,-0.03131807581656272,0.10575579967351004,0.26287700528611324,false,m12_joint_hybrid_synergy,P1_conservative_tilt,0.0,1.0
55,2025-08-30,9,19,2006.1556457645602,1786.6806611382112,0.13992295439690391,-0.1094007761011511,0.1399229543969039,0.3283349563194914,false,m12_joint_hybrid_synergy,P1_conservative_tilt,-0.03131807581656276,1.0
56,2025-09-13,8,17,1786.6806611382112,1718.951748423783,0.10732764965911143,-0.03790767661372748,0.10732764965911144,0.24010142079280317,false,m12_joint_hybrid_synergy,P1_conservative_tilt,-0.13729263011738724,0.5
57,2025-09-20,9,18,1718.951748423783,1706.5429902909093,0.10085143482867992,-0.007218793746975155,0.10085143482867993,0.25514801367590106,false,m12_joint_hybrid_synergy,P1_conservative_tilt,-0.16999586210717665,0.25
58,2025-09-27,9,21,1706.5429902909093,1979.858136765843,0.1602361247244489,0.16015719968961492,0.16023612472444895,0.297343141027644,false,m12_joint_hybrid_synergy,P1_conservative_tilt,-0.175987490787761,0.25
59,2025-10-04,9,19,1979.858136765843,2014.8654504340943,0.12173701207563536,0.01768172831081581,0.12173701207563538,0.2557737804267833,false,m12_joint_hybrid_synergy,P1_conservative_tilt,-0.04401595480311582,1.0
60,2025-10-07,1,3,2014.8654504340943,1994.5715253707294,0.017502183314360695,-0.01007209938459791,0.017502183314360695,0.22378302072905815,false,m12_joint_hybrid_synergy,P1_conservative_tilt,-0.02711250464646997,1.0
61,2025-10-18,9,17,1994.5715253707294,2116.9324223760495,0.11054408256371276,0.06134695870712233,0.11054408256371276,0.30118166353770176,false,m12_joint_hybrid_synergy,P1_conservative_tilt,-0.03691152418970334,1.0
62,2025-10-24,1,3,2116.9324223760495,2212.0565578937235,0.020078500603007917,0.04493489471473383,0.020078500603007917,0.3357305048839949,false,m12_joint_hybrid_synergy,P1_conservative_tilt,0.0,1.0
63,2025-10-25,4,6,2212.0565578937235,2275.8568071181135,0.049187804316686394,0.028842051527443242,0.049187804316686394,0.2599923054016866,false,m12_joint_hybrid_synergy,P1_conservative_tilt,0.0,1.0
64,2025-11-01,9,16,2275.8568071181135,2330.3477356495114,0.08691216829671747,0.023943039105522285,0.08691216829671744,0.2570999258854772,false,m12_joint_hybrid_synergy,P1_conservative_tilt,0.0,1.0
65,2025-11-08,9,13,2330.3477356495114,2300.8893369157654,0.09116917003601616,-0.012641202977175203,0.09116917003601617,0.31220362519834316,false,m12_joint_hybrid_synergy,P1_conservative_tilt,0.0,1.0
66,2025-11-15,8,15,2300.8893369157654,2389.925168255065,0.08644245431976441,0.038696268399699585,0.08644245431976441,0.22988150954906844,false,m12_joint_hybrid_synergy,P1_conservative_tilt,-0.012641202977175192,1.0
67,2025-11-22,9,17,2389.925168255065,2499.300831439408,0.14763667712510567,0.04576530873734431,0.1476366771251057,0.29537768370639633,false,m12_joint_hybrid_synergy,P1_conservative_tilt,0.0,1.0
68,2025-11-25,1,3,2499.300831439408,2495.711756560661,0.01894191280056627,-0.0014360315627470381,0.01894191280056627,0.2285796514665091,false,m12_joint_hybrid_synergy,P1_conservative_tilt,0.0,1.0
69,2025-12-06,8,16,2495.711756560661,2322.7118534802485,0.1166292145773174,-0.06931886369715351,0.1166292145773174,0.27716402735153256,false,m12_joint_hybrid_synergy,P1_conservative_tilt,-0.0014360315627470754,1.0
70,2025-12-13,9,18,2322.7118534802485,2512.237512174197,0.11861253859820046,0.08159671567093939,0.11861253859820049,0.2992971644172058,false,m12_joint_hybrid_synergy,P1_conservative_tilt,-0.07065535118373789,0.75
71,2025-12-20,9,17,2512.237512174197,2791.829068545955,0.08637249201246036,0.11129184840878666,0.08637249201246038,0.24526707377657075,false,m12_joint_hybrid_synergy,P1_conservative_tilt,0.0,1.0
72,2025-12-27,9,16,2791.829068545955,3051.6895475354813,0.08289725749984433,0.09307893592671387,0.08289725749984432,0.2789709137555658,false,m12_joint_hybrid_synergy,P1_conservative_tilt,0.0,1.0
73,2026-01-03,4,8,3051.6895475354813,3038.568812404976,0.04270157419898604,-0.004299498663322861,0.04270157419898604,0.25345492750207965,false,m12_joint_hybrid_synergy,P1_conservative_tilt,0.0,1.0
74,2026-01-10,5,10,3038.568812404976,2933.5866529766918,0.06452225991326713,-0.03454987064952889,0.06452225991326713,0.2767119721910812,false,m12_joint_hybrid_synergy,P1_conservative_tilt,-0.004299498663322909,1.0
75,2026-01-17,2,5,2933.5866529766918,3017.657858891858,0.04125413827071053,0.028658163490708474,0.04125413827071054,0.27109841513874083,false,m12_joint_hybrid_synergy,P1_conservative_tilt,-0.03870082219017612,1.0
76,2026-01-20,2,5,3017.657858891858,2937.07049512874,0.030722029254337865,-0.026705268632644514,0.03072202925433786,0.23333430052099732,false,m12_joint_hybrid_synergy,P1_conservative_tilt,-0.01115175318901862,1.0
77,2026-01-24,8,18,2937.07049512874,2902.897244750506,0.1200906119939311,-0.011635148163760805,0.12009061199393112,0.2716711768206133,false,m12_joint_hybrid_synergy,P1_conservative_tilt,-0.03755921125702544,1.0
78,2026-01-31,9,16,2902.897244750506,2941.787445180892,0.1136876982909001,0.013397029640202915,0.11368769829090011,0.290615082700607,false,m12_joint_hybrid_synergy,P1_conservative_tilt,-0.04875735243289692,1.0
79,2026-02-07,5,10,2941.787445180892,2862.6001073865364,0.07279136056767185,-0.02691810311587138,0.07279136056767185,0.3005507558769495,false,m12_joint_hybrid_synergy,P1_conservative_tilt,-0.03601352648841538,1.0
80,2026-02-10,3,8,2862.6001073865364,2888.11388656382,0.052399380138684885,0.008912798931100559,0.05239938013868489,0.3228976162525528,false,m12_joint_hybrid_synergy,P1_conservative_tilt,-0.061962213784705567,0.75
81,2026-02-14,6,13,2888.11388656382,2856.465323962557,0.07748134279859134,-0.01095821142943826,0.07748134279859134,0.26864106234846097,false,m12_joint_hybrid_synergy,P1_conservative_tilt,-0.05360167160639384,0.75
82,2026-02-17,4,9,2856.465323962557,2873.5854634734164,0.03708685898135335,0.005993470100001147,0.03708685898135335,0.2328062916805025,false,m12_joint_hybrid_synergy,P1_conservative_tilt,-0.06397250458539794,0.75
83,2026-02-21,9,16,2873.5854634734164,2968.835933193672,0.0989569754513918,0.03314690686287185,0.09895697545139177,0.28632860534493526,false,m12_joint_hybrid_synergy,P1_conservative_tilt,-0.058362451778851576,0.75
84,2026-02-24,3,5,2968.835933193672,3025.3155079807643,0.016168164206030927,0.019024148204220725,0.016168164206030927,0.24585232496081355,false,m12_joint_hybrid_synergy,P1_conservative_tilt,-0.02715007966938221,1.0
85,2026-02-28,9,19,3025.3155079807643,3017.4503652857925,0.13226790203309438,-0.002599776014840034,0.13226790203309435,0.24976666057473682,false,m12_joint_hybrid_synergy,P1_conservative_tilt,-0.008642438604548275,1.0
86,2026-03-03,2,3,3017.4503652857925,2940.4687240730827,0.02551214830187223,-0.02551214830187223,0.025512148301872227,0.24920974967085346,false,m12_joint_hybrid_synergy,P1_conservative_tilt,-0.01121974621479438,1.0
87,2026-03-07,9,18,2940.4687240730827,2832.836943533825,0.11667827789534314,-0.036603613450500644,0.11667827789534313,0.30686382286986835,false,m12_joint_hybrid_synergy,P1_conservative_tilt,-0.03644565468732541,1.0
88,2026-03-10,3,8,2832.836943533825,2801.11466093722,0.054949121393166545,-0.011198061600055558,0.054949121393166545,0.28774206154895565,false,m12_joint_hybrid_synergy,P1_conservative_tilt,-0.07171522548170073,0.75
89,2026-03-14,9,18,2801.11466093722,2777.2021658973254,0.12040261423784875,-0.008536778366614152,0.12040261423784875,0.27062697682223447,false,m12_joint_hybrid_synergy,P1_conservative_tilt,-0.08211021556915044,0.75
90,2026-03-17,1,3,2777.2021658973254,2658.946904282962,0.04258071776930011,-0.04258071776930011,0.04258071776930011,0.29614631217252196,false,m12_joint_hybrid_synergy,P1_conservative_tilt,-0.08994603722381578,0.75
91,2026-03-21,9,17,2658.946904282962,2554.9824717746733,0.13263014818589527,-0.03909985278037166,0.13263014818589525,0.28990849267940366,false,m12_joint_hybrid_synergy,P1_conservative_tilt,-0.12869678816762176,0.5
92,2026-03-24,2,3,2554.9824717746733,2536.3774303051855,0.01007344297276914,-0.007281866578350671,0.010073442972769141,0.3307824333205408,false,m12_joint_hybrid_synergy,P1_conservative_tilt,-0.16276461547733267,0.25
93,2026-03-27,1,3,2536.3774303051855,2577.9788257213963,0.02518703064880639,0.016401894654615907,0.02518703064880639,0.32516305258935585,false,m12_joint_hybrid_synergy,P1_conservative_tilt,-0.16886125184210088,0.25
94,2026-03-28,7,13,2577.9788257213963,2617.123044006663,0.059932507991282455,0.015184072846026287,0.05993250799128245,0.2689476175493765,false,m12_joint_hybrid_synergy,P1_conservative_tilt,-0.1552290016514457,0.25
95,2026-04-04,8,17,2617.123044006663,2453.3504161844103,0.08525221282923169,-0.06257735118618125,0.08525221282923168,0.27751591333483494,false,m12_joint_hybrid_synergy,P1_conservative_tilt,-0.14240193727431105,0.5
96,2026-04-07,1,3,2453.3504161844103,2442.7467285002035,0.015423031446217926,-0.00432212521059205,0.015423031446217926,0.36048770453469176,false,m12_joint_hybrid_synergy,P1_conservative_tilt,-0.1960681524220852,0.25
97,2026-04-11,9,21,2442.7467285002035,2568.757018802722,0.15164023644273036,0.05158549137834126,0.15164023644273034,0.2528684831275904,false,m12_joint_hybrid_synergy,P1_conservative_tilt,-0.1995428465280995,0.25
98,2026-04-14,1,3,2568.757018802722,2524.0844119806648,0.0404384764648477,-0.01739074832499299,0.0404384764648477,0.23226062764975844,false,m12_joint_hybrid_synergy,P1_conservative_tilt,-0.1582508709389432,0.25
99,2026-04-18,9,17,2524.0844119806648,2677.2295008225988,0.1324516400608931,0.06067352110532622,0.13245164006089313,0.25343040931083355,false,m12_joint_hybrid_synergy,P1_conservative_tilt,-0.17288951819522602,0.25
100,2026-04-25,9,21,2677.2295008225988,2607.6145847185358,0.1534920425061692,-0.026002595624571277,0.15349204250616919,0.2743706997958111,false,m12_joint_hybrid_synergy,P1_conservative_tilt,-0.12270581292100746,0.5
1,2024-08-03,9,23,1000.0,1025.5425059361655,0.12983773305982943,0.025542505936165673,0.12983773305982943,0.2068614787404485,false,m12_joint_hybrid_synergy,P2_conviction_tilt,0.0,1.0
2,2024-08-10,9,18,1025.5425059361655,991.2697431043232,0.11316812720189584,-0.03341915389509534,0.11316812720189588,0.31978437753575606,false,m12_joint_hybrid_synergy,P2_conviction_tilt,0.0,1.0
3,2024-08-17,8,14,991.2697431043232,1037.1818322394124,0.08815548769160203,0.04631644358608995,0.08815548769160202,0.3372094600876289,false,m12_joint_hybrid_synergy,P2_conviction_tilt,-0.0334191538950952,1.0
4,2024-08-24,8,18,1037.1818322394124,1153.539794669701,0.09223468284982174,0.11218665697128201,0.09223468284982171,0.23174567515282984,false,m12_joint_hybrid_synergy,P2_conviction_tilt,0.0,1.0
5,2024-08-31,9,17,1153.539794669701,1160.3112897943433,0.0632647457534619,0.0058701877091125254,0.0632647457534619,0.20147969177735284,false,m12_joint_hybrid_synergy,P2_conviction_tilt,0.0,1.0
6,2024-09-14,8,18,1160.3112897943433,1196.3904663202234,0.1039408647598501,0.031094394102012687,0.10394086475985008,0.3100648357048338,false,m12_joint_hybrid_synergy,P2_conviction_tilt,0.0,1.0
7,2024-09-21,9,18,1196.3904663202234,1175.601980792258,0.06693532427549737,-0.017376003999685086,0.06693532427549737,0.2970381341583131,false,m12_joint_hybrid_synergy,P2_conviction_tilt,0.0,1.0
8,2024-09-28,9,13,1175.601980792258,1188.6850161209204,0.06389752116271245,0.011128796601589058,0.06389752116271244,0.3892864890069346,false,m12_joint_hybrid_synergy,P2_conviction_tilt,-0.017376003999685086,1.0
9,2024-10-05,9,13,1188.6850161209204,1212.035071949602,0.06301878056442,0.019643602394249716,0.06301878056442,0.2589372782798383,false,m12_joint_hybrid_synergy,P2_conviction_tilt,-0.006440581412356816,1.0
10,2024-10-19,9,19,1212.035071949602,1214.9279103506503,0.08231557204599957,0.0023867612975875504,0.08231557204599958,0.2277768879794699,false,m12_joint_hybrid_synergy,P2_conviction_tilt,0.0,1.0
11,2024-10-26,5,7,1214.9279103506503,1248.2776080392473,0.04256257306943754,0.027449939543303208,0.04256257306943754,0.21504277198496208,false,m12_joint_hybrid_synergy,P2_conviction_tilt,0.0,1.0
12,2024-11-02,9,15,1248.2776080392473,1239.407780285456,0.08927931725609842,-0.0071056531789622235,0.0892793172560984,0.3167520825173663,false,m12_joint_hybrid_synergy,P2_conviction_tilt,0.0,1.0
13,2024-11-09,9,15,1239.407780285456,1356.436876771872,0.07070675652059125,0.09442339990754482,0.07070675652059125,0.2221481258088435,false,m12_joint_hybrid_synergy,P2_conviction_tilt,-0.007105653178962057,1.0
14,2024-11-16,9,14,1356.436876771872,1423.6003271798158,0.07648293990247099,0.049514615503364626,0.076482939902471,0.27735051782035125,false,m12_joint_hybrid_synergy,P2_conviction_tilt,0.0,1.0
15,2024-11-23,1,2,1423.6003271798158,1406.5481838160892,0.011978181683554079,-0.011978181683554079,0.011978181683554079,0.3712840878754619,false,m12_joint_hybrid_synergy,P2_conviction_tilt,0.0,1.0
16,2024-11-30,1,2,1406.5481838160892,1404.0938665620943,0.001744922273004545,-0.001744922273004545,0.001744922273004545,0.41141532754109683,false,m12_joint_hybrid_synergy,P2_conviction_tilt,-0.011978181683553912,1.0
17,2024-12-03,3,3,1404.0938665620943,1441.9438968868437,0.019804380747965263,0.026956908812246796,0.01980438074796526,0.3999733802411337,false,m12_joint_hybrid_synergy,P2_conviction_tilt,-0.013702202960548804,1.0
18,2024-12-07,8,13,1441.9438968868437,1507.3128219044622,0.04932506452991906,0.04533388931341223,0.04932506452991907,0.3298308728747681,false,m12_joint_hybrid_synergy,P2_conviction_tilt,0.0,1.0
19,2024-12-14,9,16,1507.3128219044622,1644.2139967198304,0.08550420906453392,0.090824660167354,0.08550420906453393,0.29665305758732613,false,m12_joint_hybrid_synergy,P2_conviction_tilt,0.0,1.0
20,2024-12-17,3,5,1644.2139967198304,1645.0296044316583,0.03458138072661604,0.0004960471772257145,0.03458138072661605,0.2345029458038416,false,m12_joint_hybrid_synergy,P2_conviction_tilt,0.0,1.0
21,2024-12-21,9,17,1645.0296044316583,1648.60802093636,0.06642408977087629,0.0021752900343321394,0.06642408977087627,0.2527057779944651,false,m12_joint_hybrid_synergy,P2_conviction_tilt,0.0,1.0
22,2024-12-28,8,21,1648.60802093636,1776.113062318028,0.12060895264160386,0.0773410293789843,0.12060895264160384,0.374447912191074,false,m12_joint_hybrid_synergy,P2_conviction_tilt,0.0,1.0
23,2025-01-04,8,12,1776.113062318028,1789.9803115808613,0.04312540501220267,0.0078076388024166865,0.04312540501220266,0.37724346276539567,false,m12_joint_hybrid_synergy,P2_conviction_tilt,0.0,1.0
24,2025-01-08,1,2,1789.9803115808613,1780.2417069932792,0.005440621064139727,-0.005440621064139727,0.005440621064139727,0.2141697531423288,false,m12_joint_hybrid_synergy,P2_conviction_tilt,0.0,1.0
25,2025-01-11,5,11,1780.2417069932792,1732.116645078243,0.04411325206866881,-0.027032880830725196,0.04411325206866881,0.2605359690163074,false,m12_joint_hybrid_synergy,P2_conviction_tilt,-0.005440621064139672,1.0
26,2025-01-14,1,2,1732.116645078243,1702.4002676476232,0.01715610638293802,-0.01715610638293802,0.01715610638293802,0.387982209904934,false,m12_joint_hybrid_synergy,P2_conviction_tilt,-0.032326426233992955,1.0
27,2025-01-17,1,2,1702.4002676476232,1743.2360465059348,0.008497755233669746,0.023987178358905334,0.008497755233669746,0.39118642918940943,false,m12_joint_hybrid_synergy,P2_conviction_tilt,-0.04892793700948017,1.0
28,2025-01-18,3,6,1743.2360465059348,1684.1923259192126,0.03387018109513452,-0.03387018109513452,0.03387018109513452,0.207412031986954,false,m12_joint_hybrid_synergy,P2_conviction_tilt,-0.02611440180235458,1.0
29,2025-01-21,1,2,1684.1923259192126,1724.2387181645474,0.010047317201127002,0.023777802350143148,0.010047317201127002,0.189443787363483,false,m12_joint_hybrid_synergy,P2_conviction_tilt,-0.05910008337925221,0.75
30,2025-01-25,8,14,1724.2387181645474,1661.490020892463,0.07825224190189857,-0.03639211706072846,0.07825224190189858,0.2675942894921534,false,m12_joint_hybrid_synergy,P2_conviction_tilt,-0.03672755113057791,1.0
31,2025-01-28,1,2,1661.490020892463,1671.4544656688806,0.008162192099004872,0.0059972943870376105,0.008162192099004872,0.23383384911255775,false,m12_joint_hybrid_synergy,P2_conviction_tilt,-0.07178307485120838,0.75
32,2025-02-01,9,15,1671.4544656688806,1845.7725604770646,0.07449201619746824,0.10429126152618574,0.07449201619746822,0.26038220176109433,false,m12_joint_hybrid_synergy,P2_conviction_tilt,-0.06621628469606011,0.75
33,2025-02-04,1,0,1845.7725604770646,1845.7725604770646,0.0,0.0,0.0,1.0,false,m12_joint_hybrid_synergy,P2_conviction_tilt,0.0,1.0
34,2025-02-08,8,15,1845.7725604770646,1879.9532577861821,0.055437650988864266,0.018518368969729963,0.05543765098886426,0.20929623188619007,false,m12_joint_hybrid_synergy,P2_conviction_tilt,0.0,1.0
35,2025-02-11,1,2,1879.9532577861821,1886.5459848617895,0.0047616044974670415,0.003506856911629268,0.0047616044974670415,0.2913385151506242,false,m12_joint_hybrid_synergy,P2_conviction_tilt,0.0,1.0
36,2025-02-15,8,17,1886.5459848617895,1893.7545287377961,0.07495891962147569,0.0038210273875379386,0.07495891962147569,0.2990623674726533,false,m12_joint_hybrid_synergy,P2_conviction_tilt,0.0,1.0
37,2025-02-22,9,17,1893.7545287377961,1960.715650854433,0.07919758446307062,0.03535892382064267,0.07919758446307065,0.2219934093233923,false,m12_joint_hybrid_synergy,P2_conviction_tilt,0.0,1.0
38,2025-02-25,1,3,1960.715650854433,1915.2052019519178,0.023211141749535553,-0.023211141749535553,0.023211141749535553,0.32912940015001113,false,m12_joint_hybrid_synergy,P2_conviction_tilt,0.0,1.0
39,2025-03-01,9,20,1915.2052019519178,2075.9458044904522,0.11800100376886857,0.08392865807523534,0.1180010037688686,0.30921550975203943,false,m12_joint_hybrid_synergy,P2_conviction_tilt,-0.023211141749535646,1.0
40,2025-03-04,2,4,2075.9458044904522,2026.393793650263,0.031261697785222205,-0.02386960716074758,0.03126169778522221,0.1946457195646925,false,m12_joint_hybrid_synergy,P2_conviction_tilt,0.0,1.0
41,2025-03-08,9,20,2026.393793650263,1887.875484458507,0.10938966281722323,-0.06835705361208932,0.10938966281722323,0.2036007602803156,false,m12_joint_hybrid_synergy,P2_conviction_tilt,-0.023869607160747597,1.0
42,2025-03-11,2,4,1887.875484458507,1832.6901414551812,0.029231452740197086,-0.029231452740197086,0.02923145274019709,0.2499052559919244,false,m12_joint_hybrid_synergy,P2_conviction_tilt,-0.09059500475645021,0.75
43,2025-03-15,9,20,1832.6901414551812,1929.313137149597,0.11087492907160348,0.052721948740170464,0.11087492907160348,0.331736217860886,false,m12_joint_hybrid_synergy,P2_conviction_tilt,-0.1171782338966113,0.5
44,2025-03-22,9,21,1929.313137149597,1896.612084926557,0.09585760168825382,-0.016949582518964963,0.0958576016882538,0.21748887391552527,false,m12_joint_hybrid_synergy,P2_conviction_tilt,-0.0706341499974017,0.75
45,2025-03-29,9,13,1896.612084926557,1943.3081173244998,0.05813410547398702,0.02462076076023277,0.05813410547398702,0.2772614538660799,false,m12_joint_hybrid_synergy,P2_conviction_tilt,-0.0863865131623286,0.75
46,2025-04-05,9,19,1943.3081173244998,1975.7987854100907,0.07845065490731128,0.016719257124456103,0.07845065490731128,0.25835622051983714,false,m12_joint_hybrid_synergy,P2_conviction_tilt,-0.06389265407557632,0.75
47,2025-04-12,9,21,1975.7987854100907,1908.3652560873757,0.10352563270493935,-0.03412975542887522,0.10352563270493935,0.25843542561280375,false,m12_joint_hybrid_synergy,P2_conviction_tilt,-0.04824163466297382,1.0
48,2025-04-19,9,18,1908.3652560873757,1962.4673555931486,0.08928762884311109,0.028349970915261674,0.08928762884311106,0.23261181632992853,false,m12_joint_hybrid_synergy,P2_conviction_tilt,-0.08072491489931255,0.75
49,2025-04-26,8,15,1962.4673555931486,1900.9652296891932,0.06947766783842388,-0.03133918417989007,0.06947766783842388,0.3937857469597983,false,m12_joint_hybrid_synergy,P2_conviction_tilt,-0.054663492973583305,0.75
50,2025-05-03,9,20,1900.9652296891932,1997.8021770924538,0.1296706595871368,0.0509409356314704,0.1296706595871368,0.24985279100325936,false,m12_joint_hybrid_synergy,P2_conviction_tilt,-0.08428956787925812,0.75
51,2025-08-02,9,18,1997.8021770924538,1903.7722859565072,0.10116240090650393,-0.047066667668164766,0.10116240090650393,0.21556959977613116,false,m12_joint_hybrid_synergy,P2_conviction_tilt,-0.03764242169952936,1.0
52,2025-08-09,9,20,1903.7722859565072,1954.7159909843285,0.1653592301538725,0.026759347955433603,0.16535923015387247,0.2606914788989131,false,m12_joint_hybrid_synergy,P2_conviction_tilt,-0.08293738601533751,0.75
53,2025-08-16,6,15,1954.7159909843285,2106.6597869400775,0.11051029894401608,0.07773190410093027,0.11051029894401611,0.3820047059016983,false,m12_joint_hybrid_synergy,P2_conviction_tilt,-0.058397388430802444,0.75
54,2025-08-23,9,20,2106.6597869400775,2046.276152415481,0.09921091609892808,-0.02866321125932914,0.0992109160989281,0.22772310998661766,false,m12_joint_hybrid_synergy,P2_conviction_tilt,0.0,1.0
55,2025-08-30,9,19,2046.276152415481,1831.0205424209157,0.14426538048874468,-0.10519382231986216,0.14426538048874465,0.3879448456403244,false,m12_joint_hybrid_synergy,P2_conviction_tilt,-0.028663211259329024,1.0
56,2025-09-13,8,17,1831.0205424209157,1750.4614709124714,0.09916239003583556,-0.04399681469544383,0.09916239003583556,0.20634299151890578,false,m12_joint_hybrid_synergy,P2_conviction_tilt,-0.13084184082686068,0.5
57,2025-09-20,9,18,1750.4614709124714,1749.451279800764,0.09170447346384296,-0.0005770998839413465,0.09170447346384297,0.22784545834784511,false,m12_joint_hybrid_synergy,P2_conviction_tilt,-0.16908203129703447,0.25
58,2025-09-27,9,21,1749.451279800764,2028.6827439944827,0.16286070424169388,0.15961088337682597,0.16286070424169388,0.31390890617028333,false,m12_joint_hybrid_synergy,P2_conviction_tilt,-0.16956155396033767,0.25
59,2025-10-04,9,19,2028.6827439944827,2067.0216623634988,0.11404216894442044,0.018898429772970057,0.11404216894442044,0.2206342136109774,false,m12_joint_hybrid_synergy,P2_conviction_tilt,-0.037014539997868634,1.0
60,2025-10-07,1,3,2067.0216623634988,2047.5015725362464,0.01677456167530903,-0.009443582610998143,0.01677456167530903,0.1931983640418558,false,m12_joint_hybrid_synergy,P2_conviction_tilt,-0.018815626909627015,1.0
61,2025-10-18,9,17,2047.5015725362464,2124.849609039504,0.11395946190227224,0.03777678979139741,0.11395946190227224,0.31109650643147074,false,m12_joint_hybrid_synergy,P2_conviction_tilt,-0.028081522593526365,1.0
62,2025-10-24,1,3,2124.849609039504,2214.437327051126,0.021395860218997476,0.04216191001494836,0.021395860218997476,0.4102670339254012,false,m12_joint_hybrid_synergy,P2_conviction_tilt,0.0,1.0
63,2025-10-25,4,6,2214.437327051126,2263.172413621881,0.0458773275330295,0.022007887048965637,0.0458773275330295,0.2382371509714995,false,m12_joint_hybrid_synergy,P2_conviction_tilt,0.0,1.0
64,2025-11-01,9,16,2263.172413621881,2324.4823004020914,0.08036309796290678,0.027090241296328275,0.08036309796290678,0.2300348752455944,false,m12_joint_hybrid_synergy,P2_conviction_tilt,0.0,1.0
65,2025-11-08,9,13,2324.4823004020914,2336.6460169437464,0.09156334906040768,0.005232871224509135,0.09156334906040768,0.35903054268561846,false,m12_joint_hybrid_synergy,P2_conviction_tilt,0.0,1.0
66,2025-11-15,8,15,2336.6460169437464,2427.4476616315246,0.0778690630044258,0.03885982045604999,0.0778690630044258,0.1982599852618958,false,m12_joint_hybrid_synergy,P2_conviction_tilt,0.0,1.0
67,2025-11-22,9,17,2427.4476616315246,2542.938981016548,0.14786233140684327,0.047577264470204855,0.14786233140684327,0.29309281488485056,false,m12_joint_hybrid_synergy,P2_conviction_tilt,0.0,1.0
68,2025-11-25,1,3,2542.938981016548,2533.068701721865,0.017716962163902672,-0.0038814455904627176,0.017716962163902672,0.19603279812825905,false,m12_joint_hybrid_synergy,P2_conviction_tilt,0.0,1.0
69,2025-12-06,8,16,2533.068701721865,2383.3198628259565,0.10787308857290973,-0.05911755918586659,0.10787308857290973,0.27097597267321344,false,m12_joint_hybrid_synergy,P2_conviction_tilt,-0.003881445590462884,1.0
70,2025-12-13,9,18,2383.3198628259565,2600.3117932365735,0.11504254371507393,0.09104607979615649,0.11504254371507396,0.3027896894102983,false,m12_joint_hybrid_synergy,P2_conviction_tilt,-0.06276954318690853,0.75
71,2025-12-20,9,17,2600.3117932365735,2869.9698565776043,0.07765410913090952,0.10370220372895778,0.0776541091309095,0.21732855897345663,false,m12_joint_hybrid_synergy,P2_conviction_tilt,0.0,1.0
72,2025-12-27,9,16,2869.9698565776043,3157.4952529143516,0.07452143245683887,0.10018411715292973,0.07452143245683887,0.26205710175936986,false,m12_joint_hybrid_synergy,P2_conviction_tilt,0.0,1.0
73,2026-01-03,4,8,3157.4952529143516,3139.6160887877804,0.037356805646350064,-0.005662451625245963,0.03735680564635006,0.23350164878040297,false,m12_joint_hybrid_synergy,P2_conviction_tilt,0.0,1.0
74,2026-01-10,5,10,3139.6160887877804,3023.8225866740363,0.06021327338550652,-0.03688142079767867,0.06021327338550653,0.2692562681456125,false,m12_joint_hybrid_synergy,P2_conviction_tilt,-0.005662451625245923,1.0
75,2026-01-17,2,5,3023.8225866740363,3070.687314494181,0.03877523017333376,0.015498504451510178,0.03877523017333376,0.26307107386241546,false,m12_joint_hybrid_synergy,P2_conviction_tilt,-0.04233503316178733,1.0
76,2026-01-20,2,5,3070.687314494181,3000.382462942653,0.026890697683715745,-0.0228954772502158,0.026890697683715745,0.20307264894324054,false,m12_joint_hybrid_synergy,P2_conviction_tilt,-0.027492658410189885,1.0
77,2026-01-24,8,18,3000.382462942653,2944.743438781465,0.11321764336988653,-0.018543977259025717,0.1132176433698865,0.2501359574783718,false,m12_joint_hybrid_synergy,P2_conviction_tilt,-0.049758678125227274,1.0
78,2026-01-31,9,16,2944.743438781465,2963.013951804277,0.10854586038690461,0.006204449862148933,0.10854586038690461,0.30691254501759924,false,m12_joint_hybrid_synergy,P2_conviction_tilt,-0.06737993158865963,0.75
79,2026-02-07,5,10,2963.013951804277,2896.8158567536325,0.08015478773838683,-0.022341472611134238,0.08015478773838683,0.3314317962282687,false,m12_joint_hybrid_synergy,P2_conviction_tilt,-0.06159353713376747,0.75
80,2026-02-10,3,8,2896.8158567536325,2952.8254199239636,0.052014666403121176,0.019334871783358364,0.052014666403121176,0.33780101451627254,false,m12_joint_hybrid_synergy,P2_conviction_tilt,-0.082558919422005,0.75
81,2026-02-14,6,13,2952.8254199239636,2924.7884387839126,0.0696977135629419,-0.009494967413540032,0.06969771356294188,0.23501887619621445,false,m12_joint_hybrid_synergy,P2_conviction_tilt,-0.06482031376024355,0.75
82,2026-02-17,4,9,2924.7884387839126,2943.9854161589033,0.03517091267188577,0.006563543920110881,0.03517091267188577,0.19906638673816004,false,m12_joint_hybrid_synergy,P2_conviction_tilt,-0.07369981440689477,0.75
83,2026-02-21,9,16,2943.9854161589033,3094.7894199805987,0.1030308116575787,0.051224439833826865,0.10303081165757869,0.3160036193250826,false,m12_joint_hybrid_synergy,P2_conviction_tilt,-0.06762000245554756,0.75
84,2026-02-24,3,5,3094.7894199805987,3158.77381222706,0.015282293315979498,0.020674877532333692,0.015282293315979498,0.21979615051691911,false,m12_joint_hybrid_synergy,P2_conviction_tilt,-0.01985935936906813,1.0
85,2026-02-28,9,19,3158.77381222706,3071.669350101522,0.12337109421413997,-0.027575403401272947,0.12337109421413998,0.22714022536948003,false,m12_joint_hybrid_synergy,P2_conviction_tilt,0.0,1.0
86,2026-03-03,2,3,3071.669350101522,3001.8056814197116,0.022744527720570222,-0.022744527720570222,0.022744527720570222,0.2191510553697515,false,m12_joint_hybrid_synergy,P2_conviction_tilt,-0.027575403401272847,1.0
87,2026-03-07,9,18,3001.8056814197116,2892.2660446223476,0.11980451712088615,-0.036491248409376356,0.11980451712088615,0.35693139717883576,false,m12_joint_hybrid_synergy,P2_conviction_tilt,-0.0496927415947771,1.0
88,2026-03-10,3,8,2892.2660446223476,2883.9666467021616,0.05360189174275569,-0.002869514004639162,0.05360189174275569,0.2919497070091885,false,m12_joint_hybrid_synergy,P2_conviction_tilt,-0.08437063982647552,0.75
89,2026-03-14,9,18,2883.9666467021616,2857.3638055523566,0.11856473054105832,-0.00922439279255366,0.11856473054105832,0.2694117479472066,false,m12_joint_hybrid_synergy,P2_conviction_tilt,-0.08699805109855219,0.75
90,2026-03-17,1,3,2857.3638055523566,2728.3159677305416,0.045163250675693656,-0.045163250675693656,0.045163250675693656,0.3485185616225569,false,m12_joint_hybrid_synergy,P2_conviction_tilt,-0.09541993969558626,0.75
91,2026-03-21,9,17,2728.3159677305416,2603.147462538074,0.13394990454675312,-0.04587756941384799,0.13394990454675315,0.3124119926546523,false,m12_joint_hybrid_synergy,P2_conviction_tilt,-0.13627371571534852,0.5
92,2026-03-24,2,3,2603.147462538074,2586.2632713282956,0.010485556511520642,-0.00648606790539493,0.010485556511520642,0.4146726931206484,false,m12_joint_hybrid_synergy,P2_conviction_tilt,-0.17589937827718272,0.25
93,2026-03-27,1,3,2586.2632713282956,2634.8733662857944,0.026891609899457766,0.01879549367475355,0.026891609899457766,0.40171717831402587,false,m12_joint_hybrid_synergy,P2_conviction_tilt,-0.18124455087055502,0.25
94,2026-03-28,7,13,2634.8733662857944,2650.5823251659685,0.05390095503268233,0.005961940744923948,0.05390095503268233,0.25767388584592016,false,m12_joint_hybrid_synergy,P2_conviction_tilt,-0.16585563800527237,0.25
95,2026-04-04,8,17,2650.5823251659685,2501.505165089037,0.07696220655249861,-0.05624317292902668,0.07696220655249861,0.2715073256140213,false,m12_joint_hybrid_synergy,P2_conviction_tilt,-0.1608825187463474,0.25
96,2026-04-07,1,3,2501.505165089037,2485.7297469693954,0.013955588667050987,-0.006306370396433053,0.013955588667050987,0.3104982013777473,false,m12_joint_hybrid_synergy,P2_conviction_tilt,-0.2080771483522661,0.25
97,2026-04-11,9,21,2485.7297469693954,2644.6515423034725,0.13806823158734102,0.06393365792392963,0.13806823158734102,0.23028684066276234,false,m12_joint_hybrid_synergy,P2_conviction_tilt,-0.2130713071801561,0.25
98,2026-04-14,1,3,2644.6515423034725,2604.664121390806,0.03783658902448678,-0.015120109501396715,0.03783658902448678,0.20030719687461834,false,m12_joint_hybrid_synergy,P2_conviction_tilt,-0.1627600773228871,0.25
99,2026-04-18,9,17,2604.664121390806,2787.995774380464,0.13245966427352082,0.0703859094476123,0.13245966427352082,0.26159515220602586,false,m12_joint_hybrid_synergy,P2_conviction_tilt,-0.1754192366327061,0.25
100,2026-04-25,9,21,2787.995774380464,2689.760398586065,0.14784732466609904,-0.03523512363150132,0.1478473246660991,0.28303721993038833,false,m12_joint_hybrid_synergy,P2_conviction_tilt,-0.1173803696900928,0.5
1,2024-08-03,9,23,1000.0,1025.5425059361655,0.12983773305982943,0.025542505936165673,0.12983773305982943,0.1654891829923588,false,m12_joint_hybrid_synergy,P3_aggressive_tilt,0.0,1.0
2,2024-08-10,9,18,1025.5425059361655,991.2697431043232,0.11316812720189587,-0.03341915389509534,0.11316812720189588,0.2558275020286049,false,m12_joint_hybrid_synergy,P3_aggressive_tilt,0.0,1.0
3,2024-08-17,8,14,991.2697431043232,1037.1818322394126,0.08815548769160221,0.04631644358609005,0.0881554876916022,0.2697675680701037,false,m12_joint_hybrid_synergy,P3_aggressive_tilt,-0.0334191538950952,1.0
4,2024-08-24,8,18,1037.1818322394126,1153.5397946697008,0.09223468284982132,0.11218665697128155,0.09223468284982132,0.1853965401222631,false,m12_joint_hybrid_synergy,P3_aggressive_tilt,0.0,1.0
5,2024-08-31,9,17,1153.5397946697008,1160.311289794343,0.06326474575346189,0.00587018770911252,0.0632647457534619,0.16118375342188226,false,m12_joint_hybrid_synergy,P3_aggressive_tilt,0.0,1.0
6,2024-09-14,8,18,1160.311289794343,1196.3904663202231,0.10394086475985011,0.031094394102012694,0.10394086475985011,0.24805186856386707,false,m12_joint_hybrid_synergy,P3_aggressive_tilt,0.0,1.0
7,2024-09-21,9,18,1196.3904663202231,1175.6019807922573,0.06693532427549935,-0.017376003999685596,0.06693532427549936,0.23763050732665755,false,m12_joint_hybrid_synergy,P3_aggressive_tilt,0.0,1.0
8,2024-09-28,9,13,1175.6019807922573,1188.6850161209197,0.06389752116271244,0.011128796601589056,0.06389752116271244,0.31142919120554763,false,m12_joint_hybrid_synergy,P3_aggressive_tilt,-0.01737600399968553,1.0
9,2024-10-05,9,13,1188.6850161209197,1212.0350719496014,0.06301878056442,0.019643602394249723,0.06301878056442,0.20714982262387066,false,m12_joint_hybrid_synergy,P3_aggressive_tilt,-0.00644058141235726,1.0
10,2024-10-19,9,19,1212.0350719496014,1214.9279103506497,0.08231557204599957,0.002386761297587553,0.08231557204599957,0.18222151038357592,false,m12_joint_hybrid_synergy,P3_aggressive_tilt,0.0,1.0
11,2024-10-26,5,7,1214.9279103506497,1248.2776080392466,0.042562573069437545,0.027449939543303215,0.042562573069437545,0.1720342175879697,false,m12_joint_hybrid_synergy,P3_aggressive_tilt,0.0,1.0
12,2024-11-02,9,15,1248.2776080392466,1239.4077802854554,0.08927931725609843,-0.0071056531789622165,0.08927931725609842,0.2534016660138931,false,m12_joint_hybrid_synergy,P3_aggressive_tilt,0.0,1.0
13,2024-11-09,9,15,1239.4077802854554,1356.4368767718713,0.07070675652059122,0.09442339990754482,0.07070675652059123,0.17771850064707476,false,m12_joint_hybrid_synergy,P3_aggressive_tilt,-0.007105653178962057,1.0
14,2024-11-16,9,14,1356.4368767718713,1423.6003271798152,0.07648293990247085,0.04951461550336455,0.07648293990247086,0.2218804142562806,false,m12_joint_hybrid_synergy,P3_aggressive_tilt,0.0,1.0
15,2024-11-23,1,2,1423.6003271798152,1406.548183816088,0.011978181683554301,-0.011978181683554301,0.011978181683554301,0.29702727030037507,false,m12_joint_hybrid_synergy,P3_aggressive_tilt,0.0,1.0
16,2024-11-30,1,2,1406.548183816088,1404.0938665620936,0.001744922273004323,-0.001744922273004323,0.001744922273004323,0.3291322620328356,false,m12_joint_hybrid_synergy,P3_aggressive_tilt,-0.011978181683554245,1.0
17,2024-12-03,3,3,1404.0938665620936,1441.9438968868437,0.019804380747965623,0.02695690881224729,0.019804380747965623,0.31997870419291286,false,m12_joint_hybrid_synergy,P3_aggressive_tilt,-0.013702202960548804,1.0
18,2024-12-07,8,13,1441.9438968868437,1507.3128219044622,0.04932506452991922,0.045333889313412375,0.04932506452991922,0.2638646982998153,false,m12_joint_hybrid_synergy,P3_aggressive_tilt,0.0,1.0
19,2024-12-14,9,16,1507.3128219044622,1644.2139967198307,0.08550420906453395,0.09082466016735402,0.08550420906453395,0.23732244606986094,false,m12_joint_hybrid_synergy,P3_aggressive_tilt,0.0,1.0
20,2024-12-17,3,5,1644.2139967198307,1645.0296044316585,0.03458138072661604,0.0004960471772257145,0.03458138072661605,0.1876023566430733,false,m12_joint_hybrid_synergy,P3_aggressive_tilt,0.0,1.0
21,2024-12-21,9,17,1645.0296044316585,1648.6080209363602,0.0664240897708763,0.002175290034332143,0.06642408977087631,0.20216462239557215,false,m12_joint_hybrid_synergy,P3_aggressive_tilt,0.0,1.0
22,2024-12-28,8,21,1648.6080209363602,1776.1130623180281,0.12060895264160386,0.0773410293789843,0.12060895264160387,0.29955832975285923,false,m12_joint_hybrid_synergy,P3_aggressive_tilt,0.0,1.0
23,2025-01-04,8,12,1776.1130623180281,1789.9803115808616,0.04312540501220267,0.007807638802416685,0.04312540501220266,0.30179477021231654,false,m12_joint_hybrid_synergy,P3_aggressive_tilt,0.0,1.0
24,2025-01-08,1,2,1789.9803115808616,1780.2417069932785,0.005440621064140062,-0.005440621064140062,0.005440621064140062,0.1713358025138736,false,m12_joint_hybrid_synergy,P3_aggressive_tilt,0.0,1.0
25,2025-01-11,5,11,1780.2417069932785,1732.1166450782423,0.04411325206866881,-0.027032880830725192,0.04411325206866881,0.2084287752130459,false,m12_joint_hybrid_synergy,P3_aggressive_tilt,-0.0054406210641402275,1.0
26,2025-01-14,1,2,1732.1166450782423,1702.4002676476225,0.01715610638293802,-0.01715610638293802,0.01715610638293802,0.3103857679239472,false,m12_joint_hybrid_synergy,P3_aggressive_tilt,-0.0323264262339934,1.0
27,2025-01-17,1,2,1702.4002676476225,1743.2360465059346,0.008497755233669857,0.02398717835890565,0.008497755233669857,0.31294914335153173,false,m12_joint_hybrid_synergy,P3_aggressive_tilt,-0.048927937009480726,1.0
28,2025-01-18,3,6,1743.2360465059346,1684.1923259192124,0.03387018109513452,-0.03387018109513452,0.033870181095134524,0.1659296255895632,false,m12_joint_hybrid_synergy,P3_aggressive_tilt,-0.026114401802354803,1.0
29,2025-01-21,1,2,1684.1923259192124,1724.2387181645474,0.010047317201127002,0.023777802350143148,0.010047317201127002,0.15155502989078642,false,m12_joint_hybrid_synergy,P3_aggressive_tilt,-0.05910008337925243,0.75
30,2025-01-25,8,14,1724.2387181645474,1661.4900208924628,0.07825224190189857,-0.03639211706072846,0.07825224190189856,0.21407543159372272,false,m12_joint_hybrid_synergy,P3_aggressive_tilt,-0.03672755113057802,1.0
31,2025-01-28,1,2,1661.4900208924628,1671.4544656688804,0.008162192099004872,0.005997294387037611,0.008162192099004872,0.1870670792900462,false,m12_joint_hybrid_synergy,P3_aggressive_tilt,-0.0717830748512086,0.75
32,2025-02-01,9,15,1671.4544656688804,1845.7725604770644,0.07449201619746824,0.10429126152618574,0.07449201619746823,0.2083057614088755,false,m12_joint_hybrid_synergy,P3_aggressive_tilt,-0.06621628469606033,0.75
33,2025-02-04,1,0,1845.7725604770644,1845.7725604770644,0.0,0.0,0.0,1.0,false,m12_joint_hybrid_synergy,P3_aggressive_tilt,0.0,1.0
34,2025-02-08,8,15,1845.7725604770644,1879.953257786182,0.05543765098886431,0.018518368969729984,0.05543765098886431,0.16743698550895222,false,m12_joint_hybrid_synergy,P3_aggressive_tilt,0.0,1.0
35,2025-02-11,1,2,1879.953257786182,1886.5459848617884,0.004761604497466486,0.003506856911628859,0.004761604497466486,0.23307081212047218,false,m12_joint_hybrid_synergy,P3_aggressive_tilt,0.0,1.0
36,2025-02-15,8,17,1886.5459848617884,1893.754528737795,0.07495891962147652,0.0038210273875379777,0.07495891962147651,0.23924989397812527,false,m12_joint_hybrid_synergy,P3_aggressive_tilt,0.0,1.0
37,2025-02-22,9,17,1893.754528737795,1960.7156508544317,0.07919758446307067,0.03535892382064269,0.07919758446307065,0.17759472745871385,false,m12_joint_hybrid_synergy,P3_aggressive_tilt,0.0,1.0
38,2025-02-25,1,3,1960.7156508544317,1915.2052019519165,0.02321114174953559,-0.02321114174953559,0.02321114174953559,0.26330352012000935,false,m12_joint_hybrid_synergy,P3_aggressive_tilt,0.0,1.0
39,2025-03-01,9,20,1915.2052019519165,2075.945804490451,0.11800100376886867,0.0839286580752354,0.11800100376886866,0.24737240780163175,false,m12_joint_hybrid_synergy,P3_aggressive_tilt,-0.023211141749535646,1.0
40,2025-03-04,2,4,2075.945804490451,2026.3937936502616,0.03126169778522234,-0.023869607160747673,0.03126169778522234,0.15571657565175465,false,m12_joint_hybrid_synergy,P3_aggressive_tilt,0.0,1.0
41,2025-03-08,9,20,2026.3937936502616,1887.8754844585058,0.10938966281722323,-0.06835705361208932,0.10938966281722323,0.1628806082242525,false,m12_joint_hybrid_synergy,P3_aggressive_tilt,-0.023869607160747597,1.0
42,2025-03-11,2,4,1887.8754844585058,1832.6901414551796,0.0292314527401973,-0.0292314527401973,0.029231452740197304,0.199924204793541,false,m12_joint_hybrid_synergy,P3_aggressive_tilt,-0.0905950047564501,0.75
43,2025-03-15,9,20,1832.6901414551796,1929.3131371495956,0.11087492907160348,0.05272194874017045,0.11087492907160347,0.2653889742887088,false,m12_joint_hybrid_synergy,P3_aggressive_tilt,-0.11717823389661142,0.5
44,2025-03-22,9,21,1929.3131371495956,1896.6120849265553,0.09585760168825377,-0.016949582518964966,0.09585760168825379,0.1739910991324202,false,m12_joint_hybrid_synergy,P3_aggressive_tilt,-0.0706341499974017,0.75
45,2025-03-29,9,13,1896.6120849265553,1943.3081173244982,0.058134105473987036,0.024620760760232778,0.05813410547398702,0.22180916309286397,false,m12_joint_hybrid_synergy,P3_aggressive_tilt,-0.08638651316232882,0.75
46,2025-04-05,9,19,1943.3081173244982,1975.798785410089,0.07845065490731128,0.016719257124456103,0.07845065490731128,0.20668497641586975,false,m12_joint_hybrid_synergy,P3_aggressive_tilt,-0.06389265407557643,0.75
47,2025-04-12,9,21,1975.798785410089,1908.3652560873743,0.10352563270493885,-0.03412975542887505,0.10352563270493886,0.20674834049024207,false,m12_joint_hybrid_synergy,P3_aggressive_tilt,-0.04824163466297393,1.0
48,2025-04-19,9,18,1908.3652560873743,1962.4673555931474,0.08928762884311109,0.028349970915261674,0.08928762884311105,0.1860894530639428,false,m12_joint_hybrid_synergy,P3_aggressive_tilt,-0.08072491489931255,0.75
49,2025-04-26,8,15,1962.4673555931474,1900.9652296891916,0.06947766783842389,-0.031339184179890074,0.06947766783842388,0.3150285975678387,false,m12_joint_hybrid_synergy,P3_aggressive_tilt,-0.054663492973583305,0.75
50,2025-05-03,9,20,1900.9652296891916,1997.8021770924524,0.1296706595871368,0.0509409356314704,0.12967065958713683,0.1998822328026075,false,m12_joint_hybrid_synergy,P3_aggressive_tilt,-0.08428956787925823,0.75
51,2025-08-02,9,18,1997.8021770924524,1903.7722859565063,0.10116240090650361,-0.04706666766816463,0.10116240090650362,0.1724556798209044,false,m12_joint_hybrid_synergy,P3_aggressive_tilt,-0.03764242169952947,1.0
52,2025-08-09,9,20,1903.7722859565063,1954.7159909843274,0.1653592301538725,0.02675934795543359,0.16535923015387247,0.2085531831191305,false,m12_joint_hybrid_synergy,P3_aggressive_tilt,-0.0829373860153374,0.75
53,2025-08-16,6,15,1954.7159909843274,2106.659786940076,0.11051029894401611,0.0777319041009303,0.11051029894401611,0.3056037647213587,false,m12_joint_hybrid_synergy,P3_aggressive_tilt,-0.058397388430802444,0.75
54,2025-08-23,9,20,2106.659786940076,2046.2761524154791,0.09921091609892846,-0.02866321125932924,0.09921091609892844,0.18217848798929479,false,m12_joint_hybrid_synergy,P3_aggressive_tilt,0.0,1.0
55,2025-08-30,9,19,2046.2761524154791,1831.0205424209134,0.14426538048874513,-0.10519382231986249,0.1442653804887451,0.3103558765122605,false,m12_joint_hybrid_synergy,P3_aggressive_tilt,-0.028663211259329247,1.0
56,2025-09-13,8,17,1831.0205424209134,1750.4614709124694,0.09916239003583555,-0.04399681469544382,0.09916239003583555,0.16507439321512463,false,m12_joint_hybrid_synergy,P3_aggressive_tilt,-0.13084184082686123,0.5
57,2025-09-20,9,18,1750.4614709124694,1749.451279800762,0.09170447346384349,-0.0005770998839413483,0.09170447346384349,0.18227636667827712,false,m12_joint_hybrid_synergy,P3_aggressive_tilt,-0.16908203129703492,0.25
58,2025-09-27,9,21,1749.451279800762,2028.68274399448,0.16286070424169388,0.15961088337682597,0.16286070424169388,0.2511271249362267,false,m12_joint_hybrid_synergy,P3_aggressive_tilt,-0.16956155396033812,0.25
59,2025-10-04,9,19,2028.68274399448,2067.0216623634956,0.11404216894442044,0.018898429772970057,0.11404216894442044,0.17650737088878193,false,m12_joint_hybrid_synergy,P3_aggressive_tilt,-0.0370145399978693,1.0
60,2025-10-07,1,3,2067.0216623634956,2047.5015725362434,0.016774561675309035,-0.009443582610998145,0.016774561675309035,0.15455869123348467,false,m12_joint_hybrid_synergy,P3_aggressive_tilt,-0.018815626909627903,1.0
61,2025-10-18,9,17,2047.5015725362434,2124.849609039501,0.11395946190227227,0.03777678979139742,0.11395946190227227,0.24887720514517664,false,m12_joint_hybrid_synergy,P3_aggressive_tilt,-0.028081522593527142,1.0
62,2025-10-24,1,3,2124.849609039501,2214.4373270511223,0.021395860218997476,0.042161910014948345,0.021395860218997476,0.328213627140321,false,m12_joint_hybrid_synergy,P3_aggressive_tilt,0.0,1.0
63,2025-10-25,4,6,2214.4373270511223,2263.1724136218772,0.04587732753302951,0.022007887048965637,0.04587732753302951,0.19058972077719963,false,m12_joint_hybrid_synergy,P3_aggressive_tilt,0.0,1.0
64,2025-11-01,9,16,2263.1724136218772,2324.4823004020873,0.08036309796290678,0.02709024129632827,0.08036309796290676,0.18402790019647552,false,m12_joint_hybrid_synergy,P3_aggressive_tilt,0.0,1.0
65,2025-11-08,9,13,2324.4823004020873,2336.646016943742,0.09156334906040767,0.005232871224509142,0.09156334906040767,0.28722443414849474,false,m12_joint_hybrid_synergy,P3_aggressive_tilt,0.0,1.0
66,2025-11-15,8,15,2336.646016943742,2427.44766163152,0.0778690630044258,0.038859820456049986,0.0778690630044258,0.15860798820951666,false,m12_joint_hybrid_synergy,P3_aggressive_tilt,0.0,1.0
67,2025-11-22,9,17,2427.44766163152,2542.9389810165435,0.14786233140684338,0.04757726447020488,0.14786233140684338,0.23447425190788068,false,m12_joint_hybrid_synergy,P3_aggressive_tilt,0.0,1.0
68,2025-11-25,1,3,2542.9389810165435,2533.0687017218606,0.017716962163902672,-0.0038814455904627194,0.017716962163902672,0.15682623850260724,false,m12_joint_hybrid_synergy,P3_aggressive_tilt,0.0,1.0
69,2025-12-06,8,16,2533.0687017218606,2383.3198628259524,0.10787308857290956,-0.05911755918586648,0.10787308857290957,0.2167807781385704,false,m12_joint_hybrid_synergy,P3_aggressive_tilt,-0.003881445590462884,1.0
70,2025-12-13,9,18,2383.3198628259524,2600.3117932365694,0.11504254371507396,0.09104607979615652,0.11504254371507397,0.2422317515282387,false,m12_joint_hybrid_synergy,P3_aggressive_tilt,-0.06276954318690853,0.75
71,2025-12-20,9,17,2600.3117932365694,2869.9698565775993,0.07765410913090941,0.10370220372895758,0.07765410913090938,0.17386284717876502,false,m12_joint_hybrid_synergy,P3_aggressive_tilt,0.0,1.0
72,2025-12-27,9,16,2869.9698565775993,3157.4952529143466,0.07452143245683887,0.10018411715292976,0.07452143245683888,0.20964568140749593,false,m12_joint_hybrid_synergy,P3_aggressive_tilt,0.0,1.0
73,2026-01-03,4,8,3157.4952529143466,3139.6160887877754,0.037356805646350064,-0.005662451625245965,0.03735680564635006,0.18680131902432237,false,m12_joint_hybrid_synergy,P3_aggressive_tilt,0.0,1.0
74,2026-01-10,5,10,3139.6160887877754,3023.822586674031,0.06021327338550688,-0.036881420797678886,0.060213273385506874,0.21540501451649124,false,m12_joint_hybrid_synergy,P3_aggressive_tilt,-0.005662451625245923,1.0
75,2026-01-17,2,5,3023.822586674031,3070.687314494175,0.03877523017333377,0.015498504451510183,0.03877523017333377,0.21045685908993245,false,m12_joint_hybrid_synergy,P3_aggressive_tilt,-0.04233503316178755,1.0
76,2026-01-20,2,5,3070.687314494175,3000.3824629426476,0.026890697683715745,-0.0228954772502158,0.026890697683715745,0.16245811915459243,false,m12_joint_hybrid_synergy,P3_aggressive_tilt,-0.02749265841019022,1.0
77,2026-01-24,8,18,3000.3824629426476,2944.7434387814596,0.11321764336988653,-0.018543977259025714,0.1132176433698865,0.20010876598269747,false,m12_joint_hybrid_synergy,P3_aggressive_tilt,-0.049758678125227496,1.0
78,2026-01-31,9,16,2944.7434387814596,2963.013951804271,0.10854586038690472,0.006204449862148938,0.10854586038690472,0.24553003601407963,false,m12_joint_hybrid_synergy,P3_aggressive_tilt,-0.06737993158865985,0.75
79,2026-02-07,5,10,2963.013951804271,2896.815856753628,0.08015478773838682,-0.022341472611134228,0.0801547877383868,0.2651454369826149,false,m12_joint_hybrid_synergy,P3_aggressive_tilt,-0.061593537133767806,0.75
80,2026-02-10,3,8,2896.815856753628,2952.8254199239586,0.05201466640312118,0.019334871783358368,0.05201466640312119,0.2702408116130181,false,m12_joint_hybrid_synergy,P3_aggressive_tilt,-0.08255891942200488,0.75
81,2026-02-14,6,13,2952.8254199239586,2924.7884387839076,0.06969771356294173,-0.009494967413540008,0.06969771356294172,0.1880151009569711,false,m12_joint_hybrid_synergy,P3_aggressive_tilt,-0.06482031376024366,0.75
82,2026-02-17,4,9,2924.7884387839076,2943.9854161588987,0.03517091267188577,0.00656354392011088,0.03517091267188577,0.15925310939052806,false,m12_joint_hybrid_synergy,P3_aggressive_tilt,-0.07369981440689488,0.75
83,2026-02-21,9,16,2943.9854161588987,3094.7894199805937,0.10303081165757869,0.05122443983382687,0.10303081165757869,0.25280289546006607,false,m12_joint_hybrid_synergy,P3_aggressive_tilt,-0.06762000245554756,0.75
84,2026-02-24,3,5,3094.7894199805937,3158.7738122270553,0.015282293315979781,0.020674877532334074,0.015282293315979781,0.17583692041353854,false,m12_joint_hybrid_synergy,P3_aggressive_tilt,-0.01985935936906813,1.0
85,2026-02-28,9,19,3158.7738122270553,3071.6693501015175,0.12337109421413993,-0.027575403401272926,0.12337109421413993,0.18171218029558397,false,m12_joint_hybrid_synergy,P3_aggressive_tilt,0.0,1.0
86,2026-03-03,2,3,3071.6693501015175,3001.805681419708,0.02274452772057023,-0.02274452772057023,0.02274452772057023,0.17532084429580122,false,m12_joint_hybrid_synergy,P3_aggressive_tilt,-0.027575403401272958,1.0
87,2026-03-07,9,18,3001.805681419708,2892.2660446223445,0.11980451712088612,-0.03649124840937635,0.11980451712088612,0.28554511774306857,false,m12_joint_hybrid_synergy,P3_aggressive_tilt,-0.04969274159477688,1.0
88,2026-03-10,3,8,2892.2660446223445,2883.966646702158,0.05360189174275569,-0.002869514004639162,0.05360189174275569,0.2335597656073508,false,m12_joint_hybrid_synergy,P3_aggressive_tilt,-0.08437063982647519,0.75
89,2026-03-14,9,18,2883.966646702158,2857.3638055523534,0.11856473054105832,-0.009224392792553666,0.11856473054105832,0.2155293983577653,false,m12_joint_hybrid_synergy,P3_aggressive_tilt,-0.08699805109855197,0.75
90,2026-03-17,1,3,2857.3638055523534,2728.3159677305384,0.045163250675693656,-0.045163250675693656,0.045163250675693656,0.27881484929804556,false,m12_joint_hybrid_synergy,P3_aggressive_tilt,-0.09541993969558604,0.75
91,2026-03-21,9,17,2728.3159677305384,2603.1474625380706,0.13394990454675312,-0.04587756941384799,0.13394990454675315,0.24992959412372187,false,m12_joint_hybrid_synergy,P3_aggressive_tilt,-0.1362737157153483,0.5
92,2026-03-24,2,3,2603.1474625380706,2586.2632713282924,0.01048555651152064,-0.006486067905394929,0.010485556511520642,0.3317381544965187,false,m12_joint_hybrid_synergy,P3_aggressive_tilt,-0.1758993782771825,0.25
93,2026-03-27,1,3,2586.2632713282924,2634.8733662857912,0.026891609899457877,0.01879549367475363,0.026891609899457877,0.32137374265122204,false,m12_joint_hybrid_synergy,P3_aggressive_tilt,-0.1812445508705548,0.25
94,2026-03-28,7,13,2634.8733662857912,2650.5823251659654,0.05390095503268233,0.005961940744923948,0.05390095503268233,0.20613910867673613,false,m12_joint_hybrid_synergy,P3_aggressive_tilt,-0.16585563800527214,0.25
95,2026-04-04,8,17,2650.5823251659654,2501.505165089034,0.07696220655249862,-0.05624317292902669,0.07696220655249861,0.2172058604912171,false,m12_joint_hybrid_synergy,P3_aggressive_tilt,-0.16088251874634718,0.25
96,2026-04-07,1,3,2501.505165089034,2485.7297469693926,0.013955588667050748,-0.006306370396432948,0.013955588667050748,0.24839856110219358,false,m12_joint_hybrid_synergy,P3_aggressive_tilt,-0.20807714835226576,0.25
97,2026-04-11,9,21,2485.7297469693926,2644.65154230347,0.138068231587341,0.06393365792392963,0.13806823158734102,0.18422947253020988,false,m12_joint_hybrid_synergy,P3_aggressive_tilt,-0.21307130718015577,0.25
98,2026-04-14,1,3,2644.65154230347,2604.6641213908038,0.03783658902448678,-0.015120109501396714,0.03783658902448678,0.16024575749969466,false,m12_joint_hybrid_synergy,P3_aggressive_tilt,-0.16276007732288678,0.25
99,2026-04-18,9,17,2604.6641213908038,2787.9957743804616,0.1324596642735208,0.0703859094476123,0.13245966427352082,0.2092761217648207,false,m12_joint_hybrid_synergy,P3_aggressive_tilt,-0.17541923663270564,0.25
100,2026-04-25,9,21,2787.9957743804616,2689.760398586063,0.14784732466609907,-0.03523512363150132,0.1478473246660991,0.2264297759443107,false,m12_joint_hybrid_synergy,P3_aggressive_tilt,-0.11738036969009225,0.5
1,2024-08-03,9,25,1000.0,1022.204856378122,0.13659096721526878,0.022204856378122036,0.13659096721526878,0.20724925513909181,false,m12_joint_hybrid_synergy,P4_four_tier_probe,0.0,1.0
2,2024-08-10,9,19,1022.204856378122,984.0578697742397,0.1127449069694259,-0.03731833826249354,0.11274490696942589,0.27686957247063226,false,m12_joint_hybrid_synergy,P4_four_tier_probe,0.0,1.0
3,2024-08-17,8,17,984.0578697742397,1026.6917855539023,0.09184301526581892,0.04332460223039882,0.09184301526581891,0.29528028651687965,false,m12_joint_hybrid_synergy,P4_four_tier_probe,-0.03731833826249342,1.0
4,2024-08-24,8,19,1026.6917855539023,1149.0686229515545,0.09645422091825756,0.11919530195873698,0.09645422091825756,0.22755206673634404,false,m12_joint_hybrid_synergy,P4_four_tier_probe,0.0,1.0
5,2024-08-31,9,18,1149.0686229515545,1154.6756247122098,0.06753499189995836,0.004879605663805282,0.06753499189995837,0.20411204972954128,false,m12_joint_hybrid_synergy,P4_four_tier_probe,0.0,1.0
6,2024-09-14,8,20,1154.6756247122098,1181.1487174653791,0.1061056322294617,0.022926865508023104,0.10610563222946173,0.2724230225829268,false,m12_joint_hybrid_synergy,P4_four_tier_probe,0.0,1.0
7,2024-09-21,9,18,1181.1487174653791,1159.9791213161677,0.06905833909245669,-0.01792288797861059,0.06905833909245669,0.2751363576143267,false,m12_joint_hybrid_synergy,P4_four_tier_probe,0.0,1.0
8,2024-09-28,9,20,1159.9791213161677,1171.0394926935085,0.0647592642295281,0.009534974530223485,0.0647592642295281,0.3237095400582711,false,m12_joint_hybrid_synergy,P4_four_tier_probe,-0.017922887978610524,1.0
9,2024-10-05,9,15,1171.0394926935085,1192.0453716194022,0.06589757588006466,0.017937805733244886,0.06589757588006466,0.2516633867562705,false,m12_joint_hybrid_synergy,P4_four_tier_probe,-0.008558807728771045,1.0
10,2024-10-19,9,21,1192.0453716194022,1195.854203597869,0.08679227924427622,0.003195207220420178,0.08679227924427622,0.2253400763753581,false,m12_joint_hybrid_synergy,P4_four_tier_probe,0.0,1.0
11,2024-10-26,5,7,1195.854203597869,1229.549302496345,0.04303248982396331,0.028176594435258426,0.04303248982396332,0.21558948059496058,false,m12_joint_hybrid_synergy,P4_four_tier_probe,0.0,1.0
12,2024-11-02,9,15,1229.549302496345,1209.227439543201,0.09222453508648827,-0.016527895963085557,0.09222453508648827,0.2798666959916903,false,m12_joint_hybrid_synergy,P4_four_tier_probe,0.0,1.0
13,2024-11-09,9,17,1209.227439543201,1332.371475026837,0.07603692868427267,0.10183695097934192,0.07603692868427268,0.21978999805794497,false,m12_joint_hybrid_synergy,P4_four_tier_probe,-0.01652789596308568,1.0
14,2024-11-16,9,17,1332.371475026837,1406.0981539040592,0.07769809509652777,0.055334927427605714,0.07769809509652778,0.2567635895234412,false,m12_joint_hybrid_synergy,P4_four_tier_probe,0.0,1.0
15,2024-11-23,1,2,1406.0981539040592,1389.2556547516863,0.011978181683554301,-0.011978181683554301,0.011978181683554301,0.29702727030037507,false,m12_joint_hybrid_synergy,P4_four_tier_probe,0.0,1.0
16,2024-11-30,1,3,1389.2556547516863,1382.4078354230853,0.004929128274683878,-0.004929128274683878,0.004929128274683878,0.7692023042021479,false,m12_joint_hybrid_synergy,P4_four_tier_probe,-0.011978181683554245,1.0
17,2024-12-03,3,3,1382.4078354230853,1419.6732773839217,0.019804380747965623,0.02695690881224729,0.019804380747965623,0.31997870419291286,false,m12_joint_hybrid_synergy,P4_four_tier_probe,-0.01684826796422234,1.0
18,2024-12-07,8,15,1419.6732773839217,1484.476240570959,0.049318632835248115,0.045646392180073804,0.049318632835248115,0.28807470203445973,false,m12_joint_hybrid_synergy,P4_four_tier_probe,0.0,1.0
19,2024-12-14,9,18,1484.476240570959,1627.7421093854982,0.08828330296373414,0.09650937138571951,0.08828330296373414,0.2762180514928381,false,m12_joint_hybrid_synergy,P4_four_tier_probe,0.0,1.0
20,2024-12-17,3,5,1627.7421093854982,1628.401638964915,0.03468746201697033,0.0004051806337220156,0.03468746201697033,0.23460466087160262,false,m12_joint_hybrid_synergy,P4_four_tier_probe,0.0,1.0
21,2024-12-21,9,18,1628.401638964915,1631.820780528001,0.06983771330838101,0.0020996917967113383,0.069837713308381,0.24319628194050538,false,m12_joint_hybrid_synergy,P4_four_tier_probe,0.0,1.0
22,2024-12-28,8,26,1631.820780528001,1758.561114150012,0.11657799895387008,0.07766804733360613,0.11657799895387008,0.3186815613839825,false,m12_joint_hybrid_synergy,P4_four_tier_probe,0.0,1.0
23,2025-01-04,8,15,1758.561114150012,1765.1394577080055,0.046216552094762886,0.003740753451820364,0.04621655209476287,0.3207551022052836,false,m12_joint_hybrid_synergy,P4_four_tier_probe,0.0,1.0
24,2025-01-08,1,3,1765.1394577080055,1758.3713666658512,0.00776145106121154,-0.0038343095286887834,0.00776145106121154,0.2663759959289467,false,m12_joint_hybrid_synergy,P4_four_tier_probe,0.0,1.0
25,2025-01-11,5,14,1758.3713666658512,1702.931452577679,0.04817445627828385,-0.03152912697463602,0.04817445627828384,0.2531709807458937,false,m12_joint_hybrid_synergy,P4_four_tier_probe,-0.003834309528688795,1.0
26,2025-01-14,1,2,1702.931452577679,1673.7157794144052,0.01715610638293802,-0.01715610638293802,0.01715610638293802,0.3103857679239472,false,m12_joint_hybrid_synergy,P4_four_tier_probe,-0.03524254407133487,1.0
27,2025-01-17,1,3,1673.7157794144052,1714.3854589965545,0.009875962841831733,0.024299035763633816,0.009875962841831733,0.32923067264833833,false,m12_joint_hybrid_synergy,P4_four_tier_probe,-0.05179402561897961,0.75
28,2025-01-18,3,8,1714.3854589965545,1650.207433924959,0.037435003158017496,-0.037435003158017496,0.037435003158017496,0.20955793199215642,false,m12_joint_hybrid_synergy,P4_four_tier_probe,-0.02875353473620379,1.0
29,2025-01-21,1,2,1650.207433924959,1689.453011148887,0.010066122718172255,0.023782208477017796,0.010066122718172255,0.1895737884335,false,m12_joint_hybrid_synergy,P4_four_tier_probe,-0.0651121492305673,0.75
30,2025-01-25,8,14,1689.453011148887,1634.0472638101153,0.08210403422775875,-0.032795080403623576,0.08210403422775875,0.25216923292485854,false,m12_joint_hybrid_synergy,P4_four_tier_probe,-0.042878451460937606,1.0
31,2025-01-28,1,3,1634.0472638101153,1649.8434680162054,0.012118179278128582,0.009666920018737977,0.012118179278128582,0.3017313624909035,false,m12_joint_hybrid_synergy,P4_four_tier_probe,-0.07426732960131688,0.75
32,2025-02-01,9,17,1649.8434680162054,1829.8573747041003,0.07996983391921278,0.10910968839022417,0.07996983391921275,0.25135140927677274,false,m12_joint_hybrid_synergy,P4_four_tier_probe,-0.06531834591784003,0.75
33,2025-02-04,1,0,1829.8573747041003,1829.8573747041003,0.0,0.0,0.0,1.0,false,m12_joint_hybrid_synergy,P4_four_tier_probe,0.0,1.0
34,2025-02-08,8,18,1829.8573747041003,1858.1308047276132,0.0631632962132229,0.015451165983952792,0.0631632962132229,0.21790593051475085,false,m12_joint_hybrid_synergy,P4_four_tier_probe,0.0,1.0
35,2025-02-11,1,2,1858.1308047276132,1864.2680515648149,0.004897445558163681,0.0033029143166813067,0.004897445558163681,0.28893896354282056,false,m12_joint_hybrid_synergy,P4_four_tier_probe,0.0,1.0
36,2025-02-15,8,22,1864.2680515648149,1869.266651586647,0.07765574878964031,0.002681266794030101,0.07765574878964032,0.27316797893060407,false,m12_joint_hybrid_synergy,P4_four_tier_probe,0.0,1.0
37,2025-02-22,9,21,1869.266651586647,1929.5815167997469,0.08550627079713419,0.03226659244249821,0.08550627079713419,0.22266371227896617,false,m12_joint_hybrid_synergy,P4_four_tier_probe,0.0,1.0
38,2025-02-25,1,3,1929.5815167997469,1885.45532405431,0.02286827084590909,-0.02286827084590909,0.02286827084590909,0.2897524666576625,false,m12_joint_hybrid_synergy,P4_four_tier_probe,0.0,1.0
39,2025-03-01,9,22,1885.45532405431,2045.1625546166938,0.11795600014335761,0.08470486069060715,0.11795600014335758,0.2785646947838505,false,m12_joint_hybrid_synergy,P4_four_tier_probe,-0.022868270845909144,1.0
40,2025-03-04,2,5,2045.1625546166938,1994.8684293969925,0.03399005860664953,-0.02459174949500654,0.03399005860664953,0.19797816154151082,false,m12_joint_hybrid_synergy,P4_four_tier_probe,0.0,1.0
41,2025-03-08,9,25,1994.8684293969925,1853.3748574017568,0.1177083895783617,-0.07092877400340948,0.11770838957836172,0.20696567934196777,false,m12_joint_hybrid_synergy,P4_four_tier_probe,-0.024591749495006532,1.0
42,2025-03-11,2,4,1853.3748574017568,1795.4395685537668,0.03125934757160208,-0.03125934757160208,0.03125934757160208,0.2412010544600941,false,m12_joint_hybrid_synergy,P4_four_tier_probe,-0.09377626085613622,0.75
43,2025-03-15,9,25,1795.4395685537668,1906.1063106973688,0.11206911434065678,0.06163768699424658,0.11206911434065679,0.28706686474254284,false,m12_joint_hybrid_synergy,P4_four_tier_probe,-0.12210422369567109,0.5
44,2025-03-22,9,25,1906.1063106973688,1876.1702564821962,0.10495623311566268,-0.015705343425582656,0.10495623311566267,0.218114822637435,false,m12_joint_hybrid_synergy,P4_four_tier_probe,-0.06799275862225385,0.75
45,2025-03-29,9,16,1876.1702564821962,1939.2736656717746,0.0637777974496507,0.03363415925156852,0.06377779744965069,0.2695253102158492,false,m12_joint_hybrid_synergy,P4_four_tier_probe,-0.0826302524232213,0.75
46,2025-04-05,9,21,1939.2736656717746,1976.302625223598,0.08371403640888962,0.019094241420019694,0.08371403640888962,0.24663148556257125,false,m12_joint_hybrid_synergy,P4_four_tier_probe,-0.05177529224065269,0.75
47,2025-04-12,9,24,1976.302625223598,1911.6832034897932,0.11155739726854882,-0.032697128926038724,0.11155739726854882,0.2475712665103372,false,m12_joint_hybrid_synergy,P4_four_tier_probe,-0.033669660750268116,1.0
48,2025-04-19,9,19,1911.6832034897932,1966.6219565480262,0.09598140771240447,0.028738419084261398,0.09598140771240445,0.2309696567430219,false,m12_joint_hybrid_synergy,P4_four_tier_probe,-0.06526588843785941,0.75
49,2025-04-26,8,17,1966.6219565480262,1902.6937172351177,0.06870521879512452,-0.032506623400625774,0.06870521879512452,0.317452964638777,false,m12_joint_hybrid_synergy,P4_four_tier_probe,-0.038403107807431835,1.0
50,2025-05-03,9,22,1902.6937172351177,1988.1922961453545,0.14141686506626389,0.0449355448729174,0.14141686506626389,0.24487815316700573,false,m12_joint_hybrid_synergy,P4_four_tier_probe,-0.06966137584514775,0.75
51,2025-08-02,9,21,1988.1922961453545,1881.8206549505585,0.10756686182042405,-0.053501686633142004,0.10756686182042408,0.21544782701436282,false,m12_joint_hybrid_synergy,P4_four_tier_probe,-0.02785610285242912,1.0
52,2025-08-09,9,21,1881.8206549505585,1937.5728801294094,0.17142377317078258,0.029626747390715552,0.17142377317078256,0.25301279603066024,false,m12_joint_hybrid_synergy,P4_four_tier_probe,-0.07986744099993992,0.75
53,2025-08-16,6,17,1937.5728801294094,2098.746045698476,0.10821213070938669,0.0831830209959905,0.10821213070938673,0.3111288994310891,false,m12_joint_hybrid_synergy,P4_four_tier_probe,-0.05260690610847263,0.75
54,2025-08-23,9,23,2098.746045698476,2033.3011720904435,0.10468576188302908,-0.03118284546249226,0.10468576188302908,0.23124398018282438,false,m12_joint_hybrid_synergy,P4_four_tier_probe,0.0,1.0
55,2025-08-30,9,21,2033.3011720904435,1819.4418639569772,0.1460337632117497,-0.10517837252491084,0.1460337632117497,0.3271379769368167,false,m12_joint_hybrid_synergy,P4_four_tier_probe,-0.03118284546249228,1.0
56,2025-09-13,8,18,1819.4418639569772,1745.1263962469598,0.1044599644540789,-0.040845200488238656,0.1044599644540789,0.20915782502492491,false,m12_joint_hybrid_synergy,P4_four_tier_probe,-0.1330814570509623,0.5
57,2025-09-20,9,19,1745.1263962469598,1735.5359275831613,0.09947432447605405,-0.005495572518084378,0.09947432447605403,0.22849414164234894,false,m12_joint_hybrid_synergy,P4_four_tier_probe,-0.16849091874468747,0.25
58,2025-09-27,9,24,1735.5359275831613,2013.0726201809864,0.16368654834389454,0.15991411539622336,0.16368654834389457,0.2822806185612266,false,m12_joint_hybrid_synergy,P4_four_tier_probe,-0.17306053720017178,0.25
59,2025-10-04,9,24,2013.0726201809864,2053.8646310551067,0.12155207909487602,0.0202635565479268,0.12155207909487602,0.22431412243538787,false,m12_joint_hybrid_synergy,P4_four_tier_probe,-0.04082124452030922,1.0
60,2025-10-07,1,3,2053.8646310551067,2033.7107334895811,0.01720453240167085,-0.009812670835649018,0.01720453240167085,0.19480284273783138,false,m12_joint_hybrid_synergy,P4_four_tier_probe,-0.021384871569076536,1.0
61,2025-10-18,9,18,2033.7107334895811,2143.437493263549,0.11284661466374296,0.05395396600267281,0.11284661466374296,0.2827735573557948,false,m12_joint_hybrid_synergy,P4_four_tier_probe,-0.030987699699155602,1.0
62,2025-10-24,1,4,2143.437493263549,2236.2681071267307,0.021073686924716055,0.04330922369088528,0.021073686924716055,0.33247466896992345,false,m12_joint_hybrid_synergy,P4_four_tier_probe,0.0,1.0
63,2025-10-25,4,7,2236.2681071267307,2294.5300816585727,0.04824196698217583,0.026053215330562565,0.04824196698217583,0.23303844897254897,false,m12_joint_hybrid_synergy,P4_four_tier_probe,0.0,1.0
64,2025-11-01,9,18,2294.5300816585727,2356.1450287837815,0.08529797866736316,0.026852969859811615,0.08529797866736318,0.22886080530047873,false,m12_joint_hybrid_synergy,P4_four_tier_probe,0.0,1.0
65,2025-11-08,9,15,2356.1450287837815,2342.874165389409,0.09211084158017967,-0.005632447592253197,0.09211084158017968,0.30252746737070846,false,m12_joint_hybrid_synergy,P4_four_tier_probe,0.0,1.0
66,2025-11-15,8,19,2342.874165389409,2432.371291052699,0.08445440931982143,0.038199715112917365,0.08445440931982144,0.20165834497480367,false,m12_joint_hybrid_synergy,P4_four_tier_probe,-0.005632447592253231,1.0
67,2025-11-22,9,22,2432.371291052699,2544.7116936289162,0.15008357688739962,0.04618554864113602,0.1500835768873996,0.27357718228954564,false,m12_joint_hybrid_synergy,P4_four_tier_probe,0.0,1.0
68,2025-11-25,1,3,2544.7116936289162,2538.4264400591856,0.018448118063803698,-0.0024699275699746007,0.018448118063803698,0.1985749016813156,false,m12_joint_hybrid_synergy,P4_four_tier_probe,0.0,1.0
69,2025-12-06,8,17,2538.4264400591856,2370.6663646974025,0.11431718840728895,-0.06608821619344285,0.11431718840728894,0.2554970256731958,false,m12_joint_hybrid_synergy,P4_four_tier_probe,-0.0024699275699745504,1.0
70,2025-12-13,9,23,2370.6663646974025,2570.140130877939,0.11970045827158887,0.08414248801559958,0.11970045827158886,0.2794086650810872,false,m12_joint_hybrid_synergy,P4_four_tier_probe,-0.06839491065619085,0.75
71,2025-12-20,9,18,2570.140130877939,2849.780304453377,0.08418027970314003,0.10880347348216977,0.08418027970314003,0.21806654746434073,false,m12_joint_hybrid_synergy,P4_four_tier_probe,0.0,1.0
72,2025-12-27,9,21,2849.780304453377,3124.397798408184,0.0836338954382808,0.09636444378735438,0.08363389543828077,0.2571330552024596,false,m12_joint_hybrid_synergy,P4_four_tier_probe,0.0,1.0
73,2026-01-03,4,9,3124.397798408184,3107.6844724260513,0.041460200062397125,-0.005349295147579285,0.04146020006239712,0.22917973141511697,false,m12_joint_hybrid_synergy,P4_four_tier_probe,0.0,1.0
74,2026-01-10,5,13,3107.6844724260513,3002.397618172855,0.06496573928181897,-0.033879518718000136,0.06496573928181898,0.25681215382928596,false,m12_joint_hybrid_synergy,P4_four_tier_probe,-0.005349295147579425,1.0
75,2026-01-17,2,7,3002.397618172855,3070.963519087595,0.04216967918990406,0.022837048797176615,0.04216967918990405,0.25207610801877706,false,m12_joint_hybrid_synergy,P4_four_tier_probe,-0.039047582320498875,1.0
76,2026-01-20,2,6,3070.963519087595,2992.4571521871744,0.029593321547461957,-0.025564083198144093,0.029593321547461957,0.2048017420913306,false,m12_joint_hybrid_synergy,P4_four_tier_probe,-0.017102265066187283,1.0
77,2026-01-24,8,24,2992.4571521871744,2946.0977644804902,0.12293479264536998,-0.01549208070458082,0.12293479264537,0.24788979124402105,false,m12_joint_hybrid_synergy,P4_four_tier_probe,-0.04222914453730264,1.0
78,2026-01-31,9,19,2946.0977644804902,2975.7939048751596,0.11318314699753206,0.010079821773974849,0.11318314699753206,0.27556108541832597,false,m12_joint_hybrid_synergy,P4_four_tier_probe,-0.057067007926626334,0.75
79,2026-02-07,5,12,2975.7939048751596,2896.5350084593715,0.07716701756075686,-0.026634538193636505,0.07716701756075688,0.2896922684272393,false,m12_joint_hybrid_synergy,P4_four_tier_probe,-0.04756241142172579,1.0
80,2026-02-10,3,11,2896.5350084593715,2934.111248075618,0.05389348760419628,0.012972824256052224,0.05389348760419629,0.30375660298718554,false,m12_joint_hybrid_synergy,P4_four_tier_probe,-0.0729301467517689,0.75
81,2026-02-14,6,18,2934.111248075618,2920.019527339113,0.07892184803679536,-0.004802722032351948,0.07892184803679535,0.24137684282796876,false,m12_joint_hybrid_synergy,P4_four_tier_probe,-0.06090343247249541,0.75
82,2026-02-17,4,11,2920.019527339113,2938.9470039682,0.036625524468147166,0.006481969196396014,0.03662552446814718,0.20213369415131457,false,m12_joint_hybrid_synergy,P4_four_tier_probe,-0.06541365224786588,0.75
83,2026-02-21,9,19,2938.9470039682,3056.4119920778503,0.10122536613971737,0.039968392744424215,0.10122536613971736,0.27550150294740416,false,m12_joint_hybrid_synergy,P4_four_tier_probe,-0.05935569233036431,0.75
84,2026-02-24,3,5,3056.4119920778503,3116.8441214210998,0.015858939382861106,0.019772245855561442,0.015858939382861106,0.21780349145928266,false,m12_joint_hybrid_synergy,P4_four_tier_probe,-0.021759651208617226,1.0
85,2026-02-28,9,21,3116.8441214210998,3074.5519236359733,0.13033815202430943,-0.013568916550707643,0.13033815202430943,0.22376761641719786,false,m12_joint_hybrid_synergy,P4_four_tier_probe,-0.0024176425264837986,1.0
86,2026-03-03,2,4,3074.5519236359733,2994.8638664764717,0.02591859208715601,-0.02591859208715601,0.02591859208715601,0.22504125953390497,false,m12_joint_hybrid_synergy,P4_four_tier_probe,-0.01595375428750012,1.0
87,2026-03-07,9,19,2994.8638664764717,2882.89648368026,0.11899938853254581,-0.03738646822967059,0.11899938853254581,0.30091050129978825,false,m12_joint_hybrid_synergy,P4_four_tier_probe,-0.041458847525019715,1.0
88,2026-03-10,3,8,2882.89648368026,2859.6015377407603,0.05482266662283059,-0.008080396251259754,0.054822666622830585,0.2689878288450789,false,m12_joint_hybrid_synergy,P4_four_tier_probe,-0.07729531586885752,0.75
89,2026-03-14,9,19,2859.6015377407603,2835.3960925359015,0.12062922377035755,-0.008464621691308221,0.12062922377035754,0.25093652787807774,false,m12_joint_hybrid_synergy,P4_four_tier_probe,-0.08475113533953071,0.75
90,2026-03-17,1,3,2835.3960925359015,2711.8462292160884,0.04357411073713985,-0.04357411073713985,0.04357411073713985,0.29078592015223265,false,m12_joint_hybrid_synergy,P4_four_tier_probe,-0.09249837073228084,0.75
91,2026-03-21,9,20,2711.8462292160884,2596.6300404901444,0.13443956921669348,-0.04248625437705935,0.13443956921669348,0.27651564547501417,false,m12_joint_hybrid_synergy,P4_four_tier_probe,-0.1320419472201273,0.5
92,2026-03-24,2,3,2596.6300404901444,2578.3975415445207,0.010217083772275915,-0.007021600559694032,0.010217083772275915,0.3313122651615078,false,m12_joint_hybrid_synergy,P4_four_tier_probe,-0.16891823383915017,0.25
93,2026-03-27,1,4,2578.3975415445207,2621.332313271984,0.02633687254158284,0.01665172691009626,0.02633687254158284,0.3240628279759935,false,m12_joint_hybrid_synergy,P4_four_tier_probe,-0.17475375803357662,0.25
94,2026-03-28,7,16,2621.332313271984,2653.9399008594446,0.059288644685018745,0.012439318518436783,0.05928864468501876,0.2471535150510042,false,m12_joint_hybrid_synergy,P4_four_tier_probe,-0.1610119829787684,0.25
95,2026-04-04,8,18,2653.9399008594446,2490.8762077376823,0.08365223676541476,-0.06144211972130803,0.08365223676541476,0.25745688250611143,false,m12_joint_hybrid_synergy,P4_four_tier_probe,-0.15057554380188976,0.25
96,2026-04-07,1,4,2490.8762077376823,2477.25094768593,0.014881212716929184,-0.005470067123137883,0.014881212716929184,0.30561489306700085,false,m12_joint_hybrid_synergy,P4_four_tier_probe,-0.20276598293382098,0.25
97,2026-04-11,9,23,2477.25094768593,2616.527306312764,0.14792727710529352,0.05622214364553413,0.14792727710529352,0.22651121489196877,false,m12_joint_hybrid_synergy,P4_four_tier_probe,-0.20712690652002186,0.25
98,2026-04-14,1,3,2616.527306312764,2573.396042903126,0.03945892608435725,-0.016484163305147674,0.03945892608435725,0.20258466222660482,false,m12_joint_hybrid_synergy,P4_four_tier_probe,-0.16254988156571148,0.25
99,2026-04-18,9,21,2573.396042903126,2736.927171595629,0.13544765375267345,0.06354681749957872,0.13544765375267342,0.23942921998036992,false,m12_joint_hybrid_synergy,P4_four_tier_probe,-0.1763545460778977,0.25
100,2026-04-25,9,29,2736.927171595629,2657.0120624767187,0.15703715371854535,-0.029198843852436034,0.15703715371854532,0.2589237873954922,false,m12_joint_hybrid_synergy,P4_four_tier_probe,-0.12401449873315218,0.5
1,2024-08-03,9,24,1000.0,1006.2035293056957,0.15487062324321504,0.006203529305695628,0.15487062324321504,0.2629952930647681,false,m13_joint_composite,P0_flat_benchmark,0.0,1.0
2,2024-08-10,9,20,1006.2035293056957,960.7807561269645,0.11276713409904503,-0.045142728936832396,0.11276713409904501,0.25165126696632695,false,m13_joint_composite,P0_flat_benchmark,0.0,1.0
3,2024-08-17,8,15,960.7807561269645,987.3479832543308,0.0915640788097368,0.027651706133730417,0.09156407880973678,0.26854667416044825,false,m13_joint_composite,P0_flat_benchmark,-0.045142728936832466,1.0
4,2024-08-24,8,18,987.3479832543308,1110.1430432635202,0.10030348315727755,0.12436857328097536,0.10030348315727755,0.26973618096728424,false,m13_joint_composite,P0_flat_benchmark,-0.01873929627773796,1.0
5,2024-08-31,9,16,1110.1430432635202,1105.2372557939432,0.0740780703825896,-0.004419058876552789,0.0740780703825896,0.26386242265721527,false,m13_joint_composite,P0_flat_benchmark,0.0,1.0
6,2024-09-14,8,17,1105.2372557939432,1132.948091712894,0.09839505620650259,0.025072296263705864,0.09839505620650257,0.25384408253175006,false,m13_joint_composite,P0_flat_benchmark,-0.004419058876552806,1.0
7,2024-09-21,9,16,1132.948091712894,1112.1278060016648,0.06379657121603194,-0.018377087055904955,0.06379657121603194,0.2721208584939751,false,m13_joint_composite,P0_flat_benchmark,0.0,1.0
8,2024-09-28,9,14,1112.1278060016648,1115.045017620915,0.052774744672355885,0.0026230902631039325,0.052774744672355885,0.26978443168597444,false,m13_joint_composite,P0_flat_benchmark,-0.018377087055904906,1.0
9,2024-10-05,9,14,1115.045017620915,1125.367793852267,0.07499062457528992,0.009257721498434917,0.07499062457528992,0.27382919002301687,false,m13_joint_composite,P0_flat_benchmark,-0.01580220155092149,1.0
10,2024-10-19,9,20,1125.367793852267,1130.5468393853907,0.08597366657715201,0.0046020914774852735,0.085973666577152,0.26399996059662983,false,m13_joint_composite,P0_flat_benchmark,-0.0066907724335070196,1.0
11,2024-10-26,5,6,1130.5468393853907,1156.4868769362326,0.03849116549319356,0.022944681854087542,0.03849116549319356,0.2989785811401913,false,m13_joint_composite,P0_flat_benchmark,-0.0021194725028159667,1.0
12,2024-11-02,9,15,1156.4868769362326,1119.9194207603396,0.09136618030192409,-0.03161943028075482,0.0913661803019241,0.26336674787139164,false,m13_joint_composite,P0_flat_benchmark,0.0,1.0
13,2024-11-09,9,13,1119.9194207603396,1236.2498390127396,0.07718422476846892,0.10387391815513011,0.07718422476846892,0.26268742731825456,false,m13_joint_composite,P0_flat_benchmark,-0.03161943028075487,1.0
14,2024-11-16,9,13,1236.2498390127396,1304.8141545947494,0.07380186120744346,0.0554615365100995,0.07380186120744345,0.2629424186741134,false,m13_joint_composite,P0_flat_benchmark,0.0,1.0
15,2024-11-23,1,2,1304.8141545947494,1293.669652635299,0.008541064580121547,-0.008541064580121547,0.008541064580121547,0.22957301951224068,false,m13_joint_composite,P0_flat_benchmark,0.0,1.0
16,2024-11-30,1,1,1293.669652635299,1289.644123308662,0.0031117135030854226,-0.0031117135030854226,0.0031117135030854226,0.2737259760580467,false,m13_joint_composite,P0_flat_benchmark,-0.008541064580121605,1.0
17,2024-12-03,3,3,1289.644123308662,1317.9373986575454,0.018864653453238685,0.02193882392632096,0.018864653453238685,0.2648668124238558,false,m13_joint_composite,P0_flat_benchmark,-0.011626200737222092,1.0
18,2024-12-07,8,12,1317.9373986575454,1389.1350158128557,0.04726822976843471,0.054022002280102524,0.04726822976843471,0.2624712999433586,false,m13_joint_composite,P0_flat_benchmark,0.0,1.0
19,2024-12-14,9,17,1389.1350158128557,1513.800936539414,0.08507517372559328,0.089743559342653,0.08507517372559328,0.28909002019046753,false,m13_joint_composite,P0_flat_benchmark,0.0,1.0
20,2024-12-17,3,5,1513.800936539414,1511.6585969892494,0.03446952330059655,-0.001415205591735148,0.03446952330059655,0.3142029109488178,false,m13_joint_composite,P0_flat_benchmark,0.0,1.0
21,2024-12-21,9,18,1511.6585969892494,1521.48070051392,0.07428200059944992,0.00649756733711784,0.07428200059944992,0.26743429221028964,false,m13_joint_composite,P0_flat_benchmark,-0.0014152055917351358,1.0
22,2024-12-28,8,22,1521.48070051392,1649.7612020923013,0.1153269256631673,0.08431293379866812,0.11532692566316731,0.2790014926474749,false,m13_joint_composite,P0_flat_benchmark,0.0,1.0
23,2025-01-04,8,12,1649.7612020923013,1648.0939307948265,0.04873468791528538,-0.0010106137151002152,0.04873468791528539,0.2705990887024438,false,m13_joint_composite,P0_flat_benchmark,0.0,1.0
24,2025-01-08,1,1,1648.0939307948265,1643.1117173794069,0.00302301544974265,-0.00302301544974265,0.00302301544974265,0.31501329240732884,false,m13_joint_composite,P0_flat_benchmark,-0.0010106137151002503,1.0
25,2025-01-11,5,11,1643.1117173794069,1582.1822138856357,0.05151730447429664,-0.03708177773264684,0.05151730447429663,0.2691215036512481,false,m13_joint_composite,P0_flat_benchmark,-0.00403057406396834,1.0
26,2025-01-14,1,2,1582.1822138856357,1558.8302769013576,0.014759322143388874,-0.014759322143388874,0.014759322143388874,0.25905806505987455,false,m13_joint_composite,P0_flat_benchmark,-0.04096289094504035,1.0
27,2025-01-17,1,2,1558.8302769013576,1599.1002583578725,0.009413589756167792,0.025833461187682122,0.009413589756167792,0.2611000428775333,false,m13_joint_composite,P0_flat_benchmark,-0.05511762858504676,0.75
28,2025-01-18,3,6,1599.1002583578725,1527.9088562225493,0.044519661455392406,-0.044519661455392406,0.044519661455392406,0.26216071234944244,false,m13_joint_composite,P0_flat_benchmark,-0.030708046516173648,1.0
29,2025-01-21,1,2,1527.9088562225493,1570.918878450887,0.012816220784248633,0.028149599403901177,0.012816220784248633,0.2559904368916493,false,m13_joint_composite,P0_flat_benchmark,-0.07386059613670959,0.75
30,2025-01-25,8,13,1570.918878450887,1519.5812721231398,0.08827215786297016,-0.0326799856007663,0.08827215786297016,0.26511118337452166,false,m13_joint_composite,P0_flat_benchmark,-0.04779014292579009,1.0
31,2025-01-28,1,2,1519.5812721231398,1527.4809554072854,0.010581926532783502,0.0051985921576331974,0.010581926532783502,0.305305770826308,false,m13_joint_composite,P0_flat_benchmark,-0.07890834734388319,0.75
32,2025-02-01,9,15,1527.4809554072854,1678.9784124216344,0.07674908629857903,0.09918124116575569,0.076749086298579,0.27188890734594434,false,m13_joint_composite,P0_flat_benchmark,-0.07411996750192373,0.75
33,2025-02-04,1,0,1678.9784124216344,1678.9784124216344,0.0,0.0,0.0,1.0,false,m13_joint_composite,P0_flat_benchmark,0.0,1.0
34,2025-02-08,8,16,1678.9784124216344,1704.9463309097418,0.06579604467798814,0.01546649932839426,0.06579604467798814,0.2587878666245869,false,m13_joint_composite,P0_flat_benchmark,0.0,1.0
35,2025-02-11,1,2,1704.9463309097418,1708.3409053278729,0.00614869483973296,0.00199101541003914,0.00614869483973296,0.3334939884101082,false,m13_joint_composite,P0_flat_benchmark,0.0,1.0
36,2025-02-15,8,18,1708.3409053278729,1705.0365251373726,0.07652510872834335,-0.0019342627576233997,0.07652510872834335,0.2646437411901995,false,m13_joint_composite,P0_flat_benchmark,0.0,1.0
37,2025-02-22,9,16,1705.0365251373726,1745.9805196718382,0.08922899289609754,0.024013558613453813,0.08922899289609755,0.2691951007172169,false,m13_joint_composite,P0_flat_benchmark,-0.0019342627576233173,1.0
38,2025-02-25,1,3,1745.9805196718382,1708.1204693579393,0.02168411954619914,-0.02168411954619914,0.02168411954619914,0.26963446825387916,false,m13_joint_composite,P0_flat_benchmark,0.0,1.0
39,2025-03-01,9,20,1708.1204693579393,1845.1378120650159,0.10574613182995646,0.08021526886717759,0.10574613182995646,0.27057090249500687,false,m13_joint_composite,P0_flat_benchmark,-0.021684119546199088,1.0
40,2025-03-04,2,4,1845.1378120650159,1795.5440401974506,0.039545972708605936,-0.026878085497614827,0.039545972708605936,0.26092050953165397,false,m13_joint_composite,P0_flat_benchmark,0.0,1.0
41,2025-03-08,9,19,1795.5440401974506,1674.69099605629,0.12116481743652692,-0.06730720129140942,0.1211648174365269,0.2655065650033895,false,m13_joint_composite,P0_flat_benchmark,-0.026878085497614723,1.0
42,2025-03-11,2,4,1674.69099605629,1619.1481391903185,0.033166033015504956,-0.033166033015504956,0.033166033015504956,0.26727544742304893,false,m13_joint_composite,P0_flat_benchmark,-0.0923761980781086,0.75
43,2025-03-15,9,20,1619.1481391903185,1734.8921569243557,0.09668910981388219,0.07148451394442341,0.09668910981388219,0.2551435703139097,false,m13_joint_composite,P0_flat_benchmark,-0.122478479058308,0.5
44,2025-03-22,9,21,1734.8921569243557,1701.0261852745293,0.11456209696043815,-0.01952050536090072,0.11456209696043816,0.26605786449356766,false,m13_joint_composite,P0_flat_benchmark,-0.05974927965802024,0.75
45,2025-03-29,9,14,1701.0261852745293,1776.1688265839014,0.05768590365222147,0.044174888052793015,0.05768590365222148,0.2714194345843249,false,m13_joint_composite,P0_flat_benchmark,-0.0781034488850465,0.75
46,2025-04-05,9,17,1776.1688265839014,1837.2968127411762,0.07784445462245078,0.03441563957343072,0.07784445462245078,0.26289968524228485,false,m13_joint_composite,P0_flat_benchmark,-0.037378771943287425,1.0
47,2025-04-12,9,19,1837.2968127411762,1798.0360517755787,0.11042695880309053,-0.021368763442756965,0.11042695880309053,0.264059331361208,false,m13_joint_composite,P0_flat_benchmark,-0.0042495467127543485,1.0
48,2025-04-19,9,18,1798.0360517755787,1852.004448231311,0.10266749648915918,0.03001519152101427,0.10266749648915917,0.2721677053103899,false,m13_joint_composite,P0_flat_benchmark,-0.025527502597067486,1.0
49,2025-04-26,8,14,1852.004448231311,1806.0763135887817,0.06065103984228699,-0.024799149206359245,0.06065103984228699,0.2653373987996111,false,m13_joint_composite,P0_flat_benchmark,0.0,1.0
50,2025-05-03,9,20,1806.0763135887817,1818.0655019411372,0.15182491506207615,0.006638251253365937,0.15182491506207615,0.2789735334443369,false,m13_joint_composite,P0_flat_benchmark,-0.024799149206359283,1.0
51,2025-08-02,9,18,1818.0655019411372,1712.6060440992997,0.11370908232796016,-0.058006412711334665,0.11370908232796015,0.267172968263491,false,m13_joint_composite,P0_flat_benchmark,-0.018325520936294692,1.0
52,2025-08-09,9,20,1712.6060440992997,1780.3541064012272,0.17985681995400354,0.039558462692193624,0.17985681995400357,0.29444501909556176,false,m13_joint_composite,P0_flat_benchmark,-0.07526893591704853,0.75
53,2025-08-16,6,15,1780.3541064012272,1940.9233690544638,0.09739783440932476,0.09018950897235177,0.09739783440932476,0.26289528498741194,false,m13_joint_composite,P0_flat_benchmark,-0.03868799661821054,1.0
54,2025-08-23,9,21,1940.9233690544638,1848.750336758908,0.10850951119608103,-0.047489269161851894,0.108509511196081,0.29731751828153874,false,m13_joint_composite,P0_flat_benchmark,0.0,1.0
55,2025-08-30,9,19,1848.750336758908,1652.9179032073885,0.13252373176673232,-0.1059269224501338,0.13252373176673232,0.281483125048327,false,m13_joint_composite,P0_flat_benchmark,-0.04748926916185192,1.0
56,2025-09-13,8,16,1652.9179032073885,1615.3157551159022,0.11928413779932254,-0.022748950821163804,0.11928413779932254,0.2784790121806397,false,m13_joint_composite,P0_flat_benchmark,-0.14838579948026465,0.5
57,2025-09-20,9,17,1615.3157551159022,1596.041468660989,0.1112584893422594,-0.011932209782433699,0.11125848934225938,0.2739170221807546,false,m13_joint_composite,P0_flat_benchmark,-0.16775912904649293,0.25
58,2025-09-27,9,22,1596.041468660989,1842.54020154196,0.15747060874420413,0.15444381472605034,0.15747060874420413,0.2722918489221792,false,m13_joint_composite,P0_flat_benchmark,-0.17768960170822545,0.25
59,2025-10-04,9,18,1842.54020154196,1883.2889892971093,0.12258566156477485,0.022115548806505507,0.12258566156477482,0.29737161908757487,false,m13_joint_composite,P0_flat_benchmark,-0.050688846907146035,0.75
60,2025-10-07,1,3,1883.2889892971093,1869.7400884717226,0.014007022315420448,-0.007194276025817846,0.014007022315420448,0.2636525529468251,false,m13_joint_composite,P0_flat_benchmark,-0.029694309768361182,1.0
61,2025-10-18,9,15,1869.7400884717226,2011.7201391086764,0.10554363826348376,0.07593571508273367,0.10554363826348376,0.28417688441644756,false,m13_joint_composite,P0_flat_benchmark,-0.03667495673330923,1.0
62,2025-10-24,1,3,2011.7201391086764,2108.5629995040226,0.019659108542591168,0.04813933037338578,0.019659108542591168,0.2816418644968896,false,m13_joint_composite,P0_flat_benchmark,0.0,1.0
63,2025-10-25,4,7,2108.5629995040226,2180.6688607832975,0.06059628581879785,0.03419668337926612,0.06059628581879785,0.27318864840622326,false,m13_joint_composite,P0_flat_benchmark,0.0,1.0
64,2025-11-01,9,16,2180.6688607832975,2224.6716573964277,0.09514503413286123,0.020178577960399076,0.0951450341328612,0.2742339712367498,false,m13_joint_composite,P0_flat_benchmark,0.0,1.0
65,2025-11-08,9,13,2224.6716573964277,2177.7040579871777,0.09003565016760803,-0.021112148956047305,0.09003565016760805,0.27188361577699716,false,m13_joint_composite,P0_flat_benchmark,0.0,1.0
66,2025-11-15,8,15,2177.7040579871777,2276.3580456952495,0.10186457056482051,0.045301833987147155,0.10186457056482051,0.2642243804384194,false,m13_joint_composite,P0_flat_benchmark,-0.021112148956047294,1.0
67,2025-11-22,9,18,2276.3580456952495,2360.362424022936,0.1452512602472833,0.036902972485609045,0.14525126024728333,0.2837910057541018,false,m13_joint_composite,P0_flat_benchmark,0.0,1.0
68,2025-11-25,1,3,2360.362424022936,2366.0865046322347,0.02233178605175766,0.0024250854661305834,0.02233178605175766,0.27002264741565457,false,m13_joint_composite,P0_flat_benchmark,0.0,1.0
69,2025-12-06,8,16,2366.0865046322347,2197.2805278655396,0.1056988829402912,-0.07134395823492222,0.1056988829402912,0.2691636960739689,false,m13_joint_composite,P0_flat_benchmark,0.0,1.0
70,2025-12-13,9,19,2197.2805278655396,2330.909631629915,0.11931518954981596,0.060815677411106155,0.11931518954981597,0.2845050901220281,false,m13_joint_composite,P0_flat_benchmark,-0.07134395823492212,0.75
71,2025-12-20,9,18,2330.909631629915,2601.6354230918137,0.08894097137824379,0.11614598343419695,0.0889409713782438,0.26534237471406463,false,m13_joint_composite,P0_flat_benchmark,-0.014867111973062563,1.0
72,2025-12-27,9,19,2601.6354230918137,2858.8452001207384,0.1141857272632568,0.0988646505755422,0.1141857272632568,0.27621738870684315,false,m13_joint_composite,P0_flat_benchmark,0.0,1.0
73,2026-01-03,4,8,2858.8452001207384,2847.2339441444187,0.03562360717783849,-0.004061519656898184,0.035623607177838496,0.2614105378207284,false,m13_joint_composite,P0_flat_benchmark,0.0,1.0
74,2026-01-10,5,11,2847.2339441444187,2763.337632317862,0.07764921453250735,-0.029465900404530156,0.07764921453250735,0.27008051698798685,false,m13_joint_composite,P0_flat_benchmark,-0.0040615196568982714,1.0
75,2026-01-17,2,5,2763.337632317862,2856.1910795945996,0.03369486528942886,0.03360191899491237,0.03369486528942886,0.2675563075421019,false,m13_joint_composite,P0_flat_benchmark,-0.033407743727727146,1.0
76,2026-01-20,2,5,2856.1910795945996,2765.6566004544466,0.035971699663570854,-0.0316976268804129,0.035971699663570854,0.26140356075581306,false,m13_joint_composite,P0_flat_benchmark,-0.0009283890313566134,1.0
77,2026-01-24,8,18,2765.6566004544466,2778.217412364634,0.1226877436343145,0.0045417106043186255,0.12268774363431453,0.2848295987004859,false,m13_joint_composite,P0_flat_benchmark,-0.03259658818265365,1.0
78,2026-01-31,9,18,2778.217412364634,2835.845945367441,0.1191034305560143,0.020742988920279294,0.1191034305560143,0.2669959162504856,false,m13_joint_composite,P0_flat_benchmark,-0.02820292184854889,1.0
79,2026-02-07,5,11,2835.845945367441,2755.537040513558,0.06807866139828897,-0.028319205768237404,0.06807866139828897,0.26826452910556436,false,m13_joint_composite,P0_flat_benchmark,-0.008044945823693528,1.0
80,2026-02-10,3,9,2755.537040513558,2761.4173985824527,0.046819803308051466,0.0021340152509069484,0.046819803308051466,0.295008173679708,false,m13_joint_composite,P0_flat_benchmark,-0.036136325115755485,1.0
81,2026-02-14,6,13,2761.4173985824527,2723.9462757031824,0.08357889091696717,-0.013569525164325358,0.08357889091696719,0.29775350967816644,false,m13_joint_composite,P0_flat_benchmark,-0.03407942533375752,1.0
82,2026-02-17,4,10,2723.9462757031824,2724.6723289092006,0.04415145289600171,0.0002665446130472103,0.044151452896001704,0.27759594329859877,false,m13_joint_composite,P0_flat_benchmark,-0.047186508878430566,1.0
83,2026-02-21,9,15,2724.6723289092006,2795.0397989579324,0.1071134713262246,0.025826030272382196,0.1071134713262246,0.2580961157031691,false,m13_joint_composite,P0_flat_benchmark,-0.0469325415751336,1.0
84,2026-02-24,3,4,2795.0397989579324,2855.922965831474,0.015498055141150456,0.021782576010631674,0.015498055141150456,0.26855747656168244,false,m13_joint_composite,P0_flat_benchmark,-0.022318592542230453,1.0
85,2026-02-28,9,18,2855.922965831474,2930.9324764768235,0.11244483172462047,0.026264542686469602,0.11244483172462048,0.2619865687228232,false,m13_joint_composite,P0_flat_benchmark,-0.0010221729701003213,1.0
86,2026-03-03,2,3,2930.9324764768235,2866.05097035673,0.022136813673061938,-0.022136813673061938,0.022136813673061938,0.2727916976602319,false,m13_joint_composite,P0_flat_benchmark,0.0,1.0
87,2026-03-07,9,18,2866.05097035673,2761.318715117199,0.11797137452862633,-0.03654235612791455,0.11797137452862634,0.26391722743737017,false,m13_joint_composite,P0_flat_benchmark,-0.022136813673061972,1.0
88,2026-03-10,3,8,2761.318715117199,2740.8790868009,0.05058300227809326,-0.007402125732317749,0.05058300227809326,0.2713049890148192,false,m13_joint_composite,P0_flat_benchmark,-0.05787023847219819,0.75
89,2026-03-14,9,20,2740.8790868009,2710.751354727814,0.12891966622815512,-0.010991996041770005,0.12891966622815512,0.26074758850877544,false,m13_joint_composite,P0_flat_benchmark,-0.06484400142318536,0.75
90,2026-03-17,1,3,2710.751354727814,2605.205754406359,0.0389359208978622,-0.0389359208978622,0.0389359208978622,0.25330302521292986,false,m13_joint_composite,P0_flat_benchmark,-0.07512323245797936,0.75
91,2026-03-21,9,18,2605.205754406359,2500.871738902179,0.13669382008309286,-0.040048282300817466,0.13669382008309286,0.26197319003146463,false,m13_joint_composite,P0_flat_benchmark,-0.11113416111926588,0.5
92,2026-03-24,2,3,2500.871738902179,2484.8033865608513,0.009219901591363527,-0.006425100532497313,0.009219901591363527,0.27679632224257894,false,m13_joint_composite,P0_flat_benchmark,-0.14673171116231454,0.5
93,2026-03-27,1,3,2484.8033865608513,2517.682156925904,0.02066026622245947,0.01323194041946307,0.02066026622245947,0.27337729771956937,false,m13_joint_composite,P0_flat_benchmark,-0.15221404569928854,0.25
94,2026-03-28,7,13,2517.682156925904,2565.4432576036497,0.05698198061346488,0.018970266181677995,0.05698198061346488,0.266965596551226,false,m13_joint_composite,P0_flat_benchmark,-0.14099619246352402,0.5
95,2026-04-04,8,18,2565.4432576036497,2369.437400204247,0.10164349800907535,-0.07640233586085624,0.10164349800907535,0.267760502692801,false,m13_joint_composite,P0_flat_benchmark,-0.12470066158348214,0.5
96,2026-04-07,1,3,2369.437400204247,2379.3310329143565,0.014262622256125429,0.0041755197707511625,0.014262622256125429,0.3458045183263584,false,m13_joint_composite,P0_flat_benchmark,-0.19157557561596616,0.25
97,2026-04-11,9,21,2379.3310329143565,2444.7065686702867,0.1481426762950098,0.02747643554073013,0.1481426762950098,0.2654321327612124,false,m13_joint_composite,P0_flat_benchmark,-0.18819998344879263,0.25
98,2026-04-14,1,3,2444.7065686702867,2392.7669483796058,0.04429691709666145,-0.021245748244924118,0.04429691709666145,0.2691395045065945,false,m13_joint_composite,P0_flat_benchmark,-0.16589461262205973,0.25
99,2026-04-18,9,17,2392.7669483796058,2495.220904092853,0.12730783481373248,0.042818192462341156,0.12730783481373248,0.2399528227061648,false,m13_joint_composite,P0_flat_benchmark,-0.1836158056920263,0.25
100,2026-04-25,9,21,2495.220904092853,2461.3733596101883,0.14655132860642664,-0.013564949070098415,0.14655132860642656,0.2579782311042948,false,m13_joint_composite,P0_flat_benchmark,-0.14865971013693402,0.5
1,2024-08-03,9,24,1000.0,1015.1441388609777,0.1475672534961026,0.015144138860977697,0.14756725349610259,0.23291664870591408,false,m13_joint_composite,P1_conservative_tilt,0.0,1.0
2,2024-08-10,9,20,1015.1441388609777,975.477835611197,0.11949532485131104,-0.039074552796302925,0.11949532485131104,0.2901847024235047,false,m13_joint_composite,P1_conservative_tilt,0.0,1.0
3,2024-08-17,8,15,975.477835611197,1008.0910561923068,0.09423982924266958,0.033433071865416435,0.09423982924266958,0.31751684025205384,false,m13_joint_composite,P1_conservative_tilt,-0.0390745527963029,1.0
4,2024-08-24,8,18,1008.0910561923068,1126.2114873285236,0.09943882296694752,0.11717238280277302,0.09943882296694752,0.25324289951797585,false,m13_joint_composite,P1_conservative_tilt,-0.006947863262634413,1.0
5,2024-08-31,9,16,1126.2114873285236,1125.7581966123203,0.06876357340947796,-0.0004024916468206995,0.06876357340947796,0.22768372412211932,false,m13_joint_composite,P1_conservative_tilt,0.0,1.0
6,2024-09-14,8,17,1125.7581966123203,1165.4739667910999,0.1004858976007043,0.03527913036591173,0.10048589760070427,0.2770770391321855,false,m13_joint_composite,P1_conservative_tilt,-0.00040249164682082395,1.0
7,2024-09-21,9,16,1165.4739667910999,1144.1089375404774,0.06710093056483667,-0.01833162289282768,0.06710093056483667,0.29159774491960083,false,m13_joint_composite,P1_conservative_tilt,0.0,1.0
8,2024-09-28,9,14,1144.1089375404774,1150.3128672210669,0.057734288503436024,0.005422499096918561,0.05773428850343603,0.3200355382269182,false,m13_joint_composite,P1_conservative_tilt,-0.018331622892827748,1.0
9,2024-10-05,9,14,1150.3128672210669,1168.8459150983463,0.07720353833722972,0.016111310588093793,0.07720353833722972,0.2703944043155874,false,m13_joint_composite,P1_conservative_tilt,-0.013008527004490733,1.0
10,2024-10-19,9,20,1168.8459150983463,1170.3430865284706,0.08731310846981818,0.0012808971745417114,0.0873131084698182,0.2643199181313685,false,m13_joint_composite,P1_conservative_tilt,0.0,1.0
11,2024-10-26,5,6,1170.3430865284706,1194.7295929099255,0.03762391049576058,0.02083705766468149,0.03762391049576058,0.25809779783761744,false,m13_joint_composite,P1_conservative_tilt,0.0,1.0
12,2024-11-02,9,15,1194.7295929099255,1169.8691507143626,0.09086051176987782,-0.02080842589243305,0.09086051176987783,0.28785672807813023,false,m13_joint_composite,P1_conservative_tilt,0.0,1.0
13,2024-11-09,9,13,1169.8691507143626,1281.9063831073336,0.07264365343540452,0.09576902880510797,0.07264365343540452,0.2436492974192214,false,m13_joint_composite,P1_conservative_tilt,-0.020808425892433036,1.0
14,2024-11-16,9,13,1281.9063831073336,1344.4906064089625,0.07558503929449836,0.04882121200607897,0.07558503929449835,0.27008117636003626,false,m13_joint_composite,P1_conservative_tilt,0.0,1.0
15,2024-11-23,1,2,1344.4906064089625,1333.0072253122569,0.008541064580121547,-0.008541064580121547,0.008541064580121547,0.2754876234146888,false,m13_joint_composite,P1_conservative_tilt,0.0,1.0
16,2024-11-30,1,1,1333.0072253122569,1328.8592887295422,0.0031117135030854226,-0.0031117135030854226,0.0031117135030854226,0.3284711712696561,false,m13_joint_composite,P1_conservative_tilt,-0.008541064580121493,1.0
17,2024-12-03,3,3,1328.8592887295422,1358.012898687836,0.018864653453238685,0.021938823926320968,0.018864653453238688,0.317840174908627,false,m13_joint_composite,P1_conservative_tilt,-0.011626200737222314,1.0
18,2024-12-07,8,12,1358.012898687836,1431.9385524280447,0.049491641532593,0.054436635919760695,0.049491641532592986,0.2918031339110187,false,m13_joint_composite,P1_conservative_tilt,0.0,1.0
19,2024-12-14,9,17,1431.9385524280447,1560.6080324223512,0.08796305876028453,0.08985684460840172,0.08796305876028451,0.29961277634679323,false,m13_joint_composite,P1_conservative_tilt,0.0,1.0
20,2024-12-17,3,5,1560.6080324223512,1558.6235306454766,0.03431570513750368,-0.0012716208911178594,0.03431570513750368,0.269233401595018,false,m13_joint_composite,P1_conservative_tilt,0.0,1.0
21,2024-12-21,9,18,1558.6235306454766,1568.8305380533109,0.07201221114409026,0.006548731754105752,0.07201221114409025,0.25351548225652526,false,m13_joint_composite,P1_conservative_tilt,-0.001271620891117875,1.0
22,2024-12-28,8,22,1568.8305380533109,1701.3647529393613,0.12676086381125562,0.08447962458106273,0.12676086381125562,0.3265986496782772,false,m13_joint_composite,P1_conservative_tilt,0.0,1.0
23,2025-01-04,8,12,1701.3647529393613,1705.1502177752602,0.049718830473853455,0.0022249578342086497,0.04971883047385345,0.31666074611343853,false,m13_joint_composite,P1_conservative_tilt,0.0,1.0
24,2025-01-08,1,1,1705.1502177752602,1699.9955223227935,0.003023015449742872,-0.003023015449742872,0.003023015449742872,0.27001139349201597,false,m13_joint_composite,P1_conservative_tilt,0.0,1.0
25,2025-01-11,5,11,1699.9955223227935,1642.0202086605448,0.050508666205488016,-0.03410321550908199,0.050508666205488016,0.27350213154882574,false,m13_joint_composite,P1_conservative_tilt,-0.0030230154497427053,1.0
26,2025-01-14,1,2,1642.0202086605448,1617.7851034349692,0.014759322143388761,-0.014759322143388761,0.014759322143388761,0.31086967807184707,false,m13_joint_composite,P1_conservative_tilt,-0.03702313641145483,1.0
27,2025-01-17,1,2,1617.7851034349692,1659.5780921145667,0.009413589756167793,0.025833461187682125,0.009413589756167793,0.31332005145304,false,m13_joint_composite,P1_conservative_tilt,-0.05123602215778844,0.75
28,2025-01-18,3,6,1659.5780921145667,1592.528783907261,0.04040141800249608,-0.04040141800249608,0.04040141800249608,0.23295069698151014,false,m13_joint_composite,P1_conservative_tilt,-0.026726164759930837,1.0
29,2025-01-21,1,2,1592.528783907261,1637.2688783520668,0.012500103969651231,0.02809374304371206,0.012500103969651231,0.2174280185844777,false,m13_joint_composite,P1_conservative_tilt,-0.0660478078083575,0.75
30,2025-01-25,8,13,1637.2688783520668,1572.4104116727963,0.08683681767182835,-0.0396138151386297,0.08683681767182835,0.27023976019557727,false,m13_joint_composite,P1_conservative_tilt,-0.03980959490581382,1.0
31,2025-01-28,1,2,1572.4104116727963,1582.7468848348522,0.009666245428377292,0.00657364838424055,0.009666245428377292,0.2693085458741528,false,m13_joint_composite,P1_conservative_tilt,-0.077846400111101,0.75
32,2025-02-01,9,15,1582.7468848348522,1745.8732416857808,0.07546185045919254,0.1030653469698346,0.07546185045919254,0.2731349584851037,false,m13_joint_composite,P1_conservative_tilt,-0.0717844865891698,0.75
33,2025-02-04,1,0,1745.8732416857808,1745.8732416857808,0.0,0.0,0.0,1.0,false,m13_joint_composite,P1_conservative_tilt,0.0,1.0
34,2025-02-08,8,16,1745.8732416857808,1779.5934263612596,0.06251697651946563,0.019314222745586775,0.06251697651946564,0.23357078617255642,false,m13_joint_composite,P1_conservative_tilt,0.0,1.0
35,2025-02-11,1,2,1779.5934263612596,1784.8320845631945,0.006247005958178452,0.0029437387913071184,0.006247005958178452,0.3227624321026507,false,m13_joint_composite,P1_conservative_tilt,0.0,1.0
36,2025-02-15,8,18,1784.8320845631945,1790.51780834946,0.078678542397037,0.0031855791003762273,0.07867854239703699,0.2815124316155862,false,m13_joint_composite,P1_conservative_tilt,0.0,1.0
37,2025-02-22,9,16,1790.51780834946,1842.7594524299957,0.08604295380723476,0.029176835794050626,0.08604295380723476,0.24584202010003472,false,m13_joint_composite,P1_conservative_tilt,0.0,1.0
38,2025-02-25,1,3,1842.7594524299957,1800.1255056817668,0.02313592622846616,-0.02313592622846616,0.02313592622846616,0.3031083297599197,false,m13_joint_composite,P1_conservative_tilt,0.0,1.0
39,2025-03-01,9,20,1800.1255056817668,1948.73201478494,0.11198999601845021,0.08255341565581072,0.1119899960184502,0.29455201543132137,false,m13_joint_composite,P1_conservative_tilt,-0.023135926228466053,1.0
40,2025-03-04,2,4,1948.73201478494,1896.7935614687717,0.03580724669046317,-0.02665243497931667,0.03580724669046317,0.22627401995807436,false,m13_joint_composite,P1_conservative_tilt,0.0,1.0
41,2025-03-08,9,19,1896.7935614687717,1768.8871527001108,0.11386485072544686,-0.0674329623249128,0.11386485072544683,0.2321136432482309,false,m13_joint_composite,P1_conservative_tilt,-0.026652434979316575,1.0
42,2025-03-11,2,4,1768.8871527001108,1712.94721343171,0.031624368565858714,-0.031624368565858714,0.031624368565858714,0.26208625878676406,false,m13_joint_composite,P1_conservative_tilt,-0.09228814466040203,0.75
43,2025-03-15,9,20,1712.94721343171,1822.0489952299529,0.10285324150942152,0.06369243660443501,0.1028532415094215,0.2925491854124698,false,m13_joint_composite,P1_conservative_tilt,-0.12099395892526099,0.5
44,2025-03-22,9,21,1822.0489952299529,1783.0333818979373,0.10518598546057417,-0.02141304291715357,0.10518598546057417,0.24230038668812065,false,m13_joint_composite,P1_conservative_tilt,-0.06500792237919273,0.75
45,2025-03-29,9,14,1783.0333818979373,1846.1177982646975,0.05964149100867437,0.03538038996197052,0.05964149100867437,0.283924365366431,false,m13_joint_composite,P1_conservative_tilt,-0.08502894786448567,0.75
46,2025-04-05,9,17,1846.1177982646975,1903.0306484161997,0.0775120504550404,0.030828395785468782,0.0775120504550404,0.27340734845432224,false,m13_joint_composite,P1_conservative_tilt,-0.05265691523601668,0.75
47,2025-04-12,9,19,1903.0306484161997,1851.3554176096263,0.10784110739904823,-0.02715417686498127,0.10784110739904824,0.26726241985442395,false,m13_joint_composite,P1_conservative_tilt,-0.023451847674285764,1.0
48,2025-04-19,9,18,1851.3554176096263,1907.2558491768652,0.09818576294635874,0.030194327375245224,0.09818576294635872,0.25549564060841357,false,m13_joint_composite,P1_conservative_tilt,-0.049969208919708796,1.0
49,2025-04-26,8,14,1907.2558491768652,1861.86409070502,0.06191327664251321,-0.023799512001200705,0.06191327664251321,0.31800367656822515,false,m13_joint_composite,P1_conservative_tilt,-0.021283668197267236,1.0
50,2025-05-03,9,20,1861.86409070502,1905.153284690511,0.1435198831505129,0.02325045861381792,0.1435198831505129,0.26968915499236584,false,m13_joint_composite,P1_conservative_tilt,-0.044576639281777575,1.0
51,2025-08-02,9,18,1905.153284690511,1813.148558358435,0.10716144377553642,-0.04829255843685142,0.10716144377553646,0.24202238075659838,false,m13_joint_composite,P1_conservative_tilt,-0.02236260797472367,1.0
52,2025-08-09,9,20,1813.148558358435,1875.4786097340782,0.1771939600939936,0.034376693011892376,0.1771939600939936,0.2810621305394604,false,m13_joint_composite,P1_conservative_tilt,-0.06957521885915541,0.75
53,2025-08-16,6,15,1875.4786097340782,2033.1225890040737,0.10131844949612479,0.08405533310366452,0.1013184494961248,0.3115036276167032,false,m13_joint_composite,P1_conservative_tilt,-0.0375902917872194,1.0
54,2025-08-23,9,21,2033.1225890040737,1941.292951825156,0.10495346988181022,-0.04516679794694542,0.10495346988181022,0.2651081847902035,false,m13_joint_composite,P1_conservative_tilt,0.0,1.0
55,2025-08-30,9,19,1941.292951825156,1737.3475468241156,0.13787079094451635,-0.10505648042934285,0.13787079094451635,0.3291302822134995,false,m13_joint_composite,P1_conservative_tilt,-0.04516679794694545,1.0
56,2025-09-13,8,16,1737.3475468241156,1680.5716326227687,0.111348272840165,-0.03267965255721784,0.11134827284016499,0.2399632945002299,false,m13_joint_composite,P1_conservative_tilt,-0.14547821355171886,0.5
57,2025-09-20,9,17,1680.5716326227687,1670.0684395949502,0.10438269498793994,-0.006249774079208193,0.10438269498793998,0.25104251657988796,false,m13_joint_composite,P1_conservative_tilt,-0.17340368863542177,0.25
58,2025-09-27,9,22,1670.0684395949502,1938.177898474668,0.1645572489531154,0.160538007020086,0.16455724895311544,0.2954822340457387,false,m13_joint_composite,P1_conservative_tilt,-0.1785697288361573,0.25
59,2025-10-04,9,18,1938.177898474668,1989.7716777185728,0.11542969668265692,0.026619733557228385,0.11542969668265692,0.2551508548935618,false,m13_joint_composite,P1_conservative_tilt,-0.04669895019754533,1.0
60,2025-10-07,1,3,1989.7716777185728,1976.2407594739025,0.013550606643201235,-0.006800236628247072,0.013550606643201235,0.2239187981036452,false,m13_joint_composite,P1_conservative_tilt,-0.021322330251977717,1.0
61,2025-10-18,9,15,1976.2407594739025,2089.012275386313,0.11239033449899737,0.05706365247847195,0.11239033449899737,0.29930628105044843,false,m13_joint_composite,P1_conservative_tilt,-0.02797756998904566,1.0
62,2025-10-24,1,3,2089.012275386313,2186.2621243687563,0.020763062783623974,0.046553028973685504,0.020763062783623974,0.33556577224443285,false,m13_joint_composite,P1_conservative_tilt,0.0,1.0
63,2025-10-25,4,7,2186.2621243687563,2248.113355606371,0.0586238922031112,0.02829085796629865,0.0586238922031112,0.2658983243076186,false,m13_joint_composite,P1_conservative_tilt,0.0,1.0
64,2025-11-01,9,16,2248.113355606371,2307.9379396660406,0.09435769021346835,0.026611017594143145,0.09435769021346833,0.26711514791759583,false,m13_joint_composite,P1_conservative_tilt,0.0,1.0
65,2025-11-08,9,13,2307.9379396660406,2289.1262786498132,0.0922390190389153,-0.008150852192736643,0.0922390190389153,0.3139995620040715,false,m13_joint_composite,P1_conservative_tilt,0.0,1.0
66,2025-11-15,8,15,2289.1262786498132,2397.27726893576,0.09281668309508417,0.04724553262729421,0.09281668309508417,0.2295601080690204,false,m13_joint_composite,P1_conservative_tilt,-0.008150852192736813,1.0
67,2025-11-22,9,18,2397.27726893576,2488.6283644000187,0.1503296452715812,0.03810618681785315,0.1503296452715812,0.2883583716546561,false,m13_joint_composite,P1_conservative_tilt,0.0,1.0
68,2025-11-25,1,3,2488.6283644000187,2485.110128679579,0.020762998786205522,-0.0014137248336346013,0.020762998786205522,0.22873415242633563,false,m13_joint_composite,P1_conservative_tilt,0.0,1.0
69,2025-12-06,8,16,2485.110128679579,2328.0475424242177,0.1017988509860017,-0.06320145913968551,0.1017988509860017,0.27116144174705126,false,m13_joint_composite,P1_conservative_tilt,-0.0014137248336346664,1.0
70,2025-12-13,9,19,2328.0475424242177,2491.04444818708,0.12367593658090292,0.0700144231561232,0.12367593658090295,0.30386622778288785,false,m13_joint_composite,P1_conservative_tilt,-0.06452583450101246,0.75
71,2025-12-20,9,18,2491.04444818708,2769.9591438076773,0.08274397557379841,0.1119669686438491,0.08274397557379842,0.24044507549341051,false,m13_joint_composite,P1_conservative_tilt,0.0,1.0
72,2025-12-27,9,19,2769.9591438076773,3097.364856295908,0.11176073173695623,0.11819875149427929,0.11176073173695622,0.2919038812115031,false,m13_joint_composite,P1_conservative_tilt,0.0,1.0
73,2026-01-03,4,8,3097.364856295908,3084.5529358763742,0.0340248876888835,-0.0041363936810644856,0.0340248876888835,0.2624812682800271,false,m13_joint_composite,P1_conservative_tilt,0.0,1.0
74,2026-01-10,5,11,3084.5529358763742,2976.004105697692,0.07569263349531641,-0.0351911062754518,0.07569263349531641,0.27242642665775324,false,m13_joint_composite,P1_conservative_tilt,-0.004136393681064443,1.0
75,2026-01-17,2,5,2976.004105697692,3047.161807085897,0.033568886550779456,0.02391048495261501,0.03356888655077946,0.27422947879904597,false,m13_joint_composite,P1_conservative_tilt,-0.03918193568688877,1.0
76,2026-01-20,2,5,3047.161807085897,2962.3089281117745,0.032262376665522834,-0.027846528785181398,0.032262376665522834,0.23149248668975214,false,m13_joint_composite,P1_conservative_tilt,-0.016208309817929534,1.0
77,2026-01-24,8,18,2962.3089281117745,2951.8183783527525,0.1199138880838642,-0.0035413422480919977,0.11991388808386419,0.26870718453986125,false,m13_joint_composite,P1_conservative_tilt,-0.04360349343720671,1.0
78,2026-01-31,9,18,2951.8183783527525,2989.3683276646743,0.11620505775470029,0.012720955187248442,0.11620505775470029,0.28207840912904286,false,m13_joint_composite,P1_conservative_tilt,-0.04699042079182503,1.0
79,2026-02-07,5,11,2989.3683276646743,2913.386873932029,0.07689194943856427,-0.025417227121022762,0.07689194943856428,0.29769397545885407,false,m13_joint_composite,P1_conservative_tilt,-0.03486722864169933,1.0
80,2026-02-10,3,9,2913.386873932029,2944.219602173851,0.0496611667034926,0.01058312183586146,0.04966116670349259,0.3224149813737915,false,m13_joint_composite,P1_conservative_tilt,-0.05939822749325541,0.75
81,2026-02-14,6,13,2944.219602173851,2908.942075132077,0.07725007531030292,-0.011981961880739822,0.07725007531030292,0.26290401275542113,false,m13_joint_composite,P1_conservative_tilt,-0.049443724335789474,1.0
82,2026-02-17,4,10,2908.942075132077,2910.6950946912716,0.04032952096217746,0.0006026313050989714,0.040329520962177456,0.23440190270714065,false,m13_joint_composite,P1_conservative_tilt,-0.06083325339629597,0.75
83,2026-02-21,9,15,2910.6950946912716,3044.303716799114,0.11325098652500454,0.04590265134658962,0.11325098652500452,0.28520878302111785,false,m13_joint_composite,P1_conservative_tilt,-0.0602672821140845,0.75
84,2026-02-24,3,4,3044.303716799114,3115.382756455424,0.014660089377122388,0.023348209071283203,0.014660089377122388,0.2346851604251303,false,m13_joint_composite,P1_conservative_tilt,-0.01713105880598409,1.0
85,2026-02-28,9,18,3115.382756455424,3119.1307378203574,0.10799290109776628,0.001203056464624546,0.1079929010977663,0.24361052375604633,false,m13_joint_composite,P1_conservative_tilt,0.0,1.0
86,2026-03-03,2,3,3119.1307378203574,3053.166511473407,0.021148272352651196,-0.021148272352651196,0.0211482723526512,0.2627205276577309,false,m13_joint_composite,P1_conservative_tilt,0.0,1.0
87,2026-03-07,9,18,3053.166511473407,2944.1628708380695,0.12219992558307803,-0.03570183290879014,0.12219992558307803,0.30423743404782205,false,m13_joint_composite,P1_conservative_tilt,-0.021148272352651043,1.0
88,2026-03-10,3,8,2944.1628708380695,2945.093718805829,0.050325234333439085,0.00031616728034280454,0.05032523433343908,0.27272519042657994,false,m13_joint_composite,P1_conservative_tilt,-0.056095073175597365,0.75
89,2026-03-14,9,20,2945.093718805829,2906.989132173861,0.13212767468117523,-0.012938327357344247,0.13212767468117523,0.26991814480099197,false,m13_joint_composite,P1_conservative_tilt,-0.05579664132198092,0.75
90,2026-03-17,1,3,2906.989132173861,2786.7357817940483,0.04136697624661805,-0.04136697624661805,0.04136697624661805,0.29488397578054915,false,m13_joint_composite,P1_conservative_tilt,-0.0680130534684611,0.75
91,2026-03-21,9,18,2786.7357817940483,2656.313258771317,0.14179319081913597,-0.046801180031056766,0.14179319081913594,0.28716931158080133,false,m13_joint_composite,P1_conservative_tilt,-0.10656653534778926,0.5
92,2026-03-24,2,3,2656.313258771317,2641.200160558335,0.009619814066808214,-0.0056895014784411925,0.009619814066808214,0.33364891662655455,false,m13_joint_composite,P1_conservative_tilt,-0.14838027577274826,0.5
93,2026-03-27,1,3,2641.200160558335,2680.1298951481563,0.021809370582519586,0.014739410958384866,0.021809370582519586,0.32754249692485765,false,m13_joint_composite,P1_conservative_tilt,-0.1532255674528088,0.25
94,2026-03-28,7,13,2680.1298951481563,2710.6424236032503,0.05440259150327359,0.011384720013134727,0.05440259150327359,0.2678934599880449,false,m13_joint_composite,P1_conservative_tilt,-0.14074461110244263,0.5
95,2026-04-04,8,18,2710.6424236032503,2510.453011910314,0.09888001423114098,-0.0738531242445563,0.09888001423114097,0.28143549208292423,false,m13_joint_composite,P1_conservative_tilt,-0.13096222908006672,0.5
96,2026-04-07,1,3,2510.453011910314,2513.128454280916,0.01491356713814146,0.001065720950724004,0.01491356713814146,0.35962690900505806,false,m13_joint_composite,P1_conservative_tilt,-0.19514338354902883,0.25
97,2026-04-11,9,21,2513.128454280916,2624.944342324293,0.14137912296486219,0.04449270702932325,0.14137912296486219,0.2515119973330338,false,m13_joint_composite,P1_conservative_tilt,-0.19428563099054796,0.25
98,2026-04-14,1,3,2624.944342324293,2575.995774693146,0.04192576271282738,-0.01864746876415841,0.04192576271282738,0.2329640216412255,false,m13_joint_composite,P1_conservative_tilt,-0.15843721762089424,0.25
99,2026-04-18,9,17,2575.995774693146,2714.2637290946027,0.1294828090891392,0.05367553617898612,0.12948280908913923,0.25090675199521456,false,m13_joint_composite,P1_conservative_tilt,-0.17413023331838706,0.25
100,2026-04-25,9,21,2714.2637290946027,2653.391617464919,0.14670710844871707,-0.022426749094860105,0.14670710844871704,0.27392763669639275,false,m13_joint_composite,P1_conservative_tilt,-0.12980123077773742,0.5
1,2024-08-03,9,24,1000.0,1021.6480187557968,0.13793021381702475,0.02164801875579691,0.13793021381702475,0.2033610773082821,false,m13_joint_composite,P2_conviction_tilt,0.0,1.0
2,2024-08-10,9,20,1021.6480187557968,991.1225213039927,0.12475933946538363,-0.02987868315839274,0.12475933946538363,0.33227299826489287,false,m13_joint_composite,P2_conviction_tilt,0.0,1.0
3,2024-08-17,8,15,991.1225213039927,1031.8961624480878,0.09657306932208981,0.04113885041220773,0.09657306932208984,0.3822500179170771,false,m13_joint_composite,P2_conviction_tilt,-0.029878683158392705,1.0
4,2024-08-24,8,18,1031.8961624480878,1141.8199900466077,0.0948628908411111,0.1065260552357658,0.09486289084111112,0.22943337904260552,false,m13_joint_composite,P2_conviction_tilt,0.0,1.0
5,2024-08-31,9,16,1141.8199900466077,1144.7757471625737,0.06334063099281335,0.002588636686808507,0.06334063099281335,0.195929918703951,false,m13_joint_composite,P2_conviction_tilt,0.0,1.0
6,2024-09-14,8,17,1144.7757471625737,1197.114778291535,0.09904937556791328,0.04571989864275873,0.09904937556791328,0.2932987267303151,false,m13_joint_composite,P2_conviction_tilt,0.0,1.0
7,2024-09-21,9,16,1197.114778291535,1176.5700119176104,0.06658036144192353,-0.017161901888175738,0.06658036144192353,0.2948808012303268,false,m13_joint_composite,P2_conviction_tilt,0.0,1.0
8,2024-09-28,9,14,1176.5700119176104,1187.4596407575884,0.06326851819705777,0.009255402338726758,0.06326851819705778,0.3830253169323382,false,m13_joint_composite,P2_conviction_tilt,-0.01716190188817579,1.0
9,2024-10-05,9,14,1187.4596407575884,1213.0846431269351,0.07513014591750984,0.021579682786522454,0.07513014591750984,0.25280617604460354,false,m13_joint_composite,P2_conviction_tilt,-0.008065339856321851,1.0
10,2024-10-19,9,20,1213.0846431269351,1210.7293056161552,0.08403563903468723,-0.001941610195236326,0.08403563903468723,0.25084930785118,false,m13_joint_composite,P2_conviction_tilt,0.0,1.0
11,2024-10-26,5,6,1210.7293056161552,1233.835331773756,0.036673039114237437,0.019084386617570157,0.036673039114237437,0.22525677320002288,false,m13_joint_composite,P2_conviction_tilt,-0.0019416101952363096,1.0
12,2024-11-02,9,15,1233.835331773756,1224.6985013332276,0.08589587718378375,-0.00740522677964924,0.08589587718378376,0.30205285188571473,false,m13_joint_composite,P2_conviction_tilt,0.0,1.0
13,2024-11-09,9,13,1224.6985013332276,1328.9316906458287,0.06589074642480221,0.08510926501431247,0.06589074642480221,0.21784117681639836,false,m13_joint_composite,P2_conviction_tilt,-0.0074052267796492766,1.0
14,2024-11-16,9,13,1328.9316906458287,1381.7753463448842,0.07367636938992486,0.039764012003788304,0.07367636938992486,0.2640313647415022,false,m13_joint_composite,P2_conviction_tilt,0.0,1.0
15,2024-11-23,1,2,1381.7753463448842,1369.9735138765327,0.008541064580121547,-0.008541064580121547,0.008541064580121547,0.344359529268361,false,m13_joint_composite,P2_conviction_tilt,0.0,1.0
16,2024-11-30,1,1,1369.9735138765327,1365.710548794534,0.0031117135030854226,-0.0031117135030854226,0.0031117135030854226,0.4105889640870701,false,m13_joint_composite,P2_conviction_tilt,-0.008541064580121493,1.0
17,2024-12-03,3,3,1365.710548794534,1395.6726320588562,0.018864653453238695,0.021938823926320964,0.01886465345323869,0.3973002186357838,false,m13_joint_composite,P2_conviction_tilt,-0.011626200737222092,1.0
18,2024-12-07,8,12,1395.6726320588562,1468.425340012811,0.04958424186872741,0.0521273443949616,0.04958424186872741,0.31160872566233805,false,m13_joint_composite,P2_conviction_tilt,0.0,1.0
19,2024-12-14,9,17,1468.425340012811,1591.3690011396905,0.08473947274932163,0.08372482943246337,0.08473947274932163,0.28931967095113426,false,m13_joint_composite,P2_conviction_tilt,0.0,1.0
20,2024-12-17,3,5,1591.3690011396905,1589.5169492687608,0.034195107941178096,-0.0011638104484900016,0.034195107941178096,0.23548806655227025,false,m13_joint_composite,P2_conviction_tilt,0.0,1.0
21,2024-12-21,9,18,1589.5169492687608,1599.5171653767777,0.06674728570804284,0.00629135544142341,0.06674728570804281,0.22988478925176262,false,m13_joint_composite,P2_conviction_tilt,-0.0011638104484901213,1.0
22,2024-12-28,8,22,1599.5171653767777,1730.3485264334809,0.13797193302299848,0.08179428385558143,0.13797193302299848,0.38020045562975174,false,m13_joint_composite,P2_conviction_tilt,0.0,1.0
23,2025-01-04,8,12,1730.3485264334809,1741.8266892983916,0.04994291133351697,0.006633439847271205,0.04994291133351697,0.37293008749991824,false,m13_joint_composite,P2_conviction_tilt,0.0,1.0
24,2025-01-08,1,1,1741.8266892983916,1736.5611203058684,0.0030230154497427604,-0.0030230154497427604,0.0030230154497427604,0.23625996930550525,false,m13_joint_composite,P2_conviction_tilt,0.0,1.0
25,2025-01-11,5,11,1736.5611203058684,1686.4042796887215,0.04604957789850929,-0.028882853606852957,0.046049577898509296,0.25882205615675236,false,m13_joint_composite,P2_conviction_tilt,-0.0030230154497427053,1.0
26,2025-01-14,1,2,1686.4042796887215,1661.514095660806,0.014759322143388764,-0.014759322143388764,0.014759322143388764,0.38858709758980886,false,m13_joint_composite,P2_conviction_tilt,-0.03181855574390935,1.0
27,2025-01-17,1,2,1661.514095660806,1704.4367555638464,0.00941358975616785,0.02583346118768228,0.00941358975616785,0.39165006431630234,false,m13_joint_composite,P2_conviction_tilt,-0.04610825757293646,1.0
28,2025-01-18,3,6,1704.4367555638464,1643.337535460348,0.035847161770039576,-0.035847161770039576,0.035847161770039576,0.20247088077846911,false,m13_joint_composite,P2_conviction_tilt,-0.02146593226769644,1.0
29,2025-01-21,1,2,1643.337535460348,1689.4189929550844,0.012261891856838441,0.028041383161023944,0.012261891856838441,0.1888877044192202,false,m13_joint_composite,P2_conviction_tilt,-0.05654360129119107,0.75
30,2025-01-25,8,13,1689.4189929550844,1614.5484389640394,0.0807808437551512,-0.044317338862210565,0.0807808437551512,0.26083392334146555,false,m13_joint_composite,P2_conviction_tilt,-0.030087778919277608,1.0
31,2025-01-28,1,2,1614.5484389640394,1625.6938116727795,0.008061379759914555,0.00690308970593118,0.008061379759914555,0.21713824692204114,false,m13_joint_composite,P2_conviction_tilt,-0.07307170748751124,0.75
32,2025-02-01,9,15,1625.6938116727795,1790.2580768367973,0.07017119944732288,0.10122709699847304,0.07017119944732286,0.25962422718090755,false,m13_joint_composite,P2_conviction_tilt,-0.06667303833333182,0.75
33,2025-02-04,1,0,1790.2580768367973,1790.2580768367973,0.0,0.0,0.0,1.0,false,m13_joint_composite,P2_conviction_tilt,0.0,1.0
34,2025-02-08,8,16,1790.2580768367973,1829.2972293664725,0.058031296154952776,0.021806438431856385,0.05803129615495277,0.20646709746854672,false,m13_joint_composite,P2_conviction_tilt,0.0,1.0
35,2025-02-11,1,2,1829.2972293664725,1835.9688212016754,0.006025323877579757,0.0036470791777854245,0.006025323877579757,0.2972177301275096,false,m13_joint_composite,P2_conviction_tilt,0.0,1.0
36,2025-02-15,8,18,1835.9688212016754,1851.615811770917,0.07679906386708103,0.008522470745990355,0.07679906386708105,0.28464386551375764,false,m13_joint_composite,P2_conviction_tilt,0.0,1.0
37,2025-02-22,9,16,1851.615811770917,1911.570538007892,0.0805396895809688,0.03237967933511712,0.0805396895809688,0.21854912195356496,false,m13_joint_composite,P2_conviction_tilt,0.0,1.0
38,2025-02-25,1,3,1911.570538007892,1865.8106029500318,0.0239383973272303,-0.0239383973272303,0.0239383973272303,0.3313851969824759,false,m13_joint_composite,P2_conviction_tilt,0.0,1.0
39,2025-03-01,9,20,1865.8106029500318,2017.190182730006,0.11355201456410076,0.08113341168746076,0.11355201456410079,0.30724360489473906,false,m13_joint_composite,P2_conviction_tilt,-0.023938397327230243,1.0
40,2025-03-04,2,4,2017.190182730006,1965.3078073047768,0.03200000825144467,-0.025720120923359516,0.03200000825144467,0.1940202861954387,false,m13_joint_composite,P2_conviction_tilt,0.0,1.0
41,2025-03-08,9,19,1965.3078073047768,1835.2266812364844,0.10604594913206979,-0.06618867822373624,0.1060459491320698,0.2020848295756914,false,m13_joint_composite,P2_conviction_tilt,-0.025720120923359402,1.0
42,2025-03-11,2,4,1835.2266812364844,1782.8905240580746,0.02851754375276864,-0.02851754375276864,0.02851754375276864,0.2432436313108238,false,m13_joint_composite,P2_conviction_tilt,-0.09020641833942378,0.75
43,2025-03-15,9,20,1782.8905240580746,1874.8545429265064,0.10770720988369012,0.05158141659708338,0.10770720988369013,0.3322326059572798,false,m13_joint_composite,P2_conviction_tilt,-0.11615149661041735,0.5
44,2025-03-22,9,21,1874.8545429265064,1833.3750742682028,0.09365898249688502,-0.022124099608046045,0.093658982496885,0.2140106310676775,false,m13_joint_composite,P2_conviction_tilt,-0.07056133874837067,0.75
45,2025-03-29,9,14,1833.3750742682028,1878.0481250954904,0.05849741069252122,0.024366563860436,0.05849741069252124,0.2817954265573347,false,m13_joint_composite,P2_conviction_tilt,-0.09112433226947059,0.75
46,2025-04-05,9,17,1878.0481250954904,1926.0506451956114,0.07319258121774004,0.025559792349666377,0.07319258121774003,0.2701746991678158,false,m13_joint_composite,P2_conviction_tilt,-0.06897815527051832,0.75
47,2025-04-12,9,19,1926.0506451956114,1865.823746865644,0.09942991271544127,-0.03126963378673302,0.0994299127154413,0.25572521390387015,false,m13_joint_composite,P2_conviction_tilt,-0.04518143024622945,1.0
48,2025-04-19,9,18,1865.823746865644,1919.9793205839444,0.09009975507635043,0.029025021151797017,0.09009975507635044,0.23021685479975462,false,m13_joint_composite,P2_conviction_tilt,-0.07503825725520197,0.75
49,2025-04-26,8,14,1919.9793205839444,1877.2778530754447,0.06361708802894611,-0.022240587203570805,0.06361708802894611,0.39561301834835033,false,m13_joint_composite,P2_conviction_tilt,-0.04819122310743118,1.0
50,2025-05-03,9,20,1877.2778530754447,1946.5181200215438,0.12906875329696854,0.036883334468931404,0.12906875329696854,0.24815729415302137,false,m13_joint_composite,P2_conviction_tilt,-0.06936000921103436,0.75
51,2025-08-02,9,18,1946.5181200215438,1871.1020711243182,0.09793344777496704,-0.03874407749997769,0.09793344777496704,0.2129224665737003,false,m13_joint_composite,P2_conviction_tilt,-0.03503490316060165,1.0
52,2025-08-09,9,20,1871.1020711243182,1924.6662477192535,0.1687590407955152,0.028627073542144672,0.16875904079551518,0.2596073682163304,false,m13_joint_composite,P2_conviction_tilt,-0.07242158565732082,0.75
53,2025-08-16,6,15,1924.6662477192535,2067.207117200805,0.10548211084841053,0.074060045293808,0.10548211084841051,0.37668054595852724,false,m13_joint_composite,P2_conviction_tilt,-0.04586773017382684,1.0
54,2025-08-23,9,21,2067.207117200805,1980.4113020781685,0.09900058370972628,-0.0419869951106622,0.09900058370972628,0.2319510514510607,false,m13_joint_composite,P2_conviction_tilt,0.0,1.0
55,2025-08-30,9,19,1980.4113020781685,1779.2145572839077,0.14226314922282637,-0.1015934137434646,0.1422631492228264,0.38765564387258494,false,m13_joint_composite,P2_conviction_tilt,-0.041986995110662284,1.0
56,2025-09-13,8,16,1779.2145572839077,1709.2495110718069,0.1030515508453315,-0.039323557648329545,0.1030515508453315,0.20622574969933058,false,m13_joint_composite,P2_conviction_tilt,-0.13931480668800456,0.5
57,2025-09-20,9,17,1709.2495110718069,1706.88781068278,0.09436383906163812,-0.0013817177502342317,0.09436383906163813,0.22181446816274192,false,m13_joint_composite,P2_conviction_tilt,-0.17316001050427243,0.25
58,2025-09-27,9,22,1706.88781068278,1979.7124956871207,0.16478837075471411,0.15983750267406685,0.16478837075471411,0.3077245636619728,false,m13_joint_composite,P2_conviction_tilt,-0.17430246999436205,0.25
59,2025-10-04,9,18,1979.7124956871207,2038.184897485014,0.1083360472507168,0.029535804782400386,0.1083360472507168,0.21994257304587456,false,m13_joint_composite,P2_conviction_tilt,-0.04232503883411565,1.0
60,2025-10-07,1,3,2038.184897485014,2024.9384809070668,0.013192862494216749,-0.006499124095312637,0.013192862494216749,0.1942852202263877,false,m13_joint_composite,P2_conviction_tilt,-0.014039338136127233,1.0
61,2025-10-18,9,15,2024.9384809070668,2095.5434192611906,0.11600975267783246,0.03486769549783883,0.1160097526778325,0.3056070475774224,false,m13_joint_composite,P2_conviction_tilt,-0.020447218830677127,1.0
62,2025-10-24,1,3,2095.5434192611906,2187.101453835384,0.022124678681570024,0.043691785974290374,0.022124678681570024,0.4101128016363941,false,m13_joint_composite,P2_conviction_tilt,0.0,1.0
63,2025-10-25,4,7,2187.101453835384,2234.6044225649184,0.054321893569380414,0.021719599996713197,0.05432189356938041,0.24788834799904091,false,m13_joint_composite,P2_conviction_tilt,0.0,1.0
64,2025-11-01,9,16,2234.6044225649184,2303.7669985414404,0.08855387409861892,0.03095070218161317,0.0885538740986189,0.24629351642550143,false,m13_joint_composite,P2_conviction_tilt,0.0,1.0
65,2025-11-08,9,13,2303.7669985414404,2325.281434030176,0.09302680654473684,0.00933880705052075,0.09302680654473684,0.3628822095778276,false,m13_joint_composite,P2_conviction_tilt,0.0,1.0
66,2025-11-15,8,15,2325.281434030176,2435.8888364251993,0.08380430862807912,0.047567318422750304,0.08380430862807912,0.1980603055723966,false,m13_joint_composite,P2_conviction_tilt,0.0,1.0
67,2025-11-22,9,18,2435.8888364251993,2527.5416718626843,0.14876296752675228,0.03762603369535976,0.14876296752675225,0.2802440188558094,false,m13_joint_composite,P2_conviction_tilt,0.0,1.0
68,2025-11-25,1,3,2527.5416718626843,2516.9690535584446,0.01937273174273685,-0.004182964982115789,0.01937273174273685,0.19599376699361482,false,m13_joint_composite,P2_conviction_tilt,0.0,1.0
69,2025-12-06,8,16,2516.9690535584446,2385.920908294,0.09272678676531475,-0.052065854794349054,0.09272678676531475,0.258910632164746,false,m13_joint_composite,P2_conviction_tilt,-0.004182964982115678,1.0
70,2025-12-13,9,19,2385.920908294,2568.6582677272277,0.12233748368767608,0.07658986465058047,0.1223374836876761,0.30999954106840094,false,m13_joint_composite,P2_conviction_tilt,-0.05603103012909616,0.75
71,2025-12-20,9,18,2568.6582677272277,2837.1013238034516,0.0747506518527734,0.10450711153326948,0.0747506518527734,0.21172011906838312,false,m13_joint_composite,P2_conviction_tilt,0.0,1.0
72,2025-12-27,9,19,2837.1013238034516,3212.955458117261,0.10328763794352892,0.13247822034425424,0.10328763794352891,0.2931428728794651,false,m13_joint_composite,P2_conviction_tilt,0.0,1.0
73,2026-01-03,4,8,3212.955458117261,3200.176974188073,0.030606786433687826,-0.0039771743168439695,0.030606786433687822,0.248873751236002,false,m13_joint_composite,P2_conviction_tilt,0.0,1.0
74,2026-01-10,5,11,3200.176974188073,3075.825113544154,0.0698226108253088,-0.03885780744218647,0.06982261082530881,0.26034915584882384,false,m13_joint_composite,P2_conviction_tilt,-0.003977174316844079,1.0
75,2026-01-17,2,5,3075.825113544154,3115.916306401509,0.03175781287456365,0.01303428880946992,0.03175781287456364,0.26712441302531026,false,m13_joint_composite,P2_conviction_tilt,-0.04268043748526251,1.0
76,2026-01-20,2,5,3115.916306401509,3041.272919606923,0.02833224718151285,-0.023955517239418262,0.02833224718151285,0.20076157731305322,false,m13_joint_composite,P2_conviction_tilt,-0.03020245782449027,1.0
77,2026-01-24,8,18,3041.272919606923,3009.913115323046,0.11255839701850955,-0.01031140746419125,0.11255839701850956,0.2437469784454355,false,m13_joint_composite,P2_conviction_tilt,-0.05343445956482107,0.75
78,2026-01-31,9,18,3009.913115323046,3020.573459498834,0.10701933460546498,0.0035417448169906968,0.10701933460546498,0.28324494240724574,false,m13_joint_composite,P2_conviction_tilt,-0.06319488254381045,0.75
79,2026-02-07,5,11,3020.573459498834,2957.3837371182267,0.08432865095818148,-0.020919776733750364,0.08432865095818148,0.32087370504779933,false,m13_joint_composite,P2_conviction_tilt,-0.059876957874529624,0.75
80,2026-02-10,3,9,2957.3837371182267,3015.2258270971447,0.05000536677895058,0.019558533866586233,0.05000536677895058,0.3348185670147711,false,m13_joint_composite,P2_conviction_tilt,-0.0795441220180485,0.75
81,2026-02-14,6,13,3015.2258270971447,2983.906462884841,0.06995750603030197,-0.01038707082263748,0.06995750603030196,0.22789742493945248,false,m13_joint_composite,P2_conviction_tilt,-0.0615413545558402,0.75
82,2026-02-17,4,10,2983.906462884841,2986.399176117484,0.036969281562736836,0.0008353858486009173,0.03696928156273683,0.19977304777761123,false,m13_joint_composite,P2_conviction_tilt,-0.07128919097018516,0.75
83,2026-02-21,9,15,2986.399176117484,3189.4485284268785,0.11621260227277397,0.06799136362385823,0.11621260227277394,0.3065097835922593,false,m13_joint_composite,P2_conviction_tilt,-0.07051335910287893,0.75
84,2026-02-24,3,4,3189.4485284268785,3266.732041015785,0.013820387848151334,0.024230995389984973,0.013820387848151334,0.20558229192480199,false,m13_joint_composite,P2_conviction_tilt,-0.007316294918124133,1.0
85,2026-02-28,9,18,3266.732041015785,3202.246955148293,0.09990738660354528,-0.01973993736181687,0.09990738660354528,0.21842350706952382,false,m13_joint_composite,P2_conviction_tilt,0.0,1.0
86,2026-03-03,2,3,3202.246955148293,3141.0126077980576,0.019122306370465462,-0.019122306370465462,0.019122306370465462,0.23949196380769658,false,m13_joint_composite,P2_conviction_tilt,-0.019739937361816895,1.0
87,2026-03-07,9,18,3141.0126077980576,3035.5455096286814,0.12432220849070337,-0.033577419558118736,0.12432220849070337,0.34890797944870644,false,m13_joint_composite,P2_conviction_tilt,-0.03848477060231581,1.0
88,2026-03-10,3,8,3035.5455096286814,3058.8224219944436,0.04730370708253877,0.007668115102187728,0.04730370708253877,0.2590405314863433,false,m13_joint_composite,P2_conviction_tilt,-0.07076997087132264,0.75
89,2026-03-14,9,20,3058.8224219944436,3015.117387286752,0.12890802892212078,-0.01428818959656855,0.1289080289221208,0.2660107377004837,false,m13_joint_composite,P2_conviction_tilt,-0.06364452805155463,0.75
90,2026-03-17,1,3,3015.117387286752,2882.798183329013,0.04388525783959967,-0.04388525783959967,0.04388525783959967,0.34595744071846346,false,m13_joint_composite,P2_conviction_tilt,-0.0770233525645384,0.75
91,2026-03-21,9,18,2882.798183329013,2729.5742609172116,0.14302609549387166,-0.053151109674580366,0.14302609549387169,0.3070957735072387,false,m13_joint_composite,P2_conviction_tilt,-0.11752842071717273,0.5
92,2026-03-24,2,3,2729.5742609172116,2717.2323434643235,0.010110059967303759,-0.004521554012874067,0.010110059967303759,0.4151130605816067,false,m13_joint_composite,P2_conviction_tilt,-0.16443276441233456,0.25
93,2026-03-27,1,3,2717.2323434643235,2763.0091092593457,0.023325565435231618,0.0168468353120878,0.023325565435231618,0.40498915138585906,false,m13_joint_composite,P2_conviction_tilt,-0.1682108267994321,0.25
94,2026-03-28,7,13,2763.0091092593457,2772.808751713183,0.049045963773227404,0.0035467282467498682,0.0490459637732274,0.2545095042453819,false,m13_joint_composite,P2_conviction_tilt,-0.15419781158414436,0.25
95,2026-04-04,8,18,2772.808751713183,2586.0203243148608,0.09087473282757517,-0.06736433851880881,0.09087473282757517,0.28127859661171023,false,m13_joint_composite,P2_conviction_tilt,-0.15119798107132698,0.25
96,2026-04-07,1,3,2586.0203243148608,2580.5722995108313,0.01428734884911533,-0.002106721572450343,0.01428734884911533,0.3426686871849827,false,m13_joint_composite,P2_conviction_tilt,-0.20837696760988633,0.25
97,2026-04-11,9,21,2580.5722995108313,2728.398715112927,0.12956984592452828,0.05728435340878361,0.12956984592452825,0.22887557435059416,false,m13_joint_composite,P2_conviction_tilt,-0.21004469692947125,0.25
98,2026-04-14,1,3,2728.398715112927,2683.9492473983228,0.03921740942204825,-0.01629141205366859,0.03921740942204825,0.20075852590377916,false,m13_joint_composite,P2_conviction_tilt,-0.16479261817123636,0.25
99,2026-04-18,9,17,2683.9492473983228,2855.2886531971362,0.1283806814986075,0.06383854164340129,0.1283806814986075,0.2559600211583467,false,m13_joint_composite,P2_conviction_tilt,-0.1783993257788744,0.25
100,2026-04-25,9,21,2855.2886531971362,2765.5324730271213,0.1422608045227038,-0.031435063516087165,0.1422608045227038,0.28279016626139586,false,m13_joint_composite,P2_conviction_tilt,-0.12594953692336242,0.5
1,2024-08-03,9,24,1000.0,1021.648018755797,0.13793021381702475,0.02164801875579693,0.13793021381702472,0.16268886184662568,false,m13_joint_composite,P3_aggressive_tilt,0.0,1.0
2,2024-08-10,9,20,1021.648018755797,991.1225213039929,0.12475933946538363,-0.029878683158392733,0.12475933946538363,0.2658183986119143,false,m13_joint_composite,P3_aggressive_tilt,0.0,1.0
3,2024-08-17,8,15,991.1225213039929,1031.896162448088,0.09657306932208971,0.0411388504122077,0.0965730693220897,0.30580001433366133,false,m13_joint_composite,P3_aggressive_tilt,-0.029878683158392705,1.0
4,2024-08-24,8,18,1031.896162448088,1141.819990046608,0.0948628908411111,0.1065260552357658,0.09486289084111112,0.18354670323408442,false,m13_joint_composite,P3_aggressive_tilt,0.0,1.0
5,2024-08-31,9,16,1141.819990046608,1144.775747162574,0.06334063099281335,0.0025886366868085138,0.06334063099281335,0.15674393496316077,false,m13_joint_composite,P3_aggressive_tilt,0.0,1.0
6,2024-09-14,8,17,1144.775747162574,1197.1147782915352,0.09904937556791328,0.04571989864275873,0.09904937556791328,0.23463898138425207,false,m13_joint_composite,P3_aggressive_tilt,0.0,1.0
7,2024-09-21,9,16,1197.1147782915352,1176.5700119176106,0.06658036144192353,-0.01716190188817574,0.06658036144192353,0.23590464098426145,false,m13_joint_composite,P3_aggressive_tilt,0.0,1.0
8,2024-09-28,9,14,1176.5700119176106,1187.4596407575887,0.06326851819705755,0.009255402338726734,0.06326851819705756,0.3064202535458695,false,m13_joint_composite,P3_aggressive_tilt,-0.01716190188817579,1.0
9,2024-10-05,9,14,1187.4596407575887,1213.0846431269358,0.0751301459175114,0.02157968278652289,0.07513014591751138,0.202244940835687,false,m13_joint_composite,P3_aggressive_tilt,-0.008065339856321851,1.0
10,2024-10-19,9,20,1213.0846431269358,1210.729305616156,0.08403563903468723,-0.0019416101952363213,0.08403563903468723,0.20067944628094403,false,m13_joint_composite,P3_aggressive_tilt,0.0,1.0
11,2024-10-26,5,6,1210.729305616156,1233.8353317737567,0.036673039114237437,0.019084386617570157,0.036673039114237437,0.18020541856001832,false,m13_joint_composite,P3_aggressive_tilt,-0.0019416101952363096,1.0
12,2024-11-02,9,15,1233.8353317737567,1224.6985013332283,0.08589587718378375,-0.007405226779649237,0.08589587718378376,0.2416422815085718,false,m13_joint_composite,P3_aggressive_tilt,0.0,1.0
13,2024-11-09,9,13,1224.6985013332283,1328.9316906458293,0.06589074642480208,0.0851092650143123,0.06589074642480208,0.1742729414531184,false,m13_joint_composite,P3_aggressive_tilt,-0.0074052267796492766,1.0
14,2024-11-16,9,13,1328.9316906458293,1381.7753463448846,0.07367636938992439,0.03976401200378805,0.07367636938992438,0.2112250917932004,false,m13_joint_composite,P3_aggressive_tilt,0.0,1.0
15,2024-11-23,1,2,1381.7753463448846,1369.9735138765332,0.008541064580121547,-0.008541064580121547,0.008541064580121547,0.2754876234146888,false,m13_joint_composite,P3_aggressive_tilt,0.0,1.0
16,2024-11-30,1,1,1369.9735138765332,1365.7105487945341,0.0031117135030854226,-0.0031117135030854226,0.0031117135030854226,0.3284711712696561,false,m13_joint_composite,P3_aggressive_tilt,-0.008541064580121493,1.0
17,2024-12-03,3,3,1365.7105487945341,1395.6726320588566,0.018864653453238685,0.021938823926320968,0.018864653453238688,0.317840174908627,false,m13_joint_composite,P3_aggressive_tilt,-0.011626200737222314,1.0
18,2024-12-07,8,12,1395.6726320588566,1468.4253400128114,0.04958424186872745,0.05212734439496165,0.049584241868727445,0.24928698052987064,false,m13_joint_composite,P3_aggressive_tilt,0.0,1.0
19,2024-12-14,9,17,1468.4253400128114,1591.3690011396918,0.08473947274932228,0.08372482943246404,0.08473947274932227,0.23145573676090916,false,m13_joint_composite,P3_aggressive_tilt,0.0,1.0
20,2024-12-17,3,5,1591.3690011396918,1589.5169492687623,0.03419510794117809,-0.0011638104484899998,0.03419510794117809,0.1883904532418162,false,m13_joint_composite,P3_aggressive_tilt,0.0,1.0
21,2024-12-21,9,18,1589.5169492687623,1599.5171653767793,0.06674728570804297,0.0062913554414234345,0.06674728570804297,0.18390783140141057,false,m13_joint_composite,P3_aggressive_tilt,-0.0011638104484900103,1.0
22,2024-12-28,8,22,1599.5171653767793,1730.3485264334824,0.13797193302299843,0.08179428385558143,0.13797193302299843,0.3041603645038013,false,m13_joint_composite,P3_aggressive_tilt,0.0,1.0
23,2025-01-04,8,12,1730.3485264334824,1741.8266892983931,0.04994291133351697,0.006633439847271209,0.04994291133351698,0.2983440699999346,false,m13_joint_composite,P3_aggressive_tilt,0.0,1.0
24,2025-01-08,1,1,1741.8266892983931,1736.5611203058702,0.00302301544974265,-0.00302301544974265,0.00302301544974265,0.1890079754443973,false,m13_joint_composite,P3_aggressive_tilt,0.0,1.0
25,2025-01-11,5,11,1736.5611203058702,1686.4042796887231,0.04604957789850953,-0.0288828536068531,0.046049577898509525,0.20705764492540296,false,m13_joint_composite,P3_aggressive_tilt,-0.0030230154497425943,1.0
26,2025-01-14,1,2,1686.4042796887231,1661.514095660808,0.014759322143388761,-0.014759322143388761,0.014759322143388761,0.31086967807184707,false,m13_joint_composite,P3_aggressive_tilt,-0.03181855574390935,1.0
27,2025-01-17,1,2,1661.514095660808,1704.436755563848,0.009413589756167793,0.025833461187682125,0.009413589756167793,0.31332005145304,false,m13_joint_composite,P3_aggressive_tilt,-0.04610825757293635,1.0
28,2025-01-18,3,6,1704.436755563848,1643.3375354603495,0.035847161770039576,-0.035847161770039576,0.035847161770039576,0.1619767046227753,false,m13_joint_composite,P3_aggressive_tilt,-0.02146593226769633,1.0
29,2025-01-21,1,2,1643.3375354603495,1689.418992955085,0.012261891856838316,0.02804138316102366,0.012261891856838316,0.15111016353537463,false,m13_joint_composite,P3_aggressive_tilt,-0.05654360129119107,0.75
30,2025-01-25,8,13,1689.418992955085,1614.54843896404,0.08078084375515121,-0.04431733886221057,0.08078084375515121,0.20866713867317246,false,m13_joint_composite,P3_aggressive_tilt,-0.030087778919278052,1.0
31,2025-01-28,1,2,1614.54843896404,1625.6938116727802,0.008061379759914555,0.00690308970593118,0.008061379759914555,0.1737105975376329,false,m13_joint_composite,P3_aggressive_tilt,-0.07307170748751168,0.75
32,2025-02-01,9,15,1625.6938116727802,1790.258076836798,0.07017119944732288,0.10122709699847304,0.07017119944732288,0.20769938174472607,false,m13_joint_composite,P3_aggressive_tilt,-0.06667303833333227,0.75
33,2025-02-04,1,0,1790.258076836798,1790.258076836798,0.0,0.0,0.0,1.0,false,m13_joint_composite,P3_aggressive_tilt,0.0,1.0
34,2025-02-08,8,16,1790.258076836798,1829.2972293664732,0.05803129615495276,0.02180643843185639,0.05803129615495276,0.16517367797483737,false,m13_joint_composite,P3_aggressive_tilt,0.0,1.0
35,2025-02-11,1,2,1829.2972293664732,1835.968821201676,0.006025323877579757,0.0036470791777854245,0.006025323877579757,0.23777418410200774,false,m13_joint_composite,P3_aggressive_tilt,0.0,1.0
36,2025-02-15,8,18,1835.968821201676,1851.6158117709176,0.07679906386708091,0.00852247074599034,0.07679906386708092,0.22771509241100577,false,m13_joint_composite,P3_aggressive_tilt,0.0,1.0
37,2025-02-22,9,16,1851.6158117709176,1911.5705380078928,0.0805396895809688,0.032379679335117116,0.0805396895809688,0.174839297562852,false,m13_joint_composite,P3_aggressive_tilt,0.0,1.0
38,2025-02-25,1,3,1911.5705380078928,1865.8106029500327,0.02393839732723018,-0.02393839732723018,0.02393839732723018,0.26510815758597944,false,m13_joint_composite,P3_aggressive_tilt,0.0,1.0
39,2025-03-01,9,20,1865.8106029500327,2017.1901827300069,0.11355201456410076,0.08113341168746076,0.11355201456410079,0.24579488391579127,false,m13_joint_composite,P3_aggressive_tilt,-0.023938397327230132,1.0
40,2025-03-04,2,4,2017.1901827300069,1965.3078073047775,0.03200000825144467,-0.025720120923359516,0.03200000825144467,0.15521622895635098,false,m13_joint_composite,P3_aggressive_tilt,0.0,1.0
41,2025-03-08,9,19,1965.3078073047775,1835.226681236485,0.10604594913206979,-0.06618867822373624,0.10604594913206979,0.16166786366055313,false,m13_joint_composite,P3_aggressive_tilt,-0.025720120923359513,1.0
42,2025-03-11,2,4,1835.226681236485,1782.8905240580752,0.02851754375276864,-0.02851754375276864,0.02851754375276864,0.19459490504865903,false,m13_joint_composite,P3_aggressive_tilt,-0.09020641833942378,0.75
43,2025-03-15,9,20,1782.8905240580752,1874.854542926507,0.1077072098836901,0.05158141659708334,0.10770720988369009,0.2657860847658238,false,m13_joint_composite,P3_aggressive_tilt,-0.11615149661041735,0.5
44,2025-03-22,9,21,1874.854542926507,1833.3750742682034,0.09365898249688502,-0.022124099608046045,0.09365898249688501,0.17120850485414202,false,m13_joint_composite,P3_aggressive_tilt,-0.07056133874837067,0.75
45,2025-03-29,9,14,1833.3750742682034,1878.048125095491,0.05849741069252123,0.024366563860436008,0.05849741069252124,0.22543634124586778,false,m13_joint_composite,P3_aggressive_tilt,-0.0911243322694707,0.75
46,2025-04-05,9,17,1878.048125095491,1926.050645195612,0.07319258121774004,0.02555979234966639,0.07319258121774004,0.21613975933425264,false,m13_joint_composite,P3_aggressive_tilt,-0.06897815527051843,0.75
47,2025-04-12,9,19,1926.050645195612,1865.8237468656444,0.09942991271544128,-0.03126963378673301,0.0994299127154413,0.20458017112309615,false,m13_joint_composite,P3_aggressive_tilt,-0.04518143024622956,1.0
48,2025-04-19,9,18,1865.8237468656444,1919.979320583945,0.09009975507635043,0.029025021151797017,0.09009975507635044,0.1841734838398037,false,m13_joint_composite,P3_aggressive_tilt,-0.07503825725520219,0.75
49,2025-04-26,8,14,1919.979320583945,1877.2778530754454,0.06361708802894611,-0.022240587203570802,0.06361708802894611,0.3164904146786803,false,m13_joint_composite,P3_aggressive_tilt,-0.04819122310743129,1.0
50,2025-05-03,9,20,1877.2778530754454,1946.5181200215445,0.1290687532969686,0.0368833344689314,0.1290687532969686,0.19852583532241722,false,m13_joint_composite,P3_aggressive_tilt,-0.06936000921103447,0.75
51,2025-08-02,9,18,1946.5181200215445,1871.1020711243189,0.097933447774967,-0.03874407749997769,0.09793344777496701,0.17033797325896022,false,m13_joint_composite,P3_aggressive_tilt,-0.03503490316060176,1.0
52,2025-08-09,9,20,1871.1020711243189,1924.6662477192538,0.16875904079551518,0.028627073542144665,0.16875904079551518,0.20768589457306433,false,m13_joint_composite,P3_aggressive_tilt,-0.07242158565732093,0.75
53,2025-08-16,6,15,1924.6662477192538,2067.2071172008054,0.10548211084841053,0.074060045293808,0.1054821108484105,0.30134443676682177,false,m13_joint_composite,P3_aggressive_tilt,-0.04586773017382717,1.0
54,2025-08-23,9,21,2067.2071172008054,1980.411302078169,0.09900058370972628,-0.0419869951106622,0.09900058370972628,0.18556084116084856,false,m13_joint_composite,P3_aggressive_tilt,0.0,1.0
55,2025-08-30,9,19,1980.411302078169,1779.214557283908,0.14226314922282637,-0.1015934137434646,0.1422631492228264,0.310124515098068,false,m13_joint_composite,P3_aggressive_tilt,-0.041986995110662284,1.0
56,2025-09-13,8,16,1779.214557283908,1709.2495110718073,0.10305155084533146,-0.03932355764832954,0.10305155084533149,0.16498059975946444,false,m13_joint_composite,P3_aggressive_tilt,-0.13931480668800456,0.5
57,2025-09-20,9,17,1709.2495110718073,1706.8878106827804,0.09436383906163812,-0.0013817177502342178,0.09436383906163812,0.17745157453019353,false,m13_joint_composite,P3_aggressive_tilt,-0.17316001050427243,0.25
58,2025-09-27,9,22,1706.8878106827804,1979.7124956871212,0.16478837075471411,0.15983750267406685,0.1647883707547141,0.24617965092957825,false,m13_joint_composite,P3_aggressive_tilt,-0.17430246999436205,0.25
59,2025-10-04,9,18,1979.7124956871212,2038.1848974850145,0.1083360472507168,0.029535804782400372,0.1083360472507168,0.17595405843669965,false,m13_joint_composite,P3_aggressive_tilt,-0.04232503883411565,1.0
60,2025-10-07,1,3,2038.1848974850145,2024.9384809070673,0.013192862494216749,-0.006499124095312637,0.013192862494216749,0.15542817618111016,false,m13_joint_composite,P3_aggressive_tilt,-0.014039338136127233,1.0
61,2025-10-18,9,15,2024.9384809070673,2095.543419261191,0.1160097526778325,0.034867695497838844,0.1160097526778325,0.244485638061938,false,m13_joint_composite,P3_aggressive_tilt,-0.020447218830677127,1.0
62,2025-10-24,1,3,2095.543419261191,2187.1014538353843,0.02212467868157003,0.04369178597429038,0.02212467868157003,0.32809024130911535,false,m13_joint_composite,P3_aggressive_tilt,0.0,1.0
63,2025-10-25,4,7,2187.1014538353843,2234.6044225649184,0.054321893569380414,0.021719599996713197,0.05432189356938041,0.19831067839923275,false,m13_joint_composite,P3_aggressive_tilt,0.0,1.0
64,2025-11-01,9,16,2234.6044225649184,2303.766998541441,0.08855387409861905,0.030950702181613218,0.08855387409861903,0.19703481314040144,false,m13_joint_composite,P3_aggressive_tilt,0.0,1.0
65,2025-11-08,9,13,2303.766998541441,2325.2814340301766,0.09302680654473684,0.00933880705052075,0.09302680654473684,0.29030576766226207,false,m13_joint_composite,P3_aggressive_tilt,0.0,1.0
66,2025-11-15,8,15,2325.2814340301766,2435.8888364251998,0.08380430862807912,0.0475673184227503,0.08380430862807912,0.1584482444579173,false,m13_joint_composite,P3_aggressive_tilt,0.0,1.0
67,2025-11-22,9,18,2435.8888364251998,2527.541671862685,0.14876296752675228,0.037626033695359745,0.1487629675267523,0.22419521508464754,false,m13_joint_composite,P3_aggressive_tilt,0.0,1.0
68,2025-11-25,1,3,2527.541671862685,2516.969053558445,0.01937273174273685,-0.004182964982115789,0.01937273174273685,0.15679501359489187,false,m13_joint_composite,P3_aggressive_tilt,0.0,1.0
69,2025-12-06,8,16,2516.969053558445,2385.9209082940006,0.09272678676531475,-0.05206585479434906,0.09272678676531475,0.20712850573179684,false,m13_joint_composite,P3_aggressive_tilt,-0.004182964982115678,1.0
70,2025-12-13,9,19,2385.9209082940006,2568.658267727228,0.12233748368767608,0.07658986465058047,0.1223374836876761,0.24799963285472076,false,m13_joint_composite,P3_aggressive_tilt,-0.05603103012909616,0.75
71,2025-12-20,9,18,2568.658267727228,2837.101323803452,0.07475065185277341,0.10450711153326948,0.0747506518527734,0.1693760952547065,false,m13_joint_composite,P3_aggressive_tilt,0.0,1.0
72,2025-12-27,9,19,2837.101323803452,3212.9554581172615,0.1032876379435289,0.13247822034425424,0.10328763794352891,0.23451429830357207,false,m13_joint_composite,P3_aggressive_tilt,0.0,1.0
73,2026-01-03,4,8,3212.9554581172615,3200.1769741880735,0.030606786433687822,-0.003977174316843968,0.03060678643368782,0.1990990009888016,false,m13_joint_composite,P3_aggressive_tilt,0.0,1.0
74,2026-01-10,5,11,3200.1769741880735,3075.825113544155,0.06982261082530869,-0.0388578074421864,0.06982261082530869,0.20827932467905874,false,m13_joint_composite,P3_aggressive_tilt,-0.003977174316844079,1.0
75,2026-01-17,2,5,3075.825113544155,3115.9163064015097,0.03175781287456349,0.013034288809469859,0.03175781287456349,0.2136995304202472,false,m13_joint_composite,P3_aggressive_tilt,-0.0426804374852624,1.0
76,2026-01-20,2,5,3115.9163064015097,3041.272919606924,0.028332247181512858,-0.02395551723941827,0.028332247181512858,0.1606092618504426,false,m13_joint_composite,P3_aggressive_tilt,-0.030202457824490048,1.0
77,2026-01-24,8,18,3041.272919606924,3009.913115323047,0.11255839701850955,-0.010311407464191246,0.11255839701850956,0.1949975827563484,false,m13_joint_composite,P3_aggressive_tilt,-0.05343445956482096,0.75
78,2026-01-31,9,18,3009.913115323047,3020.573459498835,0.10701933460546498,0.0035417448169907037,0.10701933460546498,0.2265959539257966,false,m13_joint_composite,P3_aggressive_tilt,-0.06319488254381034,0.75
79,2026-02-07,5,11,3020.573459498835,2957.383737118227,0.08432865095818147,-0.02091977673375036,0.08432865095818148,0.25669896403823944,false,m13_joint_composite,P3_aggressive_tilt,-0.0598769578745294,0.75
80,2026-02-10,3,9,2957.383737118227,3015.225827097145,0.05000536677895059,0.019558533866586236,0.05000536677895058,0.26785485361181693,false,m13_joint_composite,P3_aggressive_tilt,-0.0795441220180485,0.75
81,2026-02-14,6,13,3015.225827097145,2983.9064628848414,0.06995750603030197,-0.010387070822637484,0.06995750603030196,0.182317939951562,false,m13_joint_composite,P3_aggressive_tilt,-0.0615413545558402,0.75
82,2026-02-17,4,10,2983.9064628848414,2986.3991761174843,0.03696928156273683,0.000835385848600917,0.03696928156273683,0.159818438222089,false,m13_joint_composite,P3_aggressive_tilt,-0.07128919097018516,0.75
83,2026-02-21,9,15,2986.3991761174843,3189.448528426879,0.11621260227277397,0.06799136362385823,0.11621260227277394,0.24520782687380746,false,m13_joint_composite,P3_aggressive_tilt,-0.07051335910287893,0.75
84,2026-02-24,3,4,3189.448528426879,3266.7320410157863,0.013820387848151584,0.024230995389985414,0.013820387848151584,0.16446583353984456,false,m13_joint_composite,P3_aggressive_tilt,-0.007316294918124133,1.0
85,2026-02-28,9,18,3266.7320410157863,3202.246955148295,0.09990738660354527,-0.01973993736181687,0.09990738660354527,0.17473880565561906,false,m13_joint_composite,P3_aggressive_tilt,0.0,1.0
86,2026-03-03,2,3,3202.246955148295,3141.012607798059,0.019122306370465462,-0.019122306370465462,0.019122306370465462,0.19159357104615726,false,m13_joint_composite,P3_aggressive_tilt,-0.019739937361816673,1.0
87,2026-03-07,9,18,3141.012607798059,3035.545509628683,0.12432220849070337,-0.03357741955811872,0.12432220849070337,0.27912638355896513,false,m13_joint_composite,P3_aggressive_tilt,-0.03848477060231581,1.0
88,2026-03-10,3,8,3035.545509628683,3058.822421994445,0.04730370708253877,0.007668115102187734,0.04730370708253877,0.20723242518907464,false,m13_joint_composite,P3_aggressive_tilt,-0.07076997087132264,0.75
89,2026-03-14,9,20,3058.822421994445,3015.1173872867535,0.1289080289221208,-0.014288189596568556,0.12890802892212083,0.212808590160387,false,m13_joint_composite,P3_aggressive_tilt,-0.06364452805155452,0.75
90,2026-03-17,1,3,3015.1173872867535,2882.7981833290146,0.04388525783959968,-0.04388525783959968,0.04388525783959968,0.2767659525747708,false,m13_joint_composite,P3_aggressive_tilt,-0.0770233525645383,0.75
91,2026-03-21,9,18,2882.7981833290146,2729.574260917213,0.14302609549387182,-0.05315110967458041,0.14302609549387182,0.2456766188057912,false,m13_joint_composite,P3_aggressive_tilt,-0.11752842071717273,0.5
92,2026-03-24,2,3,2729.574260917213,2717.232343464325,0.010110059967303759,-0.004521554012874067,0.010110059967303759,0.3320904484652854,false,m13_joint_composite,P3_aggressive_tilt,-0.16443276441233445,0.25
93,2026-03-27,1,3,2717.232343464325,2763.0091092593466,0.023325565435231507,0.016846835312087718,0.023325565435231507,0.32399132110868567,false,m13_joint_composite,P3_aggressive_tilt,-0.168210826799432,0.25
94,2026-03-28,7,13,2763.0091092593466,2772.808751713184,0.049045963773227404,0.0035467282467498648,0.0490459637732274,0.20360760339630551,false,m13_joint_composite,P3_aggressive_tilt,-0.15419781158414436,0.25
95,2026-04-04,8,18,2772.808751713184,2586.020324314862,0.09087473282757487,-0.06736433851880856,0.09087473282757484,0.22502287728936735,false,m13_joint_composite,P3_aggressive_tilt,-0.15119798107132698,0.25
96,2026-04-07,1,3,2586.020324314862,2580.572299510833,0.01428734884911494,-0.0021067215724502857,0.01428734884911494,0.2741349497479787,false,m13_joint_composite,P3_aggressive_tilt,-0.20837696760988622,0.25
97,2026-04-11,9,21,2580.572299510833,2728.398715112929,0.12956984592452828,0.05728435340878359,0.12956984592452825,0.18310045948047535,false,m13_joint_composite,P3_aggressive_tilt,-0.21004469692947103,0.25
98,2026-04-14,1,3,2728.398715112929,2683.9492473983246,0.03921740942204826,-0.01629141205366859,0.03921740942204826,0.16060682072302335,false,m13_joint_composite,P3_aggressive_tilt,-0.16479261817123614,0.25
99,2026-04-18,9,17,2683.9492473983246,2855.288653197138,0.1283806814986075,0.0638385416434013,0.1283806814986075,0.2047680169266774,false,m13_joint_composite,P3_aggressive_tilt,-0.17839932577887418,0.25
100,2026-04-25,9,21,2855.288653197138,2765.5324730271227,0.14226080452270454,-0.03143506351608732,0.1422608045227045,0.2262321330091178,false,m13_joint_composite,P3_aggressive_tilt,-0.1259495369233622,0.5
1,2024-08-03,9,26,1000.0,1017.6836644464966,0.14426295632117905,0.017683664446496675,0.14426295632117903,0.20430230076411443,false,m13_joint_composite,P4_four_tier_probe,0.0,1.0
2,2024-08-10,9,21,1017.6836644464966,980.7837534173324,0.12218921894085281,-0.03625872392206815,0.12218921894085284,0.2829108952183599,false,m13_joint_composite,P4_four_tier_probe,0.0,1.0
3,2024-08-17,8,18,980.7837534173324,1019.0494685464828,0.09751017725198126,0.039015445551398666,0.09751017725198127,0.3171098317978002,false,m13_joint_composite,P4_four_tier_probe,-0.03625872392206819,1.0
4,2024-08-24,8,19,1019.0494685464828,1135.000705561179,0.09823310544429711,0.11378371766395487,0.09823310544429709,0.22587116296411822,false,m13_joint_composite,P4_four_tier_probe,0.0,1.0
5,2024-08-31,9,17,1135.000705561179,1137.6553032734907,0.06729077955670078,0.0023388511560433773,0.0672907795567008,0.19920138777373098,false,m13_joint_composite,P4_four_tier_probe,0.0,1.0
6,2024-09-14,8,19,1137.6553032734907,1181.4016879126966,0.10151208776480981,0.03845311010578498,0.10151208776480983,0.2629330585671662,false,m13_joint_composite,P4_four_tier_probe,0.0,1.0
7,2024-09-21,9,16,1181.4016879126966,1160.1002679816515,0.06744751175547992,-0.018030632721272585,0.06744751175547992,0.27252854591266173,false,m13_joint_composite,P4_four_tier_probe,0.0,1.0
8,2024-09-28,9,21,1160.1002679816515,1170.1272684935584,0.06395763739884765,0.008643218856721816,0.06395763739884765,0.32441283896177214,false,m13_joint_composite,P4_four_tier_probe,-0.018030632721272366,1.0
9,2024-10-05,9,16,1170.1272684935584,1192.4388684519258,0.07826754258978337,0.019067669440001846,0.07826754258978337,0.24612658759272255,false,m13_joint_composite,P4_four_tier_probe,-0.009543256569285785,1.0
10,2024-10-19,9,22,1192.4388684519258,1191.8274555384512,0.08733539665230942,-0.0005127415162744864,0.08733539665230942,0.2413003292605865,false,m13_joint_composite,P4_four_tier_probe,0.0,1.0
11,2024-10-26,5,6,1191.8274555384512,1215.8103086327917,0.037258729759583,0.020122756010437098,0.037258729759583,0.22578559329599143,false,m13_joint_composite,P4_four_tier_probe,-0.0005127415162744509,1.0
12,2024-11-02,9,15,1215.8103086327917,1196.473289999142,0.08956729879833017,-0.015904634544014213,0.08956729879833017,0.2723080972578334,false,m13_joint_composite,P4_four_tier_probe,0.0,1.0
13,2024-11-09,9,15,1196.473289999142,1305.978181415321,0.0707907397438461,0.09152305557632426,0.0707907397438461,0.2165265812136482,false,m13_joint_composite,P4_four_tier_probe,-0.01590463454401425,1.0
14,2024-11-16,9,16,1305.978181415321,1365.4451129056597,0.07566079038614729,0.045534398917670416,0.07566079038614727,0.24874477545034676,false,m13_joint_composite,P4_four_tier_probe,0.0,1.0
15,2024-11-23,1,2,1365.4451129056597,1353.7827580157211,0.008541064580121547,-0.008541064580121547,0.008541064580121547,0.2754876234146888,false,m13_joint_composite,P4_four_tier_probe,0.0,1.0
16,2024-11-30,1,2,1353.7827580157211,1348.0764578284607,0.004215078197350064,-0.004215078197350064,0.004215078197350064,0.38160640968355974,false,m13_joint_composite,P4_four_tier_probe,-0.008541064580121493,1.0
17,2024-12-03,3,3,1348.0764578284607,1377.6516698759779,0.018864653453238685,0.021938823926320968,0.018864653453238688,0.317840174908627,false,m13_joint_composite,P4_four_tier_probe,-0.01272014152237777,1.0
18,2024-12-07,8,14,1377.6516698759779,1452.3543252442496,0.05032195916916128,0.05422463239564549,0.05032195916916128,0.27845262323792763,false,m13_joint_composite,P4_four_tier_probe,0.0,1.0
19,2024-12-14,9,19,1452.3543252442496,1582.656134637712,0.08746541157585484,0.08971764474316485,0.08746541157585484,0.2721597452163387,false,m13_joint_composite,P4_four_tier_probe,0.0,1.0
20,2024-12-17,3,5,1582.656134637712,1580.7146752058882,0.03426599921956907,-0.001226709573440175,0.03426599921956906,0.23554504453691583,false,m13_joint_composite,P4_four_tier_probe,0.0,1.0
21,2024-12-21,9,19,1580.7146752058882,1590.5792729352172,0.07059827627700288,0.00624059350119217,0.07059827627700288,0.2266810697406499,false,m13_joint_composite,P4_four_tier_probe,-0.0012267095734401767,1.0
22,2024-12-28,8,27,1590.5792729352172,1720.6454646141297,0.13293662986697044,0.08177284458063573,0.13293662986697047,0.3194903185776193,false,m13_joint_composite,P4_four_tier_probe,0.0,1.0
23,2025-01-04,8,15,1720.6454646141297,1723.4946392848326,0.05383673170800303,0.0016558755009661815,0.05383673170800304,0.32156780743217284,false,m13_joint_composite,P4_four_tier_probe,0.0,1.0
24,2025-01-08,1,2,1723.4946392848326,1722.4721622374414,0.0066886557498281865,-0.0005932580375275923,0.0066886557498281865,0.4102309245989997,false,m13_joint_composite,P4_four_tier_probe,0.0,1.0
25,2025-01-11,5,14,1722.4721622374414,1664.9284085522133,0.05042843914552261,-0.033407653805260965,0.05042843914552261,0.25169524050135894,false,m13_joint_composite,P4_four_tier_probe,-0.000593258037527522,1.0
26,2025-01-14,1,2,1664.9284085522133,1640.355193824712,0.014759322143388761,-0.014759322143388761,0.014759322143388761,0.31086967807184707,false,m13_joint_composite,P4_four_tier_probe,-0.03398109248365366,1.0
27,2025-01-17,1,3,1640.355193824712,1683.0034063844585,0.010664880428153887,0.025999376671772316,0.010664880428153887,0.32591795947231683,false,m13_joint_composite,P4_four_tier_probe,-0.04823887673629179,1.0
28,2025-01-18,3,8,1683.0034063844585,1616.5761913802428,0.039469447745753075,-0.039469447745753075,0.03946944774575307,0.20530390462712145,false,m13_joint_composite,P4_four_tier_probe,-0.023493680791009663,1.0
29,2025-01-21,1,2,1616.5761913802428,1661.9583240382972,0.01240094445186274,0.0280729933423718,0.01240094445186274,0.18968754264686943,false,m13_joint_composite,P4_four_tier_probe,-0.062035845930426436,0.75
30,2025-01-25,8,13,1661.9583240382972,1592.5656715314756,0.08504954336574538,-0.041753545502999326,0.08504954336574538,0.2477669663556694,false,m13_joint_composite,P4_four_tier_probe,-0.03570438447784785,1.0
31,2025-01-28,1,3,1592.5656715314756,1609.4546597255871,0.011575960773293422,0.010604892781514372,0.011575960773293422,0.27484313036301977,false,m13_joint_composite,P4_four_tier_probe,-0.07596714533889481,0.75
32,2025-02-01,9,17,1609.4546597255871,1780.3192664992137,0.07548490191402066,0.10616304456986633,0.07548490191402066,0.25112462086723436,false,m13_joint_composite,P4_four_tier_probe,-0.06616787598861729,0.75
33,2025-02-04,1,0,1780.3192664992137,1780.3192664992137,0.0,0.0,0.0,1.0,false,m13_joint_composite,P4_four_tier_probe,0.0,1.0
34,2025-02-08,8,19,1780.3192664992137,1814.243968543878,0.06570813537866012,0.019055403535217265,0.06570813537866013,0.214762777638496,false,m13_joint_composite,P4_four_tier_probe,0.0,1.0
35,2025-02-11,1,2,1814.243968543878,1820.134803153754,0.00619340473157942,0.003246991425637245,0.00619340473157942,0.29008852312001454,false,m13_joint_composite,P4_four_tier_probe,0.0,1.0
36,2025-02-15,8,23,1820.134803153754,1832.7200989698001,0.08024655743173532,0.0069144855613107355,0.08024655743173531,0.26451431212987475,false,m13_joint_composite,P4_four_tier_probe,0.0,1.0
37,2025-02-22,9,20,1832.7200989698001,1886.4928021821142,0.08658887721401344,0.029340379495232757,0.08658887721401345,0.21967464937161937,false,m13_joint_composite,P4_four_tier_probe,0.0,1.0
38,2025-02-25,1,3,1886.4928021821142,1842.0523015890724,0.023557206548383048,-0.023557206548383048,0.023557206548383048,0.29088414474480456,false,m13_joint_composite,P4_four_tier_probe,0.0,1.0
39,2025-03-01,9,22,1842.0523015890724,1992.9280825836663,0.11372014773842044,0.08190635025098852,0.11372014773842043,0.2777458616649873,false,m13_joint_composite,P4_four_tier_probe,-0.023557206548383003,1.0
40,2025-03-04,2,5,1992.9280825836663,1939.7477167992804,0.03467364169294395,-0.026684538317831206,0.03467364169294395,0.19746190239460315,false,m13_joint_composite,P4_four_tier_probe,0.0,1.0
41,2025-03-08,9,24,1939.7477167992804,1806.9952804984182,0.11418486550230011,-0.06843799075062877,0.11418486550230011,0.20553730454516717,false,m13_joint_composite,P4_four_tier_probe,-0.026684538317831352,1.0
42,2025-03-11,2,4,1806.9952804984182,1751.7143973617854,0.030592710303805903,-0.030592710303805903,0.030592710303805903,0.2366170750724464,false,m13_joint_composite,P4_four_tier_probe,-0.09329629288187946,0.75
43,2025-03-15,9,25,1751.7143973617854,1855.6651982181902,0.10874997199199624,0.05934232259149246,0.10874997199199624,0.2874643840789822,false,m13_joint_composite,P4_four_tier_probe,-0.12103481672513106,0.5
44,2025-03-22,9,25,1855.6651982181902,1816.3134587433617,0.10268458854281308,-0.021206271213478546,0.10268458854281307,0.2153395956655205,false,m13_joint_composite,P4_four_tier_probe,-0.06887498127254355,0.75
45,2025-03-29,9,17,1816.3134587433617,1877.266588620962,0.06385031882504928,0.03355870628177325,0.06385031882504927,0.27227495118567907,false,m13_joint_composite,P4_four_tier_probe,-0.08862067095333337,0.75
46,2025-04-05,9,19,1877.266588620962,1930.0853011128104,0.07793393646523561,0.028135967907812625,0.07793393646523561,0.25468764509499425,false,m13_joint_composite,P4_four_tier_probe,-0.05803595973857656,0.75
47,2025-04-12,9,22,1930.0853011128104,1872.5219656489803,0.10723000834681373,-0.02982424426041766,0.10723000834681373,0.2459696265851453,false,m13_joint_composite,P4_four_tier_probe,-0.03153288973146762,1.0
48,2025-04-19,9,19,1872.5219656489803,1927.6446368011523,0.09659895447950671,0.029437663302960257,0.09659895447950671,0.2289137586228725,false,m13_joint_composite,P4_four_tier_probe,-0.06041668938629707,0.75
49,2025-04-26,8,16,1927.6446368011523,1881.7692148466435,0.06308708203773361,-0.02379869249688943,0.06308708203773361,0.31817455795887645,false,m13_joint_composite,P4_four_tier_probe,-0.03275755224337018,1.0
50,2025-05-03,9,22,1881.7692148466435,1940.9704578195342,0.14051697749847877,0.0314604163495761,0.1405169774984788,0.2436940851080018,false,m13_joint_composite,P4_four_tier_probe,-0.05577665782746888,0.75
51,2025-08-02,9,20,1940.9704578195342,1854.1752018973734,0.10400564116497077,-0.04471745336076142,0.10400564116497077,0.2132779437812545,false,m13_joint_composite,P4_four_tier_probe,-0.026070998355732566,1.0
52,2025-08-09,9,21,1854.1752018973734,1913.1768413564123,0.17494253521774006,0.03182096244123141,0.17494253521774003,0.25257001624855124,false,m13_joint_composite,P4_four_tier_probe,-0.06962262306345313,0.75
53,2025-08-16,6,17,1913.1768413564123,2067.071228915466,0.10342524467061379,0.08043918587784303,0.10342524467061379,0.30884442347933566,false,m13_joint_composite,P4_four_tier_probe,-0.040017119495783904,1.0
54,2025-08-23,9,23,2067.071228915466,1974.2474522366767,0.10411993072904176,-0.04490594004711251,0.10411993072904177,0.23426772876393767,false,m13_joint_composite,P4_four_tier_probe,0.0,1.0
55,2025-08-30,9,21,1974.2474522366767,1774.6116995011926,0.14412832639711057,-0.10111992420672061,0.14412832639711054,0.3279125987151571,false,m13_joint_composite,P4_four_tier_probe,-0.04490594004711246,1.0
56,2025-09-13,8,17,1774.6116995011926,1710.9753212756746,0.10846957751377206,-0.03585932530671622,0.10846957751377205,0.20906110469199415,false,m13_joint_composite,P4_four_tier_probe,-0.14148497899983759,0.5
57,2025-09-20,9,18,1710.9753212756746,1702.0993008847825,0.10243692564749714,-0.005187696327656163,0.10243692564749715,0.22342634881974324,false,m13_joint_composite,P4_four_tier_probe,-0.1722707484185848,0.25
58,2025-09-27,9,25,1702.0993008847825,1975.0121863645172,0.1672300672369197,0.16033899158402176,0.16723006723691966,0.2792501321142553,false,m13_joint_composite,P4_four_tier_probe,-0.1765647564173073,0.25
59,2025-10-04,9,23,1975.0121863645172,2034.1504582915832,0.11540556912063311,0.0299432440646983,0.11540556912063311,0.2236390127708784,false,m13_joint_composite,P4_four_tier_probe,-0.044535979826514915,1.0
60,2025-10-07,1,3,2034.1504582915832,2020.571963051545,0.013403041986400686,-0.006675265924744844,0.013403041986400686,0.19527316065811923,false,m13_joint_composite,P4_four_tier_probe,-0.015926287475422574,1.0
61,2025-10-18,9,16,2020.571963051545,2121.7693737769623,0.11477788419907098,0.05008354692430027,0.11477788419907098,0.279786724053212,false,m13_joint_composite,P4_four_tier_probe,-0.022495241196075044,1.0
62,2025-10-24,1,4,2121.7693737769623,2216.99104710881,0.021793047191296988,0.04487842765038285,0.021793047191296988,0.33235240427478097,false,m13_joint_composite,P4_four_tier_probe,0.0,1.0
63,2025-10-25,4,8,2216.99104710881,2273.8635832280943,0.05737821675386006,0.02565302922330344,0.05737821675386006,0.24016198467439934,false,m13_joint_composite,P4_four_tier_probe,0.0,1.0
64,2025-11-01,9,18,2273.8635832280943,2342.1263648273793,0.09320996925702837,0.03002061429840747,0.09320996925702839,0.2408517041215142,false,m13_joint_composite,P4_four_tier_probe,0.0,1.0
65,2025-11-08,9,15,2342.1263648273793,2338.8637823190784,0.09332008530220548,-0.0013930002058371142,0.09332008530220547,0.3047763393691694,false,m13_joint_composite,P4_four_tier_probe,0.0,1.0
66,2025-11-15,8,20,2338.8637823190784,2448.3938723210586,0.09065595274085608,0.046830469918764134,0.0906559527408561,0.20126051531752503,false,m13_joint_composite,P4_four_tier_probe,-0.0013930002058371027,1.0
67,2025-11-22,9,23,2448.3938723210586,2540.756204813972,0.15203112893105578,0.037723641419407025,0.15203112893105578,0.2649488149463268,false,m13_joint_composite,P4_four_tier_probe,0.0,1.0
68,2025-11-25,1,3,2540.756204813972,2534.187826099829,0.020204052513764496,-0.0025852062081744218,0.020204052513764496,0.1986622684479212,false,m13_joint_composite,P4_four_tier_probe,0.0,1.0
69,2025-12-06,8,17,2534.187826099829,2383.3631282551373,0.09923742927044973,-0.05951599020851357,0.09923742927044975,0.24774813596550144,false,m13_joint_composite,P4_four_tier_probe,-0.002585206208174484,1.0
70,2025-12-13,9,24,2383.3631282551373,2553.689315142286,0.1255493743813261,0.07146463955404261,0.12554937438132607,0.28456974481119296,false,m13_joint_composite,P4_four_tier_probe,-0.0619473353093154,0.75
71,2025-12-20,9,19,2553.689315142286,2833.3364390721117,0.0808708033872409,0.10950710498400804,0.0808708033872409,0.21327438668084756,false,m13_joint_composite,P4_four_tier_probe,0.0,1.0
72,2025-12-27,9,24,2833.3364390721117,3185.2417288891015,0.1127785582375646,0.1242017308513617,0.11277855823756457,0.2744684686092682,false,m13_joint_composite,P4_four_tier_probe,0.0,1.0
73,2026-01-03,4,10,3185.2417288891015,3170.3695189220566,0.03368243108081774,-0.00466909931267032,0.03368243108081775,0.24078205291857693,false,m13_joint_composite,P4_four_tier_probe,0.0,1.0
74,2026-01-10,5,14,3170.3695189220566,3059.318975954092,0.07552955958465994,-0.03502763394146006,0.07552955958465996,0.2506332435786964,false,m13_joint_composite,P4_four_tier_probe,-0.004669099312670344,1.0
75,2026-01-17,2,7,3059.318975954092,3117.6417056974738,0.03469648324000379,0.01906395841747524,0.03469648324000379,0.2564867622963894,false,m13_joint_composite,P4_four_tier_probe,-0.03953318575256981,1.0
76,2026-01-20,2,6,3117.6417056974738,3034.422286912129,0.03111540196088695,-0.02669306695290287,0.03111540196088695,0.2028534918434385,false,m13_joint_composite,P4_four_tier_probe,-0.021222886344391956,1.0
77,2026-01-24,8,24,3034.422286912129,3012.4457161646737,0.12263345533118784,-0.007242423324612038,0.12263345533118784,0.2439131365493909,false,m13_joint_composite,P4_four_tier_probe,-0.04734944937117003,1.0
78,2026-01-31,9,21,3012.4457161646737,3038.2543438397597,0.11421226177414062,0.00856733369056167,0.1142122617741406,0.26271699182502745,false,m13_joint_composite,P4_four_tier_probe,-0.05424894793924884,0.75
79,2026-02-07,5,13,3038.2543438397597,2962.033715374147,0.08133820287017504,-0.025086980825076266,0.08133820287017504,0.2846531854073336,false,m13_joint_composite,P4_four_tier_probe,-0.04614638308804453,1.0
80,2026-02-10,3,12,2962.033715374147,3003.720273041883,0.051429094854118326,0.01407362699869532,0.05142909485411831,0.30274193926382703,false,m13_joint_composite,P4_four_tier_probe,-0.07007569048544438,0.75
81,2026-02-14,6,18,3003.720273041883,2986.2138641173333,0.07858434578967069,-0.005828242090872418,0.0785843457896707,0.23487241498994835,false,m13_joint_composite,P4_four_tier_probe,-0.056988282616317054,0.75
82,2026-02-17,4,12,2986.2138641173333,2989.191787037084,0.03926430851150746,0.0009972235932374112,0.03926430851150747,0.2033505049946568,false,m13_joint_composite,P4_four_tier_probe,-0.062484383199758575,0.75
83,2026-02-21,9,17,2989.191787037084,3151.645781276191,0.11509901660028359,0.05434712986420093,0.11509901660028359,0.27186036215407605,false,m13_joint_composite,P4_four_tier_probe,-0.0615494705076568,0.75
84,2026-02-24,3,4,3151.645781276191,3226.5019167177575,0.014331956327364052,0.023751443098803723,0.014331956327364052,0.20575526753709478,false,m13_joint_composite,P4_four_tier_probe,-0.010547377710208417,1.0
85,2026-02-28,9,20,3226.5019167177575,3200.0765038434747,0.10626477887390326,-0.008190112250472344,0.10626477887390325,0.21709714216143391,false,m13_joint_composite,P4_four_tier_probe,0.0,1.0
86,2026-03-03,2,4,3200.0765038434747,3129.3445029619024,0.02210322184379615,-0.02210322184379615,0.02210322184379615,0.2440448209397918,false,m13_joint_composite,P4_four_tier_probe,-0.008190112250472392,1.0
87,2026-03-07,9,19,3129.3445029619024,3017.8500231062358,0.12405376254860771,-0.03562870107466208,0.1240537625486077,0.2968196452240124,false,m13_joint_composite,P4_four_tier_probe,-0.030112306226270924,1.0
88,2026-03-10,3,8,3017.8500231062358,3027.6801932405247,0.0494816441596157,0.003257342167113514,0.0494816441596157,0.24851886848900345,false,m13_joint_composite,P4_four_tier_probe,-0.06466814494372852,0.75
89,2026-03-14,9,21,3027.6801932405247,2987.7824009937217,0.13189181449434056,-0.013177677198495883,0.13189181449434056,0.24934018219442278,false,m13_joint_composite,P4_four_tier_probe,-0.06162144905200906,0.75
90,2026-03-17,1,3,2987.7824009937217,2861.281507187371,0.04233939317812335,-0.04233939317812335,0.04233939317812335,0.2892503085517732,false,m13_joint_composite,P4_four_tier_probe,-0.07398709868639386,0.75
91,2026-03-21,9,21,2861.281507187371,2717.8598590136703,0.14367223523152414,-0.05012496946331016,0.14367223523152417,0.2731569377636854,false,m13_joint_composite,P4_four_tier_probe,-0.11319392300312536,0.5
92,2026-03-24,2,3,2717.8598590136703,2703.436166414247,0.009798573857757908,-0.005307003799915408,0.009798573857757908,0.3336328902092005,false,m13_joint_composite,P4_four_tier_probe,-0.15764505053247158,0.25
93,2026-03-27,1,4,2703.436166414247,2743.914663691873,0.022814367482827003,0.014972980601689325,0.022814367482827003,0.32653939807530413,false,m13_joint_composite,P4_four_tier_probe,-0.16211543145017326,0.25
94,2026-03-28,7,16,2743.914663691873,2769.0611377051837,0.0540312633979381,0.009164451921940105,0.05403126339793811,0.24577610776872538,false,m13_joint_composite,P4_four_tier_probe,-0.14956980205882187,0.5
95,2026-04-04,8,19,2769.0611377051837,2567.665365960285,0.09746241661194989,-0.07273070608755226,0.09746241661194988,0.2627941796215332,false,m13_joint_composite,P4_four_tier_probe,-0.1417760753968239,0.5
96,2026-04-07,1,4,2567.665365960285,2566.009784000237,0.014853256770901485,-0.0006447810458465285,0.014853256770901485,0.3197733327203384,false,m13_joint_composite,P4_four_tier_probe,-0.20419530741444314,0.25
97,2026-04-11,9,23,2566.009784000237,2692.4265080021723,0.1382779072103791,0.049265877624543,0.1382779072103791,0.22518436630900196,false,m13_joint_composite,P4_four_tier_probe,-0.20470842719641813,0.25
98,2026-04-14,1,3,2692.4265080021723,2644.746677093996,0.04090696891949924,-0.017708869960411863,0.04090696891949924,0.20314126691909026,false,m13_joint_composite,P4_four_tier_probe,-0.16552768989484656,0.25
99,2026-04-18,9,21,2644.746677093996,2794.624716363075,0.13205198739386334,0.05667009266602525,0.13205198739386337,0.23603158577501498,false,m13_joint_composite,P4_four_tier_probe,-0.18030525152006327,0.25
100,2026-04-25,9,29,2794.624716363075,2722.575152998876,0.1505461686480759,-0.025781480762813988,0.1505461686480759,0.2585108758767121,false,m13_joint_composite,P4_four_tier_probe,-0.13385307416585102,0.5
