model,generation,side,match_id,residual
G1 m00_baseline,1,home,12477128,0.6524396114771813
G1 m00_baseline,1,home,12477134,-0.0809745509324417
G1 m00_baseline,1,home,12477131,-0.3070193697554342
G1 m00_baseline,1,home,12477135,-1.6468550810088327
G1 m00_baseline,1,home,12477132,-0.6202631289375057
G1 m00_baseline,1,home,12476800,-0.07101069799413637
G1 m00_baseline,1,home,12476794,0.30482562487671705
G1 m00_baseline,1,home,12476797,0.6799547339376973
G1 m00_baseline,1,home,12476799,-1.2870703163479928
G1 m00_baseline,1,home,12476798,0.953896335787862
G1 m00_baseline,1,home,12477129,-0.6745222741427765
G1 m00_baseline,1,home,12477126,1.4353871718696116
G1 m00_baseline,1,home,12477130,0.4917288078592777
G1 m00_baseline,1,home,12477123,-1.9610919920343675
G1 m00_baseline,1,home,12477133,-1.126099991369381
G1 m00_baseline,1,home,12476632,0.6588970020975032
G1 m00_baseline,1,home,12476633,-1.2929343561263973
G1 m00_baseline,1,home,12476630,0.5910084613403059
G1 m00_baseline,1,home,12476635,0.3218496198626953
G1 m00_baseline,1,home,12476636,-0.2844080441542412
G1 m00_baseline,1,home,12476793,-0.5950932439689278
G1 m00_baseline,1,home,12476795,-0.5915489570952805
G1 m00_baseline,1,home,12476796,-0.8634475750288177
G1 m00_baseline,1,home,12476792,0.1954544129547145
G1 m00_baseline,1,home,12476790,-0.8021464950442788
G1 m00_baseline,1,home,12476788,-1.8521704206371017
G1 m00_baseline,1,home,12476786,1.0134703108998409
G1 m00_baseline,1,home,12476787,-1.4612606370938168
G1 m00_baseline,1,home,12476791,0.644544437467281
G1 m00_baseline,1,home,12476789,-0.6144509363349112
G1 m00_baseline,1,home,12476629,0.41860905611050103
G1 m00_baseline,1,home,12476634,-1.6597635080931072
G1 m00_baseline,1,home,12476623,-0.29289567584776477
G1 m00_baseline,1,home,12476631,0.35608524560613836
G1 m00_baseline,1,home,12476624,-1.3072489957569104
G1 m00_baseline,1,home,12476627,-1.3384925361350029
G1 m00_baseline,1,home,12476625,0.5146075974605632
G1 m00_baseline,1,home,12476621,-0.11546173011764092
G1 m00_baseline,1,home,12476622,-1.2749735073716562
G1 m00_baseline,1,home,12476782,-1.3304819025205936
G1 m00_baseline,1,home,12476785,-0.8196267921742951
G1 m00_baseline,1,home,12476784,0.3313470732684458
G1 m00_baseline,1,home,12476781,-0.6694441097780996
G1 m00_baseline,1,home,12476779,2.007705776055604
G1 m00_baseline,1,home,12476619,2.28377339049313
G1 m00_baseline,1,home,12476620,-1.197616805572742
G1 m00_baseline,1,home,12476618,-0.34464923364479355
G1 m00_baseline,1,home,12476626,0.518410150821106
G1 m00_baseline,1,home,12476617,-0.5600530321752588
G1 m00_baseline,1,home,12476780,0.2111753502625633
G1 m00_baseline,1,home,12476778,-0.16893334589037742
G1 m00_baseline,1,home,12476776,0.9270637280115378
G1 m00_baseline,1,home,12476777,0.14081804955699023
G1 m00_baseline,1,home,12476783,-0.44544178731372863
G1 m00_baseline,1,home,12476772,-0.1297064584087654
G1 m00_baseline,1,home,12476774,-2.203858778619422
G1 m00_baseline,1,home,12476771,-0.8672701420866433
G1 m00_baseline,1,home,12476773,0.5345257292390863
G1 m00_baseline,1,home,12476775,-0.2199433440153158
G1 m00_baseline,1,home,12476611,0.7589140840945542
G1 m00_baseline,1,home,12476616,-0.2823950960665934
G1 m00_baseline,1,home,12476614,0.3026924560078619
G1 m00_baseline,1,home,12476612,-0.5378464339894947
G1 m00_baseline,1,home,12476615,0.36457478497773743
G1 m00_baseline,1,home,12811090,-0.35295718850523944
G1 m00_baseline,1,home,12476607,0.5792452814886571
G1 m00_baseline,1,home,12476613,-0.9566947009642008
G1 m00_baseline,1,home,12476606,-0.8722298622080316
G1 m00_baseline,1,home,12476603,0.37395644861977595
G1 m00_baseline,1,home,12476770,-1.8010804388385018
G1 m00_baseline,1,home,12476767,0.5189559897938244
G1 m00_baseline,1,home,12476766,0.5046907285462072
G1 m00_baseline,1,home,12476769,0.7909677657736419
G1 m00_baseline,1,home,12476768,0.4100617960848748
G1 m00_baseline,1,home,12476761,-0.7218324395858398
G1 m00_baseline,1,home,12476765,-1.967444374713458
G1 m00_baseline,1,home,12476764,-0.7111835312171153
G1 m00_baseline,1,home,12476762,-0.2573648421269558
G1 m00_baseline,1,home,12476759,-0.16441581754244103
G1 m00_baseline,1,home,12476604,0.2877956390813775
G1 m00_baseline,1,home,12476609,-1.1949531487595397
G1 m00_baseline,1,home,12476610,0.9914486408009745
G1 m00_baseline,1,home,12476601,-1.989134279141856
G1 m00_baseline,1,home,12476605,-2.0669602009507786
G1 m00_baseline,1,home,12476600,2.157109294050965
G1 m00_baseline,1,home,12476598,0.7636832912296713
G1 m00_baseline,1,home,12476599,-1.504584783834266
G1 m00_baseline,1,home,12476597,-0.767684805290563
G1 m00_baseline,1,home,12476602,-0.8023226351386937
G1 m00_baseline,1,home,12476760,0.37276865654444624
G1 m00_baseline,1,home,12476763,-0.054646043068652755
G1 m00_baseline,1,home,12476758,-0.11642395346690337
G1 m00_baseline,1,home,12476757,-0.8961861870654778
G1 m00_baseline,1,home,12476756,-0.8515433931679058
G1 m00_baseline,1,home,12954858,0.21545073935476705
G1 m00_baseline,1,home,12476594,0.8667686864235717
G1 m00_baseline,1,home,12476592,0.029084284256689824
G1 m00_baseline,1,home,12476595,-0.9427420898814266
G1 m00_baseline,1,home,12476593,-0.9862515349716289
G1 m00_baseline,1,home,12476596,0.5905327243333458
G1 m00_baseline,1,home,12476750,-2.1205444701059455
G1 m00_baseline,1,home,12476753,1.364956690242701
G1 m00_baseline,1,home,12476755,-0.8607878203100846
G1 m00_baseline,1,home,12476752,-0.6800425112322868
G1 m00_baseline,1,home,12476751,0.39405379308456173
G1 m00_baseline,1,home,12476749,-2.4850061146744125
G1 m00_baseline,1,home,12476748,-0.2842551168581387
G1 m00_baseline,1,home,12476739,-0.3082094289094861
G1 m00_baseline,1,home,12476741,-0.06660831080467818
G1 m00_baseline,1,home,12476754,2.0039728948378266
G1 m00_baseline,1,home,12476589,0.5144857786555418
G1 m00_baseline,1,home,12476587,0.2738401939156494
G1 m00_baseline,1,home,12476591,0.536758556444916
G1 m00_baseline,1,home,12476590,-0.8146693358070435
G1 m00_baseline,1,home,12476588,-0.1357851455506317
G1 m00_baseline,1,home,12476746,-0.3098112396990016
G1 m00_baseline,1,home,12476747,0.4946235911123826
G1 m00_baseline,1,home,12476742,-0.5114832118785485
G1 m00_baseline,1,home,12476745,-0.7357392821704898
G1 m00_baseline,1,home,12476743,-0.770849985509682
G1 m00_baseline,1,home,12476737,0.09310297618244814
G1 m00_baseline,1,home,12476735,-0.8367748042716151
G1 m00_baseline,1,home,12476744,0.7042943850327963
G1 m00_baseline,1,home,12476738,-0.06311225074749685
G1 m00_baseline,1,home,12476740,-1.2618936759888326
G1 m00_baseline,1,home,12476586,0.6835178732154121
G1 m00_baseline,1,home,12476582,-0.46441585387429385
G1 m00_baseline,1,home,12476579,-1.2548910628762282
G1 m00_baseline,1,home,12476585,0.5111006713080921
G1 m00_baseline,1,home,12476583,-0.34755139206841135
G1 m00_baseline,1,home,12476584,0.20704014181377423
G1 m00_baseline,1,home,12476581,1.3126509054705022
G1 m00_baseline,1,home,12476580,0.5926938197975999
G1 m00_baseline,1,home,12476574,-0.020544466459047298
G1 m00_baseline,1,home,12476578,1.3478173807203104
G1 m00_baseline,1,home,12476731,0.7600869541375006
G1 m00_baseline,1,home,12476548,-0.11159855524857154
G1 m00_baseline,1,home,13179032,-1.3131391767001441
G1 m00_baseline,1,home,13171689,0.28451646612647985
G1 m00_baseline,1,home,12476727,0.5093749325304663
G1 m00_baseline,1,home,12476729,0.0208248468926106
G1 m00_baseline,1,home,12476724,1.8842761653714146
G1 m00_baseline,1,home,12476730,0.7415583594131334
G1 m00_baseline,1,home,12476728,-1.6516006269533874
G1 m00_baseline,1,home,12476720,-0.9482251481216057
G1 m00_baseline,1,home,12476722,-1.7736332478000427
G1 m00_baseline,1,home,12476721,-0.7099078609269743
G1 m00_baseline,1,home,12476725,-0.47489170388826524
G1 m00_baseline,1,home,12476723,0.4849717053122703
G1 m00_baseline,1,home,13171688,0.5654481454553213
G1 m00_baseline,1,home,12476562,-1.1698147926910216
G1 m00_baseline,1,home,12476564,0.8577001251776938
G1 m00_baseline,1,home,12476565,0.3608415065066595
G1 m00_baseline,1,home,13175772,-0.8297937395501488
G1 m00_baseline,1,home,12476563,-1.053841676802562
G1 m00_baseline,1,home,12476556,-0.310653101345233
G1 m00_baseline,1,home,12476558,0.8399531973749117
G1 m00_baseline,1,home,12476561,0.3744045269641993
G1 m00_baseline,1,home,12476560,2.2164773169289234
G1 m00_baseline,1,home,13179034,0.7675020487265413
G1 m00_baseline,1,home,12476726,-1.4056425327133044
G1 m00_baseline,1,home,12476718,-0.8440408835181759
G1 m00_baseline,1,home,12476716,0.6190494076618754
G1 m00_baseline,1,home,12476719,0.5461228591058896
G1 m00_baseline,1,home,12476717,-0.4589460725308175
G1 m00_baseline,1,home,12476713,0.009415198822489267
G1 m00_baseline,1,home,12476715,-0.535711062418335
G1 m00_baseline,1,home,12476714,1.1306005560317243
G1 m00_baseline,1,home,12476710,-0.08133563594516272
G1 m00_baseline,1,home,12476712,0.41636006137701476
G1 m00_baseline,1,home,13175771,-0.6738605114855131
G1 m00_baseline,1,home,13159980,1.533639914381079
G1 m00_baseline,1,home,12476551,-0.4821444745859011
G1 m00_baseline,1,home,12476555,0.5539370491432657
G1 m00_baseline,1,home,12476557,2.184555362503674
G1 m00_baseline,1,home,12476554,0.5936199568388354
G1 m00_baseline,1,home,12476550,-0.4516649321361405
G1 m00_baseline,1,home,12476549,0.41824792934616656
G1 m00_baseline,1,home,12476547,-0.7114325703586625
G1 m00_baseline,1,home,12476552,0.007914642153084557
G1 m00_baseline,1,home,12476553,0.4777720605506285
G1 m00_baseline,1,home,12476711,-0.71945345219582
G1 m00_baseline,1,home,12476708,0.6962602022059943
G1 m00_baseline,1,home,12476707,-0.5420391475450708
G1 m00_baseline,1,home,12476709,-1.3226790158715696
G1 m00_baseline,1,home,12476706,0.023462367699405608
G1 m00_baseline,1,home,12476705,0.04414395201113018
G1 m00_baseline,1,home,12476701,-1.4068420388739102
G1 m00_baseline,1,home,12476539,0.3523890487125954
G1 m00_baseline,1,home,12476545,0.6472046562127904
G1 m00_baseline,1,home,12476546,-0.3365984629808824
G1 m00_baseline,1,home,13217663,0.7124095573604609
G1 m00_baseline,1,home,12476541,0.817094502459962
G1 m00_baseline,1,home,12476544,-1.0249344257176707
G1 m00_baseline,1,home,12476533,-0.5991143234750701
G1 m00_baseline,1,home,13324922,-0.9778036148677558
G1 m00_baseline,1,home,13197505,0.9310682107603594
G1 m00_baseline,1,home,12476697,-0.5649344799127535
G1 m00_baseline,1,home,12476698,-1.2931822674133373
G1 m00_baseline,1,home,12476700,0.3890189772345211
G1 m00_baseline,1,home,12476696,0.9758664291313458
G1 m00_baseline,1,home,13315347,-0.5929965747948648
G1 m00_baseline,1,home,12476531,-1.014421352379255
G1 m00_baseline,1,home,12476529,1.0343502101678845
G1 m00_baseline,1,home,12476538,-1.181370076368101
G1 m00_baseline,1,home,13233442,0.6817197928476204
G1 m00_baseline,1,home,12476519,-0.17894685359952003
G1 m00_baseline,1,home,12476525,-1.1071926055240722
G1 m00_baseline,1,home,12476523,1.921427817296519
G1 m00_baseline,1,home,12476522,1.1205658299372996
G1 m00_baseline,1,home,12476524,-1.3077700000105794
G1 m00_baseline,1,home,12476693,-0.5927876373228399
G1 m00_baseline,1,home,12476695,0.1653927715459508
G1 m00_baseline,1,home,12476691,-2.0969757129045834
G1 m00_baseline,1,home,12476692,-0.6162042910798651
G1 m00_baseline,1,home,12476699,-0.5375379086191867
G1 m00_baseline,1,home,12476689,1.1542183850140972
G1 m00_baseline,1,home,12476685,0.06601024986117394
G1 m00_baseline,1,home,12476686,0.2654553413487145
G1 m00_baseline,1,home,12476690,0.6817198674787733
G1 m00_baseline,1,home,13343736,1.1497048935027832
G1 m00_baseline,1,home,12476521,1.5499520706494128
G1 m00_baseline,1,home,12476514,0.46004130738154886
G1 m00_baseline,1,home,12476518,0.10231757700311185
G1 m00_baseline,1,home,12476520,0.6096223885748253
G1 m00_baseline,1,home,12476515,-0.1303868710261724
G1 m00_baseline,1,home,13348881,-0.5931974366192116
G1 m00_baseline,1,home,13255608,0.8341096731736837
G1 m00_baseline,1,home,12476516,-1.3465235034267908
G1 m00_baseline,1,home,12476512,-0.9057976517433965
G1 m00_baseline,1,home,12476511,1.0958686410745948
G1 m00_baseline,1,home,12476517,0.3373352612918858
G1 m00_baseline,1,home,12476513,0.7919467355428195
G1 m00_baseline,1,home,13391276,-0.5864767533223547
G1 m00_baseline,1,home,12476688,0.9357665955546051
G1 m00_baseline,1,home,12476684,-0.9788287346469542
G1 m00_baseline,1,home,12476681,0.4700395925492426
G1 m00_baseline,1,home,12476682,0.4972517916598848
G1 m00_baseline,1,home,12476679,-0.8758194098411806
G1 m00_baseline,1,home,12476678,0.5320628473765195
G1 m00_baseline,1,home,12476675,0.24277369990863412
G1 m00_baseline,1,home,12476680,1.235155118584535
G1 m00_baseline,1,home,12476677,-1.553108427434115
G1 m00_baseline,1,home,12476508,0.9073722622865596
G1 m00_baseline,1,home,12476510,2.0230900307878388
G1 m00_baseline,1,home,12476506,-0.4477656288014173
G1 m00_baseline,1,home,12476509,0.7149028133139955
G1 m00_baseline,1,home,12476507,-0.0055217196045128
G1 m00_baseline,1,home,12476502,-1.127569553006308
G1 m00_baseline,1,home,12476500,-0.061862035274713165
G1 m00_baseline,1,home,12476501,0.8909520155894022
G1 m00_baseline,1,home,12476505,-1.1421522491434193
G1 m00_baseline,1,home,12476504,-1.051705940566561
G1 m00_baseline,1,home,13415294,0.6004016222867531
G1 m00_baseline,1,home,12476674,0.5013545082065421
G1 m00_baseline,1,home,12476671,1.0823000014820865
G1 m00_baseline,1,home,12476670,0.04837300944312006
G1 m00_baseline,1,home,12476672,-0.5588610807276135
G1 m00_baseline,1,home,12476669,-1.1991158564584887
G1 m00_baseline,1,home,13343733,-0.027343622020793268
G1 m00_baseline,1,home,12476667,0.8620787025659479
G1 m00_baseline,1,home,12476662,-1.7665629602085298
G1 m00_baseline,1,home,12476673,-1.015991956270713
G1 m00_baseline,1,home,12476676,0.5853154036257733
G1 m00_baseline,1,home,12476668,-1.6491312834566723
G1 m00_baseline,1,home,12476526,-0.1658175106008526
G1 m00_baseline,1,home,12476497,0.6484475253320271
G1 m00_baseline,1,home,12476499,-1.8198403434256714
G1 m00_baseline,1,home,12476496,-0.6165216203433779
G1 m00_baseline,1,home,12476498,-1.2010362361728926
G1 m00_baseline,1,home,12476495,0.800776101005933
G1 m00_baseline,1,home,13436762,-0.1965467568154414
G1 m00_baseline,1,home,12476490,-0.1629218780318637
G1 m00_baseline,1,home,12476492,-2.027206168795113
G1 m00_baseline,1,home,12476489,-0.9256249921391846
G1 m00_baseline,1,home,12476493,-1.0943710712106625
G1 m00_baseline,1,home,12476491,-0.9300220797899095
G1 m00_baseline,1,home,13399583,-0.9526552913739538
G1 m00_baseline,1,home,13480337,1.7124223997621029
G1 m00_baseline,1,home,12476665,-0.14565477173460778
G1 m00_baseline,1,home,12476661,0.23462352603114267
G1 m00_baseline,1,home,12476666,-1.570117562921682
G1 m00_baseline,1,home,12476663,-1.720176587297312
G1 m00_baseline,1,home,12476660,0.8042403270789952
G1 m00_baseline,1,home,12640468,-0.1627394902726099
G1 m00_baseline,1,home,12476657,-0.37275654496740185
G1 m00_baseline,1,home,12476659,-1.3122352085417992
G1 m00_baseline,1,home,12476664,-0.9420158754495784
G1 m00_baseline,1,home,12476658,0.9268254989260702
G1 m00_baseline,1,home,13343735,-1.0387199466053307
G1 m00_baseline,1,home,12476485,0.12228217618882407
G1 m00_baseline,1,home,12476487,-1.4066340301581752
G1 m00_baseline,1,home,12476486,0.231372722079068
G1 m00_baseline,1,home,12476488,-1.195511027186288
G1 m00_baseline,1,home,12476494,-0.8366269453579406
G1 m00_baseline,1,home,12476483,2.197526523420098
G1 m00_baseline,1,home,12476484,1.11626974429616
G1 m00_baseline,1,home,12476482,-0.003909379548293955
G1 m00_baseline,1,home,12476478,-0.25850010147554237
G1 m00_baseline,1,home,12476481,-1.2593547198225148
G1 m00_baseline,1,home,12476656,0.3392246614324161
G1 m00_baseline,1,home,12476654,-0.7414027661587502
G1 m00_baseline,1,home,12476652,1.57836639481717
G1 m00_baseline,1,home,12476651,0.3252859766031474
G1 m00_baseline,1,home,12476655,0.49642609886875966
G1 m00_baseline,1,home,12476648,-1.1557110117431406
G1 m00_baseline,1,home,12476649,-1.0706698094503542
G1 m00_baseline,1,home,12476653,-0.9151580518482653
G1 m00_baseline,1,home,12476650,-0.8513190514681426
G1 m00_baseline,1,home,12476646,-0.26533043556996394
G1 m00_baseline,1,home,12476477,0.6506337226248733
G1 m00_baseline,1,home,12476474,1.575567837607265
G1 m00_baseline,1,home,12476479,-1.3140251646059131
G1 m00_baseline,1,home,12476480,-0.9419889751288859
G1 m00_baseline,1,home,12476476,-0.467995437863459
G1 m00_baseline,1,home,12476469,2.2927929776598757
G1 m00_baseline,1,home,12476475,0.6924994244025122
G1 m00_baseline,1,home,12476471,-0.9836091673949462
G1 m00_baseline,1,home,12476470,0.520952934098029
G1 m00_baseline,1,home,12476473,-0.4155821037408678
G1 m00_baseline,1,home,12476645,-0.07255363171622553
G1 m00_baseline,1,home,12476642,-0.8848161328146983
G1 m00_baseline,1,home,12476647,-0.7593562006521721
G1 m00_baseline,1,home,12476643,1.9272828390226577
G1 m00_baseline,1,home,12476644,0.21215721159240764
G1 m00_baseline,1,home,12476640,-0.6586970816708106
G1 m00_baseline,1,home,12476641,2.4239617566947476
G1 m00_baseline,1,home,12476637,-0.7712534097383246
G1 m00_baseline,1,home,12476639,-0.10439280172447167
G1 m00_baseline,1,home,12476638,0.3923526918389918
G1 m00_baseline,1,home,12476465,-0.8787623988967638
G1 m00_baseline,1,home,12476472,-0.005585796035472893
G1 m00_baseline,1,home,12476468,0.4864980962744542
G1 m00_baseline,1,home,12476464,0.8901238148850179
G1 m00_baseline,1,home,12476467,-0.5626075171322555
G1 m00_baseline,1,home,12476463,1.736471571232821
G1 m00_baseline,1,home,12476466,0.6216878225243163
G1 m00_baseline,1,home,12476461,0.6922016587663955
G1 m00_baseline,1,home,12476460,-1.0105438698230573
G1 m00_baseline,1,home,12476462,0.11185030047266234
G1 m00_baseline,1,home,12473328,1.3152625223932715
G1 m00_baseline,1,home,12473336,0.5756892347942238
G1 m00_baseline,1,home,12473335,0.676494298310862
G1 m00_baseline,1,home,12473322,0.6702802616775372
G1 m00_baseline,1,home,12473327,0.9383845676182864
G1 m00_baseline,1,home,12473331,0.37623947711960426
G1 m00_baseline,1,home,12473333,-1.5875197211956267
G1 m00_baseline,1,home,12473334,-0.3789604766126172
G1 m00_baseline,1,home,12473337,0.37508279307482095
G1 m00_baseline,1,home,12473330,0.2004516191752541
G1 m00_baseline,1,home,12476454,1.0485722692317383
G1 m00_baseline,1,home,12476455,-0.11746298002187387
G1 m00_baseline,1,home,12476458,0.37382608210336216
G1 m00_baseline,1,home,12476459,-0.804735144961307
G1 m00_baseline,1,home,12476457,-1.2269133915107704
G1 m00_baseline,1,home,12476452,0.31823862646377077
G1 m00_baseline,1,home,12476567,-2.9347663095486536
G1 m00_baseline,1,home,12476453,2.5269361241768347
G1 m00_baseline,1,home,12476575,-1.1942687599147388
G1 m00_baseline,1,home,12476570,1.091560093732314
G1 m00_baseline,1,home,14035482,-0.8779850083113478
G1 m00_baseline,1,home,14035495,-0.9838852653896141
G1 m00_baseline,1,home,14035487,1.7317809793068288
G1 m00_baseline,1,home,14035486,0.5026551207252475
G1 m00_baseline,1,home,14343735,-0.41596449381166867
G1 m00_baseline,1,home,14035506,-0.27035769200449544
G1 m00_baseline,1,home,14035498,0.23191659990535632
G1 m00_baseline,1,home,14035502,-0.13018279799091487
G1 m00_baseline,1,home,14035497,-0.9309270379009703
G1 m00_baseline,1,home,14035501,-0.4929434379613093
G1 m00_baseline,1,home,14035665,-0.12234717939700718
G1 m00_baseline,1,home,14035666,-0.48659429525143055
G1 m00_baseline,1,home,14035662,1.0231643939461736
G1 m00_baseline,1,home,14035664,0.7136100760916656
G1 m00_baseline,1,home,14035663,-0.32828836165972175
G1 m00_baseline,1,home,14035669,-1.3968782489643372
G1 m00_baseline,1,home,14035667,-1.5178157513756028
G1 m00_baseline,1,home,14035671,-0.28003064781134623
G1 m00_baseline,1,home,14035670,-0.46699640156548305
G1 m00_baseline,1,home,14035668,-1.153914043068862
G1 m00_baseline,1,home,14035484,-0.4290864993219422
G1 m00_baseline,1,home,14035485,0.8093078065898559
G1 m00_baseline,1,home,14035488,-0.3744377603448879
G1 m00_baseline,1,home,14035489,1.6344583229555387
G1 m00_baseline,1,home,14035494,0.31929625032084236
G1 m00_baseline,1,home,14035493,0.8340701277651628
G1 m00_baseline,1,home,14035496,-1.3027399915294606
G1 m00_baseline,1,home,14035492,-0.34074426005709
G1 m00_baseline,1,home,14035491,-1.3631573748667598
G1 m00_baseline,1,home,14035675,0.12252173747410877
G1 m00_baseline,1,home,14035672,-0.6540815074333441
G1 m00_baseline,1,home,14035674,1.7452883978364238
G1 m00_baseline,1,home,14035676,-0.5144617229184756
G1 m00_baseline,1,home,14035673,1.0335119576510856
G1 m00_baseline,1,home,14035678,0.7492270669217069
G1 m00_baseline,1,home,14035683,-0.4590667860349583
G1 m00_baseline,1,home,14035681,0.331239001083288
G1 m00_baseline,1,home,14035679,-0.5638307812449282
G1 m00_baseline,1,home,14035677,1.1560430513637687
G1 m00_baseline,1,home,14035503,0.7430232956458963
G1 m00_baseline,1,home,14035505,0.746799432002778
G1 m00_baseline,1,home,14035500,-0.7086610668425519
G1 m00_baseline,1,home,14035504,-0.042125310613066104
G1 m00_baseline,1,home,14035499,-1.3016858270332743
G1 m00_baseline,1,home,14035680,-0.015421941773829035
G1 m00_baseline,1,home,14035682,-1.516289321416449
G1 m00_baseline,1,home,14035686,-0.8253282730025737
G1 m00_baseline,1,home,14035684,2.2248663302693075
G1 m00_baseline,1,home,14035685,-0.1743824529576474
G1 m00_baseline,1,home,14035511,0.18534234271947989
G1 m00_baseline,1,home,14035510,-1.0856034161904018
G1 m00_baseline,1,home,14035509,0.25378702810337445
G1 m00_baseline,1,home,14035508,-1.2227775211545013
G1 m00_baseline,1,home,14035507,-1.0200687000192734
G1 m00_baseline,1,home,14035514,-1.2782847507419413
G1 m00_baseline,1,home,14035515,-1.3479878598787696
G1 m00_baseline,1,home,14035512,0.15038924306288845
G1 m00_baseline,1,home,14035513,-0.7725089342967674
G1 m00_baseline,1,home,14035516,1.377654585351353
G1 m00_baseline,1,home,14035687,0.08438546810493089
G1 m00_baseline,1,home,14035695,0.17401598898934595
G1 m00_baseline,1,home,14035689,-0.8642211832170948
G1 m00_baseline,1,home,14035692,0.8962445025077556
G1 m00_baseline,1,home,14035688,-1.2448664695190186
G1 m00_baseline,1,home,14035694,-0.19330228912458242
G1 m00_baseline,1,home,14035690,-0.040213740278120545
G1 m00_baseline,1,home,14035693,-0.6043689049846309
G1 m00_baseline,1,home,14035691,0.49117044919495173
G1 m00_baseline,1,home,14035697,-0.3381542103893371
G1 m00_baseline,1,home,14035517,-1.090213196623837
G1 m00_baseline,1,home,14035518,0.3548357549559585
G1 m00_baseline,1,home,14035519,1.4177739625248313
G1 m00_baseline,1,home,14035521,0.40319330850975393
G1 m00_baseline,1,home,14035520,0.436529337542671
G1 m00_baseline,1,home,14035524,0.369416266195062
G1 m00_baseline,1,home,14035522,0.8295281089106162
G1 m00_baseline,1,home,14035526,-0.5280578360558944
G1 m00_baseline,1,home,14035525,1.2308565124392672
G1 m00_baseline,1,home,14035523,-0.5493257403396447
G1 m00_baseline,1,home,14035700,0.5772373486078373
G1 m00_baseline,1,home,14035703,1.1391126283055824
G1 m00_baseline,1,home,14035698,-0.5673880674324168
G1 m00_baseline,1,home,14035696,-0.6431869806350039
G1 m00_baseline,1,home,14035699,0.5891168897023888
G1 m00_baseline,1,home,14035706,-1.1824588930792965
G1 m00_baseline,1,home,14035704,0.06519744881278582
G1 m00_baseline,1,home,14035702,0.07748132636010875
G1 m00_baseline,1,home,14035701,0.08329169117744822
G1 m00_baseline,1,home,14035705,-1.675005455174576
G1 m00_baseline,1,home,14501655,-2.242299851771848
G1 m00_baseline,1,home,14035529,0.07321511971674796
G1 m00_baseline,1,home,14035528,-2.724813290427835
G1 m00_baseline,1,home,14035531,1.063405711093038
G1 m00_baseline,1,home,14035527,0.019199059235121097
G1 m00_baseline,1,home,14035530,-1.5562910996260857
G1 m00_baseline,1,home,14035709,0.9394657983157704
G1 m00_baseline,1,home,14035708,-0.3328743350543175
G1 m00_baseline,1,home,14035710,-0.43763198011558496
G1 m00_baseline,1,home,14035707,-0.040462061623696956
G1 m00_baseline,1,home,14035711,-1.470357490921397
G1 m00_baseline,1,home,14035532,-0.5668414434941208
G1 m00_baseline,1,home,14035534,-1.2147184758715337
G1 m00_baseline,1,home,14035533,-0.8677242895757032
G1 m00_baseline,1,home,14035535,-1.3456060808332868
G1 m00_baseline,1,home,14297746,-0.8811750235928696
G1 m00_baseline,1,home,14035538,-0.15595655110022236
G1 m00_baseline,1,home,14035539,-0.1849326020284621
G1 m00_baseline,1,home,14035536,1.325166182679654
G1 m00_baseline,1,home,14035540,-0.8404360255562622
G1 m00_baseline,1,home,14035542,-0.17299306732996264
G1 m00_baseline,1,home,14035713,-2.319477152505606
G1 m00_baseline,1,home,14035714,1.1341550448954785
G1 m00_baseline,1,home,14035716,0.4850923556215346
G1 m00_baseline,1,home,14035715,0.8581922068498364
G1 m00_baseline,1,home,14035712,0.6692352032386689
G1 m00_baseline,1,home,14035546,-0.22979098530982103
G1 m00_baseline,1,home,14035541,0.7683737282320982
G1 m00_baseline,1,home,14035544,0.47989454466237674
G1 m00_baseline,1,home,14035545,1.1480474671017273
G1 m00_baseline,1,home,14035543,-1.6130292346498212
G1 m00_baseline,1,home,14035548,-0.30348613659226126
G1 m00_baseline,1,home,14035555,0.062423773017974936
G1 m00_baseline,1,home,14035549,-0.23701283692669636
G1 m00_baseline,1,home,14035554,-0.7605664946176279
G1 m00_baseline,1,home,14035717,-0.2511963408948267
G1 m00_baseline,1,home,14035718,0.1150694111066991
G1 m00_baseline,1,home,14035719,-0.7759003617488197
G1 m00_baseline,1,home,14035735,-1.416949591675887
G1 m00_baseline,1,home,14035720,0.7605522932433633
G1 m00_baseline,1,home,14035722,0.24137403086401193
G1 m00_baseline,1,home,14035721,-0.1361157137987681
G1 m00_baseline,1,home,14035725,-0.49741838243738146
G1 m00_baseline,1,home,14035724,-0.0322310983083029
G1 m00_baseline,1,home,14035723,-1.541127077838137
G1 m00_baseline,1,home,14035551,0.7970432609825199
G1 m00_baseline,1,home,14035559,0.6168797413229864
G1 m00_baseline,1,home,14035550,-1.5823924175979789
G1 m00_baseline,1,home,14035556,0.03875478896894674
G1 m00_baseline,1,home,14035552,1.5865715525861817
G1 m00_baseline,1,home,15017622,-0.41931569205331604
G1 m00_baseline,1,home,14035727,-0.5317046146217869
G1 m00_baseline,1,home,14035729,-0.09472723619978299
G1 m00_baseline,1,home,14035726,-0.03042717414211831
G1 m00_baseline,1,home,14035730,-1.1435242270638515
G1 m00_baseline,1,home,14035728,-0.1414379719150754
G1 m00_baseline,1,home,14035553,-0.8052197873541378
G1 m00_baseline,1,home,14035562,-1.1594185016867273
G1 m00_baseline,1,home,14035558,-1.4851208262051485
G1 m00_baseline,1,home,14035560,1.783459801282628
G1 m00_baseline,1,home,14035563,-1.095898992179322
G1 m00_baseline,1,home,14035564,1.5732885921299775
G1 m00_baseline,1,home,14035561,-1.927446966340807
G1 m00_baseline,1,home,14035565,0.9518356427345092
G1 m00_baseline,1,home,14035566,1.0185123718795766
G1 m00_baseline,1,home,14035731,0.006921150990718775
G1 m00_baseline,1,home,14035732,1.817720798390884
G1 m00_baseline,1,home,14035736,1.0941146798175418
G1 m00_baseline,1,home,14035733,-0.031399785064094965
G1 m00_baseline,1,home,14035734,-0.8763513814821752
G1 m00_baseline,1,home,14035739,0.10553208537781929
G1 m00_baseline,1,home,14035740,-0.49456059794362983
G1 m00_baseline,1,home,14035737,0.8150491789945397
G1 m00_baseline,1,home,14035738,-0.5616297679405363
G1 m00_baseline,1,home,14035741,-0.38969885826593137
G1 m00_baseline,1,home,14035568,-0.7420034430045723
G1 m00_baseline,1,home,14035569,0.5180698217119863
G1 m00_baseline,1,home,14035572,-0.20538249970605893
G1 m00_baseline,1,home,14035570,-0.7342875302574668
G1 m00_baseline,1,home,14035567,-1.1311132712245897
G1 m00_baseline,1,home,14035574,1.6479360067268025
G1 m00_baseline,1,home,14035575,0.5916709217789091
G1 m00_baseline,1,home,14035571,-1.1491513530225685
G1 m00_baseline,1,home,14035576,-1.1698582495051033
G1 m00_baseline,1,home,14035573,-0.8929140160294502
G1 m00_baseline,1,home,14035742,-0.4243618756215185
G1 m00_baseline,1,home,14035745,-0.5735875531535995
G1 m00_baseline,1,home,14035747,-0.5985154126072659
G1 m00_baseline,1,home,14035744,0.655125188690011
G1 m00_baseline,1,home,14035743,-0.09262816705861948
G1 m00_baseline,1,home,14035750,-0.4555488620996643
G1 m00_baseline,1,home,14035751,1.426177690048827
G1 m00_baseline,1,home,14035749,-0.8371510730920395
G1 m00_baseline,1,home,14035748,-0.7532004705696412
G1 m00_baseline,1,home,14035746,0.6920602863171338
G1 m00_baseline,1,home,14035582,0.33340319552002623
G1 m00_baseline,1,home,14035580,-0.8392142163346168
G1 m00_baseline,1,home,14035586,-1.2061805854736358
G1 m00_baseline,1,home,14035585,2.352791502425832
G1 m00_baseline,1,home,14035583,1.1403858767481836
G1 m00_baseline,1,home,14035755,0.3924799971963991
G1 m00_baseline,1,home,14035756,-0.35332638478847855
G1 m00_baseline,1,home,14035752,-0.06909830367795977
G1 m00_baseline,1,home,14035760,-0.2755890814822115
G1 m00_baseline,1,home,14035761,0.4523118833613988
G1 m00_baseline,1,home,15363335,0.5756916845539912
G1 m00_baseline,1,home,15305942,-2.6729939872934283
G1 m00_baseline,1,home,15374710,1.5577752827385103
G1 m00_baseline,1,home,14035591,0.5532853443486339
G1 m00_baseline,1,home,14035588,0.9170088602059838
G1 m00_baseline,1,home,14035587,-0.5982065197249381
G1 m00_baseline,1,home,14035590,-1.7791835617843201
G1 m00_baseline,1,home,14035767,-0.5852210009305683
G1 m00_baseline,1,home,14035771,0.6293716413569876
G1 m00_baseline,1,home,14035768,0.058609355294438864
G1 m00_baseline,1,home,14035766,0.1521620517832183
G1 m00_baseline,1,home,14035769,-0.9097512431084647
G1 m00_baseline,1,home,14035770,-0.8890326070211929
G1 m00_baseline,1,home,14035592,0.09653483505215256
G1 m00_baseline,1,home,14035594,0.18092756176554098
G1 m00_baseline,1,home,14035595,-1.3134216381819186
G1 m00_baseline,1,home,14035593,0.49794037903745003
G1 m00_baseline,1,home,14035597,0.05333623967509903
G1 m00_baseline,1,home,14035598,1.2877461884200492
G1 m00_baseline,1,home,14035596,-0.2515507415094421
G1 m00_baseline,1,home,15399014,-1.8557603628531565
G1 m00_baseline,1,home,14035774,-0.6176731782695759
G1 m00_baseline,1,home,14035773,1.3429101292853292
G1 m00_baseline,1,home,14035772,-0.543776991561575
G1 m00_baseline,1,home,14035775,0.8347346397469534
G1 m00_baseline,1,home,14035776,-0.5860566410141952
G1 m00_baseline,1,home,14035782,-2.2964428928908127
G1 m00_baseline,1,home,14035777,0.44190585212660843
G1 m00_baseline,1,home,14035781,-1.4553657968433336
G1 m00_baseline,1,home,15456958,-0.43204890283415576
G1 m00_baseline,1,home,14035602,0.6660463377819573
G1 m00_baseline,1,home,14035606,-0.004907454272750746
G1 m00_baseline,1,home,14035603,-2.0563977488114458
G1 m00_baseline,1,home,14035604,0.506148937378232
G1 m00_baseline,1,home,14035605,-0.17132821252756186
G1 m00_baseline,1,home,15332289,0.8522573181884915
G1 m00_baseline,1,home,15368752,-0.7774620729171925
G1 m00_baseline,1,home,14035607,-0.02547160979140362
G1 m00_baseline,1,home,14035608,0.00013180425466424847
G1 m00_baseline,1,home,14035610,0.9251083077435432
G1 m00_baseline,1,home,14035609,1.238344482257214
G1 m00_baseline,1,home,14035611,0.7614909857127219
G1 m00_baseline,1,home,15336943,-0.4927194533491243
G1 m00_baseline,1,home,15416466,0.004693176609365642
G1 m00_baseline,1,home,14035787,-1.2289083744727523
G1 m00_baseline,1,home,14035778,0.7000427293189313
G1 m00_baseline,1,home,15366428,-0.06011447172796204
G1 m00_baseline,1,home,15547533,-0.886591211264373
G1 m00_baseline,1,home,14035786,1.2508528668406793
G1 m00_baseline,1,home,14035788,2.2303040798166647
G1 m00_baseline,1,home,14035789,-0.5816283239148687
G1 m00_baseline,1,home,14035790,0.30420034711586047
G1 m00_baseline,1,home,14035792,0.6293270866299451
G1 m00_baseline,1,home,14035614,-1.176508321264556
G1 m00_baseline,1,home,14035616,-0.09382699717261109
G1 m00_baseline,1,home,14035613,-0.2424863475953316
G1 m00_baseline,1,home,14035612,-1.4759562259140941
G1 m00_baseline,1,home,14035615,-1.0581471924538883
G1 m00_baseline,1,home,15490658,-0.6644697103503767
G1 m00_baseline,1,home,15490775,-1.8939429167464057
G1 m00_baseline,1,home,14035620,1.1557717421610914
G1 m00_baseline,1,home,14035618,0.13031722635169998
G1 m00_baseline,1,home,14035619,-1.4878267986342852
G1 m00_baseline,1,home,14035617,0.3493968480050421
G1 m00_baseline,1,home,14035621,0.0255970492946018
G1 m00_baseline,1,home,15399013,-1.0285192531207674
G1 m00_baseline,1,home,15416481,1.1982944278255911
G1 m00_baseline,1,home,15395623,0.0455395988084768
G1 m00_baseline,1,home,14035796,1.9554912040595036
G1 m00_baseline,1,home,14035794,-0.8311919744527507
G1 m00_baseline,1,home,14035791,-0.37451687349953405
G1 m00_baseline,1,home,14035793,-0.8691389928292403
G1 m00_baseline,1,home,14035795,-0.7942454626373042
G1 m00_baseline,1,home,15458714,0.530412678617205
G1 m00_baseline,1,home,14035801,-0.13269914807958585
G1 m00_baseline,1,home,14035798,1.3854845484508975
G1 m00_baseline,1,home,14035799,1.1432689571149335
G1 m00_baseline,1,home,14035800,1.5382670167282677
G1 m00_baseline,1,home,14035797,1.1740558441871265
G1 m00_baseline,1,home,15530801,0.9346405730526157
G1 m00_baseline,1,home,14035622,-0.6252818736859622
G1 m00_baseline,1,home,14035624,-0.4007029135472281
G1 m00_baseline,1,home,14035626,-2.3535043056289435
G1 m00_baseline,1,home,14035627,-0.8465031244698383
G1 m00_baseline,1,home,14035623,2.1723074355050245
G1 m00_baseline,1,home,15457468,1.1515602195576882
G1 m00_baseline,1,home,14035625,0.6448635468454317
G1 m00_baseline,1,home,14035628,-0.6780558277202657
G1 m00_baseline,1,home,14035631,0.39759586728378427
G1 m00_baseline,1,home,14035629,0.37319590416628867
G1 m00_baseline,1,home,14035632,-0.5375431171819575
G1 m00_baseline,1,home,15422405,0.12610014769468564
G1 m00_baseline,1,home,15588942,0.7111159438635786
G1 m00_baseline,1,home,14035804,1.2112500598450955
G1 m00_baseline,1,home,14035803,-0.5955212928833901
G1 m00_baseline,1,home,14035805,0.16995954156707338
G1 m00_baseline,1,home,14035806,0.7591774119241465
G1 m00_baseline,1,home,14035802,-2.0965977836407146
G1 m00_baseline,1,home,15588903,-0.5659365539914785
G1 m00_baseline,1,home,14035808,0.2919464511504244
G1 m00_baseline,1,home,14035811,0.9685161081799335
G1 m00_baseline,1,home,14035810,-0.03763798926438369
G1 m00_baseline,1,home,14035809,-0.9510676275952884
G1 m00_baseline,1,home,14035807,0.07674803137438448
G1 m00_baseline,1,home,14035637,-0.14159723998612433
G1 m00_baseline,1,home,14035633,-0.010593810943936664
G1 m00_baseline,1,home,14035635,0.44304620111419496
G1 m00_baseline,1,home,14035630,-0.6962168286625419
G1 m00_baseline,1,home,14035638,0.8058476263875087
G1 m00_baseline,1,home,14035636,-1.1284630280048147
G1 m00_baseline,1,home,14035634,-0.09935831234682936
G1 m00_baseline,1,home,14035645,-0.0006989625881774361
G1 m00_baseline,1,home,15588896,0.3341167425082651
G1 m00_baseline,1,home,15588927,1.022243731764303
G1 m00_baseline,1,home,14035814,0.555972491820853
G1 m00_baseline,1,home,14035816,-0.21120139631618665
G1 m00_baseline,1,home,14035815,0.5270259565660385
G1 m00_baseline,1,home,14035813,-0.6777060695094455
G1 m00_baseline,1,home,14035812,-0.7149233219491424
G1 m00_baseline,1,home,14035819,-1.1879364591558912
G1 m00_baseline,1,home,14035818,0.7387555253022219
G1 m00_baseline,1,home,14035827,0.16072299009234522
G1 m00_baseline,1,home,14035820,-0.6852953577473518
G1 m00_baseline,1,home,14035817,1.0409452032864595
G1 m00_baseline,1,home,15881894,0.16677888909007663
G1 m00_baseline,1,home,14035640,-0.2612611171745684
G1 m00_baseline,1,home,14035642,0.2579183161651213
G1 m00_baseline,1,home,14035643,0.7925527509960169
G1 m00_baseline,1,home,14035641,-0.5355633200279826
G1 m00_baseline,1,home,14035644,0.49221017524560895
G1 m00_baseline,1,home,15680573,-1.2084061434888718
G1 m00_baseline,1,home,14035650,-1.29608384056328
G1 m00_baseline,1,home,14035647,0.16102239357864603
G1 m00_baseline,1,home,14035646,0.3213304951433759
G1 m00_baseline,1,home,14035648,-0.30993929931809083
G1 m00_baseline,1,home,14035651,-0.480848645661896
G1 m00_baseline,1,home,14035821,0.4155821614105491
G1 m00_baseline,1,home,14035823,-0.10573961192866115
G1 m00_baseline,1,home,14035822,-0.42884614791432124
G1 m00_baseline,1,home,14035826,-2.73704660129332
G1 m00_baseline,1,home,14035824,-1.2879335449773759
G1 m00_baseline,1,home,14032717,0.6547355703163722
G1 m00_baseline,1,home,14032707,1.8752077517048982
G1 m00_baseline,1,home,14032715,0.45754691887639853
G1 m00_baseline,1,home,14032721,-0.8751683539704054
G1 m00_baseline,1,home,14032718,-1.8503574450563305
G1 m00_baseline,1,home,14035653,-1.087468704020648
G1 m00_baseline,1,home,14035652,-0.1517385655904076
G1 m00_baseline,1,home,14035654,0.07411365149485323
G1 m00_baseline,1,home,14035655,1.1595443763266402
G1 m00_baseline,1,home,14035656,-0.6407799736447426
G1 m00_baseline,1,home,14032710,1.1055653519748767
G1 m00_baseline,1,home,14032708,-0.8997695936544277
G1 m00_baseline,1,home,14032714,-0.8162572370750695
G1 m00_baseline,1,home,14032719,1.6360004698109443
G1 m00_baseline,1,home,14032720,-0.3181278519162488
G1 m00_baseline,1,away,12477128,-0.04253274789599991
G1 m00_baseline,1,away,12477134,0.3842041534913726
G1 m00_baseline,1,away,12477131,1.8657373924283644
G1 m00_baseline,1,away,12477135,-1.0173060772001679
G1 m00_baseline,1,away,12477132,0.20158190044735727
G1 m00_baseline,1,away,12476800,-1.3560098036160604
G1 m00_baseline,1,away,12476794,-0.101418259921385
G1 m00_baseline,1,away,12476797,-0.4049046711268172
G1 m00_baseline,1,away,12476799,-0.5789335422995312
G1 m00_baseline,1,away,12476798,1.3685849364736273
G1 m00_baseline,1,away,12477129,0.6060566264473702
G1 m00_baseline,1,away,12477126,0.939384867962105
G1 m00_baseline,1,away,12477130,0.8626132864057237
G1 m00_baseline,1,away,12477123,-0.7171096644877848
G1 m00_baseline,1,away,12477133,0.43502163198112653
G1 m00_baseline,1,away,12476632,-0.44534456747140594
G1 m00_baseline,1,away,12476633,0.18797282914107105
G1 m00_baseline,1,away,12476630,-2.4418194512552676
G1 m00_baseline,1,away,12476635,-0.3715660770584902
G1 m00_baseline,1,away,12476636,-0.43644178592422816
G1 m00_baseline,1,away,12476793,0.37648529640889794
G1 m00_baseline,1,away,12476795,-0.09261904328215471
G1 m00_baseline,1,away,12476796,1.4682702271077015
G1 m00_baseline,1,away,12476792,-0.5894357809214765
G1 m00_baseline,1,away,12476790,-0.5081081305202028
G1 m00_baseline,1,away,12476788,-0.5635957778884594
G1 m00_baseline,1,away,12476786,0.8654577222723984
G1 m00_baseline,1,away,12476787,0.06372043693056145
G1 m00_baseline,1,away,12476791,0.8268517488274476
G1 m00_baseline,1,away,12476789,-1.6685588596626642
G1 m00_baseline,1,away,12476629,-0.21710565791837266
G1 m00_baseline,1,away,12476634,1.2117466166870354
G1 m00_baseline,1,away,12476623,-1.3975420400201723
G1 m00_baseline,1,away,12476631,1.2763200183947352
G1 m00_baseline,1,away,12476624,-1.4154078062829036
G1 m00_baseline,1,away,12476627,1.4194099279554437
G1 m00_baseline,1,away,12476625,0.2759316687057264
G1 m00_baseline,1,away,12476621,0.5628124473175626
G1 m00_baseline,1,away,12476622,2.1276925448710173
G1 m00_baseline,1,away,12476782,-0.8823471769672373
G1 m00_baseline,1,away,12476785,-1.312448518137199
G1 m00_baseline,1,away,12476784,0.618888953368536
G1 m00_baseline,1,away,12476781,-1.0091249068059396
G1 m00_baseline,1,away,12476779,0.46452216360368054
G1 m00_baseline,1,away,12476619,0.2894667467806864
G1 m00_baseline,1,away,12476620,2.3363351063764046
G1 m00_baseline,1,away,12476618,-0.769548906842622
G1 m00_baseline,1,away,12476626,-1.9549893140556152
G1 m00_baseline,1,away,12476617,-0.1284408472662557
G1 m00_baseline,1,away,12476780,0.6484636056292491
G1 m00_baseline,1,away,12476778,1.4453894205369717
G1 m00_baseline,1,away,12476776,-0.846016795112077
G1 m00_baseline,1,away,12476777,0.06428639429812019
G1 m00_baseline,1,away,12476783,0.3302650977210865
G1 m00_baseline,1,away,12476772,0.195783635255382
G1 m00_baseline,1,away,12476774,-1.0750850420298628
G1 m00_baseline,1,away,12476771,-0.13905782059152638
G1 m00_baseline,1,away,12476773,-1.0791622261052325
G1 m00_baseline,1,away,12476775,-1.076717997089445
G1 m00_baseline,1,away,12476611,-0.04642708355347187
G1 m00_baseline,1,away,12476616,-0.07754762097135637
G1 m00_baseline,1,away,12476614,0.21123608857843368
G1 m00_baseline,1,away,12476612,-1.3801395264572487
G1 m00_baseline,1,away,12476615,0.3031230602568987
G1 m00_baseline,1,away,12811090,-0.30490351210250743
G1 m00_baseline,1,away,12476607,-2.304603039191769
G1 m00_baseline,1,away,12476613,-1.0201881423838293
G1 m00_baseline,1,away,12476606,1.0389569218815342
G1 m00_baseline,1,away,12476603,0.5612017155456845
G1 m00_baseline,1,away,12476770,-1.2690183714199847
G1 m00_baseline,1,away,12476767,-1.261865180344376
G1 m00_baseline,1,away,12476766,1.3503470782545564
G1 m00_baseline,1,away,12476769,-0.5542327821802825
G1 m00_baseline,1,away,12476768,2.5490937654902353
G1 m00_baseline,1,away,12476761,-0.6299326241851586
G1 m00_baseline,1,away,12476765,1.1017612703896333
G1 m00_baseline,1,away,12476764,2.6654407447169643
G1 m00_baseline,1,away,12476762,-0.7704127352636886
G1 m00_baseline,1,away,12476759,1.674805995820318
G1 m00_baseline,1,away,12476604,0.9321178012612592
G1 m00_baseline,1,away,12476609,0.9854673737903762
G1 m00_baseline,1,away,12476610,1.9128134455608536
G1 m00_baseline,1,away,12476601,-0.29538121113401516
G1 m00_baseline,1,away,12476605,0.2943732595509594
G1 m00_baseline,1,away,12476600,-0.5940098725335052
G1 m00_baseline,1,away,12476598,0.3327648306209228
G1 m00_baseline,1,away,12476599,0.3301713541052327
G1 m00_baseline,1,away,12476597,1.2754667718705204
G1 m00_baseline,1,away,12476602,-0.09210456748315876
G1 m00_baseline,1,away,12476760,-0.8099654933181772
G1 m00_baseline,1,away,12476763,1.4901518723648028
G1 m00_baseline,1,away,12476758,-0.5572661967132769
G1 m00_baseline,1,away,12476757,0.8783543080975352
G1 m00_baseline,1,away,12476756,-0.08938612407683366
G1 m00_baseline,1,away,12954858,-0.4635821548240317
G1 m00_baseline,1,away,12476594,0.5321475592146934
G1 m00_baseline,1,away,12476592,1.4764809139026607
G1 m00_baseline,1,away,12476595,-0.5782196280939733
G1 m00_baseline,1,away,12476593,-0.8128867923452865
G1 m00_baseline,1,away,12476596,-0.5835094205987621
G1 m00_baseline,1,away,12476750,0.7720102008745874
G1 m00_baseline,1,away,12476753,0.42330473959886217
G1 m00_baseline,1,away,12476755,-0.0645023787180109
G1 m00_baseline,1,away,12476752,-2.1171700901470882
G1 m00_baseline,1,away,12476751,0.16434815296307978
G1 m00_baseline,1,away,12476749,1.9986744892988695
G1 m00_baseline,1,away,12476748,-0.8448157712017572
G1 m00_baseline,1,away,12476739,0.35936439806919607
G1 m00_baseline,1,away,12476741,-0.5660165386532069
G1 m00_baseline,1,away,12476754,-1.9814775261749844
G1 m00_baseline,1,away,12476589,-1.7321781774315206
G1 m00_baseline,1,away,12476587,0.1235380367523049
G1 m00_baseline,1,away,12476591,1.2247454322602909
G1 m00_baseline,1,away,12476590,0.0777750685973343
G1 m00_baseline,1,away,12476588,-0.5549858121095915
G1 m00_baseline,1,away,12476746,0.21196139875343353
G1 m00_baseline,1,away,12476747,-0.8239086319551541
G1 m00_baseline,1,away,12476742,1.042226021234633
G1 m00_baseline,1,away,12476745,-0.09676696838318224
G1 m00_baseline,1,away,12476743,0.2503118604087001
G1 m00_baseline,1,away,12476737,0.518394905898972
G1 m00_baseline,1,away,12476735,-0.5645541218409356
G1 m00_baseline,1,away,12476744,0.5286900491978896
G1 m00_baseline,1,away,12476738,-1.1260473295478146
G1 m00_baseline,1,away,12476740,0.7622195777439876
G1 m00_baseline,1,away,12476586,1.615051421156648
G1 m00_baseline,1,away,12476582,0.6941496294844172
G1 m00_baseline,1,away,12476579,1.489537732035764
G1 m00_baseline,1,away,12476585,-0.49363589849533623
G1 m00_baseline,1,away,12476583,-0.6262342977929055
G1 m00_baseline,1,away,12476584,1.5482063403103776
G1 m00_baseline,1,away,12476581,-0.027900122501033187
G1 m00_baseline,1,away,12476580,0.44169483433708295
G1 m00_baseline,1,away,12476574,0.7839688422271381
G1 m00_baseline,1,away,12476578,-0.6887223095938197
G1 m00_baseline,1,away,12476731,0.29536018160717614
G1 m00_baseline,1,away,12476548,-0.10716469988020426
G1 m00_baseline,1,away,13179032,1.3577155453557395
G1 m00_baseline,1,away,13171689,0.797815116085806
G1 m00_baseline,1,away,12476727,1.3977266882033759
G1 m00_baseline,1,away,12476729,0.1781941655174831
G1 m00_baseline,1,away,12476724,-0.7916721445520444
G1 m00_baseline,1,away,12476730,0.29279304087128594
G1 m00_baseline,1,away,12476728,0.6517891210833995
G1 m00_baseline,1,away,12476720,1.2858532883147469
G1 m00_baseline,1,away,12476722,-0.6268333874603941
G1 m00_baseline,1,away,12476721,0.8414255587896892
G1 m00_baseline,1,away,12476725,3.0350699673758452
G1 m00_baseline,1,away,12476723,-0.1495132181158362
G1 m00_baseline,1,away,13171688,-0.17139233294029793
G1 m00_baseline,1,away,12476562,1.6193915803927588
G1 m00_baseline,1,away,12476564,0.6338914792205438
G1 m00_baseline,1,away,12476565,0.30018984980754587
G1 m00_baseline,1,away,13175772,1.8610428923833096
G1 m00_baseline,1,away,12476563,-1.7966567425920266
G1 m00_baseline,1,away,12476556,-0.5262542265213387
G1 m00_baseline,1,away,12476558,0.8985765955463114
G1 m00_baseline,1,away,12476561,2.0384572229467732
G1 m00_baseline,1,away,12476560,0.5684519661497535
G1 m00_baseline,1,away,13179034,0.7935713277489642
G1 m00_baseline,1,away,12476726,0.08203320215350715
G1 m00_baseline,1,away,12476718,2.062130411166563
G1 m00_baseline,1,away,12476716,-2.087934093914812
G1 m00_baseline,1,away,12476719,-0.7789165381935307
G1 m00_baseline,1,away,12476717,0.8571984076208407
G1 m00_baseline,1,away,12476713,2.210421577267811
G1 m00_baseline,1,away,12476715,1.5860577785923768
G1 m00_baseline,1,away,12476714,-1.1944024205658126
G1 m00_baseline,1,away,12476710,-0.3511885526528927
G1 m00_baseline,1,away,12476712,-1.5372842770065676
G1 m00_baseline,1,away,13175771,0.28843181039912097
G1 m00_baseline,1,away,13159980,0.8451907798011029
G1 m00_baseline,1,away,12476551,-2.3578327258410945
G1 m00_baseline,1,away,12476555,-0.8124724208525913
G1 m00_baseline,1,away,12476557,0.05816109134607498
G1 m00_baseline,1,away,12476554,-1.263988043428641
G1 m00_baseline,1,away,12476550,0.261263012093733
G1 m00_baseline,1,away,12476549,-1.7461078370943246
G1 m00_baseline,1,away,12476547,-0.37987029865205707
G1 m00_baseline,1,away,12476552,0.36791811231854943
G1 m00_baseline,1,away,12476553,0.6003728164624809
G1 m00_baseline,1,away,12476711,1.9571767340086417
G1 m00_baseline,1,away,12476708,-1.3797816784089845
G1 m00_baseline,1,away,12476707,-0.8331344440497446
G1 m00_baseline,1,away,12476709,-0.5666840096688742
G1 m00_baseline,1,away,12476706,0.3678507816911204
G1 m00_baseline,1,away,12476705,0.5198874279066724
G1 m00_baseline,1,away,12476701,-1.0833882047510057
G1 m00_baseline,1,away,12476539,-0.9283725514111707
G1 m00_baseline,1,away,12476545,-0.7079908942158248
G1 m00_baseline,1,away,12476546,-1.37438023340875
G1 m00_baseline,1,away,13217663,2.0149517528596173
G1 m00_baseline,1,away,12476541,-0.42318851214543246
G1 m00_baseline,1,away,12476544,0.19679561982386176
G1 m00_baseline,1,away,12476533,0.5606420506727909
G1 m00_baseline,1,away,13324922,1.7955822998782354
G1 m00_baseline,1,away,13197505,1.15425189053214
G1 m00_baseline,1,away,12476697,0.8320294359557334
G1 m00_baseline,1,away,12476698,2.1920937293491334
G1 m00_baseline,1,away,12476700,0.7528718525214194
G1 m00_baseline,1,away,12476696,-0.06743650000380366
G1 m00_baseline,1,away,13315347,-0.8777035213629014
G1 m00_baseline,1,away,12476531,0.7794663697688382
G1 m00_baseline,1,away,12476529,0.7834107705719764
G1 m00_baseline,1,away,12476538,0.8974852944670376
G1 m00_baseline,1,away,13233442,1.277622850085658
G1 m00_baseline,1,away,12476519,-0.7936541918932198
G1 m00_baseline,1,away,12476525,-0.8176286637385533
G1 m00_baseline,1,away,12476523,0.07489278897162231
G1 m00_baseline,1,away,12476522,-2.8359197873531725
G1 m00_baseline,1,away,12476524,0.18337184992139066
G1 m00_baseline,1,away,12476693,-0.660461155748898
G1 m00_baseline,1,away,12476695,-0.303695807569633
G1 m00_baseline,1,away,12476691,1.3771085323573353
G1 m00_baseline,1,away,12476692,1.4048865832811999
G1 m00_baseline,1,away,12476699,-0.2360299377441959
G1 m00_baseline,1,away,12476689,-1.0139280081644446
G1 m00_baseline,1,away,12476685,0.6334987215873121
G1 m00_baseline,1,away,12476686,-0.2549653490356287
G1 m00_baseline,1,away,12476690,0.1388994289370348
G1 m00_baseline,1,away,13343736,-0.28169378107705306
G1 m00_baseline,1,away,12476521,1.424643742514565
G1 m00_baseline,1,away,12476514,0.8225976869725343
G1 m00_baseline,1,away,12476518,-0.6304615930394646
G1 m00_baseline,1,away,12476520,0.2518540791180008
G1 m00_baseline,1,away,12476515,-1.0729177958969498
G1 m00_baseline,1,away,13348881,1.8356139041310038
G1 m00_baseline,1,away,13255608,-0.7354190305495055
G1 m00_baseline,1,away,12476516,-0.3148361196914722
G1 m00_baseline,1,away,12476512,-0.1442492864988031
G1 m00_baseline,1,away,12476511,0.19501830816230778
G1 m00_baseline,1,away,12476517,-0.7896832763062877
G1 m00_baseline,1,away,12476513,2.3809661839584035
G1 m00_baseline,1,away,13391276,0.26604850302146793
G1 m00_baseline,1,away,12476688,-0.006058306773778914
G1 m00_baseline,1,away,12476684,1.8820535820444435
G1 m00_baseline,1,away,12476681,1.5618248984157674
G1 m00_baseline,1,away,12476682,-1.384179964963428
G1 m00_baseline,1,away,12476679,0.004680959613858065
G1 m00_baseline,1,away,12476678,0.39400002597173556
G1 m00_baseline,1,away,12476675,-1.4804622939354046
G1 m00_baseline,1,away,12476680,2.1459056712993188
G1 m00_baseline,1,away,12476677,1.938220162815536
G1 m00_baseline,1,away,12476508,0.5227436120373219
G1 m00_baseline,1,away,12476510,-0.8870875065146167
G1 m00_baseline,1,away,12476506,0.37938605661335817
G1 m00_baseline,1,away,12476509,1.1726457743966117
G1 m00_baseline,1,away,12476507,-0.7552157759204007
G1 m00_baseline,1,away,12476502,-1.2788326630535267
G1 m00_baseline,1,away,12476500,0.6013692101795983
G1 m00_baseline,1,away,12476501,-1.5434219555888395
G1 m00_baseline,1,away,12476505,0.8269900171951151
G1 m00_baseline,1,away,12476504,0.6845560029421552
G1 m00_baseline,1,away,13415294,0.4131788573642411
G1 m00_baseline,1,away,12476674,-0.3451617445506649
G1 m00_baseline,1,away,12476671,-1.2648105235130624
G1 m00_baseline,1,away,12476670,-0.2542075046513761
G1 m00_baseline,1,away,12476672,1.5653814814362346
G1 m00_baseline,1,away,12476669,-0.3672306714688825
G1 m00_baseline,1,away,13343733,0.7809199336244701
G1 m00_baseline,1,away,12476667,0.5161233605573753
G1 m00_baseline,1,away,12476662,0.2509603608018882
G1 m00_baseline,1,away,12476673,0.6023087022199204
G1 m00_baseline,1,away,12476676,1.568792414881498
G1 m00_baseline,1,away,12476668,-1.2623107287343966
G1 m00_baseline,1,away,12476526,-0.22185617160960933
G1 m00_baseline,1,away,12476497,-0.6846819954229244
G1 m00_baseline,1,away,12476499,-0.32047297238624184
G1 m00_baseline,1,away,12476496,-1.0861400095520461
G1 m00_baseline,1,away,12476498,0.1612026972847316
G1 m00_baseline,1,away,12476495,-0.22040324000407477
G1 m00_baseline,1,away,13436762,0.6438255552078908
G1 m00_baseline,1,away,12476490,1.0596879397339232
G1 m00_baseline,1,away,12476492,0.06406042129237584
G1 m00_baseline,1,away,12476489,-0.8609097322386102
G1 m00_baseline,1,away,12476493,-0.9098097875167507
G1 m00_baseline,1,away,12476491,-0.36966015709574873
G1 m00_baseline,1,away,13399583,2.100377863210108
G1 m00_baseline,1,away,13480337,-0.20795459762591453
G1 m00_baseline,1,away,12476665,-0.36723661867723745
G1 m00_baseline,1,away,12476661,0.6970528326441716
G1 m00_baseline,1,away,12476666,-0.061507367500511584
G1 m00_baseline,1,away,12476663,-0.38703485703078316
G1 m00_baseline,1,away,12476660,1.284917835222695
G1 m00_baseline,1,away,12640468,0.16133513340791428
G1 m00_baseline,1,away,12476657,0.4754314393939619
G1 m00_baseline,1,away,12476659,-1.1894718188452127
G1 m00_baseline,1,away,12476664,-1.1515302705940926
G1 m00_baseline,1,away,12476658,-0.2647259936074101
G1 m00_baseline,1,away,13343735,0.9559272081394588
G1 m00_baseline,1,away,12476485,-0.3734720405305453
G1 m00_baseline,1,away,12476487,0.6132695306870863
G1 m00_baseline,1,away,12476486,-1.5468763442713243
G1 m00_baseline,1,away,12476488,1.4802370862171295
G1 m00_baseline,1,away,12476494,-0.3058177269890478
G1 m00_baseline,1,away,12476483,1.047257159937892
G1 m00_baseline,1,away,12476484,-0.12981447608067312
G1 m00_baseline,1,away,12476482,0.8839641685761719
G1 m00_baseline,1,away,12476478,1.3593615231469065
G1 m00_baseline,1,away,12476481,0.2764471631396807
G1 m00_baseline,1,away,12476656,1.4927673979804532
G1 m00_baseline,1,away,12476654,-1.0093324708231215
G1 m00_baseline,1,away,12476652,0.40175614872490506
G1 m00_baseline,1,away,12476651,1.9648425749177452
G1 m00_baseline,1,away,12476655,0.3662259908417039
G1 m00_baseline,1,away,12476648,1.615731894294079
G1 m00_baseline,1,away,12476649,0.16223017390141126
G1 m00_baseline,1,away,12476653,1.0620684248709382
G1 m00_baseline,1,away,12476650,3.6067810238706985
G1 m00_baseline,1,away,12476646,2.048237664231508
G1 m00_baseline,1,away,12476477,0.31694472029913623
G1 m00_baseline,1,away,12476474,0.6140602957544782
G1 m00_baseline,1,away,12476479,-0.2600908239907098
G1 m00_baseline,1,away,12476480,-1.0012295421363675
G1 m00_baseline,1,away,12476476,1.238741137224624
G1 m00_baseline,1,away,12476469,-0.49804632299296
G1 m00_baseline,1,away,12476475,-0.2065331667816592
G1 m00_baseline,1,away,12476471,0.7261603108742598
G1 m00_baseline,1,away,12476470,0.08726773213908873
G1 m00_baseline,1,away,12476473,-0.964265342687836
G1 m00_baseline,1,away,12476645,1.811539962829309
G1 m00_baseline,1,away,12476642,0.8117817284260985
G1 m00_baseline,1,away,12476647,-0.4831439870170153
G1 m00_baseline,1,away,12476643,-0.6513279202233077
G1 m00_baseline,1,away,12476644,-0.09373928504052155
G1 m00_baseline,1,away,12476640,0.5699838276423618
G1 m00_baseline,1,away,12476641,-0.14914078474545173
G1 m00_baseline,1,away,12476637,-0.07994844757503392
G1 m00_baseline,1,away,12476639,1.7680645536300428
G1 m00_baseline,1,away,12476638,1.1683164554525154
G1 m00_baseline,1,away,12476465,1.3399130587107757
G1 m00_baseline,1,away,12476472,0.4071178347717916
G1 m00_baseline,1,away,12476468,-1.109518998054596
G1 m00_baseline,1,away,12476464,0.0002235196652200661
G1 m00_baseline,1,away,12476467,-0.6205034002622699
G1 m00_baseline,1,away,12476463,-0.4632292611152354
G1 m00_baseline,1,away,12476466,-0.8431681867923402
G1 m00_baseline,1,away,12476461,-1.568850783546528
G1 m00_baseline,1,away,12476460,1.209652265401521
G1 m00_baseline,1,away,12476462,-1.338003545409773
G1 m00_baseline,1,away,12473328,-1.6547436469585195
G1 m00_baseline,1,away,12473336,0.6820784379010921
G1 m00_baseline,1,away,12473335,-0.8834360553453451
G1 m00_baseline,1,away,12473322,-0.3257565281499638
G1 m00_baseline,1,away,12473327,0.12258870883771361
G1 m00_baseline,1,away,12473331,2.1697200361843425
G1 m00_baseline,1,away,12473333,0.6376286151766076
G1 m00_baseline,1,away,12473334,0.5405327298006251
G1 m00_baseline,1,away,12473337,0.24615468880155392
G1 m00_baseline,1,away,12473330,0.2955199635114691
G1 m00_baseline,1,away,12476454,-0.8651845890115958
G1 m00_baseline,1,away,12476455,2.31110317224552
G1 m00_baseline,1,away,12476458,-0.03863213601107522
G1 m00_baseline,1,away,12476459,-0.9685915676324042
G1 m00_baseline,1,away,12476457,-0.9677211368587809
G1 m00_baseline,1,away,12476452,-0.4242991000072317
G1 m00_baseline,1,away,12476567,-0.1396400845388762
G1 m00_baseline,1,away,12476453,0.5543582417312833
G1 m00_baseline,1,away,12476575,-1.5597754009240685
G1 m00_baseline,1,away,12476570,0.0778409435061896
G1 m00_baseline,1,away,14035482,0.7970353648556437
G1 m00_baseline,1,away,14035495,1.3751847558221504
G1 m00_baseline,1,away,14035487,-0.019905690199109247
G1 m00_baseline,1,away,14035486,-0.6396660410111892
G1 m00_baseline,1,away,14343735,0.9519980565623584
G1 m00_baseline,1,away,14035506,-1.3301422006309889
G1 m00_baseline,1,away,14035498,-0.9150333821803915
G1 m00_baseline,1,away,14035502,2.0299344357996887
G1 m00_baseline,1,away,14035497,-0.23443826841752832
G1 m00_baseline,1,away,14035501,0.7771645337003639
G1 m00_baseline,1,away,14035665,-1.2959750220560249
G1 m00_baseline,1,away,14035666,0.880953250530241
G1 m00_baseline,1,away,14035662,1.1645612102804728
G1 m00_baseline,1,away,14035664,-0.1879649126893463
G1 m00_baseline,1,away,14035663,2.006220914601777
G1 m00_baseline,1,away,14035669,-1.797746889973582
G1 m00_baseline,1,away,14035667,-0.733022258018225
G1 m00_baseline,1,away,14035671,1.315303342520878
G1 m00_baseline,1,away,14035670,1.0191375548439616
G1 m00_baseline,1,away,14035668,-0.07002366567057727
G1 m00_baseline,1,away,14035484,0.633017071290137
G1 m00_baseline,1,away,14035485,1.987328976215034
G1 m00_baseline,1,away,14035488,0.5997188057587778
G1 m00_baseline,1,away,14035489,-1.4027719176183784
G1 m00_baseline,1,away,14035494,0.10257205326563817
G1 m00_baseline,1,away,14035493,0.0325866317409505
G1 m00_baseline,1,away,14035496,0.8281443530097997
G1 m00_baseline,1,away,14035492,-0.9482451402503526
G1 m00_baseline,1,away,14035491,-1.213477102481683
G1 m00_baseline,1,away,14035675,0.8152588565950395
G1 m00_baseline,1,away,14035672,-0.20532478972392096
G1 m00_baseline,1,away,14035674,1.2080136382948743
G1 m00_baseline,1,away,14035676,1.5092711405649812
G1 m00_baseline,1,away,14035673,0.43732127189019643
G1 m00_baseline,1,away,14035678,2.3544627687549724
G1 m00_baseline,1,away,14035683,-2.0926827080614703
G1 m00_baseline,1,away,14035681,1.7431079018641331
G1 m00_baseline,1,away,14035679,0.5205808889087028
G1 m00_baseline,1,away,14035677,2.1590626514282243
G1 m00_baseline,1,away,14035503,-0.006567174145150624
G1 m00_baseline,1,away,14035505,0.0578456927884744
G1 m00_baseline,1,away,14035500,-1.056236527091676
G1 m00_baseline,1,away,14035504,0.13582892975051858
G1 m00_baseline,1,away,14035499,-0.8085624846372079
G1 m00_baseline,1,away,14035680,0.7726178570620873
G1 m00_baseline,1,away,14035682,-0.8613614624057403
G1 m00_baseline,1,away,14035686,-1.6491246879504409
G1 m00_baseline,1,away,14035684,-1.1628713791547243
G1 m00_baseline,1,away,14035685,-0.7167860063552788
G1 m00_baseline,1,away,14035511,1.2139996226569143
G1 m00_baseline,1,away,14035510,0.4797060941733457
G1 m00_baseline,1,away,14035509,0.489942968334471
G1 m00_baseline,1,away,14035508,0.23485753938000056
G1 m00_baseline,1,away,14035507,0.3818740022330163
G1 m00_baseline,1,away,14035514,1.250197235185405
G1 m00_baseline,1,away,14035515,2.404493205261479
G1 m00_baseline,1,away,14035512,-0.25827215697615025
G1 m00_baseline,1,away,14035513,0.5331518994389776
G1 m00_baseline,1,away,14035516,-0.1898831445768506
G1 m00_baseline,1,away,14035687,1.1103246093560808
G1 m00_baseline,1,away,14035695,1.6549415374028507
G1 m00_baseline,1,away,14035689,3.4047366846915685
G1 m00_baseline,1,away,14035692,-0.9661819153132907
G1 m00_baseline,1,away,14035688,0.7890381057476388
G1 m00_baseline,1,away,14035694,0.11102403462325779
G1 m00_baseline,1,away,14035690,-1.3972380342584372
G1 m00_baseline,1,away,14035693,1.8382719493767516
G1 m00_baseline,1,away,14035691,-0.2415628018455004
G1 m00_baseline,1,away,14035697,-0.10267379439236445
G1 m00_baseline,1,away,14035517,1.061164593743725
G1 m00_baseline,1,away,14035518,-1.0683391450768267
G1 m00_baseline,1,away,14035519,0.39636057235030575
G1 m00_baseline,1,away,14035521,-0.12940694899463506
G1 m00_baseline,1,away,14035520,0.20785744648738647
G1 m00_baseline,1,away,14035524,-0.5760385250354083
G1 m00_baseline,1,away,14035522,-0.03799197902345529
G1 m00_baseline,1,away,14035526,1.2437597916018068
G1 m00_baseline,1,away,14035525,0.19595731698539612
G1 m00_baseline,1,away,14035523,-0.559483442289348
G1 m00_baseline,1,away,14035700,1.5405909610610526
G1 m00_baseline,1,away,14035703,-0.12178426361372639
G1 m00_baseline,1,away,14035698,0.9295600206618498
G1 m00_baseline,1,away,14035696,0.541630807342456
G1 m00_baseline,1,away,14035699,2.1992165202554985
G1 m00_baseline,1,away,14035706,-0.08666832377162909
G1 m00_baseline,1,away,14035704,0.6480449864468727
G1 m00_baseline,1,away,14035702,0.6559133490632056
G1 m00_baseline,1,away,14035701,-0.17437766106085442
G1 m00_baseline,1,away,14035705,-0.3701879697041855
G1 m00_baseline,1,away,14501655,1.305484842604542
G1 m00_baseline,1,away,14035529,1.186823435869912
G1 m00_baseline,1,away,14035528,0.39509600634622943
G1 m00_baseline,1,away,14035531,-0.4898456379183341
G1 m00_baseline,1,away,14035527,-0.27820554961193933
G1 m00_baseline,1,away,14035530,2.2522453688669204
G1 m00_baseline,1,away,14035709,-2.3034373122170515
G1 m00_baseline,1,away,14035708,1.3459233431622943
G1 m00_baseline,1,away,14035710,1.6308182720357856
G1 m00_baseline,1,away,14035707,0.5567274693148259
G1 m00_baseline,1,away,14035711,-0.5434185236692838
G1 m00_baseline,1,away,14035532,0.6438680391374546
G1 m00_baseline,1,away,14035534,1.4582912863260016
G1 m00_baseline,1,away,14035533,1.9989627053219265
G1 m00_baseline,1,away,14035535,-0.3163556774406926
G1 m00_baseline,1,away,14297746,-1.4074282105855676
G1 m00_baseline,1,away,14035538,0.9177234443435301
G1 m00_baseline,1,away,14035539,0.30820061378125263
G1 m00_baseline,1,away,14035536,-1.4258630777372254
G1 m00_baseline,1,away,14035540,-0.8395362066838279
G1 m00_baseline,1,away,14035542,0.11268431678613201
G1 m00_baseline,1,away,14035713,0.15730982963569332
G1 m00_baseline,1,away,14035714,0.4410899763621366
G1 m00_baseline,1,away,14035716,0.45238707856859756
G1 m00_baseline,1,away,14035715,-0.3297693362713316
G1 m00_baseline,1,away,14035712,-1.2449485099623183
G1 m00_baseline,1,away,14035546,-1.2361181959196286
G1 m00_baseline,1,away,14035541,-2.361359372069189
G1 m00_baseline,1,away,14035544,0.9273774139638306
G1 m00_baseline,1,away,14035545,-0.4841234575170211
G1 m00_baseline,1,away,14035543,2.1584499095574183
G1 m00_baseline,1,away,14035548,0.09634776394144481
G1 m00_baseline,1,away,14035555,0.2960986965820551
G1 m00_baseline,1,away,14035549,0.24236615121568905
G1 m00_baseline,1,away,14035554,-0.8997285682744846
G1 m00_baseline,1,away,14035717,1.651032947317494
G1 m00_baseline,1,away,14035718,-0.27135282362592067
G1 m00_baseline,1,away,14035719,-0.0642488853976532
G1 m00_baseline,1,away,14035735,-1.4046380330053698
G1 m00_baseline,1,away,14035720,-1.6252146553986577
G1 m00_baseline,1,away,14035722,-1.621211882801325
G1 m00_baseline,1,away,14035721,0.006759169573766258
G1 m00_baseline,1,away,14035725,0.17420934076449476
G1 m00_baseline,1,away,14035724,1.4832413560340831
G1 m00_baseline,1,away,14035723,2.1533298175906337
G1 m00_baseline,1,away,14035551,0.4649962414127648
G1 m00_baseline,1,away,14035559,-0.32287019493855884
G1 m00_baseline,1,away,14035550,-0.6122006783573656
G1 m00_baseline,1,away,14035556,2.3036216751155743
G1 m00_baseline,1,away,14035552,-1.2208528554204388
G1 m00_baseline,1,away,15017622,0.10591279019334378
G1 m00_baseline,1,away,14035727,2.587091664861034
G1 m00_baseline,1,away,14035729,-0.27522138583584616
G1 m00_baseline,1,away,14035726,-1.2518372009347434
G1 m00_baseline,1,away,14035730,2.143791770355612
G1 m00_baseline,1,away,14035728,0.40000957012876937
G1 m00_baseline,1,away,14035553,-0.2862376598969898
G1 m00_baseline,1,away,14035562,-0.8344334915136283
G1 m00_baseline,1,away,14035558,1.8722003598891428
G1 m00_baseline,1,away,14035560,-0.9238893535100319
G1 m00_baseline,1,away,14035563,-0.3180501035227048
G1 m00_baseline,1,away,14035564,-0.4138211679167271
G1 m00_baseline,1,away,14035561,0.7521735482473046
G1 m00_baseline,1,away,14035565,-3.513362127990681
G1 m00_baseline,1,away,14035566,0.8380098486552914
G1 m00_baseline,1,away,14035731,0.0314010251235666
G1 m00_baseline,1,away,14035732,1.4053980296842636
G1 m00_baseline,1,away,14035736,0.905928301634571
G1 m00_baseline,1,away,14035733,0.08068421500196374
G1 m00_baseline,1,away,14035734,1.5406782095876816
G1 m00_baseline,1,away,14035739,-0.6814587212390579
G1 m00_baseline,1,away,14035740,2.1753226350341404
G1 m00_baseline,1,away,14035737,0.5386709584821596
G1 m00_baseline,1,away,14035738,0.4916799188720741
G1 m00_baseline,1,away,14035741,0.9847089992737854
G1 m00_baseline,1,away,14035568,-0.6074596365682619
G1 m00_baseline,1,away,14035569,2.6668212230046993
G1 m00_baseline,1,away,14035572,-0.6850538540675476
G1 m00_baseline,1,away,14035570,-0.9496881816642002
G1 m00_baseline,1,away,14035567,0.1546111848652367
G1 m00_baseline,1,away,14035574,0.17818685673399065
G1 m00_baseline,1,away,14035575,0.040304532376474654
G1 m00_baseline,1,away,14035571,-0.6027026120522107
G1 m00_baseline,1,away,14035576,-0.27325130465793873
G1 m00_baseline,1,away,14035573,2.4331688342250133
G1 m00_baseline,1,away,14035742,1.7351611928141284
G1 m00_baseline,1,away,14035745,0.11313123042841232
G1 m00_baseline,1,away,14035747,-0.7576375550398762
G1 m00_baseline,1,away,14035744,1.777238370203805
G1 m00_baseline,1,away,14035743,1.2140382720519525
G1 m00_baseline,1,away,14035750,1.369248903561886
G1 m00_baseline,1,away,14035751,1.2899388566767689
G1 m00_baseline,1,away,14035749,-0.34614249637049216
G1 m00_baseline,1,away,14035748,0.8182017795004415
G1 m00_baseline,1,away,14035746,0.5889156028370447
G1 m00_baseline,1,away,14035582,-1.194533521304959
G1 m00_baseline,1,away,14035580,0.26702902544321055
G1 m00_baseline,1,away,14035586,-0.8760947763725822
G1 m00_baseline,1,away,14035585,-0.6299309034930043
G1 m00_baseline,1,away,14035583,-0.322221137336627
G1 m00_baseline,1,away,14035755,-0.9063426973580802
G1 m00_baseline,1,away,14035756,-0.07039713067251997
G1 m00_baseline,1,away,14035752,0.0887326380883313
G1 m00_baseline,1,away,14035760,2.614917852568616
G1 m00_baseline,1,away,14035761,1.1187333716382042
G1 m00_baseline,1,away,15363335,1.83950750037483
G1 m00_baseline,1,away,15305942,0.9733324391866712
G1 m00_baseline,1,away,15374710,-0.20758492018509195
G1 m00_baseline,1,away,14035591,-0.7547807654314785
G1 m00_baseline,1,away,14035588,-0.25162883362781074
G1 m00_baseline,1,away,14035587,2.9001320323062156
G1 m00_baseline,1,away,14035590,1.2234187747148337
G1 m00_baseline,1,away,14035767,0.6338517099931993
G1 m00_baseline,1,away,14035771,0.7727655104617611
G1 m00_baseline,1,away,14035768,1.2144892367032374
G1 m00_baseline,1,away,14035766,-0.1726736492045588
G1 m00_baseline,1,away,14035769,1.294674569188817
G1 m00_baseline,1,away,14035770,0.2214702754655558
G1 m00_baseline,1,away,14035592,0.944368615184903
G1 m00_baseline,1,away,14035594,0.6051235706170777
G1 m00_baseline,1,away,14035595,-0.7023485490414635
G1 m00_baseline,1,away,14035593,1.785082115069325
G1 m00_baseline,1,away,14035597,0.6576209945547948
G1 m00_baseline,1,away,14035598,-1.7126896193643564
G1 m00_baseline,1,away,14035596,-0.08624736134115042
G1 m00_baseline,1,away,15399014,3.4728335966399704
G1 m00_baseline,1,away,14035774,0.9399694837088519
G1 m00_baseline,1,away,14035773,1.400148408187944
G1 m00_baseline,1,away,14035772,0.4396497829778346
G1 m00_baseline,1,away,14035775,0.3631627672842721
G1 m00_baseline,1,away,14035776,-0.14275696998346338
G1 m00_baseline,1,away,14035782,0.9904289994967302
G1 m00_baseline,1,away,14035777,-1.1824783944081965
G1 m00_baseline,1,away,14035781,-0.6068646759366564
G1 m00_baseline,1,away,15456958,0.42410810780766434
G1 m00_baseline,1,away,14035602,-0.23856878147939364
G1 m00_baseline,1,away,14035606,0.7572844693212567
G1 m00_baseline,1,away,14035603,0.4885546343797889
G1 m00_baseline,1,away,14035604,1.003139169848936
G1 m00_baseline,1,away,14035605,0.36690939246998683
G1 m00_baseline,1,away,15332289,-0.14890495810141732
G1 m00_baseline,1,away,15368752,-0.5443037286839749
G1 m00_baseline,1,away,14035607,0.2925400800957177
G1 m00_baseline,1,away,14035608,-0.25760277843059387
G1 m00_baseline,1,away,14035610,1.1297999884616858
G1 m00_baseline,1,away,14035609,-0.7157204416659817
G1 m00_baseline,1,away,14035611,-0.3311425730692495
G1 m00_baseline,1,away,15336943,-1.3048722194585638
G1 m00_baseline,1,away,15416466,-0.17897426269033279
G1 m00_baseline,1,away,14035787,-0.9665851017392084
G1 m00_baseline,1,away,14035778,2.0928729626825113
G1 m00_baseline,1,away,15366428,3.2193832465996017
G1 m00_baseline,1,away,15547533,1.3907869720048212
G1 m00_baseline,1,away,14035786,0.29008988585738427
G1 m00_baseline,1,away,14035788,-1.038217400956975
G1 m00_baseline,1,away,14035789,-0.9393141941011521
G1 m00_baseline,1,away,14035790,0.3728025021531989
G1 m00_baseline,1,away,14035792,0.5260128143548146
G1 m00_baseline,1,away,14035614,-2.1333748947889526
G1 m00_baseline,1,away,14035616,-1.6756011542669205
G1 m00_baseline,1,away,14035613,-0.26041715954007505
G1 m00_baseline,1,away,14035612,0.8841365707599569
G1 m00_baseline,1,away,14035615,0.6930423539659452
G1 m00_baseline,1,away,15490658,0.12284172573209634
G1 m00_baseline,1,away,15490775,0.262718285186413
G1 m00_baseline,1,away,14035620,0.46256510323150235
G1 m00_baseline,1,away,14035618,0.2039261180891302
G1 m00_baseline,1,away,14035619,1.5249211645014038
G1 m00_baseline,1,away,14035617,0.5681738789961156
G1 m00_baseline,1,away,14035621,0.19675671576947443
G1 m00_baseline,1,away,15399013,-1.790486075937177
G1 m00_baseline,1,away,15416481,-1.25724107256843
G1 m00_baseline,1,away,15395623,-0.5691989645789526
G1 m00_baseline,1,away,14035796,-0.4636980144141061
G1 m00_baseline,1,away,14035794,-0.2645913642707754
G1 m00_baseline,1,away,14035791,1.660664889586496
G1 m00_baseline,1,away,14035793,-0.5575523960405611
G1 m00_baseline,1,away,14035795,0.5994337296268613
G1 m00_baseline,1,away,15458714,-1.1609662496980764
G1 m00_baseline,1,away,14035801,0.46323890817664076
G1 m00_baseline,1,away,14035798,-0.7171026740061931
G1 m00_baseline,1,away,14035799,-1.1459296363148077
G1 m00_baseline,1,away,14035800,0.45047901592539796
G1 m00_baseline,1,away,14035797,1.4409782104515783
G1 m00_baseline,1,away,15530801,-0.10525741709970934
G1 m00_baseline,1,away,14035622,1.4812397827261377
G1 m00_baseline,1,away,14035624,-0.0919803081976796
G1 m00_baseline,1,away,14035626,0.5471332252367528
G1 m00_baseline,1,away,14035627,0.18395404665012005
G1 m00_baseline,1,away,14035623,2.1559106289622965
G1 m00_baseline,1,away,15457468,-0.168927352548452
G1 m00_baseline,1,away,14035625,0.9170553330260708
G1 m00_baseline,1,away,14035628,0.5175644790166464
G1 m00_baseline,1,away,14035631,-0.37408108177816485
G1 m00_baseline,1,away,14035629,0.8824858406430378
G1 m00_baseline,1,away,14035632,0.2704220625260797
G1 m00_baseline,1,away,15422405,0.5005757015626673
G1 m00_baseline,1,away,15588942,-0.9468905653738988
G1 m00_baseline,1,away,14035804,-0.8818287456693182
G1 m00_baseline,1,away,14035803,0.2909629725018487
G1 m00_baseline,1,away,14035805,0.15216708572083593
G1 m00_baseline,1,away,14035806,0.4038856484377076
G1 m00_baseline,1,away,14035802,1.7245843928689235
G1 m00_baseline,1,away,15588903,-0.4017356962716336
G1 m00_baseline,1,away,14035808,-0.013034333213053403
G1 m00_baseline,1,away,14035811,1.1097040187423761
G1 m00_baseline,1,away,14035810,-0.13928098755308058
G1 m00_baseline,1,away,14035809,1.454507581673238
G1 m00_baseline,1,away,14035807,-0.2225202116832576
G1 m00_baseline,1,away,14035637,0.20791208118650392
G1 m00_baseline,1,away,14035633,0.7737258452816246
G1 m00_baseline,1,away,14035635,0.7695635475200773
G1 m00_baseline,1,away,14035630,1.2436309195992175
G1 m00_baseline,1,away,14035638,-0.7186671202608659
G1 m00_baseline,1,away,14035636,0.4255978495776279
G1 m00_baseline,1,away,14035634,0.2795766478170781
G1 m00_baseline,1,away,14035645,-1.32775958203868
G1 m00_baseline,1,away,15588896,-1.1470445752052003
G1 m00_baseline,1,away,15588927,0.09827348763876564
G1 m00_baseline,1,away,14035814,0.871547446469235
G1 m00_baseline,1,away,14035816,0.21372981793132614
G1 m00_baseline,1,away,14035815,-1.0363939621341949
G1 m00_baseline,1,away,14035813,-0.974808060043714
G1 m00_baseline,1,away,14035812,-0.947182852332398
G1 m00_baseline,1,away,14035819,1.6839820651997435
G1 m00_baseline,1,away,14035818,0.24871239610284243
G1 m00_baseline,1,away,14035827,-0.34715204623382223
G1 m00_baseline,1,away,14035820,-0.16916959714878488
G1 m00_baseline,1,away,14035817,-0.29514442103754324
G1 m00_baseline,1,away,15881894,1.5864155258363277
G1 m00_baseline,1,away,14035640,-1.1761053007844646
G1 m00_baseline,1,away,14035642,-0.24586578614763788
G1 m00_baseline,1,away,14035643,0.4094371961467211
G1 m00_baseline,1,away,14035641,-0.05044262228557028
G1 m00_baseline,1,away,14035644,-0.6648896642490875
G1 m00_baseline,1,away,15680573,0.8339456178671251
G1 m00_baseline,1,away,14035650,0.9187636707736621
G1 m00_baseline,1,away,14035647,-0.6445967201759777
G1 m00_baseline,1,away,14035646,-1.0291182838736694
G1 m00_baseline,1,away,14035648,-1.0879510167422266
G1 m00_baseline,1,away,14035651,-0.03751325995148836
G1 m00_baseline,1,away,14035821,-0.1722202728245285
G1 m00_baseline,1,away,14035823,-0.9965107733495586
G1 m00_baseline,1,away,14035822,0.633896518210261
G1 m00_baseline,1,away,14035826,0.9528453360807806
G1 m00_baseline,1,away,14035824,1.3531328593211887
G1 m00_baseline,1,away,14032717,0.7120070004775536
G1 m00_baseline,1,away,14032707,-0.853632175433678
G1 m00_baseline,1,away,14032715,-1.005961801995612
G1 m00_baseline,1,away,14032721,0.6597421048613387
G1 m00_baseline,1,away,14032718,0.13640538622568704
G1 m00_baseline,1,away,14035653,1.3298334529961713
G1 m00_baseline,1,away,14035652,-0.030332312278665095
G1 m00_baseline,1,away,14035654,1.2688863726974535
G1 m00_baseline,1,away,14035655,0.47525001435133213
G1 m00_baseline,1,away,14035656,-0.44995619688388044
G1 m00_baseline,1,away,14032710,-0.004983191180075846
G1 m00_baseline,1,away,14032708,0.24923141961973505
G1 m00_baseline,1,away,14032714,0.3929766745800289
G1 m00_baseline,1,away,14032719,-0.5047352118693842
G1 m00_baseline,1,away,14032720,0.5339724949403656
G1 m05_production_wealth,1,home,12477128,0.11393875891950897
G1 m05_production_wealth,1,home,12477134,-0.14586786834747098
G1 m05_production_wealth,1,home,12477131,-0.9372584026871983
G1 m05_production_wealth,1,home,12477135,-1.1847116661338073
G1 m05_production_wealth,1,home,12477132,-0.19342693862496038
G1 m05_production_wealth,1,home,12476800,-0.21366737628487328
G1 m05_production_wealth,1,home,12476794,0.3039933423111085
G1 m05_production_wealth,1,home,12476797,0.1739432799747537
G1 m05_production_wealth,1,home,12476799,-1.0702724612864094
G1 m05_production_wealth,1,home,12476798,1.1208563632251056
G1 m05_production_wealth,1,home,12477129,-0.5374012745616608
G1 m05_production_wealth,1,home,12477126,1.518676600564304
G1 m05_production_wealth,1,home,12477130,0.27687136132330326
G1 m05_production_wealth,1,home,12477123,-1.10289497244723
G1 m05_production_wealth,1,home,12477133,-1.858291253032828
G1 m05_production_wealth,1,home,12476632,0.04446558539975598
G1 m05_production_wealth,1,home,12476633,-1.8517781542569307
G1 m05_production_wealth,1,home,12476630,0.5460396969394405
G1 m05_production_wealth,1,home,12476635,0.11863351590790357
G1 m05_production_wealth,1,home,12476636,-0.8221233788994504
G1 m05_production_wealth,1,home,12476793,-0.11388541668701126
G1 m05_production_wealth,1,home,12476795,-0.20682679193747444
G1 m05_production_wealth,1,home,12476796,-1.278976684354978
G1 m05_production_wealth,1,home,12476792,0.07739836383082446
G1 m05_production_wealth,1,home,12476790,-0.2382872847848039
G1 m05_production_wealth,1,home,12476788,-1.3108330987401258
G1 m05_production_wealth,1,home,12476786,0.67577952969081
G1 m05_production_wealth,1,home,12476787,-1.119792489590317
G1 m05_production_wealth,1,home,12476791,0.5328735773789567
G1 m05_production_wealth,1,home,12476789,-0.6374311940957377
G1 m05_production_wealth,1,home,12476629,0.13478207840344925
G1 m05_production_wealth,1,home,12476634,-1.3774370977464594
G1 m05_production_wealth,1,home,12476623,-0.8226537681657822
G1 m05_production_wealth,1,home,12476631,0.532896519301839
G1 m05_production_wealth,1,home,12476624,-1.1328354306169188
G1 m05_production_wealth,1,home,12476627,-1.3386811079107008
G1 m05_production_wealth,1,home,12476625,-0.047884862849824746
G1 m05_production_wealth,1,home,12476621,-0.3633765133343634
G1 m05_production_wealth,1,home,12476622,-0.9862520222075192
G1 m05_production_wealth,1,home,12476782,-1.080766999125237
G1 m05_production_wealth,1,home,12476785,-0.24496792403299872
G1 m05_production_wealth,1,home,12476784,0.6255661852484669
G1 m05_production_wealth,1,home,12476781,-0.26384604962904895
G1 m05_production_wealth,1,home,12476779,1.9332618856026984
G1 m05_production_wealth,1,home,12476619,1.8747516832156113
G1 m05_production_wealth,1,home,12476620,-1.924122059725707
G1 m05_production_wealth,1,home,12476618,-0.46704512272268794
G1 m05_production_wealth,1,home,12476626,0.4681495827355347
G1 m05_production_wealth,1,home,12476617,-0.5159473219598188
G1 m05_production_wealth,1,home,12476780,0.18375033140770428
G1 m05_production_wealth,1,home,12476778,-0.3913070115840654
G1 m05_production_wealth,1,home,12476776,1.1394860482654825
G1 m05_production_wealth,1,home,12476777,0.6234896667754113
G1 m05_production_wealth,1,home,12476783,-0.15349745797791234
G1 m05_production_wealth,1,home,12476772,-0.7187671218983591
G1 m05_production_wealth,1,home,12476774,-1.0083448971833329
G1 m05_production_wealth,1,home,12476771,-1.4222414732998365
G1 m05_production_wealth,1,home,12476773,0.6194819716601344
G1 m05_production_wealth,1,home,12476775,-0.7271751201900454
G1 m05_production_wealth,1,home,12476611,0.5980477144958088
G1 m05_production_wealth,1,home,12476616,-0.2398569306350091
G1 m05_production_wealth,1,home,12476614,-0.01217237115577912
G1 m05_production_wealth,1,home,12476612,-0.5303840223395596
G1 m05_production_wealth,1,home,12476615,0.4839066812059197
G1 m05_production_wealth,1,home,12811090,-0.5975455817517636
G1 m05_production_wealth,1,home,12476607,0.06231265837547042
G1 m05_production_wealth,1,home,12476613,-1.7830325376231289
G1 m05_production_wealth,1,home,12476606,-2.514659650670224
G1 m05_production_wealth,1,home,12476603,0.498420346728559
G1 m05_production_wealth,1,home,12476770,-1.693138472390973
G1 m05_production_wealth,1,home,12476767,0.0342481945809321
G1 m05_production_wealth,1,home,12476766,0.49378458674113224
G1 m05_production_wealth,1,home,12476769,0.733451558498101
G1 m05_production_wealth,1,home,12476768,0.39444370901777626
G1 m05_production_wealth,1,home,12476761,-0.6476280426483104
G1 m05_production_wealth,1,home,12476765,-1.2731486360232815
G1 m05_production_wealth,1,home,12476764,-0.5584277920048121
G1 m05_production_wealth,1,home,12476762,-0.6134302991406793
G1 m05_production_wealth,1,home,12476759,-0.7671391838289415
G1 m05_production_wealth,1,home,12476604,0.056838339818330155
G1 m05_production_wealth,1,home,12476609,-1.3723337230899637
G1 m05_production_wealth,1,home,12476610,0.8362181993307709
G1 m05_production_wealth,1,home,12476601,-1.6619656707467634
G1 m05_production_wealth,1,home,12476605,-1.1738317083451943
G1 m05_production_wealth,1,home,12476600,1.8357984408950285
G1 m05_production_wealth,1,home,12476598,0.10602618535800183
G1 m05_production_wealth,1,home,12476599,-1.1177831803359444
G1 m05_production_wealth,1,home,12476597,-0.6132230848711804
G1 m05_production_wealth,1,home,12476602,-0.5527456761381758
G1 m05_production_wealth,1,home,12476760,0.4937278909291812
G1 m05_production_wealth,1,home,12476763,-0.6775868511155272
G1 m05_production_wealth,1,home,12476758,-0.7552367928342685
G1 m05_production_wealth,1,home,12476757,-1.3987692493844401
G1 m05_production_wealth,1,home,12476756,-1.0825111925309212
G1 m05_production_wealth,1,home,12954858,-0.011321816807574634
G1 m05_production_wealth,1,home,12476594,1.061001898578826
G1 m05_production_wealth,1,home,12476592,-0.41680808484107346
G1 m05_production_wealth,1,home,12476595,-1.2075553735491134
G1 m05_production_wealth,1,home,12476593,-1.37503632993562
G1 m05_production_wealth,1,home,12476596,-0.018179338777981592
G1 m05_production_wealth,1,home,12476750,-1.117754763545572
G1 m05_production_wealth,1,home,12476753,0.7634011407925685
G1 m05_production_wealth,1,home,12476755,-1.9726646914111816
G1 m05_production_wealth,1,home,12476752,-0.4463793401847702
G1 m05_production_wealth,1,home,12476751,0.05479850866673978
G1 m05_production_wealth,1,home,12476749,-1.3611426007956093
G1 m05_production_wealth,1,home,12476748,-0.2653413433226383
G1 m05_production_wealth,1,home,12476739,-0.5063779840524985
G1 m05_production_wealth,1,home,12476741,-0.6631291771951875
G1 m05_production_wealth,1,home,12476754,1.891222224038876
G1 m05_production_wealth,1,home,12476589,0.47668750915358094
G1 m05_production_wealth,1,home,12476587,-0.04739860282761305
G1 m05_production_wealth,1,home,12476591,0.06840765719637953
G1 m05_production_wealth,1,home,12476590,-0.2675055498911317
G1 m05_production_wealth,1,home,12476588,-0.7688740707284711
G1 m05_production_wealth,1,home,12476746,-0.6745554980613854
G1 m05_production_wealth,1,home,12476747,0.5760989605733324
G1 m05_production_wealth,1,home,12476742,-0.47698262938416736
G1 m05_production_wealth,1,home,12476745,-0.1967216822746752
G1 m05_production_wealth,1,home,12476743,-0.5277446524104583
G1 m05_production_wealth,1,home,12476737,0.13143379768984717
G1 m05_production_wealth,1,home,12476735,-0.651880114535532
G1 m05_production_wealth,1,home,12476744,0.26784074567507166
G1 m05_production_wealth,1,home,12476738,-0.5146292864938263
G1 m05_production_wealth,1,home,12476740,-1.7201410890198197
G1 m05_production_wealth,1,home,12476586,0.32274010339573006
G1 m05_production_wealth,1,home,12476582,-0.8364132182636985
G1 m05_production_wealth,1,home,12476579,-1.8948991408970204
G1 m05_production_wealth,1,home,12476585,0.11547777286232566
G1 m05_production_wealth,1,home,12476583,-0.5558449214653967
G1 m05_production_wealth,1,home,12476584,0.4898315891172397
G1 m05_production_wealth,1,home,12476581,0.8955044830437582
G1 m05_production_wealth,1,home,12476580,0.30691228749742305
G1 m05_production_wealth,1,home,12476574,-0.8510834262858104
G1 m05_production_wealth,1,home,12476578,0.7422623193495432
G1 m05_production_wealth,1,home,12476731,0.09728865179781608
G1 m05_production_wealth,1,home,12476548,-0.9003614583928576
G1 m05_production_wealth,1,home,13179032,-2.0327311508193113
G1 m05_production_wealth,1,home,13171689,0.2019872061971382
G1 m05_production_wealth,1,home,12476727,-0.06447938527700266
G1 m05_production_wealth,1,home,12476729,-0.3327681063681819
G1 m05_production_wealth,1,home,12476724,1.4545213824713996
G1 m05_production_wealth,1,home,12476730,0.37192358093617417
G1 m05_production_wealth,1,home,12476728,-1.698724085122825
G1 m05_production_wealth,1,home,12476720,-2.1555449922291543
G1 m05_production_wealth,1,home,12476722,-1.5926465012780415
G1 m05_production_wealth,1,home,12476721,-0.3733734653112711
G1 m05_production_wealth,1,home,12476725,-0.5796125678039151
G1 m05_production_wealth,1,home,12476723,0.2975097320787982
G1 m05_production_wealth,1,home,13171688,0.47138395745100314
G1 m05_production_wealth,1,home,12476562,-1.5272468853115513
G1 m05_production_wealth,1,home,12476564,1.1471553264752379
G1 m05_production_wealth,1,home,12476565,0.5632901765584559
G1 m05_production_wealth,1,home,13175772,-0.3334309060764344
G1 m05_production_wealth,1,home,12476563,-1.3829980844067429
G1 m05_production_wealth,1,home,12476556,-0.6962656687230535
G1 m05_production_wealth,1,home,12476558,1.0903893691177438
G1 m05_production_wealth,1,home,12476561,-0.047270094124024525
G1 m05_production_wealth,1,home,12476560,1.9809712010070835
G1 m05_production_wealth,1,home,13179034,0.891700506298197
G1 m05_production_wealth,1,home,12476726,-2.5732212313394616
G1 m05_production_wealth,1,home,12476718,-1.165181083030676
G1 m05_production_wealth,1,home,12476716,0.032775756518773035
G1 m05_production_wealth,1,home,12476719,0.4405328751788569
G1 m05_production_wealth,1,home,12476717,-0.3421246380534985
G1 m05_production_wealth,1,home,12476713,-0.675654888181866
G1 m05_production_wealth,1,home,12476715,-0.10077349427866913
G1 m05_production_wealth,1,home,12476714,0.8375724748173436
G1 m05_production_wealth,1,home,12476710,-0.5868478381516411
G1 m05_production_wealth,1,home,12476712,0.5799966124758177
G1 m05_production_wealth,1,home,13175771,-0.6363716949849788
G1 m05_production_wealth,1,home,13159980,1.2727444020330483
G1 m05_production_wealth,1,home,12476551,-0.26141350208870073
G1 m05_production_wealth,1,home,12476555,0.31915126262395965
G1 m05_production_wealth,1,home,12476557,1.9473354873711484
G1 m05_production_wealth,1,home,12476554,0.4528641287159497
G1 m05_production_wealth,1,home,12476550,-0.8609137050569029
G1 m05_production_wealth,1,home,12476549,0.3231093767021462
G1 m05_production_wealth,1,home,12476547,-0.15776200426907347
G1 m05_production_wealth,1,home,12476552,-0.9383353347989064
G1 m05_production_wealth,1,home,12476553,0.29196525653168987
G1 m05_production_wealth,1,home,12476711,-0.11013747096670207
G1 m05_production_wealth,1,home,12476708,0.4973442627448139
G1 m05_production_wealth,1,home,12476707,-0.8681677085582303
G1 m05_production_wealth,1,home,12476709,-1.1175219720173895
G1 m05_production_wealth,1,home,12476706,-0.3926848027339814
G1 m05_production_wealth,1,home,12476705,-0.8962840287320952
G1 m05_production_wealth,1,home,12476701,-1.227782819911298
G1 m05_production_wealth,1,home,12476539,0.15859178914208769
G1 m05_production_wealth,1,home,12476545,-0.054417755154849284
G1 m05_production_wealth,1,home,12476546,-0.6946678287882855
G1 m05_production_wealth,1,home,13217663,0.1103091368343675
G1 m05_production_wealth,1,home,12476541,1.1069432367501566
G1 m05_production_wealth,1,home,12476544,-1.3926811197615157
G1 m05_production_wealth,1,home,12476533,-0.7211475283823974
G1 m05_production_wealth,1,home,13324922,-1.1667241713625736
G1 m05_production_wealth,1,home,13197505,0.7795156700556656
G1 m05_production_wealth,1,home,12476697,-0.9143982171902237
G1 m05_production_wealth,1,home,12476698,-1.6135002482389882
G1 m05_production_wealth,1,home,12476700,0.5764238808527891
G1 m05_production_wealth,1,home,12476696,1.122425137238847
G1 m05_production_wealth,1,home,13315347,-0.8468294097920721
G1 m05_production_wealth,1,home,12476531,-1.6596773817761938
G1 m05_production_wealth,1,home,12476529,0.9748665154015199
G1 m05_production_wealth,1,home,12476538,-1.3453642241936954
G1 m05_production_wealth,1,home,13233442,-0.03203483955004192
G1 m05_production_wealth,1,home,12476519,-0.5216011368005341
G1 m05_production_wealth,1,home,12476525,-1.111896001070231
G1 m05_production_wealth,1,home,12476523,1.6454214896996366
G1 m05_production_wealth,1,home,12476522,1.1344920545816903
G1 m05_production_wealth,1,home,12476524,-1.7986465319929192
G1 m05_production_wealth,1,home,12476693,-0.845152534761466
G1 m05_production_wealth,1,home,12476695,0.5727339105493485
G1 m05_production_wealth,1,home,12476691,-1.3851848854709292
G1 m05_production_wealth,1,home,12476692,-0.7822556667555831
G1 m05_production_wealth,1,home,12476699,-0.27632910821657297
G1 m05_production_wealth,1,home,12476689,0.756817883748466
G1 m05_production_wealth,1,home,12476685,0.5261563096857313
G1 m05_production_wealth,1,home,12476686,0.3735078116788006
G1 m05_production_wealth,1,home,12476690,0.4040672471652781
G1 m05_production_wealth,1,home,13343736,0.6974267676479927
G1 m05_production_wealth,1,home,12476521,1.406572061009425
G1 m05_production_wealth,1,home,12476514,0.3426542319265153
G1 m05_production_wealth,1,home,12476518,-0.07436964113472315
G1 m05_production_wealth,1,home,12476520,0.031201310648107196
G1 m05_production_wealth,1,home,12476515,-0.16882105100377062
G1 m05_production_wealth,1,home,13348881,-0.2128858764773228
G1 m05_production_wealth,1,home,13255608,0.9399101957385075
G1 m05_production_wealth,1,home,12476516,-1.1857968025370562
G1 m05_production_wealth,1,home,12476512,-1.3238050638617826
G1 m05_production_wealth,1,home,12476511,1.0584578823585933
G1 m05_production_wealth,1,home,12476517,0.023245783050847547
G1 m05_production_wealth,1,home,12476513,0.9947515430088429
G1 m05_production_wealth,1,home,13391276,-0.193201399903928
G1 m05_production_wealth,1,home,12476688,0.8453723799946178
G1 m05_production_wealth,1,home,12476684,-1.6678986544766066
G1 m05_production_wealth,1,home,12476681,0.04985125164487048
G1 m05_production_wealth,1,home,12476682,0.4166254951153075
G1 m05_production_wealth,1,home,12476679,-1.6189884015397307
G1 m05_production_wealth,1,home,12476678,0.5871563706412427
G1 m05_production_wealth,1,home,12476675,0.41907152803597403
G1 m05_production_wealth,1,home,12476680,0.6439451985654107
G1 m05_production_wealth,1,home,12476677,-2.1954409858199546
G1 m05_production_wealth,1,home,12476508,0.9885850033510082
G1 m05_production_wealth,1,home,12476510,1.883683290043497
G1 m05_production_wealth,1,home,12476506,-0.2511885121873704
G1 m05_production_wealth,1,home,12476509,0.5060168224889778
G1 m05_production_wealth,1,home,12476507,-0.6456549072796017
G1 m05_production_wealth,1,home,12476502,-1.4364311202290634
G1 m05_production_wealth,1,home,12476500,-0.6554423558080696
G1 m05_production_wealth,1,home,12476501,1.1872834700154191
G1 m05_production_wealth,1,home,12476505,-2.107357486165601
G1 m05_production_wealth,1,home,12476504,-1.1294792920930636
G1 m05_production_wealth,1,home,13415294,-0.0645327447727624
G1 m05_production_wealth,1,home,12476674,0.042432799214800025
G1 m05_production_wealth,1,home,12476671,0.855715355094057
G1 m05_production_wealth,1,home,12476670,-0.31265342940705126
G1 m05_production_wealth,1,home,12476672,-0.7867435583947863
G1 m05_production_wealth,1,home,12476669,-1.042862080722913
G1 m05_production_wealth,1,home,13343733,-0.683373163639024
G1 m05_production_wealth,1,home,12476667,1.1762154667951328
G1 m05_production_wealth,1,home,12476662,-1.0923239578065693
G1 m05_production_wealth,1,home,12476673,-1.076293563790156
G1 m05_production_wealth,1,home,12476676,0.024108533663671928
G1 m05_production_wealth,1,home,12476668,-1.1715401233138034
G1 m05_production_wealth,1,home,12476526,-0.6607358335376735
G1 m05_production_wealth,1,home,12476497,0.14622109550066728
G1 m05_production_wealth,1,home,12476499,-1.4786591119762207
G1 m05_production_wealth,1,home,12476496,-0.6105906375841779
G1 m05_production_wealth,1,home,12476498,-1.7664099976607173
G1 m05_production_wealth,1,home,12476495,0.7400542459177482
G1 m05_production_wealth,1,home,13436762,-0.6273887946296293
G1 m05_production_wealth,1,home,12476490,-0.6277457167980589
G1 m05_production_wealth,1,home,12476492,-1.5497225491004345
G1 m05_production_wealth,1,home,12476489,-1.3376775189280146
G1 m05_production_wealth,1,home,12476493,-1.2318056180307693
G1 m05_production_wealth,1,home,12476491,-1.2676412978845029
G1 m05_production_wealth,1,home,13399583,-1.1414501469998724
G1 m05_production_wealth,1,home,13480337,1.3044360783903821
G1 m05_production_wealth,1,home,12476665,-0.5339691453274419
G1 m05_production_wealth,1,home,12476661,-0.03586718673840597
G1 m05_production_wealth,1,home,12476666,-1.1847392830465582
G1 m05_production_wealth,1,home,12476663,-1.3947529666149834
G1 m05_production_wealth,1,home,12476660,0.6554142394617858
G1 m05_production_wealth,1,home,12640468,-0.5315853252289072
G1 m05_production_wealth,1,home,12476657,-0.6338356119397986
G1 m05_production_wealth,1,home,12476659,-1.1365968702152687
G1 m05_production_wealth,1,home,12476664,-1.050070790440513
G1 m05_production_wealth,1,home,12476658,0.6998910284851833
G1 m05_production_wealth,1,home,13343735,-2.1250318274460613
G1 m05_production_wealth,1,home,12476485,0.5883787124821518
G1 m05_production_wealth,1,home,12476487,-1.5146891449556128
G1 m05_production_wealth,1,home,12476486,0.5051959619805362
G1 m05_production_wealth,1,home,12476488,-1.7403723058700076
G1 m05_production_wealth,1,home,12476494,-0.3965697768831096
G1 m05_production_wealth,1,home,12476483,1.8912026050150461
G1 m05_production_wealth,1,home,12476484,0.8128634301717592
G1 m05_production_wealth,1,home,12476482,-0.7552927989708648
G1 m05_production_wealth,1,home,12476478,-0.08453774700299956
G1 m05_production_wealth,1,home,12476481,-1.2678121117961725
G1 m05_production_wealth,1,home,12476656,0.38375150785460777
G1 m05_production_wealth,1,home,12476654,-0.8875186243580294
G1 m05_production_wealth,1,home,12476652,1.4732869114905358
G1 m05_production_wealth,1,home,12476651,0.538221340848626
G1 m05_production_wealth,1,home,12476655,0.10438173368982777
G1 m05_production_wealth,1,home,12476648,-1.0535966596067878
G1 m05_production_wealth,1,home,12476649,-1.5883731206387255
G1 m05_production_wealth,1,home,12476653,-1.4587672043017048
G1 m05_production_wealth,1,home,12476650,-1.0502548526739068
G1 m05_production_wealth,1,home,12476646,-0.18935341183549956
G1 m05_production_wealth,1,home,12476477,0.2785895415134597
G1 m05_production_wealth,1,home,12476474,1.6006298811018118
G1 m05_production_wealth,1,home,12476479,-1.0897727818167475
G1 m05_production_wealth,1,home,12476480,-2.3087479845328267
G1 m05_production_wealth,1,home,12476476,-0.8110874478528707
G1 m05_production_wealth,1,home,12476469,2.147137733571913
G1 m05_production_wealth,1,home,12476475,0.2936571949034491
G1 m05_production_wealth,1,home,12476471,-1.2744950452497026
G1 m05_production_wealth,1,home,12476470,-0.07291310903413548
G1 m05_production_wealth,1,home,12476473,-0.2074272237673399
G1 m05_production_wealth,1,home,12476645,-0.6648820277433029
G1 m05_production_wealth,1,home,12476642,-1.0620255406602956
G1 m05_production_wealth,1,home,12476647,-0.1383702095549407
G1 m05_production_wealth,1,home,12476643,1.7097024742620728
G1 m05_production_wealth,1,home,12476644,0.1386386083782623
G1 m05_production_wealth,1,home,12476640,-0.35486768899944016
G1 m05_production_wealth,1,home,12476641,2.103327458835932
G1 m05_production_wealth,1,home,12476637,-0.46600081890600453
G1 m05_production_wealth,1,home,12476639,-0.1509314834653215
G1 m05_production_wealth,1,home,12476638,0.3709057564370768
G1 m05_production_wealth,1,home,12476465,-1.496826186658281
G1 m05_production_wealth,1,home,12476472,-0.6196054869469345
G1 m05_production_wealth,1,home,12476468,0.0828391392667279
G1 m05_production_wealth,1,home,12476464,1.126797917394476
G1 m05_production_wealth,1,home,12476467,-0.8265297305949719
G1 m05_production_wealth,1,home,12476463,1.6125863172133823
G1 m05_production_wealth,1,home,12476466,0.29910457921228345
G1 m05_production_wealth,1,home,12476461,0.17751678092890372
G1 m05_production_wealth,1,home,12476460,-1.637272476370403
G1 m05_production_wealth,1,home,12476462,0.576066542056007
G1 m05_production_wealth,1,home,12473328,0.8424200360813706
G1 m05_production_wealth,1,home,12473336,0.3425883246081594
G1 m05_production_wealth,1,home,12473335,0.01509004742733849
G1 m05_production_wealth,1,home,12473322,0.15505939628427143
G1 m05_production_wealth,1,home,12473327,1.1957599763690159
G1 m05_production_wealth,1,home,12473331,0.01210024302436412
G1 m05_production_wealth,1,home,12473333,-1.0884525972796972
G1 m05_production_wealth,1,home,12473334,-0.9513697877777482
G1 m05_production_wealth,1,home,12473337,0.6244150340080242
G1 m05_production_wealth,1,home,12473330,-0.0070961955970160326
G1 m05_production_wealth,1,home,12476454,0.8513476994128318
G1 m05_production_wealth,1,home,12476455,-0.4456366040555436
G1 m05_production_wealth,1,home,12476458,0.4555236430709502
G1 m05_production_wealth,1,home,12476459,-0.6314720785383173
G1 m05_production_wealth,1,home,12476457,-1.3456736925156316
G1 m05_production_wealth,1,home,12476452,-0.010469332934858303
G1 m05_production_wealth,1,home,12476567,-1.0046254587396855
G1 m05_production_wealth,1,home,12476453,2.3519517658203695
G1 m05_production_wealth,1,home,12476575,-1.1386860747253884
G1 m05_production_wealth,1,home,12476570,0.8830932802427794
G1 m05_production_wealth,1,home,14035482,-1.0914454253399941
G1 m05_production_wealth,1,home,14035495,-2.6612086919858293
G1 m05_production_wealth,1,home,14035487,1.3064724596700483
G1 m05_production_wealth,1,home,14035486,0.0553948707622489
G1 m05_production_wealth,1,home,14343735,-0.5954829952485774
G1 m05_production_wealth,1,home,14035506,-0.3044618961846598
G1 m05_production_wealth,1,home,14035498,0.31578532199388193
G1 m05_production_wealth,1,home,14035502,-0.10192303430571516
G1 m05_production_wealth,1,home,14035497,-1.5215767807624183
G1 m05_production_wealth,1,home,14035501,-0.6891481588425817
G1 m05_production_wealth,1,home,14035665,-0.2797804341117391
G1 m05_production_wealth,1,home,14035666,-0.17941883051311122
G1 m05_production_wealth,1,home,14035662,0.654359962128699
G1 m05_production_wealth,1,home,14035664,0.22487932842260389
G1 m05_production_wealth,1,home,14035663,-0.4526865855186595
G1 m05_production_wealth,1,home,14035669,-2.9622976404448322
G1 m05_production_wealth,1,home,14035667,-2.3689060644831996
G1 m05_production_wealth,1,home,14035671,-0.10723910646926779
G1 m05_production_wealth,1,home,14035670,-0.32441521785788985
G1 m05_production_wealth,1,home,14035668,-1.3202040035715388
G1 m05_production_wealth,1,home,14035484,-0.1895009289753179
G1 m05_production_wealth,1,home,14035485,0.7759239550037392
G1 m05_production_wealth,1,home,14035488,-0.6400583648869984
G1 m05_production_wealth,1,home,14035489,1.3337541156040984
G1 m05_production_wealth,1,home,14035494,-0.0696967886223814
G1 m05_production_wealth,1,home,14035493,0.9594324292755575
G1 m05_production_wealth,1,home,14035496,-1.3053298538823355
G1 m05_production_wealth,1,home,14035492,-0.453600640810494
G1 m05_production_wealth,1,home,14035491,-1.091264928613718
G1 m05_production_wealth,1,home,14035675,0.5482448388222705
G1 m05_production_wealth,1,home,14035672,-0.13847438745797191
G1 m05_production_wealth,1,home,14035674,1.3064895112425925
G1 m05_production_wealth,1,home,14035676,-0.2798939136387353
G1 m05_production_wealth,1,home,14035673,0.6365946818705202
G1 m05_production_wealth,1,home,14035678,0.04849398693935098
G1 m05_production_wealth,1,home,14035683,-0.4791418114643484
G1 m05_production_wealth,1,home,14035681,0.0937238599807292
G1 m05_production_wealth,1,home,14035679,-0.7917859931955618
G1 m05_production_wealth,1,home,14035677,1.2147063427066078
G1 m05_production_wealth,1,home,14035503,0.38136732843065146
G1 m05_production_wealth,1,home,14035505,0.13899097074243402
G1 m05_production_wealth,1,home,14035500,-0.35142944927004355
G1 m05_production_wealth,1,home,14035504,-0.179514863059202
G1 m05_production_wealth,1,home,14035499,-1.8914112897553599
G1 m05_production_wealth,1,home,14035680,-0.4854714476370213
G1 m05_production_wealth,1,home,14035682,-1.5147121408199593
G1 m05_production_wealth,1,home,14035686,-0.22765880386562268
G1 m05_production_wealth,1,home,14035684,2.0581665251882115
G1 m05_production_wealth,1,home,14035685,-0.7123561367174179
G1 m05_production_wealth,1,home,14035511,0.5719648308421081
G1 m05_production_wealth,1,home,14035510,-1.9256836859173727
G1 m05_production_wealth,1,home,14035509,0.4264779251480461
G1 m05_production_wealth,1,home,14035508,-1.5209745748411068
G1 m05_production_wealth,1,home,14035507,-2.413164708992906
G1 m05_production_wealth,1,home,14035514,-1.1772739493154214
G1 m05_production_wealth,1,home,14035515,-2.339831969008957
G1 m05_production_wealth,1,home,14035512,0.02626815310225548
G1 m05_production_wealth,1,home,14035513,-0.38529011831848564
G1 m05_production_wealth,1,home,14035516,1.2322529239574316
G1 m05_production_wealth,1,home,14035687,0.4030022282237341
G1 m05_production_wealth,1,home,14035695,0.5806498636194292
G1 m05_production_wealth,1,home,14035689,-1.6876758727520325
G1 m05_production_wealth,1,home,14035692,1.0757708910865444
G1 m05_production_wealth,1,home,14035688,-1.6003430012249233
G1 m05_production_wealth,1,home,14035694,-0.8068534967783764
G1 m05_production_wealth,1,home,14035690,-0.239903693640845
G1 m05_production_wealth,1,home,14035693,-0.48043066614309726
G1 m05_production_wealth,1,home,14035691,0.016385791274747655
G1 m05_production_wealth,1,home,14035697,-0.1173328070809895
G1 m05_production_wealth,1,home,14035517,-1.0084896354647415
G1 m05_production_wealth,1,home,14035518,0.1000187695990478
G1 m05_production_wealth,1,home,14035519,1.2857804303841214
G1 m05_production_wealth,1,home,14035521,-0.05036378085657289
G1 m05_production_wealth,1,home,14035520,0.3790833053623071
G1 m05_production_wealth,1,home,14035524,0.5000958612462139
G1 m05_production_wealth,1,home,14035522,0.6654636039143625
G1 m05_production_wealth,1,home,14035526,-0.7600687285910773
G1 m05_production_wealth,1,home,14035525,1.2376746125654412
G1 m05_production_wealth,1,home,14035523,-0.6663477850680307
G1 m05_production_wealth,1,home,14035700,0.11344963851532454
G1 m05_production_wealth,1,home,14035703,1.0841206296840085
G1 m05_production_wealth,1,home,14035698,-0.7222895463811125
G1 m05_production_wealth,1,home,14035696,-0.9612167624630641
G1 m05_production_wealth,1,home,14035699,0.19674696157123084
G1 m05_production_wealth,1,home,14035706,-1.2982592959524921
G1 m05_production_wealth,1,home,14035704,0.40757329578415186
G1 m05_production_wealth,1,home,14035702,0.27201817501886383
G1 m05_production_wealth,1,home,14035701,0.12975676256637816
G1 m05_production_wealth,1,home,14035705,-1.4042486626976887
G1 m05_production_wealth,1,home,14501655,-1.7010320108813017
G1 m05_production_wealth,1,home,14035529,0.42154829626304613
G1 m05_production_wealth,1,home,14035528,-1.025741630860827
G1 m05_production_wealth,1,home,14035531,0.6964624985777345
G1 m05_production_wealth,1,home,14035527,-0.6253407746647841
G1 m05_production_wealth,1,home,14035530,-1.4043206678370015
G1 m05_production_wealth,1,home,14035709,0.8050268644792994
G1 m05_production_wealth,1,home,14035708,-0.6210053961027219
G1 m05_production_wealth,1,home,14035710,-0.42289702747746777
G1 m05_production_wealth,1,home,14035707,-0.2450422482194439
G1 m05_production_wealth,1,home,14035711,-1.5574630605142068
G1 m05_production_wealth,1,home,14035532,-0.49782885031645774
G1 m05_production_wealth,1,home,14035534,-1.1751281384466772
G1 m05_production_wealth,1,home,14035533,-2.88373633927961
G1 m05_production_wealth,1,home,14035535,-1.0395485709314336
G1 m05_production_wealth,1,home,14297746,-2.3909293670607528
G1 m05_production_wealth,1,home,14035538,-0.20668387544725178
G1 m05_production_wealth,1,home,14035539,-0.11715772515071689
G1 m05_production_wealth,1,home,14035536,0.8242570192150324
G1 m05_production_wealth,1,home,14035540,-0.8664139604481853
G1 m05_production_wealth,1,home,14035542,-0.535795121284766
G1 m05_production_wealth,1,home,14035713,-1.4447694356418903
G1 m05_production_wealth,1,home,14035714,1.0624702337288954
G1 m05_production_wealth,1,home,14035716,0.471775113320037
G1 m05_production_wealth,1,home,14035715,0.7034175904636175
G1 m05_production_wealth,1,home,14035712,0.24609211172609705
G1 m05_production_wealth,1,home,14035546,-0.09502304790105627
G1 m05_production_wealth,1,home,14035541,1.0682969802612667
G1 m05_production_wealth,1,home,14035544,0.40882186965000106
G1 m05_production_wealth,1,home,14035545,1.0042995789802631
G1 m05_production_wealth,1,home,14035543,-1.7770587301784628
G1 m05_production_wealth,1,home,14035548,-0.5256026920109537
G1 m05_production_wealth,1,home,14035555,0.5826152301598644
G1 m05_production_wealth,1,home,14035549,-0.6629672198933844
G1 m05_production_wealth,1,home,14035554,-0.5984749033672945
G1 m05_production_wealth,1,home,14035717,-0.27496776507571596
G1 m05_production_wealth,1,home,14035718,0.2959515334319786
G1 m05_production_wealth,1,home,14035719,-0.11331852338353123
G1 m05_production_wealth,1,home,14035735,-1.4267638041562187
G1 m05_production_wealth,1,home,14035720,0.04271863641599288
G1 m05_production_wealth,1,home,14035722,0.5255440425354571
G1 m05_production_wealth,1,home,14035721,-0.8967866690447955
G1 m05_production_wealth,1,home,14035725,-0.1292971055540269
G1 m05_production_wealth,1,home,14035724,-0.18021896163612516
G1 m05_production_wealth,1,home,14035723,-1.0568018091870934
G1 m05_production_wealth,1,home,14035551,0.9234944214315401
G1 m05_production_wealth,1,home,14035559,0.3644342937170779
G1 m05_production_wealth,1,home,14035550,-1.006241792590115
G1 m05_production_wealth,1,home,14035556,-0.6898648369341255
G1 m05_production_wealth,1,home,14035552,1.529469744408408
G1 m05_production_wealth,1,home,15017622,-0.5700240028686764
G1 m05_production_wealth,1,home,14035727,-0.18747311625301252
G1 m05_production_wealth,1,home,14035729,-0.37990799772437867
G1 m05_production_wealth,1,home,14035726,-0.6618400843634499
G1 m05_production_wealth,1,home,14035730,-2.2623988452674646
G1 m05_production_wealth,1,home,14035728,-0.6097290083632924
G1 m05_production_wealth,1,home,14035553,-0.9525739243962281
G1 m05_production_wealth,1,home,14035562,-2.9830033849668065
G1 m05_production_wealth,1,home,14035558,-2.2283322168094863
G1 m05_production_wealth,1,home,14035560,1.5752176272762053
G1 m05_production_wealth,1,home,14035563,-0.9993362180062864
G1 m05_production_wealth,1,home,14035564,1.5598770022363153
G1 m05_production_wealth,1,home,14035561,-1.5504550878762604
G1 m05_production_wealth,1,home,14035565,1.00262532094734
G1 m05_production_wealth,1,home,14035566,0.6532203452684054
G1 m05_production_wealth,1,home,14035731,-0.7706199814543908
G1 m05_production_wealth,1,home,14035732,1.3881962735905125
G1 m05_production_wealth,1,home,14035736,1.1474021069805616
G1 m05_production_wealth,1,home,14035733,-0.09054913733253771
G1 m05_production_wealth,1,home,14035734,-1.1957153497541944
G1 m05_production_wealth,1,home,14035739,0.6086248178861018
G1 m05_production_wealth,1,home,14035740,-0.22098513179726673
G1 m05_production_wealth,1,home,14035737,0.7860197889106617
G1 m05_production_wealth,1,home,14035738,-0.5552835204953882
G1 m05_production_wealth,1,home,14035741,-0.23356078548978287
G1 m05_production_wealth,1,home,14035568,-0.8887582956725434
G1 m05_production_wealth,1,home,14035569,0.5243948523935972
G1 m05_production_wealth,1,home,14035572,-0.5924058124566796
G1 m05_production_wealth,1,home,14035570,-0.6171657962213923
G1 m05_production_wealth,1,home,14035567,-1.4817459339792798
G1 m05_production_wealth,1,home,14035574,1.2713331966983614
G1 m05_production_wealth,1,home,14035575,0.2403879631328854
G1 m05_production_wealth,1,home,14035571,-1.7135353010797745
G1 m05_production_wealth,1,home,14035576,-2.0338584816988097
G1 m05_production_wealth,1,home,14035573,-1.4720974359295875
G1 m05_production_wealth,1,home,14035742,-0.5071325886965199
G1 m05_production_wealth,1,home,14035745,-0.5019042298192039
G1 m05_production_wealth,1,home,14035747,-0.6019826316578115
G1 m05_production_wealth,1,home,14035744,0.3933786330841333
G1 m05_production_wealth,1,home,14035743,-0.0992991308515282
G1 m05_production_wealth,1,home,14035750,-0.5286393740627561
G1 m05_production_wealth,1,home,14035751,1.71046776350175
G1 m05_production_wealth,1,home,14035749,-0.637512932124538
G1 m05_production_wealth,1,home,14035748,-0.6854402585054853
G1 m05_production_wealth,1,home,14035746,0.41289755938531886
G1 m05_production_wealth,1,home,14035582,0.5052387522049623
G1 m05_production_wealth,1,home,14035580,-0.6118577998726328
G1 m05_production_wealth,1,home,14035586,-1.0547127141072756
G1 m05_production_wealth,1,home,14035585,2.298929502364639
G1 m05_production_wealth,1,home,14035583,0.891728948570418
G1 m05_production_wealth,1,home,14035755,0.3329006927373862
G1 m05_production_wealth,1,home,14035756,-0.11707197529983181
G1 m05_production_wealth,1,home,14035752,-0.15549473158947572
G1 m05_production_wealth,1,home,14035760,-0.3715860520803439
G1 m05_production_wealth,1,home,14035761,0.20416276521978535
G1 m05_production_wealth,1,home,15363335,0.49039628820035286
G1 m05_production_wealth,1,home,15305942,-1.2779381751792591
G1 m05_production_wealth,1,home,15374710,1.4421864800804016
G1 m05_production_wealth,1,home,14035591,0.018843149046399433
G1 m05_production_wealth,1,home,14035588,0.797827585421026
G1 m05_production_wealth,1,home,14035587,-0.2513304971267333
G1 m05_production_wealth,1,home,14035590,-1.555111190900152
G1 m05_production_wealth,1,home,14035767,-0.8971717431754243
G1 m05_production_wealth,1,home,14035771,-0.018554141080662095
G1 m05_production_wealth,1,home,14035768,0.6029512037544327
G1 m05_production_wealth,1,home,14035766,0.3825279009962815
G1 m05_production_wealth,1,home,14035769,-0.9665247449008569
G1 m05_production_wealth,1,home,14035770,-1.5305715516956506
G1 m05_production_wealth,1,home,14035592,0.1710435418869047
G1 m05_production_wealth,1,home,14035594,0.35399623047489354
G1 m05_production_wealth,1,home,14035595,-1.6066210110019474
G1 m05_production_wealth,1,home,14035593,0.4608883277197425
G1 m05_production_wealth,1,home,14035597,0.5961985446943436
G1 m05_production_wealth,1,home,14035598,0.7317675678859944
G1 m05_production_wealth,1,home,14035596,-0.462076808810316
G1 m05_production_wealth,1,home,15399014,-1.453000102950725
G1 m05_production_wealth,1,home,14035774,-0.1870504202077027
G1 m05_production_wealth,1,home,14035773,0.6601892335163376
G1 m05_production_wealth,1,home,14035772,-0.5694074951321837
G1 m05_production_wealth,1,home,14035775,1.0987117610763106
G1 m05_production_wealth,1,home,14035776,-0.48342216611339633
G1 m05_production_wealth,1,home,14035782,-1.4970175088177178
G1 m05_production_wealth,1,home,14035777,0.11302504632553849
G1 m05_production_wealth,1,home,14035781,-1.4059963944668825
G1 m05_production_wealth,1,home,15456958,-0.7387478258978223
G1 m05_production_wealth,1,home,14035602,0.3015871791110655
G1 m05_production_wealth,1,home,14035606,-0.6879019504965322
G1 m05_production_wealth,1,home,14035603,-1.3539630833051295
G1 m05_production_wealth,1,home,14035604,0.09823453158719707
G1 m05_production_wealth,1,home,14035605,-0.8350254071314738
G1 m05_production_wealth,1,home,15332289,0.7081198345811981
G1 m05_production_wealth,1,home,15368752,-0.10822124595606318
G1 m05_production_wealth,1,home,14035607,-0.8098181476780313
G1 m05_production_wealth,1,home,14035608,-0.2644145797725968
G1 m05_production_wealth,1,home,14035610,0.8987932897773797
G1 m05_production_wealth,1,home,14035609,0.700987839169794
G1 m05_production_wealth,1,home,14035611,0.7405133456732134
G1 m05_production_wealth,1,home,15336943,-0.20969113012424867
G1 m05_production_wealth,1,home,15416466,-0.8158728675400154
G1 m05_production_wealth,1,home,14035787,-1.1518466272510604
G1 m05_production_wealth,1,home,14035778,0.11991533171896739
G1 m05_production_wealth,1,home,15366428,-0.8103579038701526
G1 m05_production_wealth,1,home,15547533,-1.1320697664629047
G1 m05_production_wealth,1,home,14035786,0.9681325756342752
G1 m05_production_wealth,1,home,14035788,2.1266561710012506
G1 m05_production_wealth,1,home,14035789,-0.7051052279912556
G1 m05_production_wealth,1,home,14035790,0.08584042917395691
G1 m05_production_wealth,1,home,14035792,0.04820179297253139
G1 m05_production_wealth,1,home,14035614,-1.689589428451393
G1 m05_production_wealth,1,home,14035616,-0.4706567099670277
G1 m05_production_wealth,1,home,14035613,-0.4754249219332127
G1 m05_production_wealth,1,home,14035612,-1.3366663299938455
G1 m05_production_wealth,1,home,14035615,-1.8247178744987196
G1 m05_production_wealth,1,home,15490658,-0.28767439855989885
G1 m05_production_wealth,1,home,15490775,-0.9989070061445983
G1 m05_production_wealth,1,home,14035620,0.8315529295437353
G1 m05_production_wealth,1,home,14035618,0.36025331243015946
G1 m05_production_wealth,1,home,14035619,-1.976856807508964
G1 m05_production_wealth,1,home,14035617,0.6049420595057139
G1 m05_production_wealth,1,home,14035621,-0.8239489668640102
G1 m05_production_wealth,1,home,15399013,-1.2949317044334119
G1 m05_production_wealth,1,home,15416481,0.6996091752824822
G1 m05_production_wealth,1,home,15395623,0.3260474282793438
G1 m05_production_wealth,1,home,14035796,1.6135488894898704
G1 m05_production_wealth,1,home,14035794,-0.52953025240202
G1 m05_production_wealth,1,home,14035791,-0.8401007667051399
G1 m05_production_wealth,1,home,14035793,-1.8730406349202764
G1 m05_production_wealth,1,home,14035795,-0.44536480299010567
G1 m05_production_wealth,1,home,15458714,0.08272407802304957
G1 m05_production_wealth,1,home,14035801,-0.8943763905215426
G1 m05_production_wealth,1,home,14035798,0.818682003258974
G1 m05_production_wealth,1,home,14035799,0.8893887050107342
G1 m05_production_wealth,1,home,14035800,1.7355474203625512
G1 m05_production_wealth,1,home,14035797,0.9041384188966747
G1 m05_production_wealth,1,home,15530801,0.791762873761142
G1 m05_production_wealth,1,home,14035622,-0.5251779494141805
G1 m05_production_wealth,1,home,14035624,-0.5608198004797817
G1 m05_production_wealth,1,home,14035626,-1.101461001539824
G1 m05_production_wealth,1,home,14035627,-0.1250204113823504
G1 m05_production_wealth,1,home,14035623,1.9924702707120592
G1 m05_production_wealth,1,home,15457468,1.1841275349460592
G1 m05_production_wealth,1,home,14035625,0.4829734093729009
G1 m05_production_wealth,1,home,14035628,-0.38646061759639727
G1 m05_production_wealth,1,home,14035631,0.4026952234167457
G1 m05_production_wealth,1,home,14035629,0.32246127647234135
G1 m05_production_wealth,1,home,14035632,-0.40896253959546935
G1 m05_production_wealth,1,home,15422405,-0.036404253400650885
G1 m05_production_wealth,1,home,15588942,0.04423653748732337
G1 m05_production_wealth,1,home,14035804,0.7859339245324557
G1 m05_production_wealth,1,home,14035803,-0.16970939606537097
G1 m05_production_wealth,1,home,14035805,0.19524381632456192
G1 m05_production_wealth,1,home,14035806,0.4014097819471002
G1 m05_production_wealth,1,home,14035802,-1.0164368125612666
G1 m05_production_wealth,1,home,15588903,-0.20059929727206874
G1 m05_production_wealth,1,home,14035808,0.27119183188176704
G1 m05_production_wealth,1,home,14035811,1.0408051718976314
G1 m05_production_wealth,1,home,14035810,-0.6744008165805071
G1 m05_production_wealth,1,home,14035809,-1.8072680619316164
G1 m05_production_wealth,1,home,14035807,0.09385229281500035
G1 m05_production_wealth,1,home,14035637,-0.45236496536545057
G1 m05_production_wealth,1,home,14035633,-0.5275900755062193
G1 m05_production_wealth,1,home,14035635,-0.021310665051177975
G1 m05_production_wealth,1,home,14035630,-0.2907710987544961
G1 m05_production_wealth,1,home,14035638,0.9623120721006955
G1 m05_production_wealth,1,home,14035636,-2.0260795148434663
G1 m05_production_wealth,1,home,14035634,-0.5946393463941888
G1 m05_production_wealth,1,home,14035645,-0.28855818907710945
G1 m05_production_wealth,1,home,15588896,0.32753303060547856
G1 m05_production_wealth,1,home,15588927,0.6919601557937743
G1 m05_production_wealth,1,home,14035814,0.4083329705031398
G1 m05_production_wealth,1,home,14035816,-0.8654446044294307
G1 m05_production_wealth,1,home,14035815,0.39141293069231486
G1 m05_production_wealth,1,home,14035813,-0.7383587912874222
G1 m05_production_wealth,1,home,14035812,-0.11778691197476762
G1 m05_production_wealth,1,home,14035819,-1.7346798553764693
G1 m05_production_wealth,1,home,14035818,-0.0048067075050567355
G1 m05_production_wealth,1,home,14035827,0.6080882476165915
G1 m05_production_wealth,1,home,14035820,-0.4185441521071913
G1 m05_production_wealth,1,home,14035817,0.8837886828903605
G1 m05_production_wealth,1,home,15881894,0.5197240253048665
G1 m05_production_wealth,1,home,14035640,-0.6532300570354753
G1 m05_production_wealth,1,home,14035642,0.6066710760714784
G1 m05_production_wealth,1,home,14035643,1.1670300540633873
G1 m05_production_wealth,1,home,14035641,-0.6590851353773624
G1 m05_production_wealth,1,home,14035644,-0.08208413329648134
G1 m05_production_wealth,1,home,15680573,-1.2594124420947126
G1 m05_production_wealth,1,home,14035650,-2.515346690881644
G1 m05_production_wealth,1,home,14035647,-0.002967873339940648
G1 m05_production_wealth,1,home,14035646,0.39383795600697014
G1 m05_production_wealth,1,home,14035648,-0.203295597047685
G1 m05_production_wealth,1,home,14035651,-0.6426924462003187
G1 m05_production_wealth,1,home,14035821,-0.04756817259623873
G1 m05_production_wealth,1,home,14035823,-0.3076566031680744
G1 m05_production_wealth,1,home,14035822,-0.6104557790724585
G1 m05_production_wealth,1,home,14035826,-1.673141021483264
G1 m05_production_wealth,1,home,14035824,-2.294455324529329
G1 m05_production_wealth,1,home,14032717,0.4583102356725911
G1 m05_production_wealth,1,home,14032707,1.557998828805284
G1 m05_production_wealth,1,home,14032715,0.5455964842250322
G1 m05_production_wealth,1,home,14032721,-1.2497938547191116
G1 m05_production_wealth,1,home,14032718,-1.4833697780994746
G1 m05_production_wealth,1,home,14035653,-1.1780075423500753
G1 m05_production_wealth,1,home,14035652,-0.15078569317660026
G1 m05_production_wealth,1,home,14035654,-0.04507994756392218
G1 m05_production_wealth,1,home,14035655,0.6398472400180876
G1 m05_production_wealth,1,home,14035656,-0.5740824123874436
G1 m05_production_wealth,1,home,14032710,1.1804356392946316
G1 m05_production_wealth,1,home,14032708,-1.4911051890828997
G1 m05_production_wealth,1,home,14032714,-0.4116765056269896
G1 m05_production_wealth,1,home,14032719,1.254057426292923
G1 m05_production_wealth,1,home,14032720,-0.12451434727416107
G1 m05_production_wealth,1,away,12477128,-0.0030514705942584234
G1 m05_production_wealth,1,away,12477134,0.21178622267398453
G1 m05_production_wealth,1,away,12477131,1.3578307743893105
G1 m05_production_wealth,1,away,12477135,-1.308115464876885
G1 m05_production_wealth,1,away,12477132,0.17244226242846442
G1 m05_production_wealth,1,away,12476800,-1.4712748475553792
G1 m05_production_wealth,1,away,12476794,0.07366577882036007
G1 m05_production_wealth,1,away,12476797,-0.6414929809259957
G1 m05_production_wealth,1,away,12476799,-0.8077731035304624
G1 m05_production_wealth,1,away,12476798,1.6152477743151812
G1 m05_production_wealth,1,away,12477129,0.9727304182397984
G1 m05_production_wealth,1,away,12477126,0.604053042327501
G1 m05_production_wealth,1,away,12477130,1.0282635320922082
G1 m05_production_wealth,1,away,12477123,-0.7255697052724164
G1 m05_production_wealth,1,away,12477133,-0.08876441528904172
G1 m05_production_wealth,1,away,12476632,-1.2279432117242801
G1 m05_production_wealth,1,away,12476633,-0.021928743667145145
G1 m05_production_wealth,1,away,12476630,-0.5655066018553903
G1 m05_production_wealth,1,away,12476635,-0.43553632395660336
G1 m05_production_wealth,1,away,12476636,-0.9238368019219143
G1 m05_production_wealth,1,away,12476793,-0.39563334543801576
G1 m05_production_wealth,1,away,12476795,-0.21954461018100224
G1 m05_production_wealth,1,away,12476796,1.5397508135027613
G1 m05_production_wealth,1,away,12476792,-0.9520704191328669
G1 m05_production_wealth,1,away,12476790,-1.9212057330211576
G1 m05_production_wealth,1,away,12476788,-1.5999350217310466
G1 m05_production_wealth,1,away,12476786,0.8427226372818896
G1 m05_production_wealth,1,away,12476787,-0.300335388363292
G1 m05_production_wealth,1,away,12476791,0.9386217017591464
G1 m05_production_wealth,1,away,12476789,-0.5084904238007029
G1 m05_production_wealth,1,away,12476629,-0.4081733879865672
G1 m05_production_wealth,1,away,12476634,0.7359038231517561
G1 m05_production_wealth,1,away,12476623,-2.2627813583456335
G1 m05_production_wealth,1,away,12476631,1.2081431722986269
G1 m05_production_wealth,1,away,12476624,-0.5134186832893698
G1 m05_production_wealth,1,away,12476627,1.6919751191433732
G1 m05_production_wealth,1,away,12476625,-0.21600381858631038
G1 m05_production_wealth,1,away,12476621,-0.11373478271753462
G1 m05_production_wealth,1,away,12476622,2.1027075232008667
G1 m05_production_wealth,1,away,12476782,-0.8404230076155642
G1 m05_production_wealth,1,away,12476785,-1.1508724473078504
G1 m05_production_wealth,1,away,12476784,0.7072861347075567
G1 m05_production_wealth,1,away,12476781,-2.3087321512907377
G1 m05_production_wealth,1,away,12476779,-0.18953916268286322
G1 m05_production_wealth,1,away,12476619,-0.2736294559442971
G1 m05_production_wealth,1,away,12476620,2.2545335832131785
G1 m05_production_wealth,1,away,12476618,-1.0589296830221038
G1 m05_production_wealth,1,away,12476626,-1.6148070013872127
G1 m05_production_wealth,1,away,12476617,-0.08820390067815438
G1 m05_production_wealth,1,away,12476780,0.6863574520217255
G1 m05_production_wealth,1,away,12476778,1.9004339214131187
G1 m05_production_wealth,1,away,12476776,-0.9234331107044205
G1 m05_production_wealth,1,away,12476777,0.1993906522352592
G1 m05_production_wealth,1,away,12476783,0.4271700597967602
G1 m05_production_wealth,1,away,12476772,-0.3236184825652853
G1 m05_production_wealth,1,away,12476774,-1.7186634626146846
G1 m05_production_wealth,1,away,12476771,-0.11720090462164579
G1 m05_production_wealth,1,away,12476773,-1.1190277263051565
G1 m05_production_wealth,1,away,12476775,-0.9214839066459801
G1 m05_production_wealth,1,away,12476611,0.24298540766971616
G1 m05_production_wealth,1,away,12476616,-0.11845212156010881
G1 m05_production_wealth,1,away,12476614,-0.39432820671599744
G1 m05_production_wealth,1,away,12476612,-0.8024346114038664
G1 m05_production_wealth,1,away,12476615,-0.40318314362417934
G1 m05_production_wealth,1,away,12811090,0.4224496305010524
G1 m05_production_wealth,1,away,12476607,-0.8545926297286875
G1 m05_production_wealth,1,away,12476613,-1.9596942709944196
G1 m05_production_wealth,1,away,12476606,1.2577929519712205
G1 m05_production_wealth,1,away,12476603,0.228182442023856
G1 m05_production_wealth,1,away,12476770,-2.001695295742058
G1 m05_production_wealth,1,away,12476767,-0.822522793776708
G1 m05_production_wealth,1,away,12476766,1.2124919451301344
G1 m05_production_wealth,1,away,12476769,-2.1307650162348346
G1 m05_production_wealth,1,away,12476768,2.197435955461164
G1 m05_production_wealth,1,away,12476761,-1.007455041774505
G1 m05_production_wealth,1,away,12476765,0.7242358769762446
G1 m05_production_wealth,1,away,12476764,2.6905686697014746
G1 m05_production_wealth,1,away,12476762,-0.5546851925708847
G1 m05_production_wealth,1,away,12476759,1.3208643900715482
G1 m05_production_wealth,1,away,12476604,0.9338281783394591
G1 m05_production_wealth,1,away,12476609,0.9007281527013564
G1 m05_production_wealth,1,away,12476610,1.3258124141612209
G1 m05_production_wealth,1,away,12476601,-0.20492058983597153
G1 m05_production_wealth,1,away,12476605,0.1987365141162998
G1 m05_production_wealth,1,away,12476600,-0.6974948952466932
G1 m05_production_wealth,1,away,12476598,-0.10076079086493378
G1 m05_production_wealth,1,away,12476599,0.44962397485313194
G1 m05_production_wealth,1,away,12476597,0.714245085999933
G1 m05_production_wealth,1,away,12476602,0.10911066084877145
G1 m05_production_wealth,1,away,12476760,-2.023082102216623
G1 m05_production_wealth,1,away,12476763,1.3172058281493066
G1 m05_production_wealth,1,away,12476758,-0.7508825592134069
G1 m05_production_wealth,1,away,12476757,1.2302081204166155
G1 m05_production_wealth,1,away,12476756,0.44303462340574895
G1 m05_production_wealth,1,away,12954858,-0.5180933588761102
G1 m05_production_wealth,1,away,12476594,0.44919441815548206
G1 m05_production_wealth,1,away,12476592,1.74805396233099
G1 m05_production_wealth,1,away,12476595,-1.8806629427990975
G1 m05_production_wealth,1,away,12476593,-2.12392279263908
G1 m05_production_wealth,1,away,12476596,-2.0544075040467984
G1 m05_production_wealth,1,away,12476750,1.166389895417064
G1 m05_production_wealth,1,away,12476753,-0.3858271191309347
G1 m05_production_wealth,1,away,12476755,-0.35640174389371093
G1 m05_production_wealth,1,away,12476752,-2.0716385721098654
G1 m05_production_wealth,1,away,12476751,0.18953252748293017
G1 m05_production_wealth,1,away,12476749,1.9011281026281026
G1 m05_production_wealth,1,away,12476748,-1.1474793345349237
G1 m05_production_wealth,1,away,12476739,0.38775668743530073
G1 m05_production_wealth,1,away,12476741,-2.0002692226688317
G1 m05_production_wealth,1,away,12476754,-0.545123603047831
G1 m05_production_wealth,1,away,12476589,-1.1294557924900557
G1 m05_production_wealth,1,away,12476587,0.18059621338639797
G1 m05_production_wealth,1,away,12476591,0.6878841238085687
G1 m05_production_wealth,1,away,12476590,0.4588738751261887
G1 m05_production_wealth,1,away,12476588,-1.148509538861332
G1 m05_production_wealth,1,away,12476746,-0.3976892483091584
G1 m05_production_wealth,1,away,12476747,-1.6368803096003728
G1 m05_production_wealth,1,away,12476742,0.9203384235588086
G1 m05_production_wealth,1,away,12476745,-0.024491490793821128
G1 m05_production_wealth,1,away,12476743,0.26491693042505704
G1 m05_production_wealth,1,away,12476737,-0.3903088321864654
G1 m05_production_wealth,1,away,12476735,-0.8644324118197168
G1 m05_production_wealth,1,away,12476744,0.3023362000313026
G1 m05_production_wealth,1,away,12476738,-0.4423285893882062
G1 m05_production_wealth,1,away,12476740,0.9199271769518633
G1 m05_production_wealth,1,away,12476586,1.5228394023621363
G1 m05_production_wealth,1,away,12476582,1.038543170833338
G1 m05_production_wealth,1,away,12476579,1.6411496477322671
G1 m05_production_wealth,1,away,12476585,-1.2590462286506494
G1 m05_production_wealth,1,away,12476583,-2.3622171289610505
G1 m05_production_wealth,1,away,12476584,1.887592612229583
G1 m05_production_wealth,1,away,12476581,0.02410191459041659
G1 m05_production_wealth,1,away,12476580,0.14583613701273399
G1 m05_production_wealth,1,away,12476574,0.9857622876890301
G1 m05_production_wealth,1,away,12476578,-0.9322408371708464
G1 m05_production_wealth,1,away,12476731,-0.426116988451837
G1 m05_production_wealth,1,away,12476548,0.4327750591480853
G1 m05_production_wealth,1,away,13179032,1.8535449351206192
G1 m05_production_wealth,1,away,13171689,0.9657621069114688
G1 m05_production_wealth,1,away,12476727,1.356102094421812
G1 m05_production_wealth,1,away,12476729,0.08963232219711252
G1 m05_production_wealth,1,away,12476724,-1.3595939693156984
G1 m05_production_wealth,1,away,12476730,-0.1935800250414751
G1 m05_production_wealth,1,away,12476728,0.68516352233786
G1 m05_production_wealth,1,away,12476720,0.8691790725062214
G1 m05_production_wealth,1,away,12476722,-1.1400584818907504
G1 m05_production_wealth,1,away,12476721,0.5608433531833656
G1 m05_production_wealth,1,away,12476725,2.9097571670361835
G1 m05_production_wealth,1,away,12476723,0.3478410500072111
G1 m05_production_wealth,1,away,13171688,0.04833776270107794
G1 m05_production_wealth,1,away,12476562,1.8592846346637801
G1 m05_production_wealth,1,away,12476564,0.94408077008963
G1 m05_production_wealth,1,away,12476565,-0.20574958178238825
G1 m05_production_wealth,1,away,13175772,1.7375750816310984
G1 m05_production_wealth,1,away,12476563,-1.8088257276627924
G1 m05_production_wealth,1,away,12476556,-0.55553112723498
G1 m05_production_wealth,1,away,12476558,1.0355643713836653
G1 m05_production_wealth,1,away,12476561,2.0032620100574166
G1 m05_production_wealth,1,away,12476560,0.4010851654979595
G1 m05_production_wealth,1,away,13179034,0.8082858668535381
G1 m05_production_wealth,1,away,12476726,0.16970171718728283
G1 m05_production_wealth,1,away,12476718,1.9766362146707206
G1 m05_production_wealth,1,away,12476716,-0.525362436242835
G1 m05_production_wealth,1,away,12476719,-0.846546705381421
G1 m05_production_wealth,1,away,12476717,0.654324863641704
G1 m05_production_wealth,1,away,12476713,2.095860819972315
G1 m05_production_wealth,1,away,12476715,1.7156701158465335
G1 m05_production_wealth,1,away,12476714,-0.5882754708055568
G1 m05_production_wealth,1,away,12476710,0.08570189475749591
G1 m05_production_wealth,1,away,12476712,-0.8481773417817139
G1 m05_production_wealth,1,away,13175771,-0.3493780776213533
G1 m05_production_wealth,1,away,13159980,0.6363619643194828
G1 m05_production_wealth,1,away,12476551,-0.8219905688862952
G1 m05_production_wealth,1,away,12476555,-0.4968304678613054
G1 m05_production_wealth,1,away,12476557,-0.08440412559125776
G1 m05_production_wealth,1,away,12476554,-1.308730088753269
G1 m05_production_wealth,1,away,12476550,-0.12929244134840367
G1 m05_production_wealth,1,away,12476549,-1.0366646336596164
G1 m05_production_wealth,1,away,12476547,-1.5915838772368562
G1 m05_production_wealth,1,away,12476552,0.19738053523138507
G1 m05_production_wealth,1,away,12476553,0.6212212932913016
G1 m05_production_wealth,1,away,12476711,1.8678371210630915
G1 m05_production_wealth,1,away,12476708,-0.47796927480635404
G1 m05_production_wealth,1,away,12476707,-0.7123043455824475
G1 m05_production_wealth,1,away,12476709,-1.1112936826873716
G1 m05_production_wealth,1,away,12476706,0.013939704267701391
G1 m05_production_wealth,1,away,12476705,-0.07842239740361678
G1 m05_production_wealth,1,away,12476701,-1.0146547479129162
G1 m05_production_wealth,1,away,12476539,-1.046899056338714
G1 m05_production_wealth,1,away,12476545,-0.6379895373028984
G1 m05_production_wealth,1,away,12476546,-1.0958154253699706
G1 m05_production_wealth,1,away,13217663,2.080315216411815
G1 m05_production_wealth,1,away,12476541,-0.6825244879626323
G1 m05_production_wealth,1,away,12476544,0.18718632273902858
G1 m05_production_wealth,1,away,12476533,0.19165211473519228
G1 m05_production_wealth,1,away,13324922,1.8560162128490414
G1 m05_production_wealth,1,away,13197505,0.7709549350290033
G1 m05_production_wealth,1,away,12476697,0.7092623936621036
G1 m05_production_wealth,1,away,12476698,2.3254903265128686
G1 m05_production_wealth,1,away,12476700,0.5996396394048817
G1 m05_production_wealth,1,away,12476696,-0.1901904558746689
G1 m05_production_wealth,1,away,13315347,-1.3603160756321313
G1 m05_production_wealth,1,away,12476531,0.5875409257729111
G1 m05_production_wealth,1,away,12476529,1.2205105700059191
G1 m05_production_wealth,1,away,12476538,0.7993223369819461
G1 m05_production_wealth,1,away,13233442,0.7028461410959413
G1 m05_production_wealth,1,away,12476519,-0.6593260844154025
G1 m05_production_wealth,1,away,12476525,-1.1363053165782082
G1 m05_production_wealth,1,away,12476523,0.2989845219924959
G1 m05_production_wealth,1,away,12476522,-1.948410691401869
G1 m05_production_wealth,1,away,12476524,0.3720641490991864
G1 m05_production_wealth,1,away,12476693,-0.5309029964275844
G1 m05_production_wealth,1,away,12476695,0.1127473097516136
G1 m05_production_wealth,1,away,12476691,1.7039702330700657
G1 m05_production_wealth,1,away,12476692,1.361322327462988
G1 m05_production_wealth,1,away,12476699,-0.00887145485877855
G1 m05_production_wealth,1,away,12476689,-0.9984253698159063
G1 m05_production_wealth,1,away,12476685,0.9537475370851279
G1 m05_production_wealth,1,away,12476686,-0.4116722591531455
G1 m05_production_wealth,1,away,12476690,-0.2679464997200568
G1 m05_production_wealth,1,away,13343736,-0.18350030317490804
G1 m05_production_wealth,1,away,12476521,1.7647908118252322
G1 m05_production_wealth,1,away,12476514,0.6918942003333691
G1 m05_production_wealth,1,away,12476518,-1.0171686911224243
G1 m05_production_wealth,1,away,12476520,0.025206983383880402
G1 m05_production_wealth,1,away,12476515,-0.6187828451459113
G1 m05_production_wealth,1,away,13348881,1.8160544547180306
G1 m05_production_wealth,1,away,13255608,-1.3763575381511517
G1 m05_production_wealth,1,away,12476516,0.49809694500178336
G1 m05_production_wealth,1,away,12476512,-0.262912461378898
G1 m05_production_wealth,1,away,12476511,0.4256169821616209
G1 m05_production_wealth,1,away,12476517,-1.1415258604274894
G1 m05_production_wealth,1,away,12476513,2.2146617861213156
G1 m05_production_wealth,1,away,13391276,-0.24477721752450515
G1 m05_production_wealth,1,away,12476688,0.06433462420750494
G1 m05_production_wealth,1,away,12476684,1.6006377465946333
G1 m05_production_wealth,1,away,12476681,1.3766278764960769
G1 m05_production_wealth,1,away,12476682,-1.6923104486842224
G1 m05_production_wealth,1,away,12476679,0.3726966308349205
G1 m05_production_wealth,1,away,12476678,-0.28716873726136805
G1 m05_production_wealth,1,away,12476675,-0.6366232639698258
G1 m05_production_wealth,1,away,12476680,2.0592070124645017
G1 m05_production_wealth,1,away,12476677,1.5320951208069538
G1 m05_production_wealth,1,away,12476508,0.3458855569373879
G1 m05_production_wealth,1,away,12476510,-0.8326144636076236
G1 m05_production_wealth,1,away,12476506,0.08213516043575055
G1 m05_production_wealth,1,away,12476509,0.7349706970773724
G1 m05_production_wealth,1,away,12476507,-0.9637089624481535
G1 m05_production_wealth,1,away,12476502,-1.505246785923787
G1 m05_production_wealth,1,away,12476500,1.2191125260202464
G1 m05_production_wealth,1,away,12476501,-0.5416781687233206
G1 m05_production_wealth,1,away,12476505,1.1174547997663307
G1 m05_production_wealth,1,away,12476504,0.6967216148339871
G1 m05_production_wealth,1,away,13415294,0.4261446626343415
G1 m05_production_wealth,1,away,12476674,-0.36814109769401454
G1 m05_production_wealth,1,away,12476671,-0.6132006838675528
G1 m05_production_wealth,1,away,12476670,0.2857734151176615
G1 m05_production_wealth,1,away,12476672,1.3079898933884697
G1 m05_production_wealth,1,away,12476669,-0.3154725267003592
G1 m05_production_wealth,1,away,13343733,0.8622910229970892
G1 m05_production_wealth,1,away,12476667,-0.22986507206377688
G1 m05_production_wealth,1,away,12476662,-0.044595083043851694
G1 m05_production_wealth,1,away,12476673,1.2722877285682155
G1 m05_production_wealth,1,away,12476676,1.3829871221502978
G1 m05_production_wealth,1,away,12476668,-1.0501834162085186
G1 m05_production_wealth,1,away,12476526,-0.33167006282877404
G1 m05_production_wealth,1,away,12476497,-1.1471459153235635
G1 m05_production_wealth,1,away,12476499,-0.14495772008517468
G1 m05_production_wealth,1,away,12476496,-1.4883259341079307
G1 m05_production_wealth,1,away,12476498,0.18664517726657048
G1 m05_production_wealth,1,away,12476495,0.3130498818009857
G1 m05_production_wealth,1,away,13436762,0.7124052016531115
G1 m05_production_wealth,1,away,12476490,1.0663319497775405
G1 m05_production_wealth,1,away,12476492,-0.2423262060324618
G1 m05_production_wealth,1,away,12476489,-0.6371676770933041
G1 m05_production_wealth,1,away,12476493,-0.9950938051270625
G1 m05_production_wealth,1,away,12476491,0.2549265672189119
G1 m05_production_wealth,1,away,13399583,1.985930212991268
G1 m05_production_wealth,1,away,13480337,0.3673377072011643
G1 m05_production_wealth,1,away,12476665,-0.20689965253993706
G1 m05_production_wealth,1,away,12476661,1.069372225358086
G1 m05_production_wealth,1,away,12476666,0.4235917003997453
G1 m05_production_wealth,1,away,12476663,-1.2191341009715098
G1 m05_production_wealth,1,away,12476660,0.516273988291092
G1 m05_production_wealth,1,away,12640468,-0.07666439499502645
G1 m05_production_wealth,1,away,12476657,-0.2344978260259198
G1 m05_production_wealth,1,away,12476659,-0.6598976713674549
G1 m05_production_wealth,1,away,12476664,-0.8462384847270408
G1 m05_production_wealth,1,away,12476658,-0.34885952263115994
G1 m05_production_wealth,1,away,13343735,0.9331778068065237
G1 m05_production_wealth,1,away,12476485,-0.9311942754529238
G1 m05_production_wealth,1,away,12476487,0.6464248166171115
G1 m05_production_wealth,1,away,12476486,-0.7944311327244781
G1 m05_production_wealth,1,away,12476488,1.3078962099460862
G1 m05_production_wealth,1,away,12476494,-0.3580888671476129
G1 m05_production_wealth,1,away,12476483,0.5592808022634916
G1 m05_production_wealth,1,away,12476484,0.16556755725686811
G1 m05_production_wealth,1,away,12476482,0.8892885269023868
G1 m05_production_wealth,1,away,12476478,1.281775020568211
G1 m05_production_wealth,1,away,12476481,0.15667203686270947
G1 m05_production_wealth,1,away,12476656,1.69142614898157
G1 m05_production_wealth,1,away,12476654,-0.662692896722916
G1 m05_production_wealth,1,away,12476652,0.42156133636229226
G1 m05_production_wealth,1,away,12476651,1.4948920789886762
G1 m05_production_wealth,1,away,12476655,-0.2530308158992294
G1 m05_production_wealth,1,away,12476648,1.5358885901980635
G1 m05_production_wealth,1,away,12476649,0.07406784690107379
G1 m05_production_wealth,1,away,12476653,1.21625304722521
G1 m05_production_wealth,1,away,12476650,3.158629653613612
G1 m05_production_wealth,1,away,12476646,2.099412268532513
G1 m05_production_wealth,1,away,12476477,-0.35177401623958304
G1 m05_production_wealth,1,away,12476474,0.7828475490991291
G1 m05_production_wealth,1,away,12476479,-0.14472664174975736
G1 m05_production_wealth,1,away,12476480,-1.0945647816916526
G1 m05_production_wealth,1,away,12476476,0.9076979360181084
G1 m05_production_wealth,1,away,12476469,-0.4894938064109072
G1 m05_production_wealth,1,away,12476475,0.2754244891053981
G1 m05_production_wealth,1,away,12476471,1.0223960416133737
G1 m05_production_wealth,1,away,12476470,-0.2292144981614603
G1 m05_production_wealth,1,away,12476473,-0.6409081021559053
G1 m05_production_wealth,1,away,12476645,1.7298151662634633
G1 m05_production_wealth,1,away,12476642,0.9822096544113535
G1 m05_production_wealth,1,away,12476647,-1.3609251452345936
G1 m05_production_wealth,1,away,12476643,-1.7266068194833095
G1 m05_production_wealth,1,away,12476644,0.4571271378055201
G1 m05_production_wealth,1,away,12476640,0.2677130632207836
G1 m05_production_wealth,1,away,12476641,0.240900584709413
G1 m05_production_wealth,1,away,12476637,-0.38209793296890565
G1 m05_production_wealth,1,away,12476639,1.3047898530057356
G1 m05_production_wealth,1,away,12476638,0.5371353594958796
G1 m05_production_wealth,1,away,12476465,1.2337784764580464
G1 m05_production_wealth,1,away,12476472,0.0398762104566488
G1 m05_production_wealth,1,away,12476468,-0.4809157276231229
G1 m05_production_wealth,1,away,12476464,-0.28337601259467
G1 m05_production_wealth,1,away,12476467,-0.8341609945168954
G1 m05_production_wealth,1,away,12476463,-2.1022266085893304
G1 m05_production_wealth,1,away,12476466,-1.9441048641275758
G1 m05_production_wealth,1,away,12476461,-1.0338175670263623
G1 m05_production_wealth,1,away,12476460,1.0264112774218526
G1 m05_production_wealth,1,away,12476462,-0.4696107895744862
G1 m05_production_wealth,1,away,12473328,-0.783795951215532
G1 m05_production_wealth,1,away,12473336,0.746331516037404
G1 m05_production_wealth,1,away,12473335,-1.2521163663802615
G1 m05_production_wealth,1,away,12473322,-0.18111999544454974
G1 m05_production_wealth,1,away,12473327,-0.2452174693967934
G1 m05_production_wealth,1,away,12473331,2.3225043397999188
G1 m05_production_wealth,1,away,12473333,0.8745443010350421
G1 m05_production_wealth,1,away,12473334,-0.3716532586619007
G1 m05_production_wealth,1,away,12473337,-0.3911564800413497
G1 m05_production_wealth,1,away,12473330,0.27496290364286635
G1 m05_production_wealth,1,away,12476454,-1.1691662172823765
G1 m05_production_wealth,1,away,12476455,2.345943259678341
G1 m05_production_wealth,1,away,12476458,-0.08365799467977046
G1 m05_production_wealth,1,away,12476459,-0.8367417246382024
G1 m05_production_wealth,1,away,12476457,-1.5770833101284985
G1 m05_production_wealth,1,away,12476452,-1.2813115339334018
G1 m05_production_wealth,1,away,12476567,0.4255171775022138
G1 m05_production_wealth,1,away,12476453,0.04226414508588532
G1 m05_production_wealth,1,away,12476575,-0.7118723490504153
G1 m05_production_wealth,1,away,12476570,0.35274717018101887
G1 m05_production_wealth,1,away,14035482,1.0418324999809387
G1 m05_production_wealth,1,away,14035495,1.3020036853206272
G1 m05_production_wealth,1,away,14035487,0.4286187931736566
G1 m05_production_wealth,1,away,14035486,-0.7442335719790346
G1 m05_production_wealth,1,away,14343735,1.003557180556026
G1 m05_production_wealth,1,away,14035506,-0.8941711271812379
G1 m05_production_wealth,1,away,14035498,-0.6332938604249434
G1 m05_production_wealth,1,away,14035502,2.0680763727908684
G1 m05_production_wealth,1,away,14035497,0.33288745376729656
G1 m05_production_wealth,1,away,14035501,0.9099759694911629
G1 m05_production_wealth,1,away,14035665,-1.4691859977383674
G1 m05_production_wealth,1,away,14035666,0.561540585100202
G1 m05_production_wealth,1,away,14035662,0.8925768710839452
G1 m05_production_wealth,1,away,14035664,-0.2581983106463868
G1 m05_production_wealth,1,away,14035663,1.556411035489736
G1 m05_production_wealth,1,away,14035669,-1.7416972308291654
G1 m05_production_wealth,1,away,14035667,-1.8639142004235536
G1 m05_production_wealth,1,away,14035671,0.7182551611406668
G1 m05_production_wealth,1,away,14035670,1.0938731029994808
G1 m05_production_wealth,1,away,14035668,0.10814528882749883
G1 m05_production_wealth,1,away,14035484,1.1842177966711263
G1 m05_production_wealth,1,away,14035485,1.8869622241338428
G1 m05_production_wealth,1,away,14035488,0.5459294282800854
G1 m05_production_wealth,1,away,14035489,-1.2256971642760708
G1 m05_production_wealth,1,away,14035494,-0.4090509457823515
G1 m05_production_wealth,1,away,14035493,-0.2448217572893242
G1 m05_production_wealth,1,away,14035496,1.047749995821894
G1 m05_production_wealth,1,away,14035492,-0.668822747188449
G1 m05_production_wealth,1,away,14035491,-1.8056741950110866
G1 m05_production_wealth,1,away,14035675,0.617520933717379
G1 m05_production_wealth,1,away,14035672,0.1947492004193508
G1 m05_production_wealth,1,away,14035674,0.8171461677925966
G1 m05_production_wealth,1,away,14035676,1.4934002465967122
G1 m05_production_wealth,1,away,14035673,0.19489358608397683
G1 m05_production_wealth,1,away,14035678,2.1736142137384573
G1 m05_production_wealth,1,away,14035683,-1.4900100419380582
G1 m05_production_wealth,1,away,14035681,1.5460070428743053
G1 m05_production_wealth,1,away,14035679,-0.08466395640052758
G1 m05_production_wealth,1,away,14035677,2.506509204308246
G1 m05_production_wealth,1,away,14035503,-0.3631067966170105
G1 m05_production_wealth,1,away,14035505,-0.3234041129379855
G1 m05_production_wealth,1,away,14035500,-0.85638456849554
G1 m05_production_wealth,1,away,14035504,-0.0047908655166918005
G1 m05_production_wealth,1,away,14035499,-0.7051889388323653
G1 m05_production_wealth,1,away,14035680,0.9028341733799699
G1 m05_production_wealth,1,away,14035682,-0.4922720404705328
G1 m05_production_wealth,1,away,14035686,-1.2540514978488395
G1 m05_production_wealth,1,away,14035684,-0.5204361045477897
G1 m05_production_wealth,1,away,14035685,-1.174991507790122
G1 m05_production_wealth,1,away,14035511,1.088795221673431
G1 m05_production_wealth,1,away,14035510,-0.13927073425960498
G1 m05_production_wealth,1,away,14035509,0.07199516972925972
G1 m05_production_wealth,1,away,14035508,-0.17865608169288277
G1 m05_production_wealth,1,away,14035507,0.16204481591760256
G1 m05_production_wealth,1,away,14035514,1.0067238605007593
G1 m05_production_wealth,1,away,14035515,2.2877068437816543
G1 m05_production_wealth,1,away,14035512,0.3829079666635792
G1 m05_production_wealth,1,away,14035513,-0.11476257431929994
G1 m05_production_wealth,1,away,14035516,-0.008780411086500066
G1 m05_production_wealth,1,away,14035687,1.0696767009802963
G1 m05_production_wealth,1,away,14035695,1.6273830740697255
G1 m05_production_wealth,1,away,14035689,3.205486020123042
G1 m05_production_wealth,1,away,14035692,-0.6178004675717105
G1 m05_production_wealth,1,away,14035688,0.7179945263310031
G1 m05_production_wealth,1,away,14035694,0.04817558071203177
G1 m05_production_wealth,1,away,14035690,-0.5737102190384435
G1 m05_production_wealth,1,away,14035693,1.4459237626647368
G1 m05_production_wealth,1,away,14035691,0.2512386896418093
G1 m05_production_wealth,1,away,14035697,0.043381151186802025
G1 m05_production_wealth,1,away,14035517,0.7001867190900691
G1 m05_production_wealth,1,away,14035518,-1.4811504156145192
G1 m05_production_wealth,1,away,14035519,-0.2771210381050261
G1 m05_production_wealth,1,away,14035521,0.4580986190399399
G1 m05_production_wealth,1,away,14035520,-0.3702822585705318
G1 m05_production_wealth,1,away,14035524,-0.6846629597548566
G1 m05_production_wealth,1,away,14035522,0.018603862346998255
G1 m05_production_wealth,1,away,14035526,0.8381727437080875
G1 m05_production_wealth,1,away,14035525,0.4844944215289072
G1 m05_production_wealth,1,away,14035523,-1.325203006539226
G1 m05_production_wealth,1,away,14035700,1.9366308360061364
G1 m05_production_wealth,1,away,14035703,-0.299124363419391
G1 m05_production_wealth,1,away,14035698,0.5627452375319735
G1 m05_production_wealth,1,away,14035696,0.14803476526122686
G1 m05_production_wealth,1,away,14035699,2.3260373086055615
G1 m05_production_wealth,1,away,14035706,-0.13594220774223373
G1 m05_production_wealth,1,away,14035704,0.6587552072302174
G1 m05_production_wealth,1,away,14035702,0.6638280200681664
G1 m05_production_wealth,1,away,14035701,0.1143624036450537
G1 m05_production_wealth,1,away,14035705,0.4298091990614141
G1 m05_production_wealth,1,away,14501655,1.1104683924936731
G1 m05_production_wealth,1,away,14035529,0.5800165144516434
G1 m05_production_wealth,1,away,14035528,0.37998515010812617
G1 m05_production_wealth,1,away,14035531,-1.365727303992142
G1 m05_production_wealth,1,away,14035527,0.508348432310871
G1 m05_production_wealth,1,away,14035530,2.2249458985328854
G1 m05_production_wealth,1,away,14035709,-0.8244645144439454
G1 m05_production_wealth,1,away,14035708,0.722111002818012
G1 m05_production_wealth,1,away,14035710,1.401598982969736
G1 m05_production_wealth,1,away,14035707,0.23659280917427253
G1 m05_production_wealth,1,away,14035711,-0.6865316318247278
G1 m05_production_wealth,1,away,14035532,1.0587040954167775
G1 m05_production_wealth,1,away,14035534,1.8579667641343214
G1 m05_production_wealth,1,away,14035533,1.4251406024146118
G1 m05_production_wealth,1,away,14035535,0.2147923658638096
G1 m05_production_wealth,1,away,14297746,-2.1184088780272203
G1 m05_production_wealth,1,away,14035538,0.7944074772835611
G1 m05_production_wealth,1,away,14035539,0.4519423179951983
G1 m05_production_wealth,1,away,14035536,-1.6266480176934306
G1 m05_production_wealth,1,away,14035540,-0.5424889055089549
G1 m05_production_wealth,1,away,14035542,-0.13520290515470879
G1 m05_production_wealth,1,away,14035713,-0.2660970349055756
G1 m05_production_wealth,1,away,14035714,-0.37479747625351545
G1 m05_production_wealth,1,away,14035716,0.19372109373572896
G1 m05_production_wealth,1,away,14035715,-0.3965572185947941
G1 m05_production_wealth,1,away,14035712,-0.5260671630814093
G1 m05_production_wealth,1,away,14035546,-1.272164273204717
G1 m05_production_wealth,1,away,14035541,-1.2976386237566016
G1 m05_production_wealth,1,away,14035544,0.7093641216908861
G1 m05_production_wealth,1,away,14035545,-0.5448927495488151
G1 m05_production_wealth,1,away,14035543,2.0447651589607934
G1 m05_production_wealth,1,away,14035548,0.052818222754952966
G1 m05_production_wealth,1,away,14035555,0.4835207562037044
G1 m05_production_wealth,1,away,14035549,0.4274083953269965
G1 m05_production_wealth,1,away,14035554,-0.5136734575904605
G1 m05_production_wealth,1,away,14035717,1.7869554659335802
G1 m05_production_wealth,1,away,14035718,0.15723666496279742
G1 m05_production_wealth,1,away,14035719,0.0909914868439124
G1 m05_production_wealth,1,away,14035735,-0.4766991361959258
G1 m05_production_wealth,1,away,14035720,-0.9332774905603098
G1 m05_production_wealth,1,away,14035722,-0.7402167374244226
G1 m05_production_wealth,1,away,14035721,0.4374935392649497
G1 m05_production_wealth,1,away,14035725,0.06698369441260811
G1 m05_production_wealth,1,away,14035724,1.3937161987419242
G1 m05_production_wealth,1,away,14035723,2.3466626604807503
G1 m05_production_wealth,1,away,14035551,-0.3045673246228966
G1 m05_production_wealth,1,away,14035559,-0.13504137433147767
G1 m05_production_wealth,1,away,14035550,-0.5673924703057058
G1 m05_production_wealth,1,away,14035556,2.0031329618491505
G1 m05_production_wealth,1,away,14035552,-0.5212028847660984
G1 m05_production_wealth,1,away,15017622,0.33388949501305065
G1 m05_production_wealth,1,away,14035727,2.038730635490454
G1 m05_production_wealth,1,away,14035729,-0.08245132461760794
G1 m05_production_wealth,1,away,14035726,-0.5017849789174924
G1 m05_production_wealth,1,away,14035730,2.4901345323297877
G1 m05_production_wealth,1,away,14035728,0.33658067485755694
G1 m05_production_wealth,1,away,14035553,0.11707974257554372
G1 m05_production_wealth,1,away,14035562,-1.3792313053214849
G1 m05_production_wealth,1,away,14035558,1.85457370582002
G1 m05_production_wealth,1,away,14035560,-0.8781292116515971
G1 m05_production_wealth,1,away,14035563,0.2569086823700993
G1 m05_production_wealth,1,away,14035564,-0.894306239755359
G1 m05_production_wealth,1,away,14035561,0.6334716217924395
G1 m05_production_wealth,1,away,14035565,-1.0151104276628826
G1 m05_production_wealth,1,away,14035566,0.6421875962776828
G1 m05_production_wealth,1,away,14035731,0.30604336739645155
G1 m05_production_wealth,1,away,14035732,1.2841795877377484
G1 m05_production_wealth,1,away,14035736,1.1042984521648052
G1 m05_production_wealth,1,away,14035733,-0.38473098003717704
G1 m05_production_wealth,1,away,14035734,1.3296146154796495
G1 m05_production_wealth,1,away,14035739,-0.5915056414911722
G1 m05_production_wealth,1,away,14035740,2.1176783056914292
G1 m05_production_wealth,1,away,14035737,-0.2656223290917856
G1 m05_production_wealth,1,away,14035738,0.476131162945599
G1 m05_production_wealth,1,away,14035741,0.7869791341680851
G1 m05_production_wealth,1,away,14035568,-1.9186536915554533
G1 m05_production_wealth,1,away,14035569,2.680056871295173
G1 m05_production_wealth,1,away,14035572,-0.5311879887333943
G1 m05_production_wealth,1,away,14035570,-2.2683405200205167
G1 m05_production_wealth,1,away,14035567,0.04637408733085153
G1 m05_production_wealth,1,away,14035574,-0.032843388196395464
G1 m05_production_wealth,1,away,14035575,-0.3560458906687131
G1 m05_production_wealth,1,away,14035571,-0.4415091747272592
G1 m05_production_wealth,1,away,14035576,-0.37300712293969585
G1 m05_production_wealth,1,away,14035573,2.107577446521276
G1 m05_production_wealth,1,away,14035742,1.7868828982540779
G1 m05_production_wealth,1,away,14035745,0.007180906763891882
G1 m05_production_wealth,1,away,14035747,-0.9605736268367645
G1 m05_production_wealth,1,away,14035744,1.674361569923163
G1 m05_production_wealth,1,away,14035743,1.155995652902037
G1 m05_production_wealth,1,away,14035750,1.5048995784239851
G1 m05_production_wealth,1,away,14035751,0.8511707018705756
G1 m05_production_wealth,1,away,14035749,0.3663312452042661
G1 m05_production_wealth,1,away,14035748,0.7045844906037132
G1 m05_production_wealth,1,away,14035746,0.910462068753351
G1 m05_production_wealth,1,away,14035582,-1.2062211284564173
G1 m05_production_wealth,1,away,14035580,-0.27787521156236356
G1 m05_production_wealth,1,away,14035586,-0.8108138756442409
G1 m05_production_wealth,1,away,14035585,-1.8964719178925067
G1 m05_production_wealth,1,away,14035583,-0.16153015465951387
G1 m05_production_wealth,1,away,14035755,-0.5625626059204691
G1 m05_production_wealth,1,away,14035756,-0.09740625531311489
G1 m05_production_wealth,1,away,14035752,0.42554250048038816
G1 m05_production_wealth,1,away,14035760,2.0525435043826463
G1 m05_production_wealth,1,away,14035761,0.7629521037474543
G1 m05_production_wealth,1,away,15363335,1.475571279007097
G1 m05_production_wealth,1,away,15305942,0.9069543216613775
G1 m05_production_wealth,1,away,15374710,-0.27919169335337196
G1 m05_production_wealth,1,away,14035591,-1.2717484606304155
G1 m05_production_wealth,1,away,14035588,0.3021448317674118
G1 m05_production_wealth,1,away,14035587,2.8325242683383123
G1 m05_production_wealth,1,away,14035590,0.746199680585456
G1 m05_production_wealth,1,away,14035767,1.0360423743680205
G1 m05_production_wealth,1,away,14035771,0.7838936034041551
G1 m05_production_wealth,1,away,14035768,0.8246233047193572
G1 m05_production_wealth,1,away,14035766,-0.3974550222135193
G1 m05_production_wealth,1,away,14035769,0.5332693592994672
G1 m05_production_wealth,1,away,14035770,-0.25971137804350025
G1 m05_production_wealth,1,away,14035592,1.0191178385928614
G1 m05_production_wealth,1,away,14035594,0.6776534045313246
G1 m05_production_wealth,1,away,14035595,-0.6854562547822277
G1 m05_production_wealth,1,away,14035593,1.8253343140202947
G1 m05_production_wealth,1,away,14035597,0.7236937207264066
G1 m05_production_wealth,1,away,14035598,-0.8875041317308705
G1 m05_production_wealth,1,away,14035596,-0.2361919910341616
G1 m05_production_wealth,1,away,15399014,3.3519521070675267
G1 m05_production_wealth,1,away,14035774,1.0880743194178772
G1 m05_production_wealth,1,away,14035773,1.8379917024448058
G1 m05_production_wealth,1,away,14035772,0.4701805798645247
G1 m05_production_wealth,1,away,14035775,0.1945290025822964
G1 m05_production_wealth,1,away,14035776,0.3809607406580746
G1 m05_production_wealth,1,away,14035782,1.0756718196535306
G1 m05_production_wealth,1,away,14035777,-0.7045166195827851
G1 m05_production_wealth,1,away,14035781,-2.8653529315455266
G1 m05_production_wealth,1,away,15456958,-0.09400348834425777
G1 m05_production_wealth,1,away,14035602,0.24669298736809073
G1 m05_production_wealth,1,away,14035606,1.1231596642194785
G1 m05_production_wealth,1,away,14035603,-0.03797269312207402
G1 m05_production_wealth,1,away,14035604,0.9697913167252656
G1 m05_production_wealth,1,away,14035605,0.24441566829914327
G1 m05_production_wealth,1,away,15332289,-0.32032745408824387
G1 m05_production_wealth,1,away,15368752,-1.9976179241038958
G1 m05_production_wealth,1,away,14035607,0.11201887497917855
G1 m05_production_wealth,1,away,14035608,0.3992278881119351
G1 m05_production_wealth,1,away,14035610,0.7488092074624462
G1 m05_production_wealth,1,away,14035609,-0.9496926042638261
G1 m05_production_wealth,1,away,14035611,-0.3364355238795259
G1 m05_production_wealth,1,away,15336943,-1.436061377708803
G1 m05_production_wealth,1,away,15416466,0.03936631798498846
G1 m05_production_wealth,1,away,14035787,-0.6929723207094717
G1 m05_production_wealth,1,away,14035778,2.255706392841944
G1 m05_production_wealth,1,away,15366428,3.2282974690990316
G1 m05_production_wealth,1,away,15547533,1.637648185029289
G1 m05_production_wealth,1,away,14035786,0.11738657392922813
G1 m05_production_wealth,1,away,14035788,-1.0796855537570447
G1 m05_production_wealth,1,away,14035789,-1.0053291904472204
G1 m05_production_wealth,1,away,14035790,-0.022011342056216916
G1 m05_production_wealth,1,away,14035792,-0.3408732920758993
G1 m05_production_wealth,1,away,14035614,-0.5961896662399929
G1 m05_production_wealth,1,away,14035616,-0.6183617823394616
G1 m05_production_wealth,1,away,14035613,-0.16013045856139685
G1 m05_production_wealth,1,away,14035612,0.6390062993656439
G1 m05_production_wealth,1,away,14035615,1.0835871192223112
G1 m05_production_wealth,1,away,15490658,0.07949434233208776
G1 m05_production_wealth,1,away,15490775,0.47507193498430283
G1 m05_production_wealth,1,away,14035620,0.32007796862935234
G1 m05_production_wealth,1,away,14035618,-0.33711369097029903
G1 m05_production_wealth,1,away,14035619,1.587221301871432
G1 m05_production_wealth,1,away,14035617,-0.17339160427015848
G1 m05_production_wealth,1,away,14035621,0.4065784824700173
G1 m05_production_wealth,1,away,15399013,-0.47994657376521044
G1 m05_production_wealth,1,away,15416481,-1.145820848277559
G1 m05_production_wealth,1,away,15395623,-1.155410216089385
G1 m05_production_wealth,1,away,14035796,-1.6467226535587955
G1 m05_production_wealth,1,away,14035794,-0.1680354359078154
G1 m05_production_wealth,1,away,14035791,1.8891737786724427
G1 m05_production_wealth,1,away,14035793,-1.5340489996547728
G1 m05_production_wealth,1,away,14035795,0.6343690656263263
G1 m05_production_wealth,1,away,15458714,-1.2813450796419033
G1 m05_production_wealth,1,away,14035801,0.17933518793917935
G1 m05_production_wealth,1,away,14035798,-1.4550926714163797
G1 m05_production_wealth,1,away,14035799,-1.602593890571342
G1 m05_production_wealth,1,away,14035800,-0.17148215676878856
G1 m05_production_wealth,1,away,14035797,1.2952623929999154
G1 m05_production_wealth,1,away,15530801,0.1464123289343283
G1 m05_production_wealth,1,away,14035622,1.8811053258965817
G1 m05_production_wealth,1,away,14035624,0.2926630211614976
G1 m05_production_wealth,1,away,14035626,0.2727767915947918
G1 m05_production_wealth,1,away,14035627,0.1943723489992154
G1 m05_production_wealth,1,away,14035623,2.1218849072800756
G1 m05_production_wealth,1,away,15457468,-0.24881035231156112
G1 m05_production_wealth,1,away,14035625,0.6439218451602116
G1 m05_production_wealth,1,away,14035628,-0.22236745003801198
G1 m05_production_wealth,1,away,14035631,-1.2087995710275854
G1 m05_production_wealth,1,away,14035629,1.1546574376186158
G1 m05_production_wealth,1,away,14035632,0.4643067878754527
G1 m05_production_wealth,1,away,15422405,-0.37372717972704195
G1 m05_production_wealth,1,away,15588942,-0.4695262833488417
G1 m05_production_wealth,1,away,14035804,-0.5453416270468776
G1 m05_production_wealth,1,away,14035803,-0.010758531509236986
G1 m05_production_wealth,1,away,14035805,0.30103363742657197
G1 m05_production_wealth,1,away,14035806,-0.1732442951014729
G1 m05_production_wealth,1,away,14035802,1.7188102520133393
G1 m05_production_wealth,1,away,15588903,-0.4877868683234538
G1 m05_production_wealth,1,away,14035808,0.3885584433829469
G1 m05_production_wealth,1,away,14035811,0.5806743649017844
G1 m05_production_wealth,1,away,14035810,0.07231165086170736
G1 m05_production_wealth,1,away,14035809,1.4645512718162588
G1 m05_production_wealth,1,away,14035807,-0.2976273817384378
G1 m05_production_wealth,1,away,14035637,0.49991651177905694
G1 m05_production_wealth,1,away,14035633,1.0645245909089966
G1 m05_production_wealth,1,away,14035635,1.0700427655761906
G1 m05_production_wealth,1,away,14035630,1.1041483798306488
G1 m05_production_wealth,1,away,14035638,-1.5871340311784887
G1 m05_production_wealth,1,away,14035636,0.045695757206035026
G1 m05_production_wealth,1,away,14035634,-0.2584426637043347
G1 m05_production_wealth,1,away,14035645,-0.8603626778635242
G1 m05_production_wealth,1,away,15588896,-0.8666703008116695
G1 m05_production_wealth,1,away,15588927,0.3278467861028759
G1 m05_production_wealth,1,away,14035814,0.9731640829570455
G1 m05_production_wealth,1,away,14035816,0.1602415436941757
G1 m05_production_wealth,1,away,14035815,-1.2378957728059135
G1 m05_production_wealth,1,away,14035813,-0.4601127372548895
G1 m05_production_wealth,1,away,14035812,-0.6017658479814009
G1 m05_production_wealth,1,away,14035819,1.3958309090502032
G1 m05_production_wealth,1,away,14035818,-0.017287209535702057
G1 m05_production_wealth,1,away,14035827,0.4430410906399049
G1 m05_production_wealth,1,away,14035820,-0.1666345342624729
G1 m05_production_wealth,1,away,14035817,-0.41700788811004097
G1 m05_production_wealth,1,away,15881894,1.6344786656920296
G1 m05_production_wealth,1,away,14035640,-1.3052142988325
G1 m05_production_wealth,1,away,14035642,-0.0906705969508272
G1 m05_production_wealth,1,away,14035643,-0.32008236111011074
G1 m05_production_wealth,1,away,14035641,-0.27580516652118864
G1 m05_production_wealth,1,away,14035644,-0.4478227709325834
G1 m05_production_wealth,1,away,15680573,0.7427882322928971
G1 m05_production_wealth,1,away,14035650,1.2308216348959709
G1 m05_production_wealth,1,away,14035647,-0.7311306117828412
G1 m05_production_wealth,1,away,14035646,-0.4903233448765687
G1 m05_production_wealth,1,away,14035648,-0.5108540569088529
G1 m05_production_wealth,1,away,14035651,-0.22206270522646349
G1 m05_production_wealth,1,away,14035821,-0.24372689012317786
G1 m05_production_wealth,1,away,14035823,-0.5681309298363797
G1 m05_production_wealth,1,away,14035822,0.6354781983799395
G1 m05_production_wealth,1,away,14035826,0.640411898732527
G1 m05_production_wealth,1,away,14035824,1.3569060818626923
G1 m05_production_wealth,1,away,14032717,0.5917280034136307
G1 m05_production_wealth,1,away,14032707,-1.1200353466616513
G1 m05_production_wealth,1,away,14032715,-0.7141873089358568
G1 m05_production_wealth,1,away,14032721,1.0837693198186127
G1 m05_production_wealth,1,away,14032718,-0.10821781786951785
G1 m05_production_wealth,1,away,14035653,1.0145427925961168
G1 m05_production_wealth,1,away,14035652,0.09474070653926288
G1 m05_production_wealth,1,away,14035654,0.7325368522879496
G1 m05_production_wealth,1,away,14035655,-0.11551054990140355
G1 m05_production_wealth,1,away,14035656,-0.445753131330452
G1 m05_production_wealth,1,away,14032710,0.10158784265473303
G1 m05_production_wealth,1,away,14032708,-0.015010902614576344
G1 m05_production_wealth,1,away,14032714,0.5295447690841888
G1 m05_production_wealth,1,away,14032719,-1.839864836648167
G1 m05_production_wealth,1,away,14032720,0.18759452856632491
G2 m00_negbin_baseline,2,home,12477128,0.24806510011212538
G2 m00_negbin_baseline,2,home,12477134,-0.4266407439385496
G2 m00_negbin_baseline,2,home,12477131,-0.8071677726739871
G2 m00_negbin_baseline,2,home,12477135,-0.8173622586475492
G2 m00_negbin_baseline,2,home,12477132,0.15168858512851882
G2 m00_negbin_baseline,2,home,12476800,-0.6320889377280612
G2 m00_negbin_baseline,2,home,12476794,0.3657994953899159
G2 m00_negbin_baseline,2,home,12476797,0.5992227179434049
G2 m00_negbin_baseline,2,home,12476799,-0.7630655408717499
G2 m00_negbin_baseline,2,home,12476798,1.1468876561723167
G2 m00_negbin_baseline,2,home,12477129,-0.2060897497439579
G2 m00_negbin_baseline,2,home,12477126,1.8413779428478332
G2 m00_negbin_baseline,2,home,12477130,1.055242062142402
G2 m00_negbin_baseline,2,home,12477123,-0.9286856357586121
G2 m00_negbin_baseline,2,home,12477133,-1.7649418651818258
G2 m00_negbin_baseline,2,home,12476632,0.1651740544361545
G2 m00_negbin_baseline,2,home,12476633,-1.5170196198237365
G2 m00_negbin_baseline,2,home,12476630,0.3342520564362416
G2 m00_negbin_baseline,2,home,12476635,0.33039347168759226
G2 m00_negbin_baseline,2,home,12476636,-0.20698510668762105
G2 m00_negbin_baseline,2,home,12476793,-0.5405898594380868
G2 m00_negbin_baseline,2,home,12476795,-0.12375874445875747
G2 m00_negbin_baseline,2,home,12476796,-0.8377634591944443
G2 m00_negbin_baseline,2,home,12476792,0.2057211803342178
G2 m00_negbin_baseline,2,home,12476790,-0.676862026750601
G2 m00_negbin_baseline,2,home,12476788,-0.9264415428840584
G2 m00_negbin_baseline,2,home,12476786,1.0063165247464576
G2 m00_negbin_baseline,2,home,12476787,-1.8615914824778252
G2 m00_negbin_baseline,2,home,12476791,0.7284746508731397
G2 m00_negbin_baseline,2,home,12476789,-0.23807530409642305
G2 m00_negbin_baseline,2,home,12476629,0.7762411786192989
G2 m00_negbin_baseline,2,home,12476634,-1.6595286593592982
G2 m00_negbin_baseline,2,home,12476623,-0.6049691385161298
G2 m00_negbin_baseline,2,home,12476631,0.5603945477395179
G2 m00_negbin_baseline,2,home,12476624,-0.9239144922316949
G2 m00_negbin_baseline,2,home,12476627,-1.4970594428625512
G2 m00_negbin_baseline,2,home,12476625,0.3916329855510488
G2 m00_negbin_baseline,2,home,12476621,-0.2663853620171713
G2 m00_negbin_baseline,2,home,12476622,-2.250819806513932
G2 m00_negbin_baseline,2,home,12476782,-1.2495792521823448
G2 m00_negbin_baseline,2,home,12476785,0.1886472645807044
G2 m00_negbin_baseline,2,home,12476784,0.45844016442722335
G2 m00_negbin_baseline,2,home,12476781,-0.003479517120968469
G2 m00_negbin_baseline,2,home,12476779,2.313620898628843
G2 m00_negbin_baseline,2,home,12476619,2.21230201564686
G2 m00_negbin_baseline,2,home,12476620,-1.8459960428674178
G2 m00_negbin_baseline,2,home,12476618,-0.5280342092460032
G2 m00_negbin_baseline,2,home,12476626,0.7239790461269826
G2 m00_negbin_baseline,2,home,12476617,-0.16293959161751506
G2 m00_negbin_baseline,2,home,12476780,0.4930208921981155
G2 m00_negbin_baseline,2,home,12476778,-0.44669807498762254
G2 m00_negbin_baseline,2,home,12476776,1.0872830909091522
G2 m00_negbin_baseline,2,home,12476777,0.454830375393765
G2 m00_negbin_baseline,2,home,12476783,-0.42214910245705695
G2 m00_negbin_baseline,2,home,12476772,-0.247668858741675
G2 m00_negbin_baseline,2,home,12476774,-1.626730625809098
G2 m00_negbin_baseline,2,home,12476771,-1.0556504473189334
G2 m00_negbin_baseline,2,home,12476773,0.4254404561200424
G2 m00_negbin_baseline,2,home,12476775,-0.30041384280512057
G2 m00_negbin_baseline,2,home,12476611,0.5731033972856304
G2 m00_negbin_baseline,2,home,12476616,-0.49068175232189987
G2 m00_negbin_baseline,2,home,12476614,0.7998300755042584
G2 m00_negbin_baseline,2,home,12476612,0.09592080015815746
G2 m00_negbin_baseline,2,home,12476615,0.6123690184052388
G2 m00_negbin_baseline,2,home,12811090,-0.33567020495175154
G2 m00_negbin_baseline,2,home,12476607,0.8134563112704772
G2 m00_negbin_baseline,2,home,12476613,-1.3078210417334635
G2 m00_negbin_baseline,2,home,12476606,-0.7109964399896331
G2 m00_negbin_baseline,2,home,12476603,0.4661455787054502
G2 m00_negbin_baseline,2,home,12476770,-1.3707922217166977
G2 m00_negbin_baseline,2,home,12476767,0.4757443031900665
G2 m00_negbin_baseline,2,home,12476766,0.7213881727098419
G2 m00_negbin_baseline,2,home,12476769,1.0707594227154196
G2 m00_negbin_baseline,2,home,12476768,0.5841311197733068
G2 m00_negbin_baseline,2,home,12476761,0.19477150626853398
G2 m00_negbin_baseline,2,home,12476765,-2.025038118160466
G2 m00_negbin_baseline,2,home,12476764,-0.2195670562724731
G2 m00_negbin_baseline,2,home,12476762,0.05467331214938769
G2 m00_negbin_baseline,2,home,12476759,0.06203864216759098
G2 m00_negbin_baseline,2,home,12476604,0.3583068121381144
G2 m00_negbin_baseline,2,home,12476609,-0.6150601423800776
G2 m00_negbin_baseline,2,home,12476610,0.8553154608289133
G2 m00_negbin_baseline,2,home,12476601,-0.8862357926392519
G2 m00_negbin_baseline,2,home,12476605,-0.9250499207163524
G2 m00_negbin_baseline,2,home,12476600,2.1528338162084415
G2 m00_negbin_baseline,2,home,12476598,0.7481461285640656
G2 m00_negbin_baseline,2,home,12476599,-1.7524620804437077
G2 m00_negbin_baseline,2,home,12476597,-0.4918646584146161
G2 m00_negbin_baseline,2,home,12476602,0.18931496860674402
G2 m00_negbin_baseline,2,home,12476760,0.45833211045249467
G2 m00_negbin_baseline,2,home,12476763,-0.49624843033655125
G2 m00_negbin_baseline,2,home,12476758,-0.04017621828658558
G2 m00_negbin_baseline,2,home,12476757,-0.9936593800832967
G2 m00_negbin_baseline,2,home,12476756,-0.7272527131309127
G2 m00_negbin_baseline,2,home,12954858,0.8563292199437155
G2 m00_negbin_baseline,2,home,12476594,0.8999619019759916
G2 m00_negbin_baseline,2,home,12476592,-0.012501757148750393
G2 m00_negbin_baseline,2,home,12476595,-1.0123368982705743
G2 m00_negbin_baseline,2,home,12476593,-0.9397279452578927
G2 m00_negbin_baseline,2,home,12476596,0.0924748610493392
G2 m00_negbin_baseline,2,home,12476750,-1.5287940342415611
G2 m00_negbin_baseline,2,home,12476753,1.3313304262556032
G2 m00_negbin_baseline,2,home,12476755,-1.4451627734137873
G2 m00_negbin_baseline,2,home,12476752,-0.07630386188655532
G2 m00_negbin_baseline,2,home,12476751,0.8711797650063028
G2 m00_negbin_baseline,2,home,12476749,-1.9392229813835522
G2 m00_negbin_baseline,2,home,12476748,-0.399907554085144
G2 m00_negbin_baseline,2,home,12476739,-0.27803677625066325
G2 m00_negbin_baseline,2,home,12476741,-0.2510033579609617
G2 m00_negbin_baseline,2,home,12476754,2.248058201171835
G2 m00_negbin_baseline,2,home,12476589,0.5039891832056834
G2 m00_negbin_baseline,2,home,12476587,0.7964288364926662
G2 m00_negbin_baseline,2,home,12476591,0.5019213406169971
G2 m00_negbin_baseline,2,home,12476590,0.040729954679787246
G2 m00_negbin_baseline,2,home,12476588,0.21469474216746542
G2 m00_negbin_baseline,2,home,12476746,-0.28534841334008193
G2 m00_negbin_baseline,2,home,12476747,0.37856363776677115
G2 m00_negbin_baseline,2,home,12476742,-0.5710466044749489
G2 m00_negbin_baseline,2,home,12476745,-0.5532200756729906
G2 m00_negbin_baseline,2,home,12476743,-0.3629099550463502
G2 m00_negbin_baseline,2,home,12476737,0.7203884589834638
G2 m00_negbin_baseline,2,home,12476735,0.005875257502727898
G2 m00_negbin_baseline,2,home,12476744,0.570990469021122
G2 m00_negbin_baseline,2,home,12476738,0.1026620807358237
G2 m00_negbin_baseline,2,home,12476740,-1.4285487328748487
G2 m00_negbin_baseline,2,home,12476586,0.490096406508924
G2 m00_negbin_baseline,2,home,12476582,-0.053280760764822986
G2 m00_negbin_baseline,2,home,12476579,-1.3343148131375215
G2 m00_negbin_baseline,2,home,12476585,0.5529926047567431
G2 m00_negbin_baseline,2,home,12476583,-0.3850683355476299
G2 m00_negbin_baseline,2,home,12476584,0.5726941696072368
G2 m00_negbin_baseline,2,home,12476581,1.2486004528218129
G2 m00_negbin_baseline,2,home,12476580,0.31260820655108523
G2 m00_negbin_baseline,2,home,12476574,0.06849553419990947
G2 m00_negbin_baseline,2,home,12476578,1.126196551537039
G2 m00_negbin_baseline,2,home,12476731,0.3331878136715907
G2 m00_negbin_baseline,2,home,12476548,0.08061810651439738
G2 m00_negbin_baseline,2,home,13179032,-1.5395485332085794
G2 m00_negbin_baseline,2,home,13171689,0.5224575193469887
G2 m00_negbin_baseline,2,home,12476727,0.8536987983416802
G2 m00_negbin_baseline,2,home,12476729,-0.649683761743883
G2 m00_negbin_baseline,2,home,12476724,1.5659246233443131
G2 m00_negbin_baseline,2,home,12476730,0.6937995893293096
G2 m00_negbin_baseline,2,home,12476728,-1.2330710124059636
G2 m00_negbin_baseline,2,home,12476720,-1.8416376008987996
G2 m00_negbin_baseline,2,home,12476722,-0.925702487537261
G2 m00_negbin_baseline,2,home,12476721,-0.28354692244096175
G2 m00_negbin_baseline,2,home,12476725,0.0789115383333766
G2 m00_negbin_baseline,2,home,12476723,0.9190197932545282
G2 m00_negbin_baseline,2,home,13171688,0.7632485337514752
G2 m00_negbin_baseline,2,home,12476562,-1.2320799652797079
G2 m00_negbin_baseline,2,home,12476564,1.2589586954335181
G2 m00_negbin_baseline,2,home,12476565,0.17004925763765055
G2 m00_negbin_baseline,2,home,13175772,-0.6116305723875657
G2 m00_negbin_baseline,2,home,12476563,-1.0825864196356743
G2 m00_negbin_baseline,2,home,12476556,-0.321497119269333
G2 m00_negbin_baseline,2,home,12476558,1.0308045800116727
G2 m00_negbin_baseline,2,home,12476561,0.20257569403830578
G2 m00_negbin_baseline,2,home,12476560,2.6093225141379324
G2 m00_negbin_baseline,2,home,13179034,1.4853482772033533
G2 m00_negbin_baseline,2,home,12476726,-1.236508643164486
G2 m00_negbin_baseline,2,home,12476718,-1.091221085379923
G2 m00_negbin_baseline,2,home,12476716,0.8496212428079006
G2 m00_negbin_baseline,2,home,12476719,0.5028347019581474
G2 m00_negbin_baseline,2,home,12476717,-0.5181505391689489
G2 m00_negbin_baseline,2,home,12476713,-0.24634832917220778
G2 m00_negbin_baseline,2,home,12476715,0.03214132039981075
G2 m00_negbin_baseline,2,home,12476714,1.123773279848043
G2 m00_negbin_baseline,2,home,12476710,0.14175923658005654
G2 m00_negbin_baseline,2,home,12476712,0.8471297847870745
G2 m00_negbin_baseline,2,home,13175771,-0.05063144741452207
G2 m00_negbin_baseline,2,home,13159980,1.737516361437311
G2 m00_negbin_baseline,2,home,12476551,-0.39134344641694085
G2 m00_negbin_baseline,2,home,12476555,0.3303408314098685
G2 m00_negbin_baseline,2,home,12476557,2.418719852783374
G2 m00_negbin_baseline,2,home,12476554,0.9003656299770957
G2 m00_negbin_baseline,2,home,12476550,-0.02822977477597426
G2 m00_negbin_baseline,2,home,12476549,0.47224965882617975
G2 m00_negbin_baseline,2,home,12476547,-0.07163313179425598
G2 m00_negbin_baseline,2,home,12476552,-0.39813518169942713
G2 m00_negbin_baseline,2,home,12476553,0.6675740952050395
G2 m00_negbin_baseline,2,home,12476711,-0.1297006121876156
G2 m00_negbin_baseline,2,home,12476708,0.3744570789685514
G2 m00_negbin_baseline,2,home,12476707,0.14705153087001413
G2 m00_negbin_baseline,2,home,12476709,-2.2351711197642468
G2 m00_negbin_baseline,2,home,12476706,-0.2037344208096018
G2 m00_negbin_baseline,2,home,12476705,-0.26316018435767774
G2 m00_negbin_baseline,2,home,12476701,-1.9440940829932867
G2 m00_negbin_baseline,2,home,12476539,0.8298454787927824
G2 m00_negbin_baseline,2,home,12476545,0.3986101194853748
G2 m00_negbin_baseline,2,home,12476546,-0.6664514377177424
G2 m00_negbin_baseline,2,home,13217663,0.7948819294166594
G2 m00_negbin_baseline,2,home,12476541,0.8804697484818472
G2 m00_negbin_baseline,2,home,12476544,-1.0229893720005732
G2 m00_negbin_baseline,2,home,12476533,-0.14149348864816008
G2 m00_negbin_baseline,2,home,13324922,-1.822136725682451
G2 m00_negbin_baseline,2,home,13197505,1.3306830634236482
G2 m00_negbin_baseline,2,home,12476697,-0.24191351955508925
G2 m00_negbin_baseline,2,home,12476698,-0.8063955616176176
G2 m00_negbin_baseline,2,home,12476700,0.5359168485051513
G2 m00_negbin_baseline,2,home,12476696,1.0092646113546906
G2 m00_negbin_baseline,2,home,13315347,-0.22869529164648433
G2 m00_negbin_baseline,2,home,12476531,-1.3877204285198812
G2 m00_negbin_baseline,2,home,12476529,1.0452138037536367
G2 m00_negbin_baseline,2,home,12476538,-0.9554351923274262
G2 m00_negbin_baseline,2,home,13233442,0.23250469956980874
G2 m00_negbin_baseline,2,home,12476519,-0.3604636567134229
G2 m00_negbin_baseline,2,home,12476525,-1.3701462600715546
G2 m00_negbin_baseline,2,home,12476523,1.6224681332525424
G2 m00_negbin_baseline,2,home,12476522,0.8990827236423635
G2 m00_negbin_baseline,2,home,12476524,-0.7807908505642347
G2 m00_negbin_baseline,2,home,12476693,-0.1379384467691443
G2 m00_negbin_baseline,2,home,12476695,0.31310211819840983
G2 m00_negbin_baseline,2,home,12476691,-1.0060243453563253
G2 m00_negbin_baseline,2,home,12476692,-0.44544617001922115
G2 m00_negbin_baseline,2,home,12476699,-0.6619085787257928
G2 m00_negbin_baseline,2,home,12476689,1.2694521529452512
G2 m00_negbin_baseline,2,home,12476685,0.22939995723347018
G2 m00_negbin_baseline,2,home,12476686,0.5777154444853811
G2 m00_negbin_baseline,2,home,12476690,0.7614752395816333
G2 m00_negbin_baseline,2,home,13343736,1.003380475799854
G2 m00_negbin_baseline,2,home,12476521,1.460124829217865
G2 m00_negbin_baseline,2,home,12476514,0.8412991629292624
G2 m00_negbin_baseline,2,home,12476518,0.7346985102643773
G2 m00_negbin_baseline,2,home,12476520,0.7664673778933385
G2 m00_negbin_baseline,2,home,12476515,0.20469488879964803
G2 m00_negbin_baseline,2,home,13348881,0.04582546228707234
G2 m00_negbin_baseline,2,home,13255608,1.006924479736404
G2 m00_negbin_baseline,2,home,12476516,-1.3916311510564714
G2 m00_negbin_baseline,2,home,12476512,-1.3429059727707988
G2 m00_negbin_baseline,2,home,12476511,1.079311382751997
G2 m00_negbin_baseline,2,home,12476517,0.5045967703394847
G2 m00_negbin_baseline,2,home,12476513,1.042575709644436
G2 m00_negbin_baseline,2,home,13391276,-0.33781008020012143
G2 m00_negbin_baseline,2,home,12476688,1.091965677475123
G2 m00_negbin_baseline,2,home,12476684,-1.3444217928723097
G2 m00_negbin_baseline,2,home,12476681,0.2179859984650554
G2 m00_negbin_baseline,2,home,12476682,0.2539559222485639
G2 m00_negbin_baseline,2,home,12476679,-1.410345109528691
G2 m00_negbin_baseline,2,home,12476678,0.2627099270919061
G2 m00_negbin_baseline,2,home,12476675,0.8265422347530165
G2 m00_negbin_baseline,2,home,12476680,1.3570293485031415
G2 m00_negbin_baseline,2,home,12476677,-0.954620029453245
G2 m00_negbin_baseline,2,home,12476508,1.3563129667361793
G2 m00_negbin_baseline,2,home,12476510,2.3081241663618313
G2 m00_negbin_baseline,2,home,12476506,-0.3126803030585965
G2 m00_negbin_baseline,2,home,12476509,0.40521888583933313
G2 m00_negbin_baseline,2,home,12476507,-0.10854721907394961
G2 m00_negbin_baseline,2,home,12476502,-0.9653741798182954
G2 m00_negbin_baseline,2,home,12476500,-0.045430990628025296
G2 m00_negbin_baseline,2,home,12476501,1.069036359781822
G2 m00_negbin_baseline,2,home,12476505,-0.816147625243514
G2 m00_negbin_baseline,2,home,12476504,-0.6975774393900738
G2 m00_negbin_baseline,2,home,13415294,0.7220464891437947
G2 m00_negbin_baseline,2,home,12476674,0.633011869126525
G2 m00_negbin_baseline,2,home,12476671,1.121459241003579
G2 m00_negbin_baseline,2,home,12476670,-0.3631476189239391
G2 m00_negbin_baseline,2,home,12476672,0.025102111054015785
G2 m00_negbin_baseline,2,home,12476669,-1.0931511288842826
G2 m00_negbin_baseline,2,home,13343733,0.16362943659429818
G2 m00_negbin_baseline,2,home,12476667,1.0755626938949423
G2 m00_negbin_baseline,2,home,12476662,-1.6967710723616527
G2 m00_negbin_baseline,2,home,12476673,-1.1667763437858765
G2 m00_negbin_baseline,2,home,12476676,0.7539181230448475
G2 m00_negbin_baseline,2,home,12476668,-0.8571524389923967
G2 m00_negbin_baseline,2,home,12476526,-0.41205572016391095
G2 m00_negbin_baseline,2,home,12476497,0.5200614746488045
G2 m00_negbin_baseline,2,home,12476499,-1.6729449381407036
G2 m00_negbin_baseline,2,home,12476496,-0.16977591806947512
G2 m00_negbin_baseline,2,home,12476498,-1.1720320859328996
G2 m00_negbin_baseline,2,home,12476495,1.0178828372281636
G2 m00_negbin_baseline,2,home,13436762,-0.2599406263926681
G2 m00_negbin_baseline,2,home,12476490,-0.5474661995892022
G2 m00_negbin_baseline,2,home,12476492,-1.3921369334703453
G2 m00_negbin_baseline,2,home,12476489,-1.227402185013232
G2 m00_negbin_baseline,2,home,12476493,-0.9432681402430553
G2 m00_negbin_baseline,2,home,12476491,-0.9138589323088606
G2 m00_negbin_baseline,2,home,13399583,-0.7679547436271396
G2 m00_negbin_baseline,2,home,13480337,1.6903234371525402
G2 m00_negbin_baseline,2,home,12476665,-0.6951957256779567
G2 m00_negbin_baseline,2,home,12476661,0.932632660735459
G2 m00_negbin_baseline,2,home,12476666,-0.7613929462398252
G2 m00_negbin_baseline,2,home,12476663,-1.5666574734706777
G2 m00_negbin_baseline,2,home,12476660,1.474125496818147
G2 m00_negbin_baseline,2,home,12640468,-0.0968687758390331
G2 m00_negbin_baseline,2,home,12476657,-0.300153663164467
G2 m00_negbin_baseline,2,home,12476659,-1.488900145719659
G2 m00_negbin_baseline,2,home,12476664,-1.0786710302389388
G2 m00_negbin_baseline,2,home,12476658,1.137002976918217
G2 m00_negbin_baseline,2,home,13343735,-1.4459782023938466
G2 m00_negbin_baseline,2,home,12476485,0.5397635677146677
G2 m00_negbin_baseline,2,home,12476487,-0.6426286168395547
G2 m00_negbin_baseline,2,home,12476486,0.48204783451816374
G2 m00_negbin_baseline,2,home,12476488,-1.1279021210625269
G2 m00_negbin_baseline,2,home,12476494,-0.14671522643353477
G2 m00_negbin_baseline,2,home,12476483,2.2256887142230775
G2 m00_negbin_baseline,2,home,12476484,0.9829203898984222
G2 m00_negbin_baseline,2,home,12476482,-0.07330885652004156
G2 m00_negbin_baseline,2,home,12476478,0.12788474358848081
G2 m00_negbin_baseline,2,home,12476481,-1.1376854854574845
G2 m00_negbin_baseline,2,home,12476656,0.3462140610755942
G2 m00_negbin_baseline,2,home,12476654,-0.08596204869881917
G2 m00_negbin_baseline,2,home,12476652,1.625037370826307
G2 m00_negbin_baseline,2,home,12476651,0.5748828449926541
G2 m00_negbin_baseline,2,home,12476655,0.34154724635330763
G2 m00_negbin_baseline,2,home,12476648,-1.7002466876960256
G2 m00_negbin_baseline,2,home,12476649,-0.8958203707668178
G2 m00_negbin_baseline,2,home,12476653,-0.9444384992672822
G2 m00_negbin_baseline,2,home,12476650,-0.9019407681586623
G2 m00_negbin_baseline,2,home,12476646,-0.6292748431769276
G2 m00_negbin_baseline,2,home,12476477,0.6256742274356296
G2 m00_negbin_baseline,2,home,12476474,1.8641044014024513
G2 m00_negbin_baseline,2,home,12476479,-0.9518506863373853
G2 m00_negbin_baseline,2,home,12476480,-0.6319476928983456
G2 m00_negbin_baseline,2,home,12476476,-0.492422620818646
G2 m00_negbin_baseline,2,home,12476469,1.9440460493296297
G2 m00_negbin_baseline,2,home,12476475,0.15513360911449162
G2 m00_negbin_baseline,2,home,12476471,-0.8856110023245913
G2 m00_negbin_baseline,2,home,12476470,0.7669630292175502
G2 m00_negbin_baseline,2,home,12476473,0.1162632070521633
G2 m00_negbin_baseline,2,home,12476645,0.05881266284366059
G2 m00_negbin_baseline,2,home,12476642,-1.1497100640594697
G2 m00_negbin_baseline,2,home,12476647,-0.09436041186137885
G2 m00_negbin_baseline,2,home,12476643,1.7719073981871045
G2 m00_negbin_baseline,2,home,12476644,0.3075761270733345
G2 m00_negbin_baseline,2,home,12476640,-0.116712122775142
G2 m00_negbin_baseline,2,home,12476641,2.1963959710931853
G2 m00_negbin_baseline,2,home,12476637,0.03843168195396
G2 m00_negbin_baseline,2,home,12476639,-0.36510647951288316
G2 m00_negbin_baseline,2,home,12476638,0.3451903645070572
G2 m00_negbin_baseline,2,home,12476465,-1.1100930739022519
G2 m00_negbin_baseline,2,home,12476472,0.19946461347954234
G2 m00_negbin_baseline,2,home,12476468,0.6358294842536812
G2 m00_negbin_baseline,2,home,12476464,1.075892882331784
G2 m00_negbin_baseline,2,home,12476467,-0.014089994858377424
G2 m00_negbin_baseline,2,home,12476463,1.7619974825474758
G2 m00_negbin_baseline,2,home,12476466,0.15486413054666193
G2 m00_negbin_baseline,2,home,12476461,0.282903753972234
G2 m00_negbin_baseline,2,home,12476460,-0.7950585322849385
G2 m00_negbin_baseline,2,home,12476462,0.5404935171904338
G2 m00_negbin_baseline,2,home,12473328,1.414644432669728
G2 m00_negbin_baseline,2,home,12473336,0.5018956770276093
G2 m00_negbin_baseline,2,home,12473335,0.22319457631960765
G2 m00_negbin_baseline,2,home,12473322,0.3403482555526698
G2 m00_negbin_baseline,2,home,12473327,0.8248808413888918
G2 m00_negbin_baseline,2,home,12473331,0.53380135167085
G2 m00_negbin_baseline,2,home,12473333,-2.1289473476377347
G2 m00_negbin_baseline,2,home,12473334,-0.13242720379217823
G2 m00_negbin_baseline,2,home,12473337,0.3921271398458968
G2 m00_negbin_baseline,2,home,12473330,0.22455352649567736
G2 m00_negbin_baseline,2,home,12476454,1.161257504114551
G2 m00_negbin_baseline,2,home,12476455,-0.37878754908079515
G2 m00_negbin_baseline,2,home,12476458,0.7781585334820643
G2 m00_negbin_baseline,2,home,12476459,0.12746469504061012
G2 m00_negbin_baseline,2,home,12476457,-1.4691211987957518
G2 m00_negbin_baseline,2,home,12476452,0.31679398438204487
G2 m00_negbin_baseline,2,home,12476567,-1.5064597144803222
G2 m00_negbin_baseline,2,home,12476453,2.8062170524399868
G2 m00_negbin_baseline,2,home,12476575,-0.7388466762135305
G2 m00_negbin_baseline,2,home,12476570,0.9031555123019944
G2 m00_negbin_baseline,2,home,14035482,-1.4815538753225823
G2 m00_negbin_baseline,2,home,14035495,-1.9346862266501657
G2 m00_negbin_baseline,2,home,14035487,1.9233490715730925
G2 m00_negbin_baseline,2,home,14035486,0.4537469067930513
G2 m00_negbin_baseline,2,home,14343735,0.1717188883205584
G2 m00_negbin_baseline,2,home,14035506,-0.18754107496565506
G2 m00_negbin_baseline,2,home,14035498,0.7278103542237592
G2 m00_negbin_baseline,2,home,14035502,0.03571388373704561
G2 m00_negbin_baseline,2,home,14035497,-1.0346469735193355
G2 m00_negbin_baseline,2,home,14035501,-0.6735806779529555
G2 m00_negbin_baseline,2,home,14035665,0.097113565243555
G2 m00_negbin_baseline,2,home,14035666,0.028012503172019036
G2 m00_negbin_baseline,2,home,14035662,0.9488940513091629
G2 m00_negbin_baseline,2,home,14035664,0.13319424765776527
G2 m00_negbin_baseline,2,home,14035663,-0.19258536744409277
G2 m00_negbin_baseline,2,home,14035669,-1.0040319074451363
G2 m00_negbin_baseline,2,home,14035667,-0.9116101823222528
G2 m00_negbin_baseline,2,home,14035671,-0.18139779181027288
G2 m00_negbin_baseline,2,home,14035670,-0.5892593871177773
G2 m00_negbin_baseline,2,home,14035668,-1.9613785539788207
G2 m00_negbin_baseline,2,home,14035484,-0.42922118371842216
G2 m00_negbin_baseline,2,home,14035485,1.279626197215065
G2 m00_negbin_baseline,2,home,14035488,0.1595797037881712
G2 m00_negbin_baseline,2,home,14035489,1.8448502787481977
G2 m00_negbin_baseline,2,home,14035494,0.7972316003532655
G2 m00_negbin_baseline,2,home,14035493,1.3346141489765666
G2 m00_negbin_baseline,2,home,14035496,-1.782354536943099
G2 m00_negbin_baseline,2,home,14035492,-0.4823824613467762
G2 m00_negbin_baseline,2,home,14035491,-0.6730434872303612
G2 m00_negbin_baseline,2,home,14035675,0.5245207896706576
G2 m00_negbin_baseline,2,home,14035672,-0.18399692759140598
G2 m00_negbin_baseline,2,home,14035674,2.0170831269519836
G2 m00_negbin_baseline,2,home,14035676,-0.15502891936332194
G2 m00_negbin_baseline,2,home,14035673,1.0565353234727928
G2 m00_negbin_baseline,2,home,14035678,0.6802551765318258
G2 m00_negbin_baseline,2,home,14035683,-0.20018072316201455
G2 m00_negbin_baseline,2,home,14035681,0.7133345191922523
G2 m00_negbin_baseline,2,home,14035679,-0.29625985980654623
G2 m00_negbin_baseline,2,home,14035677,1.25251108074578
G2 m00_negbin_baseline,2,home,14035503,0.8212721923102473
G2 m00_negbin_baseline,2,home,14035505,0.46016207591644676
G2 m00_negbin_baseline,2,home,14035500,-0.5065176515958537
G2 m00_negbin_baseline,2,home,14035504,-0.15434266861056575
G2 m00_negbin_baseline,2,home,14035499,-1.4917003821851416
G2 m00_negbin_baseline,2,home,14035680,-0.32423447472554995
G2 m00_negbin_baseline,2,home,14035682,-1.3690578989252948
G2 m00_negbin_baseline,2,home,14035686,-0.48419655774635606
G2 m00_negbin_baseline,2,home,14035684,2.326097758343739
G2 m00_negbin_baseline,2,home,14035685,-0.479302986124811
G2 m00_negbin_baseline,2,home,14035511,0.30943592824251326
G2 m00_negbin_baseline,2,home,14035510,-1.2948065144313792
G2 m00_negbin_baseline,2,home,14035509,0.5538600115955259
G2 m00_negbin_baseline,2,home,14035508,-1.5274300921246327
G2 m00_negbin_baseline,2,home,14035507,-2.2040710275647526
G2 m00_negbin_baseline,2,home,14035514,-0.9695432274568384
G2 m00_negbin_baseline,2,home,14035515,-2.5302060657031875
G2 m00_negbin_baseline,2,home,14035512,0.5565957862513067
G2 m00_negbin_baseline,2,home,14035513,-0.1993261789924505
G2 m00_negbin_baseline,2,home,14035516,0.944553656524433
G2 m00_negbin_baseline,2,home,14035687,0.37280580441361955
G2 m00_negbin_baseline,2,home,14035695,0.48619199740645574
G2 m00_negbin_baseline,2,home,14035689,-1.116711081835027
G2 m00_negbin_baseline,2,home,14035692,1.1699369821748038
G2 m00_negbin_baseline,2,home,14035688,-1.1816304700303562
G2 m00_negbin_baseline,2,home,14035694,-0.47459438225577644
G2 m00_negbin_baseline,2,home,14035690,-0.6417878032304317
G2 m00_negbin_baseline,2,home,14035693,-0.7348401301194942
G2 m00_negbin_baseline,2,home,14035691,0.25782168604231726
G2 m00_negbin_baseline,2,home,14035697,0.12002463274645421
G2 m00_negbin_baseline,2,home,14035517,-1.4186846564780269
G2 m00_negbin_baseline,2,home,14035518,0.7821375161228362
G2 m00_negbin_baseline,2,home,14035519,1.8035847550894804
G2 m00_negbin_baseline,2,home,14035521,0.583106954353351
G2 m00_negbin_baseline,2,home,14035520,0.5751936481235977
G2 m00_negbin_baseline,2,home,14035524,0.25749330281050353
G2 m00_negbin_baseline,2,home,14035522,1.1048676529366832
G2 m00_negbin_baseline,2,home,14035526,0.17317819045708582
G2 m00_negbin_baseline,2,home,14035525,1.1456598587524816
G2 m00_negbin_baseline,2,home,14035523,-0.45483748124832024
G2 m00_negbin_baseline,2,home,14035700,0.7268514383526581
G2 m00_negbin_baseline,2,home,14035703,1.402488277975832
G2 m00_negbin_baseline,2,home,14035698,0.015573356429697802
G2 m00_negbin_baseline,2,home,14035696,-0.39232055513812947
G2 m00_negbin_baseline,2,home,14035699,0.7488449216873351
G2 m00_negbin_baseline,2,home,14035706,-1.5389773613070223
G2 m00_negbin_baseline,2,home,14035704,0.4636304585709537
G2 m00_negbin_baseline,2,home,14035702,0.4138207263990506
G2 m00_negbin_baseline,2,home,14035701,0.590214071338688
G2 m00_negbin_baseline,2,home,14035705,-0.7819286833746015
G2 m00_negbin_baseline,2,home,14501655,-0.7706689026612393
G2 m00_negbin_baseline,2,home,14035529,0.2993798039463484
G2 m00_negbin_baseline,2,home,14035528,-1.2885181310362113
G2 m00_negbin_baseline,2,home,14035531,1.4388619110099399
G2 m00_negbin_baseline,2,home,14035527,-0.17598844745474204
G2 m00_negbin_baseline,2,home,14035530,-1.0805535895942218
G2 m00_negbin_baseline,2,home,14035709,1.3768838441105888
G2 m00_negbin_baseline,2,home,14035708,-0.5753472333701926
G2 m00_negbin_baseline,2,home,14035710,-0.5870734525853832
G2 m00_negbin_baseline,2,home,14035707,-0.22824576138290817
G2 m00_negbin_baseline,2,home,14035711,-1.5888886644648805
G2 m00_negbin_baseline,2,home,14035532,-0.4266725235949487
G2 m00_negbin_baseline,2,home,14035534,-2.7779010756869678
G2 m00_negbin_baseline,2,home,14035533,-1.308784526174966
G2 m00_negbin_baseline,2,home,14035535,-1.7152448845990442
G2 m00_negbin_baseline,2,home,14297746,-1.2433488569125322
G2 m00_negbin_baseline,2,home,14035538,-0.07332498958646988
G2 m00_negbin_baseline,2,home,14035539,-0.5417689970438351
G2 m00_negbin_baseline,2,home,14035536,0.916051915962638
G2 m00_negbin_baseline,2,home,14035540,-0.7583943516574148
G2 m00_negbin_baseline,2,home,14035542,-0.485652733579741
G2 m00_negbin_baseline,2,home,14035713,-1.4960087387839334
G2 m00_negbin_baseline,2,home,14035714,1.170664835800029
G2 m00_negbin_baseline,2,home,14035716,0.3378201826704342
G2 m00_negbin_baseline,2,home,14035715,1.2217256679680442
G2 m00_negbin_baseline,2,home,14035712,0.5790588690179275
G2 m00_negbin_baseline,2,home,14035546,-0.14812825098733817
G2 m00_negbin_baseline,2,home,14035541,1.058269712367544
G2 m00_negbin_baseline,2,home,14035544,0.7679265737017628
G2 m00_negbin_baseline,2,home,14035545,0.9693851048894767
G2 m00_negbin_baseline,2,home,14035543,-0.8856070698876093
G2 m00_negbin_baseline,2,home,14035548,0.2118413747153431
G2 m00_negbin_baseline,2,home,14035555,0.5593735470432768
G2 m00_negbin_baseline,2,home,14035549,-0.07265351593392032
G2 m00_negbin_baseline,2,home,14035554,-0.298959988397953
G2 m00_negbin_baseline,2,home,14035717,0.09653181175188341
G2 m00_negbin_baseline,2,home,14035718,0.3501715147966691
G2 m00_negbin_baseline,2,home,14035719,0.05517681678243562
G2 m00_negbin_baseline,2,home,14035735,-0.761085367060291
G2 m00_negbin_baseline,2,home,14035720,0.5115180860571188
G2 m00_negbin_baseline,2,home,14035722,0.6123904263087157
G2 m00_negbin_baseline,2,home,14035721,-0.3897741028182404
G2 m00_negbin_baseline,2,home,14035725,-0.007219586156070671
G2 m00_negbin_baseline,2,home,14035724,0.15862691576894816
G2 m00_negbin_baseline,2,home,14035723,-1.5569622209381284
G2 m00_negbin_baseline,2,home,14035551,1.107460272511715
G2 m00_negbin_baseline,2,home,14035559,0.41981124977596584
G2 m00_negbin_baseline,2,home,14035550,-2.9505796995558407
G2 m00_negbin_baseline,2,home,14035556,-0.015101507790418939
G2 m00_negbin_baseline,2,home,14035552,1.5787791756775713
G2 m00_negbin_baseline,2,home,15017622,-0.17078518168059934
G2 m00_negbin_baseline,2,home,14035727,0.20294847702206747
G2 m00_negbin_baseline,2,home,14035729,-0.5180383182514537
G2 m00_negbin_baseline,2,home,14035726,-0.6879501657006615
G2 m00_negbin_baseline,2,home,14035730,-1.5354734334571893
G2 m00_negbin_baseline,2,home,14035728,0.1337855175501313
G2 m00_negbin_baseline,2,home,14035553,-0.11171786520910293
G2 m00_negbin_baseline,2,home,14035562,-1.0218056303819327
G2 m00_negbin_baseline,2,home,14035558,-1.7980865510936104
G2 m00_negbin_baseline,2,home,14035560,1.4714284605110628
G2 m00_negbin_baseline,2,home,14035563,-0.8416237606787322
G2 m00_negbin_baseline,2,home,14035564,1.9416138030015413
G2 m00_negbin_baseline,2,home,14035561,-1.2715647168249211
G2 m00_negbin_baseline,2,home,14035565,1.5975256248111493
G2 m00_negbin_baseline,2,home,14035566,0.8813138139424915
G2 m00_negbin_baseline,2,home,14035731,-0.28208107898910995
G2 m00_negbin_baseline,2,home,14035732,1.8448461666991647
G2 m00_negbin_baseline,2,home,14035736,1.0489674954361066
G2 m00_negbin_baseline,2,home,14035733,0.024189716395128253
G2 m00_negbin_baseline,2,home,14035734,-1.792630190202182
G2 m00_negbin_baseline,2,home,14035739,0.7132772393371274
G2 m00_negbin_baseline,2,home,14035740,-0.5458163770797817
G2 m00_negbin_baseline,2,home,14035737,1.1701980894261177
G2 m00_negbin_baseline,2,home,14035738,-0.03715510521466531
G2 m00_negbin_baseline,2,home,14035741,0.2650408388522189
G2 m00_negbin_baseline,2,home,14035568,-0.1983739342868638
G2 m00_negbin_baseline,2,home,14035569,0.8757096474729433
G2 m00_negbin_baseline,2,home,14035572,-0.1110677706147754
G2 m00_negbin_baseline,2,home,14035570,-0.3086511932415323
G2 m00_negbin_baseline,2,home,14035567,-1.3557827503224582
G2 m00_negbin_baseline,2,home,14035574,1.6229988067724965
G2 m00_negbin_baseline,2,home,14035575,1.048448631012502
G2 m00_negbin_baseline,2,home,14035571,-0.7076549967682261
G2 m00_negbin_baseline,2,home,14035576,-1.6526801676716318
G2 m00_negbin_baseline,2,home,14035573,-1.4135848328912584
G2 m00_negbin_baseline,2,home,14035742,0.004404799336092316
G2 m00_negbin_baseline,2,home,14035745,-0.5566043161832892
G2 m00_negbin_baseline,2,home,14035747,-0.5662218786770554
G2 m00_negbin_baseline,2,home,14035744,0.34822296467613506
G2 m00_negbin_baseline,2,home,14035743,-0.45666114175585965
G2 m00_negbin_baseline,2,home,14035750,-0.22820047613377803
G2 m00_negbin_baseline,2,home,14035751,2.012439418666703
G2 m00_negbin_baseline,2,home,14035749,-0.6459606330113606
G2 m00_negbin_baseline,2,home,14035748,-0.17812798584781184
G2 m00_negbin_baseline,2,home,14035746,0.9133948387387226
G2 m00_negbin_baseline,2,home,14035582,0.33684812493813354
G2 m00_negbin_baseline,2,home,14035580,-0.4108575719096452
G2 m00_negbin_baseline,2,home,14035586,-1.2853505661240745
G2 m00_negbin_baseline,2,home,14035585,2.3465583474731337
G2 m00_negbin_baseline,2,home,14035583,0.7997970013887823
G2 m00_negbin_baseline,2,home,14035755,0.41483651842786295
G2 m00_negbin_baseline,2,home,14035756,-0.6325856611166708
G2 m00_negbin_baseline,2,home,14035752,0.1022672207591476
G2 m00_negbin_baseline,2,home,14035760,-0.47710611712724177
G2 m00_negbin_baseline,2,home,14035761,0.5117897168114063
G2 m00_negbin_baseline,2,home,15363335,0.48364946435744954
G2 m00_negbin_baseline,2,home,15305942,-1.5486969409202112
G2 m00_negbin_baseline,2,home,15374710,1.7306763781467358
G2 m00_negbin_baseline,2,home,14035591,0.8534713445403168
G2 m00_negbin_baseline,2,home,14035588,1.5261238572239444
G2 m00_negbin_baseline,2,home,14035587,-0.22783988513016143
G2 m00_negbin_baseline,2,home,14035590,-0.5354800710214719
G2 m00_negbin_baseline,2,home,14035767,-0.49152203331752264
G2 m00_negbin_baseline,2,home,14035771,0.47924937837038134
G2 m00_negbin_baseline,2,home,14035768,0.37405956728200335
G2 m00_negbin_baseline,2,home,14035766,0.5713433991498403
G2 m00_negbin_baseline,2,home,14035769,-1.1668634640787452
G2 m00_negbin_baseline,2,home,14035770,-1.7489294965343436
G2 m00_negbin_baseline,2,home,14035592,0.5550350364286722
G2 m00_negbin_baseline,2,home,14035594,1.0225839878370169
G2 m00_negbin_baseline,2,home,14035595,-0.6317358027549462
G2 m00_negbin_baseline,2,home,14035593,0.2106640608650749
G2 m00_negbin_baseline,2,home,14035597,0.48301809203532475
G2 m00_negbin_baseline,2,home,14035598,1.0563992605897525
G2 m00_negbin_baseline,2,home,14035596,-0.5848912678395342
G2 m00_negbin_baseline,2,home,15399014,-0.982961111988192
G2 m00_negbin_baseline,2,home,14035774,-0.41094071088119305
G2 m00_negbin_baseline,2,home,14035773,1.1733296738239523
G2 m00_negbin_baseline,2,home,14035772,-0.417812086862856
G2 m00_negbin_baseline,2,home,14035775,1.1418688016228353
G2 m00_negbin_baseline,2,home,14035776,-0.08373717927528745
G2 m00_negbin_baseline,2,home,14035782,-1.1609139606213568
G2 m00_negbin_baseline,2,home,14035777,0.6581020207320454
G2 m00_negbin_baseline,2,home,14035781,-2.003360336686224
G2 m00_negbin_baseline,2,home,15456958,-0.3485613976734849
G2 m00_negbin_baseline,2,home,14035602,0.8633944489938356
G2 m00_negbin_baseline,2,home,14035606,-0.5702000175736236
G2 m00_negbin_baseline,2,home,14035603,-1.5200330952306293
G2 m00_negbin_baseline,2,home,14035604,0.22405365640058386
G2 m00_negbin_baseline,2,home,14035605,-0.6645223979551724
G2 m00_negbin_baseline,2,home,15332289,1.3193947739277534
G2 m00_negbin_baseline,2,home,15368752,-0.3159863023472667
G2 m00_negbin_baseline,2,home,14035607,-0.1874710577839809
G2 m00_negbin_baseline,2,home,14035608,-0.18368095822294495
G2 m00_negbin_baseline,2,home,14035610,1.2735779252083756
G2 m00_negbin_baseline,2,home,14035609,1.0621313053859873
G2 m00_negbin_baseline,2,home,14035611,0.8556834357312108
G2 m00_negbin_baseline,2,home,15336943,-0.26578904794448854
G2 m00_negbin_baseline,2,home,15416466,0.11431932888222984
G2 m00_negbin_baseline,2,home,14035787,-2.6586923242917457
G2 m00_negbin_baseline,2,home,14035778,0.21391009178943296
G2 m00_negbin_baseline,2,home,15366428,-0.6817460052253655
G2 m00_negbin_baseline,2,home,15547533,-1.790680517943118
G2 m00_negbin_baseline,2,home,14035786,0.9770666543867067
G2 m00_negbin_baseline,2,home,14035788,1.9081934319508758
G2 m00_negbin_baseline,2,home,14035789,-0.28994417930249267
G2 m00_negbin_baseline,2,home,14035790,0.8266579549038242
G2 m00_negbin_baseline,2,home,14035792,0.6330263316260043
G2 m00_negbin_baseline,2,home,14035614,-1.5866985875929662
G2 m00_negbin_baseline,2,home,14035616,-0.47944120974110466
G2 m00_negbin_baseline,2,home,14035613,-0.3340903250384412
G2 m00_negbin_baseline,2,home,14035612,-1.6600570470222535
G2 m00_negbin_baseline,2,home,14035615,-1.9197235604448226
G2 m00_negbin_baseline,2,home,15490658,-0.09349658873369761
G2 m00_negbin_baseline,2,home,15490775,-1.0128768990823014
G2 m00_negbin_baseline,2,home,14035620,0.9065805667665255
G2 m00_negbin_baseline,2,home,14035618,0.1816346802345771
G2 m00_negbin_baseline,2,home,14035619,-1.0074967372088064
G2 m00_negbin_baseline,2,home,14035617,0.4084039514754997
G2 m00_negbin_baseline,2,home,14035621,0.02993722596396634
G2 m00_negbin_baseline,2,home,15399013,-0.7852969414362765
G2 m00_negbin_baseline,2,home,15416481,1.071995979456023
G2 m00_negbin_baseline,2,home,15395623,0.7293155047806482
G2 m00_negbin_baseline,2,home,14035796,1.6978216446589112
G2 m00_negbin_baseline,2,home,14035794,-0.25916894283518555
G2 m00_negbin_baseline,2,home,14035791,-0.24569339242998864
G2 m00_negbin_baseline,2,home,14035793,-0.8134663072139573
G2 m00_negbin_baseline,2,home,14035795,0.08094065201775998
G2 m00_negbin_baseline,2,home,15458714,0.25383600125740574
G2 m00_negbin_baseline,2,home,14035801,-0.29438855225215416
G2 m00_negbin_baseline,2,home,14035798,1.1271882196884995
G2 m00_negbin_baseline,2,home,14035799,1.2026835421505313
G2 m00_negbin_baseline,2,home,14035800,1.740960546040785
G2 m00_negbin_baseline,2,home,14035797,1.0706219847430114
G2 m00_negbin_baseline,2,home,15530801,1.050429154284227
G2 m00_negbin_baseline,2,home,14035622,-0.44781358657834053
G2 m00_negbin_baseline,2,home,14035624,-0.14730993052515906
G2 m00_negbin_baseline,2,home,14035626,-0.5436619131084752
G2 m00_negbin_baseline,2,home,14035627,-0.26835992332109243
G2 m00_negbin_baseline,2,home,14035623,2.5433698128695066
G2 m00_negbin_baseline,2,home,15457468,1.2004576408767018
G2 m00_negbin_baseline,2,home,14035625,0.5534590648521553
G2 m00_negbin_baseline,2,home,14035628,-0.1656811094066941
G2 m00_negbin_baseline,2,home,14035631,0.6798143650471858
G2 m00_negbin_baseline,2,home,14035629,0.336499198506793
G2 m00_negbin_baseline,2,home,14035632,-0.38775981834997997
G2 m00_negbin_baseline,2,home,15422405,0.7456733975848427
G2 m00_negbin_baseline,2,home,15588942,0.41072467740052243
G2 m00_negbin_baseline,2,home,14035804,1.0656874424276657
G2 m00_negbin_baseline,2,home,14035803,-0.7499115010740999
G2 m00_negbin_baseline,2,home,14035805,0.29879234918236525
G2 m00_negbin_baseline,2,home,14035806,0.4015611177386465
G2 m00_negbin_baseline,2,home,14035802,-1.2812064713254043
G2 m00_negbin_baseline,2,home,15588903,0.027593687282404713
G2 m00_negbin_baseline,2,home,14035808,0.1273927400973804
G2 m00_negbin_baseline,2,home,14035811,1.1940911979697342
G2 m00_negbin_baseline,2,home,14035810,0.2328806056318378
G2 m00_negbin_baseline,2,home,14035809,-1.323217765367468
G2 m00_negbin_baseline,2,home,14035807,0.5529681325133519
G2 m00_negbin_baseline,2,home,14035637,-0.4645938629991754
G2 m00_negbin_baseline,2,home,14035633,-0.2976505301648548
G2 m00_negbin_baseline,2,home,14035635,0.608840160190467
G2 m00_negbin_baseline,2,home,14035630,0.033383138485631514
G2 m00_negbin_baseline,2,home,14035638,0.9489957367213242
G2 m00_negbin_baseline,2,home,14035636,-0.7633960316144902
G2 m00_negbin_baseline,2,home,14035634,0.1677962915805222
G2 m00_negbin_baseline,2,home,14035645,-0.07189970501918694
G2 m00_negbin_baseline,2,home,15588896,0.7504203637593606
G2 m00_negbin_baseline,2,home,15588927,1.0264342337688876
G2 m00_negbin_baseline,2,home,14035814,0.6986685686716997
G2 m00_negbin_baseline,2,home,14035816,-0.5093998104334537
G2 m00_negbin_baseline,2,home,14035815,0.5407992607770995
G2 m00_negbin_baseline,2,home,14035813,-0.1590783054912221
G2 m00_negbin_baseline,2,home,14035812,-0.3229153327858826
G2 m00_negbin_baseline,2,home,14035819,-0.7994018943654433
G2 m00_negbin_baseline,2,home,14035818,0.04342037356311752
G2 m00_negbin_baseline,2,home,14035827,0.21767593818007358
G2 m00_negbin_baseline,2,home,14035820,-0.6376619565421855
G2 m00_negbin_baseline,2,home,14035817,0.9452000339499318
G2 m00_negbin_baseline,2,home,15881894,0.7249185106318742
G2 m00_negbin_baseline,2,home,14035640,-0.5981763596253283
G2 m00_negbin_baseline,2,home,14035642,0.23600556433871556
G2 m00_negbin_baseline,2,home,14035643,1.2322154708989577
G2 m00_negbin_baseline,2,home,14035641,-0.20710823682991406
G2 m00_negbin_baseline,2,home,14035644,0.7741682067848301
G2 m00_negbin_baseline,2,home,15680573,-0.6509629306739864
G2 m00_negbin_baseline,2,home,14035650,-2.5664435056204074
G2 m00_negbin_baseline,2,home,14035647,0.7605954250171311
G2 m00_negbin_baseline,2,home,14035646,0.5055495504758529
G2 m00_negbin_baseline,2,home,14035648,0.023823183979550824
G2 m00_negbin_baseline,2,home,14035651,-0.5971934297252779
G2 m00_negbin_baseline,2,home,14035821,0.46207581486039967
G2 m00_negbin_baseline,2,home,14035823,0.16122851676193134
G2 m00_negbin_baseline,2,home,14035822,-0.5880168781844559
G2 m00_negbin_baseline,2,home,14035826,-0.8504145914226844
G2 m00_negbin_baseline,2,home,14035824,-1.2746477128130782
G2 m00_negbin_baseline,2,home,14032717,0.8780811074263835
G2 m00_negbin_baseline,2,home,14032707,1.5706874810877807
G2 m00_negbin_baseline,2,home,14032715,0.25090614591595334
G2 m00_negbin_baseline,2,home,14032721,-2.647232090659719
G2 m00_negbin_baseline,2,home,14032718,-0.6855973134887208
G2 m00_negbin_baseline,2,home,14035653,-1.0175161492266085
G2 m00_negbin_baseline,2,home,14035652,0.4346561575039195
G2 m00_negbin_baseline,2,home,14035654,0.5507612603973506
G2 m00_negbin_baseline,2,home,14035655,0.9819011521295692
G2 m00_negbin_baseline,2,home,14035656,-0.3901463314686091
G2 m00_negbin_baseline,2,home,14032710,1.0545196011823956
G2 m00_negbin_baseline,2,home,14032708,-1.7294287621292588
G2 m00_negbin_baseline,2,home,14032714,0.046676498950266335
G2 m00_negbin_baseline,2,home,14032719,1.6005238316766468
G2 m00_negbin_baseline,2,home,14032720,-0.6724804304741595
G2 m00_negbin_baseline,2,home,16362400,-2.0112444352432868
G2 m00_negbin_baseline,2,home,16362406,-0.7952753077561391
G2 m00_negbin_baseline,2,home,16362401,-1.5996444985552187
G2 m00_negbin_baseline,2,home,16362404,1.9243916670398875
G2 m00_negbin_baseline,2,home,16362405,-2.2537771192571605
G2 m00_negbin_baseline,2,home,16362409,-1.4449901659756885
G2 m00_negbin_baseline,2,home,16362408,0.542794624755416
G2 m00_negbin_baseline,2,home,16362410,0.0466849931398834
G2 m00_negbin_baseline,2,home,16362412,0.45684282547362565
G2 m00_negbin_baseline,2,home,16362413,-0.5081192421445992
G2 m00_negbin_baseline,2,home,16362583,0.6785125775356463
G2 m00_negbin_baseline,2,home,16362582,-1.1493421979997034
G2 m00_negbin_baseline,2,home,16362792,0.29700035625286847
G2 m00_negbin_baseline,2,home,16362584,0.026094806613136987
G2 m00_negbin_baseline,2,home,16362581,1.4532582021696798
G2 m00_negbin_baseline,2,home,16362580,0.40320909669980465
G2 m00_negbin_baseline,2,home,16362588,0.9948561012179944
G2 m00_negbin_baseline,2,home,16362579,-0.2074958320932865
G2 m00_negbin_baseline,2,home,16362585,-1.7500526298243684
G2 m00_negbin_baseline,2,home,16362589,0.07876512500593123
G2 m00_negbin_baseline,2,home,16362415,1.316658631379406
G2 m00_negbin_baseline,2,home,16362414,0.9767992190846783
G2 m00_negbin_baseline,2,home,16362419,0.24287283323564957
G2 m00_negbin_baseline,2,home,16362417,1.79373279593346
G2 m00_negbin_baseline,2,home,16362421,-2.200277638019033
G2 m00_negbin_baseline,2,home,16362426,0.9497029685003309
G2 m00_negbin_baseline,2,home,16362416,0.07507562000936258
G2 m00_negbin_baseline,2,home,16362422,-1.486219826352307
G2 m00_negbin_baseline,2,home,16362423,1.2096845093942208
G2 m00_negbin_baseline,2,home,16362586,0.2187822467696964
G2 m00_negbin_baseline,2,home,16362587,-1.110324821079505
G2 m00_negbin_baseline,2,home,16362593,1.44671160228686
G2 m00_negbin_baseline,2,home,16362591,-0.14887974163755513
G2 m00_negbin_baseline,2,home,16362590,0.8180250870672809
G2 m00_negbin_baseline,2,home,16362592,1.4179450275215688
G2 m00_negbin_baseline,2,home,16362594,0.26951097632975235
G2 m00_negbin_baseline,2,home,16362596,-0.2999649783898916
G2 m00_negbin_baseline,2,home,16362595,0.9563166782017094
G2 m00_negbin_baseline,2,home,16362597,1.1213165269241068
G2 m00_negbin_baseline,2,away,12477128,0.13714745696003586
G2 m00_negbin_baseline,2,away,12477134,-0.524317993394408
G2 m00_negbin_baseline,2,away,12477131,0.8940101045516855
G2 m00_negbin_baseline,2,away,12477135,-0.8263709443252577
G2 m00_negbin_baseline,2,away,12477132,-0.3915589036787568
G2 m00_negbin_baseline,2,away,12476800,-0.6897029003884891
G2 m00_negbin_baseline,2,away,12476794,-0.20661597216157399
G2 m00_negbin_baseline,2,away,12476797,-1.1425644986786165
G2 m00_negbin_baseline,2,away,12476799,-1.9358579113057797
G2 m00_negbin_baseline,2,away,12476798,1.0287544073052686
G2 m00_negbin_baseline,2,away,12477129,0.5711583635725043
G2 m00_negbin_baseline,2,away,12477126,0.3666822640840642
G2 m00_negbin_baseline,2,away,12477130,0.7608161504154631
G2 m00_negbin_baseline,2,away,12477123,-0.4754034588351277
G2 m00_negbin_baseline,2,away,12477133,0.0596866185569448
G2 m00_negbin_baseline,2,away,12476632,-0.47503624426656765
G2 m00_negbin_baseline,2,away,12476633,-0.21652233318864514
G2 m00_negbin_baseline,2,away,12476630,-0.5866595109101342
G2 m00_negbin_baseline,2,away,12476635,-0.33646577154464774
G2 m00_negbin_baseline,2,away,12476636,-0.5700787898513452
G2 m00_negbin_baseline,2,away,12476793,0.05085964579338207
G2 m00_negbin_baseline,2,away,12476795,-0.05649674375800924
G2 m00_negbin_baseline,2,away,12476796,1.3639201584382676
G2 m00_negbin_baseline,2,away,12476792,-1.2125853657446353
G2 m00_negbin_baseline,2,away,12476790,-1.0788354673758527
G2 m00_negbin_baseline,2,away,12476788,-1.0042112670227425
G2 m00_negbin_baseline,2,away,12476786,0.4619696883593561
G2 m00_negbin_baseline,2,away,12476787,-0.14655556009497725
G2 m00_negbin_baseline,2,away,12476791,0.5232138465040749
G2 m00_negbin_baseline,2,away,12476789,-0.7359609141363834
G2 m00_negbin_baseline,2,away,12476629,-0.2565209792187656
G2 m00_negbin_baseline,2,away,12476634,1.0499793401999946
G2 m00_negbin_baseline,2,away,12476623,-1.8721163553269038
G2 m00_negbin_baseline,2,away,12476631,0.8306470280997813
G2 m00_negbin_baseline,2,away,12476624,-1.9036483795121704
G2 m00_negbin_baseline,2,away,12476627,1.77468527232968
G2 m00_negbin_baseline,2,away,12476625,-0.23325756371600534
G2 m00_negbin_baseline,2,away,12476621,0.07439073569992377
G2 m00_negbin_baseline,2,away,12476622,1.9083694456360907
G2 m00_negbin_baseline,2,away,12476782,-0.8107684936069359
G2 m00_negbin_baseline,2,away,12476785,-0.5332535757409272
G2 m00_negbin_baseline,2,away,12476784,0.5451203541823381
G2 m00_negbin_baseline,2,away,12476781,-0.8795306647621931
G2 m00_negbin_baseline,2,away,12476779,-0.04548360549295325
G2 m00_negbin_baseline,2,away,12476619,-0.1318163647933219
G2 m00_negbin_baseline,2,away,12476620,1.4223618954857014
G2 m00_negbin_baseline,2,away,12476618,-0.8078798242208912
G2 m00_negbin_baseline,2,away,12476626,-0.84321825748033
G2 m00_negbin_baseline,2,away,12476617,-0.10222969775767571
G2 m00_negbin_baseline,2,away,12476780,0.7364714595326329
G2 m00_negbin_baseline,2,away,12476778,1.2392090935893276
G2 m00_negbin_baseline,2,away,12476776,-0.861622635522954
G2 m00_negbin_baseline,2,away,12476777,-0.028184259026864188
G2 m00_negbin_baseline,2,away,12476783,-0.6555613318416051
G2 m00_negbin_baseline,2,away,12476772,-0.22930060248300185
G2 m00_negbin_baseline,2,away,12476774,-0.8621242825435695
G2 m00_negbin_baseline,2,away,12476771,0.3710831412445778
G2 m00_negbin_baseline,2,away,12476773,-0.9215999631957414
G2 m00_negbin_baseline,2,away,12476775,-0.4740772593505909
G2 m00_negbin_baseline,2,away,12476611,-0.17049265033056488
G2 m00_negbin_baseline,2,away,12476616,-0.14062083843411785
G2 m00_negbin_baseline,2,away,12476614,-0.021819364419979764
G2 m00_negbin_baseline,2,away,12476612,-2.5924109051642534
G2 m00_negbin_baseline,2,away,12476615,-0.07373249853625503
G2 m00_negbin_baseline,2,away,12811090,-0.24333942289749097
G2 m00_negbin_baseline,2,away,12476607,-0.7585216223158686
G2 m00_negbin_baseline,2,away,12476613,-1.744739957753872
G2 m00_negbin_baseline,2,away,12476606,0.48491002350925083
G2 m00_negbin_baseline,2,away,12476603,0.3610535835877955
G2 m00_negbin_baseline,2,away,12476770,-0.7749461072363434
G2 m00_negbin_baseline,2,away,12476767,-1.020500471645763
G2 m00_negbin_baseline,2,away,12476766,0.3890846266905986
G2 m00_negbin_baseline,2,away,12476769,-0.9335057922042664
G2 m00_negbin_baseline,2,away,12476768,1.9312299156443464
G2 m00_negbin_baseline,2,away,12476761,-1.9273200329936466
G2 m00_negbin_baseline,2,away,12476765,0.6890908107247155
G2 m00_negbin_baseline,2,away,12476764,2.3356250978826694
G2 m00_negbin_baseline,2,away,12476762,-1.8043908043984642
G2 m00_negbin_baseline,2,away,12476759,1.213124326513589
G2 m00_negbin_baseline,2,away,12476604,0.9018218882910031
G2 m00_negbin_baseline,2,away,12476609,0.529438604022944
G2 m00_negbin_baseline,2,away,12476610,1.4857629417013396
G2 m00_negbin_baseline,2,away,12476601,-0.2599482874370584
G2 m00_negbin_baseline,2,away,12476605,0.4871813297784331
G2 m00_negbin_baseline,2,away,12476600,-1.5652535587072198
G2 m00_negbin_baseline,2,away,12476598,-0.3012199729501132
G2 m00_negbin_baseline,2,away,12476599,-0.3672784817656704
G2 m00_negbin_baseline,2,away,12476597,0.5835377087635277
G2 m00_negbin_baseline,2,away,12476602,-0.25781005070290347
G2 m00_negbin_baseline,2,away,12476760,-1.3996690290637186
G2 m00_negbin_baseline,2,away,12476763,1.1170077691097822
G2 m00_negbin_baseline,2,away,12476758,-1.7756907063003784
G2 m00_negbin_baseline,2,away,12476757,0.662181013280747
G2 m00_negbin_baseline,2,away,12476756,-0.3861918255140247
G2 m00_negbin_baseline,2,away,12954858,-3.3770457896012855
G2 m00_negbin_baseline,2,away,12476594,-0.4205142198783093
G2 m00_negbin_baseline,2,away,12476592,1.2971763728093133
G2 m00_negbin_baseline,2,away,12476595,-1.6393290983356614
G2 m00_negbin_baseline,2,away,12476593,-0.5941826292869468
G2 m00_negbin_baseline,2,away,12476596,-0.8774562084119633
G2 m00_negbin_baseline,2,away,12476750,0.6482321069112328
G2 m00_negbin_baseline,2,away,12476753,-0.37288812770932406
G2 m00_negbin_baseline,2,away,12476755,0.40574203208364645
G2 m00_negbin_baseline,2,away,12476752,-0.7502265903292454
G2 m00_negbin_baseline,2,away,12476751,-0.38010637809752135
G2 m00_negbin_baseline,2,away,12476749,1.5296937939760193
G2 m00_negbin_baseline,2,away,12476748,-1.7581164869849515
G2 m00_negbin_baseline,2,away,12476739,0.21220066638401447
G2 m00_negbin_baseline,2,away,12476741,-0.8450194038362191
G2 m00_negbin_baseline,2,away,12476754,-1.056260627634115
G2 m00_negbin_baseline,2,away,12476589,-1.5698244776538013
G2 m00_negbin_baseline,2,away,12476587,0.11022065169558881
G2 m00_negbin_baseline,2,away,12476591,0.4135474264120053
G2 m00_negbin_baseline,2,away,12476590,-0.04388697759807192
G2 m00_negbin_baseline,2,away,12476588,-1.1758505663346823
G2 m00_negbin_baseline,2,away,12476746,0.2619296973874919
G2 m00_negbin_baseline,2,away,12476747,-0.875008169796976
G2 m00_negbin_baseline,2,away,12476742,0.5723351056486249
G2 m00_negbin_baseline,2,away,12476745,-0.0550593095644543
G2 m00_negbin_baseline,2,away,12476743,-0.06266973413379945
G2 m00_negbin_baseline,2,away,12476737,-0.09493438316011583
G2 m00_negbin_baseline,2,away,12476735,-0.9683260022036306
G2 m00_negbin_baseline,2,away,12476744,-0.45453592541673693
G2 m00_negbin_baseline,2,away,12476738,-0.776079599540929
G2 m00_negbin_baseline,2,away,12476740,0.7693171088340655
G2 m00_negbin_baseline,2,away,12476586,1.706574579960615
G2 m00_negbin_baseline,2,away,12476582,0.8619465056374519
G2 m00_negbin_baseline,2,away,12476579,1.563594624387192
G2 m00_negbin_baseline,2,away,12476585,-0.6133214310688108
G2 m00_negbin_baseline,2,away,12476583,-0.728659377049783
G2 m00_negbin_baseline,2,away,12476584,1.6500061978511191
G2 m00_negbin_baseline,2,away,12476581,-0.5155402535374931
G2 m00_negbin_baseline,2,away,12476580,0.2441149046734066
G2 m00_negbin_baseline,2,away,12476574,1.150506329229852
G2 m00_negbin_baseline,2,away,12476578,-0.602540688694129
G2 m00_negbin_baseline,2,away,12476731,-0.06950299368746196
G2 m00_negbin_baseline,2,away,12476548,0.3156458814986978
G2 m00_negbin_baseline,2,away,13179032,1.4948623090973814
G2 m00_negbin_baseline,2,away,13171689,0.9847429313512482
G2 m00_negbin_baseline,2,away,12476727,1.6571773164615686
G2 m00_negbin_baseline,2,away,12476729,0.15793228224825445
G2 m00_negbin_baseline,2,away,12476724,-0.8147708210202094
G2 m00_negbin_baseline,2,away,12476730,-0.392918493832297
G2 m00_negbin_baseline,2,away,12476728,0.7199316617329747
G2 m00_negbin_baseline,2,away,12476720,0.5132802794652569
G2 m00_negbin_baseline,2,away,12476722,-1.612064879330715
G2 m00_negbin_baseline,2,away,12476721,0.7349011763299346
G2 m00_negbin_baseline,2,away,12476725,2.488438691235385
G2 m00_negbin_baseline,2,away,12476723,-0.20269782163321565
G2 m00_negbin_baseline,2,away,13171688,0.2509011671345884
G2 m00_negbin_baseline,2,away,12476562,1.41856797697096
G2 m00_negbin_baseline,2,away,12476564,1.0407508145045605
G2 m00_negbin_baseline,2,away,12476565,0.21994754105559147
G2 m00_negbin_baseline,2,away,13175772,1.6255028090651105
G2 m00_negbin_baseline,2,away,12476563,-0.5708119867379272
G2 m00_negbin_baseline,2,away,12476556,-0.5740031054003425
G2 m00_negbin_baseline,2,away,12476558,0.9651074913565771
G2 m00_negbin_baseline,2,away,12476561,1.750650284879079
G2 m00_negbin_baseline,2,away,12476560,-0.20711359869351378
G2 m00_negbin_baseline,2,away,13179034,0.39269370708626117
G2 m00_negbin_baseline,2,away,12476726,-0.049017704561294555
G2 m00_negbin_baseline,2,away,12476718,1.723762377732335
G2 m00_negbin_baseline,2,away,12476716,-1.5083309663197082
G2 m00_negbin_baseline,2,away,12476719,-0.7794981876003453
G2 m00_negbin_baseline,2,away,12476717,0.708736714693403
G2 m00_negbin_baseline,2,away,12476713,1.7677425803571152
G2 m00_negbin_baseline,2,away,12476715,1.465516403007363
G2 m00_negbin_baseline,2,away,12476714,-0.8688514471567675
G2 m00_negbin_baseline,2,away,12476710,-0.3363968118527965
G2 m00_negbin_baseline,2,away,12476712,-0.6392614290508098
G2 m00_negbin_baseline,2,away,13175771,0.0034062278352043358
G2 m00_negbin_baseline,2,away,13159980,0.8062708064269284
G2 m00_negbin_baseline,2,away,12476551,-0.7265723927828595
G2 m00_negbin_baseline,2,away,12476555,-1.4751515675673046
G2 m00_negbin_baseline,2,away,12476557,-0.26418599288025385
G2 m00_negbin_baseline,2,away,12476554,-0.6856656259070946
G2 m00_negbin_baseline,2,away,12476550,0.12851969361862048
G2 m00_negbin_baseline,2,away,12476549,-1.4839213663805928
G2 m00_negbin_baseline,2,away,12476547,-0.5406009143801356
G2 m00_negbin_baseline,2,away,12476552,0.06892100652013644
G2 m00_negbin_baseline,2,away,12476553,0.7656134857207754
G2 m00_negbin_baseline,2,away,12476711,1.656234670877539
G2 m00_negbin_baseline,2,away,12476708,-0.8511190701502314
G2 m00_negbin_baseline,2,away,12476707,-1.3458470587713292
G2 m00_negbin_baseline,2,away,12476709,-0.5613516904182254
G2 m00_negbin_baseline,2,away,12476706,0.42258517466466217
G2 m00_negbin_baseline,2,away,12476705,0.1424988786900962
G2 m00_negbin_baseline,2,away,12476701,-1.1701525179285546
G2 m00_negbin_baseline,2,away,12476539,-0.9968813377739694
G2 m00_negbin_baseline,2,away,12476545,-0.9117984215546231
G2 m00_negbin_baseline,2,away,12476546,-0.946655617446409
G2 m00_negbin_baseline,2,away,13217663,1.8497786920674062
G2 m00_negbin_baseline,2,away,12476541,-1.900890984378176
G2 m00_negbin_baseline,2,away,12476544,-0.4933638228445713
G2 m00_negbin_baseline,2,away,12476533,0.30252743845172114
G2 m00_negbin_baseline,2,away,13324922,1.539962634086851
G2 m00_negbin_baseline,2,away,13197505,0.9411784261495048
G2 m00_negbin_baseline,2,away,12476697,0.7543369203473761
G2 m00_negbin_baseline,2,away,12476698,2.0377823124156857
G2 m00_negbin_baseline,2,away,12476700,0.5381040764085528
G2 m00_negbin_baseline,2,away,12476696,-0.06414426320294905
G2 m00_negbin_baseline,2,away,13315347,-0.684836538997344
G2 m00_negbin_baseline,2,away,12476531,0.7464804769866896
G2 m00_negbin_baseline,2,away,12476529,0.8866048203426116
G2 m00_negbin_baseline,2,away,12476538,0.5706964174904156
G2 m00_negbin_baseline,2,away,13233442,0.8548886567502438
G2 m00_negbin_baseline,2,away,12476519,-1.541126892322589
G2 m00_negbin_baseline,2,away,12476525,-1.5448030166348712
G2 m00_negbin_baseline,2,away,12476523,0.14831071587180358
G2 m00_negbin_baseline,2,away,12476522,-0.7195596847989865
G2 m00_negbin_baseline,2,away,12476524,0.010687071151786232
G2 m00_negbin_baseline,2,away,12476693,-0.8231228741398048
G2 m00_negbin_baseline,2,away,12476695,0.07912511247806119
G2 m00_negbin_baseline,2,away,12476691,1.2481553813980626
G2 m00_negbin_baseline,2,away,12476692,1.3886010195201264
G2 m00_negbin_baseline,2,away,12476699,-0.4218687547256409
G2 m00_negbin_baseline,2,away,12476689,-1.3309299664462637
G2 m00_negbin_baseline,2,away,12476685,1.0686432960628462
G2 m00_negbin_baseline,2,away,12476686,-0.40371184732314824
G2 m00_negbin_baseline,2,away,12476690,-0.25261243020097707
G2 m00_negbin_baseline,2,away,13343736,-0.40208118101286183
G2 m00_negbin_baseline,2,away,12476521,1.4370101364063705
G2 m00_negbin_baseline,2,away,12476514,0.9049571942148273
G2 m00_negbin_baseline,2,away,12476518,-0.5290038633341311
G2 m00_negbin_baseline,2,away,12476520,-0.3678226055477186
G2 m00_negbin_baseline,2,away,12476515,-0.704877537750513
G2 m00_negbin_baseline,2,away,13348881,1.3098913344570218
G2 m00_negbin_baseline,2,away,13255608,-1.0633739329014174
G2 m00_negbin_baseline,2,away,12476516,0.07758831335512138
G2 m00_negbin_baseline,2,away,12476512,-0.08736666227605007
G2 m00_negbin_baseline,2,away,12476511,-0.1938875671202999
G2 m00_negbin_baseline,2,away,12476517,-1.5463392299191852
G2 m00_negbin_baseline,2,away,12476513,2.1634449598566676
G2 m00_negbin_baseline,2,away,13391276,-0.04142827028699598
G2 m00_negbin_baseline,2,away,12476688,-0.3355609424279227
G2 m00_negbin_baseline,2,away,12476684,1.3869365500549018
G2 m00_negbin_baseline,2,away,12476681,1.4015240087859493
G2 m00_negbin_baseline,2,away,12476682,-1.0378488807741137
G2 m00_negbin_baseline,2,away,12476679,-0.1390863502480882
G2 m00_negbin_baseline,2,away,12476678,0.13071472111406335
G2 m00_negbin_baseline,2,away,12476675,-0.5278657921647352
G2 m00_negbin_baseline,2,away,12476680,2.008290389602081
G2 m00_negbin_baseline,2,away,12476677,1.243444588712747
G2 m00_negbin_baseline,2,away,12476508,-0.17439337773955807
G2 m00_negbin_baseline,2,away,12476510,-1.2245840344350203
G2 m00_negbin_baseline,2,away,12476506,0.13000375293843167
G2 m00_negbin_baseline,2,away,12476509,0.8111482541854209
G2 m00_negbin_baseline,2,away,12476507,-1.717397015714308
G2 m00_negbin_baseline,2,away,12476502,-1.2618955458447265
G2 m00_negbin_baseline,2,away,12476500,0.5931400558266202
G2 m00_negbin_baseline,2,away,12476501,-1.2449279260378032
G2 m00_negbin_baseline,2,away,12476505,0.9854840757214489
G2 m00_negbin_baseline,2,away,12476504,0.4618990824156671
G2 m00_negbin_baseline,2,away,13415294,-0.41911781552982397
G2 m00_negbin_baseline,2,away,12476674,-0.5393602618867096
G2 m00_negbin_baseline,2,away,12476671,-0.9304911992086335
G2 m00_negbin_baseline,2,away,12476670,0.18553872068394228
G2 m00_negbin_baseline,2,away,12476672,1.2546473935151037
G2 m00_negbin_baseline,2,away,12476669,-0.1447588050136512
G2 m00_negbin_baseline,2,away,13343733,0.5948673766050009
G2 m00_negbin_baseline,2,away,12476667,-0.14075050887724633
G2 m00_negbin_baseline,2,away,12476662,-0.4740007303474852
G2 m00_negbin_baseline,2,away,12476673,0.7059811350043201
G2 m00_negbin_baseline,2,away,12476676,1.2698035625170763
G2 m00_negbin_baseline,2,away,12476668,-1.6287305744583827
G2 m00_negbin_baseline,2,away,12476526,0.17188605302429233
G2 m00_negbin_baseline,2,away,12476497,-0.700554735987015
G2 m00_negbin_baseline,2,away,12476499,-0.021927567079427297
G2 m00_negbin_baseline,2,away,12476496,-1.2025947330015676
G2 m00_negbin_baseline,2,away,12476498,-0.15703473281239444
G2 m00_negbin_baseline,2,away,12476495,-0.32703293677427075
G2 m00_negbin_baseline,2,away,13436762,0.9366899149953927
G2 m00_negbin_baseline,2,away,12476490,0.5855661149015533
G2 m00_negbin_baseline,2,away,12476492,0.29480778619765485
G2 m00_negbin_baseline,2,away,12476489,-1.3739760789647713
G2 m00_negbin_baseline,2,away,12476493,-1.0032739746068888
G2 m00_negbin_baseline,2,away,12476491,0.2859673022266303
G2 m00_negbin_baseline,2,away,13399583,1.8531274271358924
G2 m00_negbin_baseline,2,away,13480337,-0.24784778831281176
G2 m00_negbin_baseline,2,away,12476665,0.44242003304351507
G2 m00_negbin_baseline,2,away,12476661,0.34193718621812846
G2 m00_negbin_baseline,2,away,12476666,-0.17471829474676245
G2 m00_negbin_baseline,2,away,12476663,-1.1585324674672548
G2 m00_negbin_baseline,2,away,12476660,0.8653832668116808
G2 m00_negbin_baseline,2,away,12640468,-0.19513727817258616
G2 m00_negbin_baseline,2,away,12476657,-0.07418302960677843
G2 m00_negbin_baseline,2,away,12476659,-1.248740751442417
G2 m00_negbin_baseline,2,away,12476664,-1.1279044673047562
G2 m00_negbin_baseline,2,away,12476658,-0.16028798853355103
G2 m00_negbin_baseline,2,away,13343735,0.7039983556150866
G2 m00_negbin_baseline,2,away,12476485,-1.2280411472335033
G2 m00_negbin_baseline,2,away,12476487,0.6000338682241984
G2 m00_negbin_baseline,2,away,12476486,-1.37555223034062
G2 m00_negbin_baseline,2,away,12476488,1.5712640005152088
G2 m00_negbin_baseline,2,away,12476494,-0.3364121997926482
G2 m00_negbin_baseline,2,away,12476483,0.916133409499154
G2 m00_negbin_baseline,2,away,12476484,0.32342755400706075
G2 m00_negbin_baseline,2,away,12476482,0.8979063434738648
G2 m00_negbin_baseline,2,away,12476478,0.5822984296506238
G2 m00_negbin_baseline,2,away,12476481,0.006327217144335572
G2 m00_negbin_baseline,2,away,12476656,1.4797242586859758
G2 m00_negbin_baseline,2,away,12476654,-1.725374184324822
G2 m00_negbin_baseline,2,away,12476652,-0.2037025000853956
G2 m00_negbin_baseline,2,away,12476651,1.3262120109456237
G2 m00_negbin_baseline,2,away,12476655,0.25538930458212367
G2 m00_negbin_baseline,2,away,12476648,1.4174350234413207
G2 m00_negbin_baseline,2,away,12476649,-0.09518703172856686
G2 m00_negbin_baseline,2,away,12476653,0.8178079701437502
G2 m00_negbin_baseline,2,away,12476650,2.976947337719314
G2 m00_negbin_baseline,2,away,12476646,1.9759896596618998
G2 m00_negbin_baseline,2,away,12476477,-0.10290649673272584
G2 m00_negbin_baseline,2,away,12476474,0.6784357014707657
G2 m00_negbin_baseline,2,away,12476479,-0.371764646624599
G2 m00_negbin_baseline,2,away,12476480,-1.3516653534300713
G2 m00_negbin_baseline,2,away,12476476,0.9831026652835246
G2 m00_negbin_baseline,2,away,12476469,-1.0822902110624335
G2 m00_negbin_baseline,2,away,12476475,-0.37461545070522934
G2 m00_negbin_baseline,2,away,12476471,1.0684203693540184
G2 m00_negbin_baseline,2,away,12476470,0.1778989801541084
G2 m00_negbin_baseline,2,away,12476473,-0.9136896918549259
G2 m00_negbin_baseline,2,away,12476645,1.0051195087817133
G2 m00_negbin_baseline,2,away,12476642,0.8301250358819909
G2 m00_negbin_baseline,2,away,12476647,-1.5424304481704398
G2 m00_negbin_baseline,2,away,12476643,-0.8653384617422369
G2 m00_negbin_baseline,2,away,12476644,0.016839027575884798
G2 m00_negbin_baseline,2,away,12476640,-0.22331568477833247
G2 m00_negbin_baseline,2,away,12476641,-0.37422640548725694
G2 m00_negbin_baseline,2,away,12476637,-0.2539140641943089
G2 m00_negbin_baseline,2,away,12476639,1.292976940591398
G2 m00_negbin_baseline,2,away,12476638,0.595531052467898
G2 m00_negbin_baseline,2,away,12476465,0.33297508573533363
G2 m00_negbin_baseline,2,away,12476472,-0.4075465513783873
G2 m00_negbin_baseline,2,away,12476468,-0.8348362972842338
G2 m00_negbin_baseline,2,away,12476464,0.07434939286383105
G2 m00_negbin_baseline,2,away,12476467,-0.5033699210314377
G2 m00_negbin_baseline,2,away,12476463,-2.41014000590515
G2 m00_negbin_baseline,2,away,12476466,-1.4704204399336087
G2 m00_negbin_baseline,2,away,12476461,-0.6662857871502791
G2 m00_negbin_baseline,2,away,12476460,0.7953580693479186
G2 m00_negbin_baseline,2,away,12476462,-1.2070566252043957
G2 m00_negbin_baseline,2,away,12473328,-0.6305490165524078
G2 m00_negbin_baseline,2,away,12473336,0.9790232106069011
G2 m00_negbin_baseline,2,away,12473335,-0.5943117093106469
G2 m00_negbin_baseline,2,away,12473322,0.031151306973401675
G2 m00_negbin_baseline,2,away,12473327,-0.5055904312772094
G2 m00_negbin_baseline,2,away,12473331,2.043746216117814
G2 m00_negbin_baseline,2,away,12473333,0.433183067410234
G2 m00_negbin_baseline,2,away,12473334,-0.07346765505049263
G2 m00_negbin_baseline,2,away,12473337,-0.02816791158309405
G2 m00_negbin_baseline,2,away,12473330,0.3215399694054662
G2 m00_negbin_baseline,2,away,12476454,-0.8479847265536397
G2 m00_negbin_baseline,2,away,12476455,2.219121388408057
G2 m00_negbin_baseline,2,away,12476458,0.29363044709852215
G2 m00_negbin_baseline,2,away,12476459,-0.7646768080911116
G2 m00_negbin_baseline,2,away,12476457,-2.4240729107725705
G2 m00_negbin_baseline,2,away,12476452,-0.8946629298325036
G2 m00_negbin_baseline,2,away,12476567,-0.09696577836289515
G2 m00_negbin_baseline,2,away,12476453,-0.025875099003667162
G2 m00_negbin_baseline,2,away,12476575,-1.2058912734365785
G2 m00_negbin_baseline,2,away,12476570,-0.40129282441401326
G2 m00_negbin_baseline,2,away,14035482,1.0469403076807562
G2 m00_negbin_baseline,2,away,14035495,1.5973392499696795
G2 m00_negbin_baseline,2,away,14035487,0.33381473798320505
G2 m00_negbin_baseline,2,away,14035486,-0.6688964985472959
G2 m00_negbin_baseline,2,away,14343735,1.0290355957028006
G2 m00_negbin_baseline,2,away,14035506,-0.8459841614454576
G2 m00_negbin_baseline,2,away,14035498,-0.9855181015339887
G2 m00_negbin_baseline,2,away,14035502,1.7401463896416411
G2 m00_negbin_baseline,2,away,14035497,-0.010582162847329034
G2 m00_negbin_baseline,2,away,14035501,0.9951003062931677
G2 m00_negbin_baseline,2,away,14035665,-0.6540352509896893
G2 m00_negbin_baseline,2,away,14035666,0.7712707933096411
G2 m00_negbin_baseline,2,away,14035662,0.9658399715865504
G2 m00_negbin_baseline,2,away,14035664,0.2494034257238679
G2 m00_negbin_baseline,2,away,14035663,1.160339303735825
G2 m00_negbin_baseline,2,away,14035669,-1.7098060873653835
G2 m00_negbin_baseline,2,away,14035667,-1.5834772930129677
G2 m00_negbin_baseline,2,away,14035671,0.8315357516955054
G2 m00_negbin_baseline,2,away,14035670,0.7094727458837655
G2 m00_negbin_baseline,2,away,14035668,-0.23215016068357777
G2 m00_negbin_baseline,2,away,14035484,0.4350288996604566
G2 m00_negbin_baseline,2,away,14035485,1.2008200407930902
G2 m00_negbin_baseline,2,away,14035488,0.6384389699806616
G2 m00_negbin_baseline,2,away,14035489,-0.7019486787328778
G2 m00_negbin_baseline,2,away,14035494,-0.3039703460519899
G2 m00_negbin_baseline,2,away,14035493,-0.43899381028573
G2 m00_negbin_baseline,2,away,14035496,0.6102506152857449
G2 m00_negbin_baseline,2,away,14035492,-1.1831225753113552
G2 m00_negbin_baseline,2,away,14035491,-2.149694297280119
G2 m00_negbin_baseline,2,away,14035675,0.9218060115334851
G2 m00_negbin_baseline,2,away,14035672,0.18218523707598483
G2 m00_negbin_baseline,2,away,14035674,0.7526660437926954
G2 m00_negbin_baseline,2,away,14035676,1.5112222386558982
G2 m00_negbin_baseline,2,away,14035673,0.2624827199602742
G2 m00_negbin_baseline,2,away,14035678,1.907049330793148
G2 m00_negbin_baseline,2,away,14035683,-0.4422366280280653
G2 m00_negbin_baseline,2,away,14035681,1.328366047647705
G2 m00_negbin_baseline,2,away,14035679,0.16825053392215714
G2 m00_negbin_baseline,2,away,14035677,1.7174058187515735
G2 m00_negbin_baseline,2,away,14035503,0.27424828870504797
G2 m00_negbin_baseline,2,away,14035505,0.07337329642815173
G2 m00_negbin_baseline,2,away,14035500,-1.1232211164157044
G2 m00_negbin_baseline,2,away,14035504,-0.07749656081765886
G2 m00_negbin_baseline,2,away,14035499,-1.2803176250144623
G2 m00_negbin_baseline,2,away,14035680,0.46321932594816145
G2 m00_negbin_baseline,2,away,14035682,-0.5599002197458601
G2 m00_negbin_baseline,2,away,14035686,-0.804074028760639
G2 m00_negbin_baseline,2,away,14035684,-0.8444246997668341
G2 m00_negbin_baseline,2,away,14035685,-1.6179902898287677
G2 m00_negbin_baseline,2,away,14035511,0.7012401572606234
G2 m00_negbin_baseline,2,away,14035510,-0.22049242636355407
G2 m00_negbin_baseline,2,away,14035509,0.39534570938799185
G2 m00_negbin_baseline,2,away,14035508,0.09238354237654485
G2 m00_negbin_baseline,2,away,14035507,0.09258537846953602
G2 m00_negbin_baseline,2,away,14035514,0.5475716558811319
G2 m00_negbin_baseline,2,away,14035515,1.7934316490387685
G2 m00_negbin_baseline,2,away,14035512,0.01030121701625359
G2 m00_negbin_baseline,2,away,14035513,-0.11798310937648894
G2 m00_negbin_baseline,2,away,14035516,0.17909872599647617
G2 m00_negbin_baseline,2,away,14035687,0.9057549355974405
G2 m00_negbin_baseline,2,away,14035695,1.196844863395527
G2 m00_negbin_baseline,2,away,14035689,3.0226094126343694
G2 m00_negbin_baseline,2,away,14035692,-2.2335090255163914
G2 m00_negbin_baseline,2,away,14035688,0.5907832407076301
G2 m00_negbin_baseline,2,away,14035694,-0.35180528317642384
G2 m00_negbin_baseline,2,away,14035690,-1.1660663521345291
G2 m00_negbin_baseline,2,away,14035693,1.5825536874140942
G2 m00_negbin_baseline,2,away,14035691,-0.17345415135483033
G2 m00_negbin_baseline,2,away,14035697,0.19738434443638994
G2 m00_negbin_baseline,2,away,14035517,0.6494576149717052
G2 m00_negbin_baseline,2,away,14035518,-0.6280526675544897
G2 m00_negbin_baseline,2,away,14035519,-0.44891629572753805
G2 m00_negbin_baseline,2,away,14035521,-0.546224013301384
G2 m00_negbin_baseline,2,away,14035520,-0.516846190176845
G2 m00_negbin_baseline,2,away,14035524,-1.1338263585388229
G2 m00_negbin_baseline,2,away,14035522,-0.10565752200884448
G2 m00_negbin_baseline,2,away,14035526,0.48282866816411724
G2 m00_negbin_baseline,2,away,14035525,-0.21672266325933587
G2 m00_negbin_baseline,2,away,14035523,-0.8074827949740181
G2 m00_negbin_baseline,2,away,14035700,1.3957902697056774
G2 m00_negbin_baseline,2,away,14035703,-0.24607437856325506
G2 m00_negbin_baseline,2,away,14035698,0.782791609583142
G2 m00_negbin_baseline,2,away,14035696,-0.07397338339885284
G2 m00_negbin_baseline,2,away,14035699,1.6264398207578534
G2 m00_negbin_baseline,2,away,14035706,-0.22880252903046014
G2 m00_negbin_baseline,2,away,14035704,0.7013323904000759
G2 m00_negbin_baseline,2,away,14035702,0.44041678292022335
G2 m00_negbin_baseline,2,away,14035701,0.0675666761268864
G2 m00_negbin_baseline,2,away,14035705,0.312065325780501
G2 m00_negbin_baseline,2,away,14501655,0.5141871633828882
G2 m00_negbin_baseline,2,away,14035529,0.6473681198200348
G2 m00_negbin_baseline,2,away,14035528,0.3478015890578303
G2 m00_negbin_baseline,2,away,14035531,-1.6693356253412988
G2 m00_negbin_baseline,2,away,14035527,0.3429007337710118
G2 m00_negbin_baseline,2,away,14035530,1.7098203427432417
G2 m00_negbin_baseline,2,away,14035709,-1.2442933333281863
G2 m00_negbin_baseline,2,away,14035708,0.8812467609075527
G2 m00_negbin_baseline,2,away,14035710,1.7424441444586856
G2 m00_negbin_baseline,2,away,14035707,0.24260948557441075
G2 m00_negbin_baseline,2,away,14035711,-0.5844886224187019
G2 m00_negbin_baseline,2,away,14035532,0.8493365177588784
G2 m00_negbin_baseline,2,away,14035534,1.0609213029953193
G2 m00_negbin_baseline,2,away,14035533,1.3106400781674095
G2 m00_negbin_baseline,2,away,14035535,0.2713749888171623
G2 m00_negbin_baseline,2,away,14297746,-1.5880995605280075
G2 m00_negbin_baseline,2,away,14035538,0.7040777925896968
G2 m00_negbin_baseline,2,away,14035539,-0.29521062310212026
G2 m00_negbin_baseline,2,away,14035536,-1.0919076148471696
G2 m00_negbin_baseline,2,away,14035540,-0.8886660931730381
G2 m00_negbin_baseline,2,away,14035542,-0.4051663956818822
G2 m00_negbin_baseline,2,away,14035713,-0.6233064584924976
G2 m00_negbin_baseline,2,away,14035714,0.11124826993599024
G2 m00_negbin_baseline,2,away,14035716,-0.5075142819400709
G2 m00_negbin_baseline,2,away,14035715,-0.07551957235817158
G2 m00_negbin_baseline,2,away,14035712,-1.0502688040442731
G2 m00_negbin_baseline,2,away,14035546,-1.5641207536613593
G2 m00_negbin_baseline,2,away,14035541,-1.2622342057989362
G2 m00_negbin_baseline,2,away,14035544,0.8839099508580559
G2 m00_negbin_baseline,2,away,14035545,-1.1907550360765518
G2 m00_negbin_baseline,2,away,14035543,1.9511760793037376
G2 m00_negbin_baseline,2,away,14035548,-0.24178004873662795
G2 m00_negbin_baseline,2,away,14035555,-0.11249742347095641
G2 m00_negbin_baseline,2,away,14035549,0.36764743807345973
G2 m00_negbin_baseline,2,away,14035554,-0.6527767396098149
G2 m00_negbin_baseline,2,away,14035717,1.5505380011768257
G2 m00_negbin_baseline,2,away,14035718,0.2660725603475008
G2 m00_negbin_baseline,2,away,14035719,0.15026737223981657
G2 m00_negbin_baseline,2,away,14035735,-1.9591250921290562
G2 m00_negbin_baseline,2,away,14035720,-0.6496803743491969
G2 m00_negbin_baseline,2,away,14035722,-2.247923797910237
G2 m00_negbin_baseline,2,away,14035721,-0.35552246594218817
G2 m00_negbin_baseline,2,away,14035725,0.18135148166418977
G2 m00_negbin_baseline,2,away,14035724,1.5117164397277214
G2 m00_negbin_baseline,2,away,14035723,1.8335881061138517
G2 m00_negbin_baseline,2,away,14035551,-0.1615337531117388
G2 m00_negbin_baseline,2,away,14035559,0.08334978348391678
G2 m00_negbin_baseline,2,away,14035550,-1.1158663232494728
G2 m00_negbin_baseline,2,away,14035556,2.0316702817326795
G2 m00_negbin_baseline,2,away,14035552,-0.5245960414881649
G2 m00_negbin_baseline,2,away,15017622,-0.3198483351337988
G2 m00_negbin_baseline,2,away,14035727,1.7531885048577212
G2 m00_negbin_baseline,2,away,14035729,0.35550290811298185
G2 m00_negbin_baseline,2,away,14035726,-0.7579850796544529
G2 m00_negbin_baseline,2,away,14035730,1.8451152033632219
G2 m00_negbin_baseline,2,away,14035728,0.09310688280051117
G2 m00_negbin_baseline,2,away,14035553,0.24456524707640945
G2 m00_negbin_baseline,2,away,14035562,-1.6430979809729183
G2 m00_negbin_baseline,2,away,14035558,1.5541979798034185
G2 m00_negbin_baseline,2,away,14035560,-0.4784587772934149
G2 m00_negbin_baseline,2,away,14035563,0.10282822127518745
G2 m00_negbin_baseline,2,away,14035564,-2.43734177463955
G2 m00_negbin_baseline,2,away,14035561,0.6814448853263576
G2 m00_negbin_baseline,2,away,14035565,-0.9764181292664406
G2 m00_negbin_baseline,2,away,14035566,0.8167036593690837
G2 m00_negbin_baseline,2,away,14035731,-0.03443931786901412
G2 m00_negbin_baseline,2,away,14035732,1.221937101955015
G2 m00_negbin_baseline,2,away,14035736,0.6270216399141804
G2 m00_negbin_baseline,2,away,14035733,-0.06973869191763082
G2 m00_negbin_baseline,2,away,14035734,1.3027091510817812
G2 m00_negbin_baseline,2,away,14035739,-1.3345269965659248
G2 m00_negbin_baseline,2,away,14035740,1.8825099405018642
G2 m00_negbin_baseline,2,away,14035737,0.16452277323895503
G2 m00_negbin_baseline,2,away,14035738,-0.4752825931226598
G2 m00_negbin_baseline,2,away,14035741,0.6913686840093399
G2 m00_negbin_baseline,2,away,14035568,-1.6013010187144552
G2 m00_negbin_baseline,2,away,14035569,2.0462318498011807
G2 m00_negbin_baseline,2,away,14035572,-0.5520345251581978
G2 m00_negbin_baseline,2,away,14035570,-1.4854903405300344
G2 m00_negbin_baseline,2,away,14035567,0.2017318041922389
G2 m00_negbin_baseline,2,away,14035574,0.2266921950216725
G2 m00_negbin_baseline,2,away,14035575,-0.564122656355194
G2 m00_negbin_baseline,2,away,14035571,-0.8302080812448785
G2 m00_negbin_baseline,2,away,14035576,0.35741880276573906
G2 m00_negbin_baseline,2,away,14035573,1.6073641941448815
G2 m00_negbin_baseline,2,away,14035742,1.450683620238184
G2 m00_negbin_baseline,2,away,14035745,-0.36323389829117975
G2 m00_negbin_baseline,2,away,14035747,-1.161855220947954
G2 m00_negbin_baseline,2,away,14035744,1.1103376615430798
G2 m00_negbin_baseline,2,away,14035743,0.5442913360489556
G2 m00_negbin_baseline,2,away,14035750,1.1496637313178473
G2 m00_negbin_baseline,2,away,14035751,0.40854652608713843
G2 m00_negbin_baseline,2,away,14035749,-0.14369803445022308
G2 m00_negbin_baseline,2,away,14035748,0.49563536595531693
G2 m00_negbin_baseline,2,away,14035746,0.4296522211080718
G2 m00_negbin_baseline,2,away,14035582,-1.2029129301259658
G2 m00_negbin_baseline,2,away,14035580,-0.509057485290187
G2 m00_negbin_baseline,2,away,14035586,-2.064878120169847
G2 m00_negbin_baseline,2,away,14035585,-1.8177965418091862
G2 m00_negbin_baseline,2,away,14035583,0.0924796434838894
G2 m00_negbin_baseline,2,away,14035755,-0.8983980851422906
G2 m00_negbin_baseline,2,away,14035756,0.048611733542595646
G2 m00_negbin_baseline,2,away,14035752,0.11740817135131963
G2 m00_negbin_baseline,2,away,14035760,1.999317261664254
G2 m00_negbin_baseline,2,away,14035761,0.5217924672519139
G2 m00_negbin_baseline,2,away,15363335,1.4433350652404129
G2 m00_negbin_baseline,2,away,15305942,0.8156954782277805
G2 m00_negbin_baseline,2,away,15374710,0.22127485143174572
G2 m00_negbin_baseline,2,away,14035591,-1.2054823348837165
G2 m00_negbin_baseline,2,away,14035588,0.10382392753863694
G2 m00_negbin_baseline,2,away,14035587,2.2611536728706763
G2 m00_negbin_baseline,2,away,14035590,0.5021550655877478
G2 m00_negbin_baseline,2,away,14035767,0.42808757674618486
G2 m00_negbin_baseline,2,away,14035771,0.48359274039246447
G2 m00_negbin_baseline,2,away,14035768,0.6418021462298513
G2 m00_negbin_baseline,2,away,14035766,0.30082250268463906
G2 m00_negbin_baseline,2,away,14035769,0.9015094785932071
G2 m00_negbin_baseline,2,away,14035770,-0.006462404678318937
G2 m00_negbin_baseline,2,away,14035592,0.5733875969574423
G2 m00_negbin_baseline,2,away,14035594,0.6244734314495372
G2 m00_negbin_baseline,2,away,14035595,-2.5421806597031993
G2 m00_negbin_baseline,2,away,14035593,1.3127006460559238
G2 m00_negbin_baseline,2,away,14035597,0.6221309348017277
G2 m00_negbin_baseline,2,away,14035598,-0.9460411488608058
G2 m00_negbin_baseline,2,away,14035596,0.0030350865169751495
G2 m00_negbin_baseline,2,away,15399014,2.7589622136977896
G2 m00_negbin_baseline,2,away,14035774,0.2105735050869075
G2 m00_negbin_baseline,2,away,14035773,1.1404602439217328
G2 m00_negbin_baseline,2,away,14035772,-0.22362400643957508
G2 m00_negbin_baseline,2,away,14035775,-0.01975971905506606
G2 m00_negbin_baseline,2,away,14035776,0.059556668292585754
G2 m00_negbin_baseline,2,away,14035782,0.33372296144328734
G2 m00_negbin_baseline,2,away,14035777,-1.0057705552972893
G2 m00_negbin_baseline,2,away,14035781,-0.7954275351227137
G2 m00_negbin_baseline,2,away,15456958,-0.1302521852785459
G2 m00_negbin_baseline,2,away,14035602,-0.3416659027622348
G2 m00_negbin_baseline,2,away,14035606,0.6434280657710824
G2 m00_negbin_baseline,2,away,14035603,-0.2882582062841917
G2 m00_negbin_baseline,2,away,14035604,0.5334797234076573
G2 m00_negbin_baseline,2,away,14035605,-0.5917188997044532
G2 m00_negbin_baseline,2,away,15332289,-0.008969701558444888
G2 m00_negbin_baseline,2,away,15368752,-0.8057403564280587
G2 m00_negbin_baseline,2,away,14035607,-0.22532130200115996
G2 m00_negbin_baseline,2,away,14035608,0.005247444200962467
G2 m00_negbin_baseline,2,away,14035610,0.34535208223407005
G2 m00_negbin_baseline,2,away,14035609,-1.9583345622644306
G2 m00_negbin_baseline,2,away,14035611,-0.04884597165522036
G2 m00_negbin_baseline,2,away,15336943,-1.511006250102284
G2 m00_negbin_baseline,2,away,15416466,0.3096819434739375
G2 m00_negbin_baseline,2,away,14035787,-1.1901636252708265
G2 m00_negbin_baseline,2,away,14035778,1.7696225267433239
G2 m00_negbin_baseline,2,away,15366428,2.9038620696768884
G2 m00_negbin_baseline,2,away,15547533,1.0242953782242232
G2 m00_negbin_baseline,2,away,14035786,0.17265122527367563
G2 m00_negbin_baseline,2,away,14035788,-0.8190441827325188
G2 m00_negbin_baseline,2,away,14035789,-1.3503824278804901
G2 m00_negbin_baseline,2,away,14035790,0.07220470772475764
G2 m00_negbin_baseline,2,away,14035792,0.18931452551124983
G2 m00_negbin_baseline,2,away,14035614,-0.8709138372566824
G2 m00_negbin_baseline,2,away,14035616,-1.2172637253811647
G2 m00_negbin_baseline,2,away,14035613,-0.45998674308164245
G2 m00_negbin_baseline,2,away,14035612,0.48747149813732554
G2 m00_negbin_baseline,2,away,14035615,0.9569385793031006
G2 m00_negbin_baseline,2,away,15490658,0.031508180830311
G2 m00_negbin_baseline,2,away,15490775,-0.06560747395402632
G2 m00_negbin_baseline,2,away,14035620,0.464333588030069
G2 m00_negbin_baseline,2,away,14035618,-0.3530004875977623
G2 m00_negbin_baseline,2,away,14035619,1.520149197667572
G2 m00_negbin_baseline,2,away,14035617,-0.011048903161942255
G2 m00_negbin_baseline,2,away,14035621,0.2530150460243328
G2 m00_negbin_baseline,2,away,15399013,-0.9713142426151589
G2 m00_negbin_baseline,2,away,15416481,-1.385180913845967
G2 m00_negbin_baseline,2,away,15395623,-0.973291106816427
G2 m00_negbin_baseline,2,away,14035796,-1.264784861060053
G2 m00_negbin_baseline,2,away,14035794,-0.07485333411697162
G2 m00_negbin_baseline,2,away,14035791,1.2248807810856894
G2 m00_negbin_baseline,2,away,14035793,-0.9174298446140118
G2 m00_negbin_baseline,2,away,14035795,0.4514233752209584
G2 m00_negbin_baseline,2,away,15458714,-1.4152707852665065
G2 m00_negbin_baseline,2,away,14035801,0.23266580765740758
G2 m00_negbin_baseline,2,away,14035798,-0.7557751964866479
G2 m00_negbin_baseline,2,away,14035799,-0.9358549047192476
G2 m00_negbin_baseline,2,away,14035800,0.1319552083206288
G2 m00_negbin_baseline,2,away,14035797,1.4852331253532054
G2 m00_negbin_baseline,2,away,15530801,-0.198383055949682
G2 m00_negbin_baseline,2,away,14035622,1.2960455604122874
G2 m00_negbin_baseline,2,away,14035624,0.28834419778445913
G2 m00_negbin_baseline,2,away,14035626,0.2708253496573364
G2 m00_negbin_baseline,2,away,14035627,0.12576915337907124
G2 m00_negbin_baseline,2,away,14035623,1.6090541918117809
G2 m00_negbin_baseline,2,away,15457468,-0.2027898103483201
G2 m00_negbin_baseline,2,away,14035625,0.44774421306629925
G2 m00_negbin_baseline,2,away,14035628,0.2316896523282494
G2 m00_negbin_baseline,2,away,14035631,-0.488293599683912
G2 m00_negbin_baseline,2,away,14035629,0.8173464202803253
G2 m00_negbin_baseline,2,away,14035632,-0.3017701977572854
G2 m00_negbin_baseline,2,away,15422405,-0.6654298886086463
G2 m00_negbin_baseline,2,away,15588942,-1.5944129828805083
G2 m00_negbin_baseline,2,away,14035804,-1.0812575217492943
G2 m00_negbin_baseline,2,away,14035803,-0.12420081945004083
G2 m00_negbin_baseline,2,away,14035805,-0.33020134101762694
G2 m00_negbin_baseline,2,away,14035806,0.3671595071458322
G2 m00_negbin_baseline,2,away,14035802,1.5973192494914787
G2 m00_negbin_baseline,2,away,15588903,-1.525440990622817
G2 m00_negbin_baseline,2,away,14035808,-0.6020219461230715
G2 m00_negbin_baseline,2,away,14035811,0.5638302696389991
G2 m00_negbin_baseline,2,away,14035810,-0.034760170067210855
G2 m00_negbin_baseline,2,away,14035809,1.066531850050839
G2 m00_negbin_baseline,2,away,14035807,-0.37007144569235784
G2 m00_negbin_baseline,2,away,14035637,-0.2784806435326226
G2 m00_negbin_baseline,2,away,14035633,0.5441149840594115
G2 m00_negbin_baseline,2,away,14035635,0.7197860346320052
G2 m00_negbin_baseline,2,away,14035630,0.8829394945575714
G2 m00_negbin_baseline,2,away,14035638,-0.5761896011086272
G2 m00_negbin_baseline,2,away,14035636,0.02083701624472091
G2 m00_negbin_baseline,2,away,14035634,0.1428069849247546
G2 m00_negbin_baseline,2,away,14035645,-2.091120825636243
G2 m00_negbin_baseline,2,away,15588896,-0.6257168818079374
G2 m00_negbin_baseline,2,away,15588927,0.322113967080848
G2 m00_negbin_baseline,2,away,14035814,0.5540684183904417
G2 m00_negbin_baseline,2,away,14035816,-0.05003679452381749
G2 m00_negbin_baseline,2,away,14035815,-1.5002625315121738
G2 m00_negbin_baseline,2,away,14035813,-1.1673903458017865
G2 m00_negbin_baseline,2,away,14035812,-0.6301007331869726
G2 m00_negbin_baseline,2,away,14035819,0.8864446452300405
G2 m00_negbin_baseline,2,away,14035818,-0.15429399939770516
G2 m00_negbin_baseline,2,away,14035827,0.09633729672722502
G2 m00_negbin_baseline,2,away,14035820,0.22402498552556543
G2 m00_negbin_baseline,2,away,14035817,-0.21961375336053252
G2 m00_negbin_baseline,2,away,15881894,1.5743954545498449
G2 m00_negbin_baseline,2,away,14035640,-2.0190121996790777
G2 m00_negbin_baseline,2,away,14035642,0.11082004874170485
G2 m00_negbin_baseline,2,away,14035643,-0.304172419731424
G2 m00_negbin_baseline,2,away,14035641,-0.0390058522762731
G2 m00_negbin_baseline,2,away,14035644,-1.3674651899098147
G2 m00_negbin_baseline,2,away,15680573,0.6706810552503991
G2 m00_negbin_baseline,2,away,14035650,0.7254208402589176
G2 m00_negbin_baseline,2,away,14035647,-1.4347131308947059
G2 m00_negbin_baseline,2,away,14035646,-2.077610332321993
G2 m00_negbin_baseline,2,away,14035648,-1.767083718555568
G2 m00_negbin_baseline,2,away,14035651,0.22728431046703584
G2 m00_negbin_baseline,2,away,14035821,-0.12682200249109765
G2 m00_negbin_baseline,2,away,14035823,-0.6215989290371942
G2 m00_negbin_baseline,2,away,14035822,1.056925834275058
G2 m00_negbin_baseline,2,away,14035826,0.8579875784746701
G2 m00_negbin_baseline,2,away,14035824,1.5124100458363423
G2 m00_negbin_baseline,2,away,14032717,0.48838103409223305
G2 m00_negbin_baseline,2,away,14032707,-0.8919229182621624
G2 m00_negbin_baseline,2,away,14032715,-0.7331534864148614
G2 m00_negbin_baseline,2,away,14032721,0.8742652679545041
G2 m00_negbin_baseline,2,away,14032718,0.23716093316507206
G2 m00_negbin_baseline,2,away,14035653,0.7404136747012584
G2 m00_negbin_baseline,2,away,14035652,-0.1448951608027693
G2 m00_negbin_baseline,2,away,14035654,0.8509034014287786
G2 m00_negbin_baseline,2,away,14035655,-0.05772136923387313
G2 m00_negbin_baseline,2,away,14035656,-0.9213467257470268
G2 m00_negbin_baseline,2,away,14032710,-0.37164730837942866
G2 m00_negbin_baseline,2,away,14032708,0.1157018951520071
G2 m00_negbin_baseline,2,away,14032714,-0.35089933040033705
G2 m00_negbin_baseline,2,away,14032719,-0.69405609975121
G2 m00_negbin_baseline,2,away,14032720,-0.40516021957901893
G2 m00_negbin_baseline,2,away,16362400,-0.9961337045834672
G2 m00_negbin_baseline,2,away,16362406,-0.1581031901247094
G2 m00_negbin_baseline,2,away,16362401,-0.47442760761912456
G2 m00_negbin_baseline,2,away,16362404,-0.1805624527234557
G2 m00_negbin_baseline,2,away,16362405,2.1861953087288586
G2 m00_negbin_baseline,2,away,16362409,0.25013390716511935
G2 m00_negbin_baseline,2,away,16362408,-2.381959697832907
G2 m00_negbin_baseline,2,away,16362410,-1.2477093629021316
G2 m00_negbin_baseline,2,away,16362412,-0.1627855291215061
G2 m00_negbin_baseline,2,away,16362413,0.061079770051889505
G2 m00_negbin_baseline,2,away,16362583,1.6303391918264096
G2 m00_negbin_baseline,2,away,16362582,1.9490657289447944
G2 m00_negbin_baseline,2,away,16362792,-0.84993543298498
G2 m00_negbin_baseline,2,away,16362584,-1.9964133857976045
G2 m00_negbin_baseline,2,away,16362581,0.37090005198676734
G2 m00_negbin_baseline,2,away,16362580,0.8411376135664946
G2 m00_negbin_baseline,2,away,16362588,0.6309371304391793
G2 m00_negbin_baseline,2,away,16362579,-0.7258228402538631
G2 m00_negbin_baseline,2,away,16362585,-0.20206519260189862
G2 m00_negbin_baseline,2,away,16362589,-0.18821477184273125
G2 m00_negbin_baseline,2,away,16362415,-1.5731990083353382
G2 m00_negbin_baseline,2,away,16362414,-1.1733764342930715
G2 m00_negbin_baseline,2,away,16362419,-0.5220741116750769
G2 m00_negbin_baseline,2,away,16362417,-0.722631139687785
G2 m00_negbin_baseline,2,away,16362421,-1.4785343256318493
G2 m00_negbin_baseline,2,away,16362426,-2.846262083412448
G2 m00_negbin_baseline,2,away,16362416,1.3889941057985662
G2 m00_negbin_baseline,2,away,16362422,0.7511788553240284
G2 m00_negbin_baseline,2,away,16362423,-1.1155567059106342
G2 m00_negbin_baseline,2,away,16362586,0.2669956859829604
G2 m00_negbin_baseline,2,away,16362587,1.2587874513548931
G2 m00_negbin_baseline,2,away,16362593,0.2994449432026336
G2 m00_negbin_baseline,2,away,16362591,-1.159246247026012
G2 m00_negbin_baseline,2,away,16362590,-0.7754042787895862
G2 m00_negbin_baseline,2,away,16362592,-0.6326301018722935
G2 m00_negbin_baseline,2,away,16362594,0.3163076454390222
G2 m00_negbin_baseline,2,away,16362596,-1.3012828752508505
G2 m00_negbin_baseline,2,away,16362595,1.7034427683320164
G2 m00_negbin_baseline,2,away,16362597,-0.2738434996993019
G2 m05_negbin_production_wealth,2,home,12477128,0.5804722671316589
G2 m05_negbin_production_wealth,2,home,12477134,-0.4774126154099128
G2 m05_negbin_production_wealth,2,home,12477131,-0.3867395694117835
G2 m05_negbin_production_wealth,2,home,12477135,-0.8840499985248729
G2 m05_negbin_production_wealth,2,home,12477132,0.1439314846373413
G2 m05_negbin_production_wealth,2,home,12476800,-0.1199710524184933
G2 m05_negbin_production_wealth,2,home,12476794,0.636519540644649
G2 m05_negbin_production_wealth,2,home,12476797,0.4520613888759468
G2 m05_negbin_production_wealth,2,home,12476799,-2.032781601045154
G2 m05_negbin_production_wealth,2,home,12476798,1.3871461944615717
G2 m05_negbin_production_wealth,2,home,12477129,0.19540840373711113
G2 m05_negbin_production_wealth,2,home,12477126,2.0030745843144606
G2 m05_negbin_production_wealth,2,home,12477130,0.7694818016008657
G2 m05_negbin_production_wealth,2,home,12477123,-0.7965122513037227
G2 m05_negbin_production_wealth,2,home,12477133,-0.679430152752372
G2 m05_negbin_production_wealth,2,home,12476632,-0.07726672518196158
G2 m05_negbin_production_wealth,2,home,12476633,-1.6456278250389174
G2 m05_negbin_production_wealth,2,home,12476630,0.20851092469399274
G2 m05_negbin_production_wealth,2,home,12476635,0.6944472782120586
G2 m05_negbin_production_wealth,2,home,12476636,-0.3831010465218778
G2 m05_negbin_production_wealth,2,home,12476793,-0.1880150400978656
G2 m05_negbin_production_wealth,2,home,12476795,-0.32996262825201594
G2 m05_negbin_production_wealth,2,home,12476796,-0.9288077932523242
G2 m05_negbin_production_wealth,2,home,12476792,0.4636025895880934
G2 m05_negbin_production_wealth,2,home,12476790,-0.15592206631879796
G2 m05_negbin_production_wealth,2,home,12476788,-1.4751099349817578
G2 m05_negbin_production_wealth,2,home,12476786,1.2316024036971398
G2 m05_negbin_production_wealth,2,home,12476787,-1.1679520534082888
G2 m05_negbin_production_wealth,2,home,12476791,0.16689968190449805
G2 m05_negbin_production_wealth,2,home,12476789,-0.453829333436125
G2 m05_negbin_production_wealth,2,home,12476629,0.5665389834164466
G2 m05_negbin_production_wealth,2,home,12476634,-0.9831171716201252
G2 m05_negbin_production_wealth,2,home,12476623,0.026583066306421637
G2 m05_negbin_production_wealth,2,home,12476631,0.5392513134296046
G2 m05_negbin_production_wealth,2,home,12476624,-1.447640412687184
G2 m05_negbin_production_wealth,2,home,12476627,-1.1631154166700752
G2 m05_negbin_production_wealth,2,home,12476625,0.9575670469653456
G2 m05_negbin_production_wealth,2,home,12476621,0.02650718618750453
G2 m05_negbin_production_wealth,2,home,12476622,-0.8623961427558564
G2 m05_negbin_production_wealth,2,home,12476782,-1.0757157342661032
G2 m05_negbin_production_wealth,2,home,12476785,-0.4797094098614382
G2 m05_negbin_production_wealth,2,home,12476784,0.3433724803493449
G2 m05_negbin_production_wealth,2,home,12476781,-0.17625939698832044
G2 m05_negbin_production_wealth,2,home,12476779,2.2759671525566962
G2 m05_negbin_production_wealth,2,home,12476619,2.265176707983956
G2 m05_negbin_production_wealth,2,home,12476620,-0.9651604693513699
G2 m05_negbin_production_wealth,2,home,12476618,-0.1184221662096207
G2 m05_negbin_production_wealth,2,home,12476626,0.8496997012040036
G2 m05_negbin_production_wealth,2,home,12476617,-0.23878123154355071
G2 m05_negbin_production_wealth,2,home,12476780,0.5907000758484978
G2 m05_negbin_production_wealth,2,home,12476778,-0.6141862691629706
G2 m05_negbin_production_wealth,2,home,12476776,1.1209755840044193
G2 m05_negbin_production_wealth,2,home,12476777,0.6451608086833205
G2 m05_negbin_production_wealth,2,home,12476783,-0.5147546541892891
G2 m05_negbin_production_wealth,2,home,12476772,-0.5041671281973392
G2 m05_negbin_production_wealth,2,home,12476774,-0.7419557302465235
G2 m05_negbin_production_wealth,2,home,12476771,-0.8699932776119222
G2 m05_negbin_production_wealth,2,home,12476773,0.7016558563947477
G2 m05_negbin_production_wealth,2,home,12476775,-0.1153891731240629
G2 m05_negbin_production_wealth,2,home,12476611,0.7019707229254505
G2 m05_negbin_production_wealth,2,home,12476616,-0.3612826466490125
G2 m05_negbin_production_wealth,2,home,12476614,0.3060720117818984
G2 m05_negbin_production_wealth,2,home,12476612,-0.23379821382267546
G2 m05_negbin_production_wealth,2,home,12476615,0.6126402746182853
G2 m05_negbin_production_wealth,2,home,12811090,-0.19735395525825333
G2 m05_negbin_production_wealth,2,home,12476607,0.8059286089075604
G2 m05_negbin_production_wealth,2,home,12476613,-1.1902397428512737
G2 m05_negbin_production_wealth,2,home,12476606,-1.0621006238448008
G2 m05_negbin_production_wealth,2,home,12476603,0.4458575529450381
G2 m05_negbin_production_wealth,2,home,12476770,-0.7610694777152883
G2 m05_negbin_production_wealth,2,home,12476767,0.5933372138209413
G2 m05_negbin_production_wealth,2,home,12476766,0.6535585135974438
G2 m05_negbin_production_wealth,2,home,12476769,0.972365305535392
G2 m05_negbin_production_wealth,2,home,12476768,0.32090099806215006
G2 m05_negbin_production_wealth,2,home,12476761,-0.05681620811671701
G2 m05_negbin_production_wealth,2,home,12476765,-1.5559149435600688
G2 m05_negbin_production_wealth,2,home,12476764,-0.19765913190567033
G2 m05_negbin_production_wealth,2,home,12476762,-0.4449028344058455
G2 m05_negbin_production_wealth,2,home,12476759,-0.5469214597659925
G2 m05_negbin_production_wealth,2,home,12476604,0.4161639968139676
G2 m05_negbin_production_wealth,2,home,12476609,-0.7889541235375145
G2 m05_negbin_production_wealth,2,home,12476610,0.8862122179476245
G2 m05_negbin_production_wealth,2,home,12476601,-0.888941830265956
G2 m05_negbin_production_wealth,2,home,12476605,-1.6931962759609758
G2 m05_negbin_production_wealth,2,home,12476600,1.9541666621971576
G2 m05_negbin_production_wealth,2,home,12476598,0.76678854342393
G2 m05_negbin_production_wealth,2,home,12476599,-1.0465421401666126
G2 m05_negbin_production_wealth,2,home,12476597,-0.16433346120231418
G2 m05_negbin_production_wealth,2,home,12476602,-0.050202356219540986
G2 m05_negbin_production_wealth,2,home,12476760,0.4804533042586684
G2 m05_negbin_production_wealth,2,home,12476763,-0.25616517018274526
G2 m05_negbin_production_wealth,2,home,12476758,-0.3538359836144921
G2 m05_negbin_production_wealth,2,home,12476757,-1.0759660205450008
G2 m05_negbin_production_wealth,2,home,12476756,-1.6919340695570784
G2 m05_negbin_production_wealth,2,home,12954858,0.7362505502091039
G2 m05_negbin_production_wealth,2,home,12476594,1.4662466742008136
G2 m05_negbin_production_wealth,2,home,12476592,0.03724296701197118
G2 m05_negbin_production_wealth,2,home,12476595,-2.1750038434912216
G2 m05_negbin_production_wealth,2,home,12476593,-0.9407968774317998
G2 m05_negbin_production_wealth,2,home,12476596,0.4594649161187962
G2 m05_negbin_production_wealth,2,home,12476750,-0.7664307997484818
G2 m05_negbin_production_wealth,2,home,12476753,1.4418511890960684
G2 m05_negbin_production_wealth,2,home,12476755,-2.2007896145597123
G2 m05_negbin_production_wealth,2,home,12476752,-0.5698229132311984
G2 m05_negbin_production_wealth,2,home,12476751,0.35968873089479325
G2 m05_negbin_production_wealth,2,home,12476749,-0.9741055018100295
G2 m05_negbin_production_wealth,2,home,12476748,-0.33980592945984356
G2 m05_negbin_production_wealth,2,home,12476739,0.15264984091276035
G2 m05_negbin_production_wealth,2,home,12476741,-0.10293546937539513
G2 m05_negbin_production_wealth,2,home,12476754,2.124210892985238
G2 m05_negbin_production_wealth,2,home,12476589,0.3605318872604839
G2 m05_negbin_production_wealth,2,home,12476587,0.8134279039954435
G2 m05_negbin_production_wealth,2,home,12476591,0.5038202947254184
G2 m05_negbin_production_wealth,2,home,12476590,-0.545600431433479
G2 m05_negbin_production_wealth,2,home,12476588,-0.11816241066918809
G2 m05_negbin_production_wealth,2,home,12476746,-0.3305141757505684
G2 m05_negbin_production_wealth,2,home,12476747,0.2028356915906301
G2 m05_negbin_production_wealth,2,home,12476742,-0.27842779304604565
G2 m05_negbin_production_wealth,2,home,12476745,-0.3943502230449242
G2 m05_negbin_production_wealth,2,home,12476743,-0.023476176929549977
G2 m05_negbin_production_wealth,2,home,12476737,0.47078166056762666
G2 m05_negbin_production_wealth,2,home,12476735,-0.24324949846949603
G2 m05_negbin_production_wealth,2,home,12476744,0.34573339953798354
G2 m05_negbin_production_wealth,2,home,12476738,-0.0787344854024492
G2 m05_negbin_production_wealth,2,home,12476740,-1.3295676962351317
G2 m05_negbin_production_wealth,2,home,12476586,0.5485260718137267
G2 m05_negbin_production_wealth,2,home,12476582,0.09112674292542558
G2 m05_negbin_production_wealth,2,home,12476579,-1.3454550518320343
G2 m05_negbin_production_wealth,2,home,12476585,0.6593590568879385
G2 m05_negbin_production_wealth,2,home,12476583,-0.03697650415612015
G2 m05_negbin_production_wealth,2,home,12476584,0.2647397105705327
G2 m05_negbin_production_wealth,2,home,12476581,1.172318163709028
G2 m05_negbin_production_wealth,2,home,12476580,0.7813088197960723
G2 m05_negbin_production_wealth,2,home,12476574,0.3051876136478338
G2 m05_negbin_production_wealth,2,home,12476578,1.0085711384042952
G2 m05_negbin_production_wealth,2,home,12476731,0.4257009932364238
G2 m05_negbin_production_wealth,2,home,12476548,-0.5369203722796272
G2 m05_negbin_production_wealth,2,home,13179032,-1.9887403154146965
G2 m05_negbin_production_wealth,2,home,13171689,0.5335975808493132
G2 m05_negbin_production_wealth,2,home,12476727,0.6836996725213248
G2 m05_negbin_production_wealth,2,home,12476729,0.11395893973949896
G2 m05_negbin_production_wealth,2,home,12476724,1.5874371732256403
G2 m05_negbin_production_wealth,2,home,12476730,0.8088812010060173
G2 m05_negbin_production_wealth,2,home,12476728,-0.645573907854526
G2 m05_negbin_production_wealth,2,home,12476720,-1.2966589210640436
G2 m05_negbin_production_wealth,2,home,12476722,-1.4004616974399995
G2 m05_negbin_production_wealth,2,home,12476721,-0.28182094413138603
G2 m05_negbin_production_wealth,2,home,12476725,-0.2338180630531519
G2 m05_negbin_production_wealth,2,home,12476723,0.7763873589315274
G2 m05_negbin_production_wealth,2,home,13171688,0.5202503895770042
G2 m05_negbin_production_wealth,2,home,12476562,-1.4286933931100838
G2 m05_negbin_production_wealth,2,home,12476564,1.1397020345046678
G2 m05_negbin_production_wealth,2,home,12476565,0.6279094188303409
G2 m05_negbin_production_wealth,2,home,13175772,-0.6757477237529405
G2 m05_negbin_production_wealth,2,home,12476563,-1.1162525318770395
G2 m05_negbin_production_wealth,2,home,12476556,-0.38795911076094586
G2 m05_negbin_production_wealth,2,home,12476558,1.1933988472856305
G2 m05_negbin_production_wealth,2,home,12476561,0.4135584207498697
G2 m05_negbin_production_wealth,2,home,12476560,2.5119252093080835
G2 m05_negbin_production_wealth,2,home,13179034,0.9855850071413771
G2 m05_negbin_production_wealth,2,home,12476726,-1.5668753042368457
G2 m05_negbin_production_wealth,2,home,12476718,-0.6970208376239235
G2 m05_negbin_production_wealth,2,home,12476716,0.821883798622862
G2 m05_negbin_production_wealth,2,home,12476719,0.6502379829954033
G2 m05_negbin_production_wealth,2,home,12476717,-0.1903240311441192
G2 m05_negbin_production_wealth,2,home,12476713,-0.4461793246569368
G2 m05_negbin_production_wealth,2,home,12476715,0.0682718510801169
G2 m05_negbin_production_wealth,2,home,12476714,1.1807235228152442
G2 m05_negbin_production_wealth,2,home,12476710,0.08952606746940639
G2 m05_negbin_production_wealth,2,home,12476712,0.3888995701001126
G2 m05_negbin_production_wealth,2,home,13175771,-0.2153433767162984
G2 m05_negbin_production_wealth,2,home,13159980,1.925287532574185
G2 m05_negbin_production_wealth,2,home,12476551,-0.19947509957191867
G2 m05_negbin_production_wealth,2,home,12476555,0.7453874629653081
G2 m05_negbin_production_wealth,2,home,12476557,2.1018671702357334
G2 m05_negbin_production_wealth,2,home,12476554,0.7181211678987146
G2 m05_negbin_production_wealth,2,home,12476550,0.0836889794283133
G2 m05_negbin_production_wealth,2,home,12476549,0.4905070859976944
G2 m05_negbin_production_wealth,2,home,12476547,-0.12233973269087364
G2 m05_negbin_production_wealth,2,home,12476552,-0.020654912601643326
G2 m05_negbin_production_wealth,2,home,12476553,0.4671268222190079
G2 m05_negbin_production_wealth,2,home,12476711,-0.589322578511305
G2 m05_negbin_production_wealth,2,home,12476708,0.7682329612811334
G2 m05_negbin_production_wealth,2,home,12476707,-0.5642384042993344
G2 m05_negbin_production_wealth,2,home,12476709,-0.7014516733961735
G2 m05_negbin_production_wealth,2,home,12476706,-0.03133664469081089
G2 m05_negbin_production_wealth,2,home,12476705,0.13421822986622942
G2 m05_negbin_production_wealth,2,home,12476701,-1.3779122410642604
G2 m05_negbin_production_wealth,2,home,12476539,0.7239339825908457
G2 m05_negbin_production_wealth,2,home,12476545,0.3428902906348314
G2 m05_negbin_production_wealth,2,home,12476546,-0.4554426576020474
G2 m05_negbin_production_wealth,2,home,13217663,0.4771372205226469
G2 m05_negbin_production_wealth,2,home,12476541,0.8873418030936647
G2 m05_negbin_production_wealth,2,home,12476544,-1.5385479135913458
G2 m05_negbin_production_wealth,2,home,12476533,-0.5324009810542281
G2 m05_negbin_production_wealth,2,home,13324922,-0.8762788977136349
G2 m05_negbin_production_wealth,2,home,13197505,1.4781726214597957
G2 m05_negbin_production_wealth,2,home,12476697,0.04744611490494259
G2 m05_negbin_production_wealth,2,home,12476698,-0.8662142920268481
G2 m05_negbin_production_wealth,2,home,12476700,0.7107488688031703
G2 m05_negbin_production_wealth,2,home,12476696,1.3217943114819652
G2 m05_negbin_production_wealth,2,home,13315347,0.07534874660721717
G2 m05_negbin_production_wealth,2,home,12476531,-1.1836451565698753
G2 m05_negbin_production_wealth,2,home,12476529,1.337589417207332
G2 m05_negbin_production_wealth,2,home,12476538,-1.3663967210020667
G2 m05_negbin_production_wealth,2,home,13233442,0.9211013040190659
G2 m05_negbin_production_wealth,2,home,12476519,-0.4963878953378744
G2 m05_negbin_production_wealth,2,home,12476525,-0.991943039204527
G2 m05_negbin_production_wealth,2,home,12476523,1.4475671573748925
G2 m05_negbin_production_wealth,2,home,12476522,1.4734995712733174
G2 m05_negbin_production_wealth,2,home,12476524,-1.3568177929850136
G2 m05_negbin_production_wealth,2,home,12476693,-0.2796011433812356
G2 m05_negbin_production_wealth,2,home,12476695,0.5224211161391059
G2 m05_negbin_production_wealth,2,home,12476691,-0.8521962504619995
G2 m05_negbin_production_wealth,2,home,12476692,-0.28296654178106956
G2 m05_negbin_production_wealth,2,home,12476699,-0.4008198357308731
G2 m05_negbin_production_wealth,2,home,12476689,1.1034349611392091
G2 m05_negbin_production_wealth,2,home,12476685,0.38950507438575693
G2 m05_negbin_production_wealth,2,home,12476686,0.7538620472177663
G2 m05_negbin_production_wealth,2,home,12476690,0.23325723358984154
G2 m05_negbin_production_wealth,2,home,13343736,1.4488371335013
G2 m05_negbin_production_wealth,2,home,12476521,1.3958307963699386
G2 m05_negbin_production_wealth,2,home,12476514,0.6098911269399574
G2 m05_negbin_production_wealth,2,home,12476518,0.3628786177015554
G2 m05_negbin_production_wealth,2,home,12476520,0.2599483612368167
G2 m05_negbin_production_wealth,2,home,12476515,-0.506849746165713
G2 m05_negbin_production_wealth,2,home,13348881,-0.28555796910377185
G2 m05_negbin_production_wealth,2,home,13255608,1.4162053875009621
G2 m05_negbin_production_wealth,2,home,12476516,-1.9041042489510518
G2 m05_negbin_production_wealth,2,home,12476512,-0.8373457595792863
G2 m05_negbin_production_wealth,2,home,12476511,0.9940201315970104
G2 m05_negbin_production_wealth,2,home,12476517,0.6547707422428418
G2 m05_negbin_production_wealth,2,home,12476513,1.2097463632281982
G2 m05_negbin_production_wealth,2,home,13391276,-0.09484411324679486
G2 m05_negbin_production_wealth,2,home,12476688,1.185535350457074
G2 m05_negbin_production_wealth,2,home,12476684,-0.8025731219273843
G2 m05_negbin_production_wealth,2,home,12476681,0.4845865349072724
G2 m05_negbin_production_wealth,2,home,12476682,0.4037618409267823
G2 m05_negbin_production_wealth,2,home,12476679,-1.3625182534283315
G2 m05_negbin_production_wealth,2,home,12476678,0.35530138911281584
G2 m05_negbin_production_wealth,2,home,12476675,0.16891076034067357
G2 m05_negbin_production_wealth,2,home,12476680,1.3796700866315894
G2 m05_negbin_production_wealth,2,home,12476677,-1.3577603028667236
G2 m05_negbin_production_wealth,2,home,12476508,1.2090139496898873
G2 m05_negbin_production_wealth,2,home,12476510,2.280966548925684
G2 m05_negbin_production_wealth,2,home,12476506,-0.6772122436090467
G2 m05_negbin_production_wealth,2,home,12476509,0.30339077549661053
G2 m05_negbin_production_wealth,2,home,12476507,0.2470469642385838
G2 m05_negbin_production_wealth,2,home,12476502,-1.4821499780343228
G2 m05_negbin_production_wealth,2,home,12476500,-0.20772361273567463
G2 m05_negbin_production_wealth,2,home,12476501,1.42690068264569
G2 m05_negbin_production_wealth,2,home,12476505,-0.7643151515346729
G2 m05_negbin_production_wealth,2,home,12476504,-1.8500939392603368
G2 m05_negbin_production_wealth,2,home,13415294,0.8211422288540416
G2 m05_negbin_production_wealth,2,home,12476674,0.25042826682964636
G2 m05_negbin_production_wealth,2,home,12476671,0.9159094998289253
G2 m05_negbin_production_wealth,2,home,12476670,-0.1182007253861588
G2 m05_negbin_production_wealth,2,home,12476672,-0.4697861838964976
G2 m05_negbin_production_wealth,2,home,12476669,-1.3353773243738305
G2 m05_negbin_production_wealth,2,home,13343733,-0.1809293792420897
G2 m05_negbin_production_wealth,2,home,12476667,1.144185122168862
G2 m05_negbin_production_wealth,2,home,12476662,-0.9974453937615405
G2 m05_negbin_production_wealth,2,home,12476673,-0.6442314136369748
G2 m05_negbin_production_wealth,2,home,12476676,0.5883709314429112
G2 m05_negbin_production_wealth,2,home,12476668,-0.7906374675907749
G2 m05_negbin_production_wealth,2,home,12476526,-0.05251963681841817
G2 m05_negbin_production_wealth,2,home,12476497,0.612889197465985
G2 m05_negbin_production_wealth,2,home,12476499,-0.8683184898685885
G2 m05_negbin_production_wealth,2,home,12476496,-0.5126643660461597
G2 m05_negbin_production_wealth,2,home,12476498,-0.9638230712985683
G2 m05_negbin_production_wealth,2,home,12476495,1.1056212956421905
G2 m05_negbin_production_wealth,2,home,13436762,-0.3826577157722283
G2 m05_negbin_production_wealth,2,home,12476490,-0.002981031529643364
G2 m05_negbin_production_wealth,2,home,12476492,-2.608212845655005
G2 m05_negbin_production_wealth,2,home,12476489,-1.3958864594582985
G2 m05_negbin_production_wealth,2,home,12476493,-0.8177069907243449
G2 m05_negbin_production_wealth,2,home,12476491,-2.601426091359594
G2 m05_negbin_production_wealth,2,home,13399583,-2.2003805202854014
G2 m05_negbin_production_wealth,2,home,13480337,2.079463488840903
G2 m05_negbin_production_wealth,2,home,12476665,-0.7436424102552835
G2 m05_negbin_production_wealth,2,home,12476661,0.5889018825174811
G2 m05_negbin_production_wealth,2,home,12476666,-1.315052649913392
G2 m05_negbin_production_wealth,2,home,12476663,-1.4012321128588812
G2 m05_negbin_production_wealth,2,home,12476660,1.0878994877397403
G2 m05_negbin_production_wealth,2,home,12640468,-0.021662893453572946
G2 m05_negbin_production_wealth,2,home,12476657,-0.03723629979959845
G2 m05_negbin_production_wealth,2,home,12476659,-0.722403185126079
G2 m05_negbin_production_wealth,2,home,12476664,-1.5203555852214574
G2 m05_negbin_production_wealth,2,home,12476658,0.9319573516448203
G2 m05_negbin_production_wealth,2,home,13343735,-1.2866195948485315
G2 m05_negbin_production_wealth,2,home,12476485,0.48291841498458776
G2 m05_negbin_production_wealth,2,home,12476487,-0.6896256980015657
G2 m05_negbin_production_wealth,2,home,12476486,0.4804869239181334
G2 m05_negbin_production_wealth,2,home,12476488,-1.5582866715483115
G2 m05_negbin_production_wealth,2,home,12476494,-0.11272339682599396
G2 m05_negbin_production_wealth,2,home,12476483,2.208679393654407
G2 m05_negbin_production_wealth,2,home,12476484,0.8785559661800305
G2 m05_negbin_production_wealth,2,home,12476482,0.1540914004265279
G2 m05_negbin_production_wealth,2,home,12476478,-0.11500821239339039
G2 m05_negbin_production_wealth,2,home,12476481,-0.6473832673112321
G2 m05_negbin_production_wealth,2,home,12476656,0.5914940258221542
G2 m05_negbin_production_wealth,2,home,12476654,-0.6595606296169373
G2 m05_negbin_production_wealth,2,home,12476652,1.9373811239356038
G2 m05_negbin_production_wealth,2,home,12476651,0.31436457676688595
G2 m05_negbin_production_wealth,2,home,12476655,0.5192729425364171
G2 m05_negbin_production_wealth,2,home,12476648,-1.4537508036219484
G2 m05_negbin_production_wealth,2,home,12476649,-0.6901554287225506
G2 m05_negbin_production_wealth,2,home,12476653,-0.7810554367857886
G2 m05_negbin_production_wealth,2,home,12476650,-0.6887483599439923
G2 m05_negbin_production_wealth,2,home,12476646,-0.3414719328651305
G2 m05_negbin_production_wealth,2,home,12476477,0.5154887267013288
G2 m05_negbin_production_wealth,2,home,12476474,1.78102416126819
G2 m05_negbin_production_wealth,2,home,12476479,-0.7266193063078156
G2 m05_negbin_production_wealth,2,home,12476480,-1.2028354977895674
G2 m05_negbin_production_wealth,2,home,12476476,0.052352068634219026
G2 m05_negbin_production_wealth,2,home,12476469,2.108959355530669
G2 m05_negbin_production_wealth,2,home,12476475,0.4303145731647854
G2 m05_negbin_production_wealth,2,home,12476471,-2.255117568689466
G2 m05_negbin_production_wealth,2,home,12476470,0.6140527114998617
G2 m05_negbin_production_wealth,2,home,12476473,-0.32801699366550346
G2 m05_negbin_production_wealth,2,home,12476645,-0.34025768581861504
G2 m05_negbin_production_wealth,2,home,12476642,-1.1024820495889351
G2 m05_negbin_production_wealth,2,home,12476647,-0.4324842930233699
G2 m05_negbin_production_wealth,2,home,12476643,1.8724289661682771
G2 m05_negbin_production_wealth,2,home,12476644,0.6592721191825915
G2 m05_negbin_production_wealth,2,home,12476640,-0.3438000936214052
G2 m05_negbin_production_wealth,2,home,12476641,2.1818986698213187
G2 m05_negbin_production_wealth,2,home,12476637,-0.5936628999274502
G2 m05_negbin_production_wealth,2,home,12476639,0.13207792456471285
G2 m05_negbin_production_wealth,2,home,12476638,0.7702867290111747
G2 m05_negbin_production_wealth,2,home,12476465,-0.7421690447850414
G2 m05_negbin_production_wealth,2,home,12476472,-0.19094392509723715
G2 m05_negbin_production_wealth,2,home,12476468,0.8586774717945035
G2 m05_negbin_production_wealth,2,home,12476464,1.4284769037578873
G2 m05_negbin_production_wealth,2,home,12476467,-0.47351584207958314
G2 m05_negbin_production_wealth,2,home,12476463,2.0844637787137166
G2 m05_negbin_production_wealth,2,home,12476466,0.1728372287175856
G2 m05_negbin_production_wealth,2,home,12476461,0.5483731433086132
G2 m05_negbin_production_wealth,2,home,12476460,-1.886344115867547
G2 m05_negbin_production_wealth,2,home,12476462,0.6473254417678699
G2 m05_negbin_production_wealth,2,home,12473328,1.4757767284500254
G2 m05_negbin_production_wealth,2,home,12473336,0.5172098789961502
G2 m05_negbin_production_wealth,2,home,12473335,0.6220297206230747
G2 m05_negbin_production_wealth,2,home,12473322,0.5054024229167899
G2 m05_negbin_production_wealth,2,home,12473327,1.1514091220516849
G2 m05_negbin_production_wealth,2,home,12473331,0.892595508714867
G2 m05_negbin_production_wealth,2,home,12473333,-0.9742134599581643
G2 m05_negbin_production_wealth,2,home,12473334,-0.2390600938786414
G2 m05_negbin_production_wealth,2,home,12473337,0.5673320959202294
G2 m05_negbin_production_wealth,2,home,12473330,0.5362469527814685
G2 m05_negbin_production_wealth,2,home,12476454,1.157268040145804
G2 m05_negbin_production_wealth,2,home,12476455,0.009252073736474662
G2 m05_negbin_production_wealth,2,home,12476458,0.31208988662487286
G2 m05_negbin_production_wealth,2,home,12476459,-0.17234687482025282
G2 m05_negbin_production_wealth,2,home,12476457,-0.7434299133849085
G2 m05_negbin_production_wealth,2,home,12476452,0.16620575872829088
G2 m05_negbin_production_wealth,2,home,12476567,-1.3373101892891466
G2 m05_negbin_production_wealth,2,home,12476453,2.7909679332763786
G2 m05_negbin_production_wealth,2,home,12476575,-1.2911512473512083
G2 m05_negbin_production_wealth,2,home,12476570,1.131745066483478
G2 m05_negbin_production_wealth,2,home,14035482,-1.5344299459022896
G2 m05_negbin_production_wealth,2,home,14035495,-0.9202584424815738
G2 m05_negbin_production_wealth,2,home,14035487,1.7104883998278426
G2 m05_negbin_production_wealth,2,home,14035486,0.26266490986957514
G2 m05_negbin_production_wealth,2,home,14343735,0.0576472025818305
G2 m05_negbin_production_wealth,2,home,14035506,-0.3412951370197402
G2 m05_negbin_production_wealth,2,home,14035498,0.5748211788605736
G2 m05_negbin_production_wealth,2,home,14035502,-0.15123519815150044
G2 m05_negbin_production_wealth,2,home,14035497,-0.8611091405360678
G2 m05_negbin_production_wealth,2,home,14035501,-0.30594897684746974
G2 m05_negbin_production_wealth,2,home,14035665,0.008455256580450892
G2 m05_negbin_production_wealth,2,home,14035666,-0.0523977253712056
G2 m05_negbin_production_wealth,2,home,14035662,1.1211525203507005
G2 m05_negbin_production_wealth,2,home,14035664,0.7921579643732379
G2 m05_negbin_production_wealth,2,home,14035663,-0.49545080804604
G2 m05_negbin_production_wealth,2,home,14035669,-1.3337845157679915
G2 m05_negbin_production_wealth,2,home,14035667,-1.6127172677910893
G2 m05_negbin_production_wealth,2,home,14035671,0.06746300665142393
G2 m05_negbin_production_wealth,2,home,14035670,-0.5124589970208724
G2 m05_negbin_production_wealth,2,home,14035668,-1.1855187318381801
G2 m05_negbin_production_wealth,2,home,14035484,-0.47912007058686984
G2 m05_negbin_production_wealth,2,home,14035485,0.9818435018752555
G2 m05_negbin_production_wealth,2,home,14035488,-0.07265852244055412
G2 m05_negbin_production_wealth,2,home,14035489,1.8135117447604938
G2 m05_negbin_production_wealth,2,home,14035494,0.3764099406379343
G2 m05_negbin_production_wealth,2,home,14035493,0.9939353003886215
G2 m05_negbin_production_wealth,2,home,14035496,-1.0279258782054776
G2 m05_negbin_production_wealth,2,home,14035492,-0.009971472571994294
G2 m05_negbin_production_wealth,2,home,14035491,-1.3438090658029673
G2 m05_negbin_production_wealth,2,home,14035675,0.304627928826871
G2 m05_negbin_production_wealth,2,home,14035672,-0.25272290506410505
G2 m05_negbin_production_wealth,2,home,14035674,1.7923581165971953
G2 m05_negbin_production_wealth,2,home,14035676,-0.5160707265187349
G2 m05_negbin_production_wealth,2,home,14035673,0.9605755441552026
G2 m05_negbin_production_wealth,2,home,14035678,0.8381249963174459
G2 m05_negbin_production_wealth,2,home,14035683,0.08031303434043849
G2 m05_negbin_production_wealth,2,home,14035681,0.5127449405332584
G2 m05_negbin_production_wealth,2,home,14035679,-0.44430174674460593
G2 m05_negbin_production_wealth,2,home,14035677,1.156656386840794
G2 m05_negbin_production_wealth,2,home,14035503,0.4117705831376567
G2 m05_negbin_production_wealth,2,home,14035505,0.87092630123226
G2 m05_negbin_production_wealth,2,home,14035500,-0.30439641153719427
G2 m05_negbin_production_wealth,2,home,14035504,0.2096951913700952
G2 m05_negbin_production_wealth,2,home,14035499,-1.3159473203919128
G2 m05_negbin_production_wealth,2,home,14035680,-0.24421299354619436
G2 m05_negbin_production_wealth,2,home,14035682,-1.6206565814255371
G2 m05_negbin_production_wealth,2,home,14035686,-0.552754681490295
G2 m05_negbin_production_wealth,2,home,14035684,2.461347899074936
G2 m05_negbin_production_wealth,2,home,14035685,-0.2772192790424457
G2 m05_negbin_production_wealth,2,home,14035511,0.6503231298863216
G2 m05_negbin_production_wealth,2,home,14035510,-0.6628452747572179
G2 m05_negbin_production_wealth,2,home,14035509,0.4780338747891173
G2 m05_negbin_production_wealth,2,home,14035508,-1.1951101282749894
G2 m05_negbin_production_wealth,2,home,14035507,-0.7663478881584039
G2 m05_negbin_production_wealth,2,home,14035514,-1.5661932456883345
G2 m05_negbin_production_wealth,2,home,14035515,-0.8097991305975676
G2 m05_negbin_production_wealth,2,home,14035512,0.3010271508331876
G2 m05_negbin_production_wealth,2,home,14035513,-0.24908680236462838
G2 m05_negbin_production_wealth,2,home,14035516,1.3848695472148904
G2 m05_negbin_production_wealth,2,home,14035687,0.7486203618570266
G2 m05_negbin_production_wealth,2,home,14035695,0.5367207572213233
G2 m05_negbin_production_wealth,2,home,14035689,-0.7487165541352699
G2 m05_negbin_production_wealth,2,home,14035692,1.3312738775669852
G2 m05_negbin_production_wealth,2,home,14035688,-0.5981096930420484
G2 m05_negbin_production_wealth,2,home,14035694,-0.866418673260147
G2 m05_negbin_production_wealth,2,home,14035690,0.0957438113047239
G2 m05_negbin_production_wealth,2,home,14035693,-0.7224484251258271
G2 m05_negbin_production_wealth,2,home,14035691,0.11716362445083268
G2 m05_negbin_production_wealth,2,home,14035697,-0.08239565757576313
G2 m05_negbin_production_wealth,2,home,14035517,-1.2444025558579725
G2 m05_negbin_production_wealth,2,home,14035518,0.5691399477305399
G2 m05_negbin_production_wealth,2,home,14035519,1.7388707287943017
G2 m05_negbin_production_wealth,2,home,14035521,0.41657505783838145
G2 m05_negbin_production_wealth,2,home,14035520,0.7843547936802371
G2 m05_negbin_production_wealth,2,home,14035524,0.5916751233161498
G2 m05_negbin_production_wealth,2,home,14035522,1.1525240897757305
G2 m05_negbin_production_wealth,2,home,14035526,-0.34696947530493827
G2 m05_negbin_production_wealth,2,home,14035525,1.0814787538961055
G2 m05_negbin_production_wealth,2,home,14035523,0.06813805437481839
G2 m05_negbin_production_wealth,2,home,14035700,0.4552090446282826
G2 m05_negbin_production_wealth,2,home,14035703,1.2908788039071022
G2 m05_negbin_production_wealth,2,home,14035698,-0.33406917245223505
G2 m05_negbin_production_wealth,2,home,14035696,-0.23431687381093472
G2 m05_negbin_production_wealth,2,home,14035699,0.7881282522544669
G2 m05_negbin_production_wealth,2,home,14035706,-1.3416057843094424
G2 m05_negbin_production_wealth,2,home,14035704,0.16722395356897943
G2 m05_negbin_production_wealth,2,home,14035702,0.23218623303929523
G2 m05_negbin_production_wealth,2,home,14035701,0.42007338990575105
G2 m05_negbin_production_wealth,2,home,14035705,-1.4854253951581726
G2 m05_negbin_production_wealth,2,home,14501655,-1.4778413750799342
G2 m05_negbin_production_wealth,2,home,14035529,0.30071861511427794
G2 m05_negbin_production_wealth,2,home,14035528,-1.149173329853811
G2 m05_negbin_production_wealth,2,home,14035531,1.034224944126882
G2 m05_negbin_production_wealth,2,home,14035527,0.04274917365028507
G2 m05_negbin_production_wealth,2,home,14035530,-0.6975148396708907
G2 m05_negbin_production_wealth,2,home,14035709,0.9180703853239351
G2 m05_negbin_production_wealth,2,home,14035708,0.23263476008270112
G2 m05_negbin_production_wealth,2,home,14035710,-0.17441502742817633
G2 m05_negbin_production_wealth,2,home,14035707,-0.0158167855100789
G2 m05_negbin_production_wealth,2,home,14035711,-1.0583362587365504
G2 m05_negbin_production_wealth,2,home,14035532,-0.22038507358817702
G2 m05_negbin_production_wealth,2,home,14035534,-1.0801929606734302
G2 m05_negbin_production_wealth,2,home,14035533,-0.9635735136516304
G2 m05_negbin_production_wealth,2,home,14035535,-1.0801360958680586
G2 m05_negbin_production_wealth,2,home,14297746,-1.3066211102126544
G2 m05_negbin_production_wealth,2,home,14035538,-0.1456443291655638
G2 m05_negbin_production_wealth,2,home,14035539,0.17978602903925373
G2 m05_negbin_production_wealth,2,home,14035536,1.1400958749910612
G2 m05_negbin_production_wealth,2,home,14035540,-0.6192084817517348
G2 m05_negbin_production_wealth,2,home,14035542,-0.5938574393048806
G2 m05_negbin_production_wealth,2,home,14035713,-1.3615698897710327
G2 m05_negbin_production_wealth,2,home,14035714,1.0982242057929024
G2 m05_negbin_production_wealth,2,home,14035716,0.4807520618569931
G2 m05_negbin_production_wealth,2,home,14035715,1.3634735124520967
G2 m05_negbin_production_wealth,2,home,14035712,0.6025075190824888
G2 m05_negbin_production_wealth,2,home,14035546,-0.3559341636430759
G2 m05_negbin_production_wealth,2,home,14035541,1.0033229315878651
G2 m05_negbin_production_wealth,2,home,14035544,0.6550293960749206
G2 m05_negbin_production_wealth,2,home,14035545,1.1275124454742727
G2 m05_negbin_production_wealth,2,home,14035543,-0.7315357387101591
G2 m05_negbin_production_wealth,2,home,14035548,-0.14849523739091158
G2 m05_negbin_production_wealth,2,home,14035555,0.7898212181989995
G2 m05_negbin_production_wealth,2,home,14035549,-0.2639498457366258
G2 m05_negbin_production_wealth,2,home,14035554,0.16706407324856565
G2 m05_negbin_production_wealth,2,home,14035717,0.1535515413907897
G2 m05_negbin_production_wealth,2,home,14035718,0.5594238504433385
G2 m05_negbin_production_wealth,2,home,14035719,0.08962046431291594
G2 m05_negbin_production_wealth,2,home,14035735,-1.6520308465529843
G2 m05_negbin_production_wealth,2,home,14035720,0.13619613887491294
G2 m05_negbin_production_wealth,2,home,14035722,0.5838907744027183
G2 m05_negbin_production_wealth,2,home,14035721,-0.5095724671070084
G2 m05_negbin_production_wealth,2,home,14035725,-0.10005059295567623
G2 m05_negbin_production_wealth,2,home,14035724,-0.22371786983291062
G2 m05_negbin_production_wealth,2,home,14035723,-0.7409286294002739
G2 m05_negbin_production_wealth,2,home,14035551,0.7154869913549143
G2 m05_negbin_production_wealth,2,home,14035559,0.7116652474141697
G2 m05_negbin_production_wealth,2,home,14035550,-0.8906404468584751
G2 m05_negbin_production_wealth,2,home,14035556,0.0013545957279525011
G2 m05_negbin_production_wealth,2,home,14035552,2.1318942592726167
G2 m05_negbin_production_wealth,2,home,15017622,-0.5640814569452046
G2 m05_negbin_production_wealth,2,home,14035727,-0.2683756737205039
G2 m05_negbin_production_wealth,2,home,14035729,-0.7363080609238342
G2 m05_negbin_production_wealth,2,home,14035726,-0.6665393514335627
G2 m05_negbin_production_wealth,2,home,14035730,-1.008911095095443
G2 m05_negbin_production_wealth,2,home,14035728,-0.12483981136081383
G2 m05_negbin_production_wealth,2,home,14035553,-0.11807434705221947
G2 m05_negbin_production_wealth,2,home,14035562,-1.3506005921065585
G2 m05_negbin_production_wealth,2,home,14035558,-2.063051694947556
G2 m05_negbin_production_wealth,2,home,14035560,1.5637462501375912
G2 m05_negbin_production_wealth,2,home,14035563,-0.6886018837049146
G2 m05_negbin_production_wealth,2,home,14035564,1.6978782154396868
G2 m05_negbin_production_wealth,2,home,14035561,-0.8848056264594039
G2 m05_negbin_production_wealth,2,home,14035565,1.4077330800061187
G2 m05_negbin_production_wealth,2,home,14035566,1.0980896039833288
G2 m05_negbin_production_wealth,2,home,14035731,-0.5273129418880479
G2 m05_negbin_production_wealth,2,home,14035732,1.653941285582164
G2 m05_negbin_production_wealth,2,home,14035736,0.9663962532906505
G2 m05_negbin_production_wealth,2,home,14035733,-0.2864232858420528
G2 m05_negbin_production_wealth,2,home,14035734,-1.2280025663932752
G2 m05_negbin_production_wealth,2,home,14035739,0.37829614232788195
G2 m05_negbin_production_wealth,2,home,14035740,-0.44092096621450194
G2 m05_negbin_production_wealth,2,home,14035737,1.2014145782583587
G2 m05_negbin_production_wealth,2,home,14035738,-0.023203640719924725
G2 m05_negbin_production_wealth,2,home,14035741,-0.2962272110375936
G2 m05_negbin_production_wealth,2,home,14035568,-0.012554608531258282
G2 m05_negbin_production_wealth,2,home,14035569,0.8866365405412457
G2 m05_negbin_production_wealth,2,home,14035572,0.3255772881772664
G2 m05_negbin_production_wealth,2,home,14035570,-0.3993121068245226
G2 m05_negbin_production_wealth,2,home,14035567,-1.4371403746675437
G2 m05_negbin_production_wealth,2,home,14035574,1.7146151525844118
G2 m05_negbin_production_wealth,2,home,14035575,0.9222975144818297
G2 m05_negbin_production_wealth,2,home,14035571,-1.3019842982418222
G2 m05_negbin_production_wealth,2,home,14035576,-1.3301639919356645
G2 m05_negbin_production_wealth,2,home,14035573,-1.4283416584041653
G2 m05_negbin_production_wealth,2,home,14035742,-0.41804848557674706
G2 m05_negbin_production_wealth,2,home,14035745,-0.45106363363071555
G2 m05_negbin_production_wealth,2,home,14035747,0.16330381972713157
G2 m05_negbin_production_wealth,2,home,14035744,0.7924036027940838
G2 m05_negbin_production_wealth,2,home,14035743,-0.020936061304344063
G2 m05_negbin_production_wealth,2,home,14035750,-0.02698408181394069
G2 m05_negbin_production_wealth,2,home,14035751,1.744392437083719
G2 m05_negbin_production_wealth,2,home,14035749,-0.2551899552664218
G2 m05_negbin_production_wealth,2,home,14035748,-0.11791075413222617
G2 m05_negbin_production_wealth,2,home,14035746,0.8385709437006401
G2 m05_negbin_production_wealth,2,home,14035582,0.6028455004300508
G2 m05_negbin_production_wealth,2,home,14035580,0.1636946460386947
G2 m05_negbin_production_wealth,2,home,14035586,-1.3512689296100944
G2 m05_negbin_production_wealth,2,home,14035585,2.4714002200173466
G2 m05_negbin_production_wealth,2,home,14035583,0.9528017908624253
G2 m05_negbin_production_wealth,2,home,14035755,0.2046116187556675
G2 m05_negbin_production_wealth,2,home,14035756,-0.10554834883644587
G2 m05_negbin_production_wealth,2,home,14035752,-0.0025330130537964024
G2 m05_negbin_production_wealth,2,home,14035760,-0.45446760271822545
G2 m05_negbin_production_wealth,2,home,14035761,0.8181663578290564
G2 m05_negbin_production_wealth,2,home,15363335,0.7276023278001391
G2 m05_negbin_production_wealth,2,home,15305942,-0.8372622155299072
G2 m05_negbin_production_wealth,2,home,15374710,1.6242025599874705
G2 m05_negbin_production_wealth,2,home,14035591,0.33588785594434334
G2 m05_negbin_production_wealth,2,home,14035588,1.4366417249716896
G2 m05_negbin_production_wealth,2,home,14035587,-0.4144123894928681
G2 m05_negbin_production_wealth,2,home,14035590,-1.1094883761867773
G2 m05_negbin_production_wealth,2,home,14035767,-0.4163574720410964
G2 m05_negbin_production_wealth,2,home,14035771,0.16728668323493648
G2 m05_negbin_production_wealth,2,home,14035768,0.4012622292944445
G2 m05_negbin_production_wealth,2,home,14035766,0.8163425395138193
G2 m05_negbin_production_wealth,2,home,14035769,-1.1535891591290766
G2 m05_negbin_production_wealth,2,home,14035770,-1.280140990054223
G2 m05_negbin_production_wealth,2,home,14035592,0.5373094732236511
G2 m05_negbin_production_wealth,2,home,14035594,0.928142980522124
G2 m05_negbin_production_wealth,2,home,14035595,-0.7420168752650582
G2 m05_negbin_production_wealth,2,home,14035593,0.643577705759274
G2 m05_negbin_production_wealth,2,home,14035597,0.18311590359221272
G2 m05_negbin_production_wealth,2,home,14035598,1.3659760307404505
G2 m05_negbin_production_wealth,2,home,14035596,-0.16329197602897358
G2 m05_negbin_production_wealth,2,home,15399014,-1.178594906297773
G2 m05_negbin_production_wealth,2,home,14035774,-0.17581137134661018
G2 m05_negbin_production_wealth,2,home,14035773,1.3647379989793065
G2 m05_negbin_production_wealth,2,home,14035772,-0.08990932572865218
G2 m05_negbin_production_wealth,2,home,14035775,0.8493009300021926
G2 m05_negbin_production_wealth,2,home,14035776,-0.1849174882865855
G2 m05_negbin_production_wealth,2,home,14035782,-1.5405106743250492
G2 m05_negbin_production_wealth,2,home,14035777,0.258906516622365
G2 m05_negbin_production_wealth,2,home,14035781,-1.3436184274684058
G2 m05_negbin_production_wealth,2,home,15456958,-0.5785184140347002
G2 m05_negbin_production_wealth,2,home,14035602,0.29612929930076204
G2 m05_negbin_production_wealth,2,home,14035606,0.026412631871341196
G2 m05_negbin_production_wealth,2,home,14035603,-1.7639936369561118
G2 m05_negbin_production_wealth,2,home,14035604,0.4181448473853725
G2 m05_negbin_production_wealth,2,home,14035605,-0.5086977427040039
G2 m05_negbin_production_wealth,2,home,15332289,0.8015077217289539
G2 m05_negbin_production_wealth,2,home,15368752,-0.6183778757966136
G2 m05_negbin_production_wealth,2,home,14035607,-0.3174654168701928
G2 m05_negbin_production_wealth,2,home,14035608,-0.48922756863517997
G2 m05_negbin_production_wealth,2,home,14035610,1.3086490479241732
G2 m05_negbin_production_wealth,2,home,14035609,1.4198269452319587
G2 m05_negbin_production_wealth,2,home,14035611,0.8844424331855182
G2 m05_negbin_production_wealth,2,home,15336943,-0.773464645662164
G2 m05_negbin_production_wealth,2,home,15416466,-0.23836866694538728
G2 m05_negbin_production_wealth,2,home,14035787,-1.1091522462256658
G2 m05_negbin_production_wealth,2,home,14035778,0.46589595518188504
G2 m05_negbin_production_wealth,2,home,15366428,-0.25775472611913164
G2 m05_negbin_production_wealth,2,home,15547533,-0.9391580686778223
G2 m05_negbin_production_wealth,2,home,14035786,1.2685423176213197
G2 m05_negbin_production_wealth,2,home,14035788,2.117499761321777
G2 m05_negbin_production_wealth,2,home,14035789,0.08812827578765671
G2 m05_negbin_production_wealth,2,home,14035790,0.28902448932176794
G2 m05_negbin_production_wealth,2,home,14035792,0.45074018280035494
G2 m05_negbin_production_wealth,2,home,14035614,-0.9750372892956098
G2 m05_negbin_production_wealth,2,home,14035616,-0.5895905465166229
G2 m05_negbin_production_wealth,2,home,14035613,-0.37437868992450785
G2 m05_negbin_production_wealth,2,home,14035612,-3.0943496504367203
G2 m05_negbin_production_wealth,2,home,14035615,-0.9658291753627183
G2 m05_negbin_production_wealth,2,home,15490658,-0.32559661168493265
G2 m05_negbin_production_wealth,2,home,15490775,-1.176098549269662
G2 m05_negbin_production_wealth,2,home,14035620,0.9595211113210617
G2 m05_negbin_production_wealth,2,home,14035618,0.22212458360762602
G2 m05_negbin_production_wealth,2,home,14035619,-1.7590095757336193
G2 m05_negbin_production_wealth,2,home,14035617,0.4473309359761078
G2 m05_negbin_production_wealth,2,home,14035621,0.058169861080207476
G2 m05_negbin_production_wealth,2,home,15399013,-1.1752700003578243
G2 m05_negbin_production_wealth,2,home,15416481,1.2061035288257531
G2 m05_negbin_production_wealth,2,home,15395623,0.27519786335287744
G2 m05_negbin_production_wealth,2,home,14035796,1.4600170771903183
G2 m05_negbin_production_wealth,2,home,14035794,-0.5831345802634987
G2 m05_negbin_production_wealth,2,home,14035791,-0.6915463265407844
G2 m05_negbin_production_wealth,2,home,14035793,-0.7009785388195818
G2 m05_negbin_production_wealth,2,home,14035795,0.052749013034329835
G2 m05_negbin_production_wealth,2,home,15458714,0.25370726823903117
G2 m05_negbin_production_wealth,2,home,14035801,0.25934947135177716
G2 m05_negbin_production_wealth,2,home,14035798,1.0821147789630923
G2 m05_negbin_production_wealth,2,home,14035799,1.0318379679496947
G2 m05_negbin_production_wealth,2,home,14035800,1.7568404822686419
G2 m05_negbin_production_wealth,2,home,14035797,0.8120824056278979
G2 m05_negbin_production_wealth,2,home,15530801,1.1336966390765502
G2 m05_negbin_production_wealth,2,home,14035622,0.0890531215707534
G2 m05_negbin_production_wealth,2,home,14035624,-0.30333202450016195
G2 m05_negbin_production_wealth,2,home,14035626,-0.7751896041260733
G2 m05_negbin_production_wealth,2,home,14035627,0.041295416645818483
G2 m05_negbin_production_wealth,2,home,14035623,2.2691782359843367
G2 m05_negbin_production_wealth,2,home,15457468,1.013694899280084
G2 m05_negbin_production_wealth,2,home,14035625,0.7747070306088772
G2 m05_negbin_production_wealth,2,home,14035628,-0.2586431760250314
G2 m05_negbin_production_wealth,2,home,14035631,0.5442824361079118
G2 m05_negbin_production_wealth,2,home,14035629,0.5032490151129994
G2 m05_negbin_production_wealth,2,home,14035632,-0.6227332157617443
G2 m05_negbin_production_wealth,2,home,15422405,0.3632427672053746
G2 m05_negbin_production_wealth,2,home,15588942,0.6374034309030046
G2 m05_negbin_production_wealth,2,home,14035804,1.2175081325185602
G2 m05_negbin_production_wealth,2,home,14035803,-0.012196487048096364
G2 m05_negbin_production_wealth,2,home,14035805,0.8857153942001595
G2 m05_negbin_production_wealth,2,home,14035806,0.8934347114177831
G2 m05_negbin_production_wealth,2,home,14035802,-0.6959109010684318
G2 m05_negbin_production_wealth,2,home,15588903,-0.11473200759338942
G2 m05_negbin_production_wealth,2,home,14035808,0.6673537523442479
G2 m05_negbin_production_wealth,2,home,14035811,1.2741820528688568
G2 m05_negbin_production_wealth,2,home,14035810,0.21157401737146983
G2 m05_negbin_production_wealth,2,home,14035809,-1.5744986130622676
G2 m05_negbin_production_wealth,2,home,14035807,0.18692782812971573
G2 m05_negbin_production_wealth,2,home,14035637,-0.05230653129039543
G2 m05_negbin_production_wealth,2,home,14035633,-0.03047654232607311
G2 m05_negbin_production_wealth,2,home,14035635,0.6309282542005804
G2 m05_negbin_production_wealth,2,home,14035630,-0.018020232569573927
G2 m05_negbin_production_wealth,2,home,14035638,1.2342831068893212
G2 m05_negbin_production_wealth,2,home,14035636,-1.1286682171459832
G2 m05_negbin_production_wealth,2,home,14035634,-0.5225717213396646
G2 m05_negbin_production_wealth,2,home,14035645,0.08634937251545484
G2 m05_negbin_production_wealth,2,home,15588896,0.7191815824205197
G2 m05_negbin_production_wealth,2,home,15588927,1.6350919595878908
G2 m05_negbin_production_wealth,2,home,14035814,0.4455617456513044
G2 m05_negbin_production_wealth,2,home,14035816,-0.3961787590731128
G2 m05_negbin_production_wealth,2,home,14035815,0.9144912617109133
G2 m05_negbin_production_wealth,2,home,14035813,-0.3579046550214419
G2 m05_negbin_production_wealth,2,home,14035812,-0.6617677789532278
G2 m05_negbin_production_wealth,2,home,14035819,-1.938812976800922
G2 m05_negbin_production_wealth,2,home,14035818,0.16908234571241956
G2 m05_negbin_production_wealth,2,home,14035827,0.2723870755017505
G2 m05_negbin_production_wealth,2,home,14035820,-0.365574366454651
G2 m05_negbin_production_wealth,2,home,14035817,0.7202324560124266
G2 m05_negbin_production_wealth,2,home,15881894,0.9139175006501653
G2 m05_negbin_production_wealth,2,home,14035640,0.11919423371115824
G2 m05_negbin_production_wealth,2,home,14035642,0.36919145086096905
G2 m05_negbin_production_wealth,2,home,14035643,1.0084665874874303
G2 m05_negbin_production_wealth,2,home,14035641,0.06435633265270345
G2 m05_negbin_production_wealth,2,home,14035644,0.2737775329700702
G2 m05_negbin_production_wealth,2,home,15680573,-0.8216421625633791
G2 m05_negbin_production_wealth,2,home,14035650,-0.9187476073190792
G2 m05_negbin_production_wealth,2,home,14035647,0.848135419432186
G2 m05_negbin_production_wealth,2,home,14035646,0.33033373535012717
G2 m05_negbin_production_wealth,2,home,14035648,0.06147697624040191
G2 m05_negbin_production_wealth,2,home,14035651,-0.6042612030974673
G2 m05_negbin_production_wealth,2,home,14035821,0.4189962117776485
G2 m05_negbin_production_wealth,2,home,14035823,-0.016223926479694357
G2 m05_negbin_production_wealth,2,home,14035822,-0.4867020444483521
G2 m05_negbin_production_wealth,2,home,14035826,-0.9445066555571763
G2 m05_negbin_production_wealth,2,home,14035824,-1.429886303321123
G2 m05_negbin_production_wealth,2,home,14032717,0.2886719976462246
G2 m05_negbin_production_wealth,2,home,14032707,1.158257319123236
G2 m05_negbin_production_wealth,2,home,14032715,0.23931584343307058
G2 m05_negbin_production_wealth,2,home,14032721,-0.9552044975968864
G2 m05_negbin_production_wealth,2,home,14032718,-0.8501410331662292
G2 m05_negbin_production_wealth,2,home,14035653,-1.283227256750092
G2 m05_negbin_production_wealth,2,home,14035652,0.29649032051643665
G2 m05_negbin_production_wealth,2,home,14035654,0.17506025510287085
G2 m05_negbin_production_wealth,2,home,14035655,1.065729096736674
G2 m05_negbin_production_wealth,2,home,14035656,-0.25377523510302746
G2 m05_negbin_production_wealth,2,home,14032710,0.7496667909856868
G2 m05_negbin_production_wealth,2,home,14032708,-0.6359441577592091
G2 m05_negbin_production_wealth,2,home,14032714,-0.21004039140072978
G2 m05_negbin_production_wealth,2,home,14032719,1.7455883432342947
G2 m05_negbin_production_wealth,2,home,14032720,-0.3623110512194994
G2 m05_negbin_production_wealth,2,away,12477128,0.18539781629871113
G2 m05_negbin_production_wealth,2,away,12477134,-0.4157694995324233
G2 m05_negbin_production_wealth,2,away,12477131,1.0632958401705128
G2 m05_negbin_production_wealth,2,away,12477135,-0.7264925590576794
G2 m05_negbin_production_wealth,2,away,12477132,0.21274249151812563
G2 m05_negbin_production_wealth,2,away,12476800,-1.5864308799899551
G2 m05_negbin_production_wealth,2,away,12476794,0.2757588467787252
G2 m05_negbin_production_wealth,2,away,12476797,-0.6837519155502257
G2 m05_negbin_production_wealth,2,away,12476799,-0.7177820002686874
G2 m05_negbin_production_wealth,2,away,12476798,1.0778722998804833
G2 m05_negbin_production_wealth,2,away,12477129,0.573968188128473
G2 m05_negbin_production_wealth,2,away,12477126,0.5057307557039763
G2 m05_negbin_production_wealth,2,away,12477130,0.8815366761873459
G2 m05_negbin_production_wealth,2,away,12477123,-0.8176834746994102
G2 m05_negbin_production_wealth,2,away,12477133,-0.2899250721392846
G2 m05_negbin_production_wealth,2,away,12476632,-0.9252739526001877
G2 m05_negbin_production_wealth,2,away,12476633,-0.24100224866045641
G2 m05_negbin_production_wealth,2,away,12476630,-1.3393362592039553
G2 m05_negbin_production_wealth,2,away,12476635,-0.03246155885001227
G2 m05_negbin_production_wealth,2,away,12476636,-0.8544052986537385
G2 m05_negbin_production_wealth,2,away,12476793,-0.3927120761574852
G2 m05_negbin_production_wealth,2,away,12476795,0.01749515849543313
G2 m05_negbin_production_wealth,2,away,12476796,1.4725028740826624
G2 m05_negbin_production_wealth,2,away,12476792,-1.4241946488100234
G2 m05_negbin_production_wealth,2,away,12476790,-0.7710064677516834
G2 m05_negbin_production_wealth,2,away,12476788,-1.36612516731102
G2 m05_negbin_production_wealth,2,away,12476786,0.6490214705583471
G2 m05_negbin_production_wealth,2,away,12476787,-0.6436448648197443
G2 m05_negbin_production_wealth,2,away,12476791,0.8501871566679069
G2 m05_negbin_production_wealth,2,away,12476789,-1.0067627294999804
G2 m05_negbin_production_wealth,2,away,12476629,0.26282680305099976
G2 m05_negbin_production_wealth,2,away,12476634,1.1040162576979495
G2 m05_negbin_production_wealth,2,away,12476623,-0.8488174764195556
G2 m05_negbin_production_wealth,2,away,12476631,0.21348702227907101
G2 m05_negbin_production_wealth,2,away,12476624,-0.6006102836131215
G2 m05_negbin_production_wealth,2,away,12476627,1.5593331277061577
G2 m05_negbin_production_wealth,2,away,12476625,0.09489173435738169
G2 m05_negbin_production_wealth,2,away,12476621,-0.19965700416816762
G2 m05_negbin_production_wealth,2,away,12476622,2.056145944517172
G2 m05_negbin_production_wealth,2,away,12476782,-0.9708490753979483
G2 m05_negbin_production_wealth,2,away,12476785,-0.5382544287450968
G2 m05_negbin_production_wealth,2,away,12476784,0.5684157432227075
G2 m05_negbin_production_wealth,2,away,12476781,-0.7099312510050851
G2 m05_negbin_production_wealth,2,away,12476779,-0.3363742853144709
G2 m05_negbin_production_wealth,2,away,12476619,0.030599844462558146
G2 m05_negbin_production_wealth,2,away,12476620,1.7731309910137827
G2 m05_negbin_production_wealth,2,away,12476618,-0.9504552368197907
G2 m05_negbin_production_wealth,2,away,12476626,-1.0523374444983655
G2 m05_negbin_production_wealth,2,away,12476617,-0.05393027753998262
G2 m05_negbin_production_wealth,2,away,12476780,0.8359215918097493
G2 m05_negbin_production_wealth,2,away,12476778,1.2691111680125042
G2 m05_negbin_production_wealth,2,away,12476776,-1.4403537842273302
G2 m05_negbin_production_wealth,2,away,12476777,0.3224144883943121
G2 m05_negbin_production_wealth,2,away,12476783,-0.042322245801595756
G2 m05_negbin_production_wealth,2,away,12476772,0.41820053562149084
G2 m05_negbin_production_wealth,2,away,12476774,-1.4314052315925005
G2 m05_negbin_production_wealth,2,away,12476771,-0.44558584673231033
G2 m05_negbin_production_wealth,2,away,12476773,-1.180935361185462
G2 m05_negbin_production_wealth,2,away,12476775,-2.301086062571377
G2 m05_negbin_production_wealth,2,away,12476611,-0.0663924267778294
G2 m05_negbin_production_wealth,2,away,12476616,-0.19537536069353456
G2 m05_negbin_production_wealth,2,away,12476614,-0.00874747349606696
G2 m05_negbin_production_wealth,2,away,12476612,-0.3956380226547842
G2 m05_negbin_production_wealth,2,away,12476615,0.31656253000571655
G2 m05_negbin_production_wealth,2,away,12811090,0.23207967572052393
G2 m05_negbin_production_wealth,2,away,12476607,-1.057919504861542
G2 m05_negbin_production_wealth,2,away,12476613,-1.17850212538588
G2 m05_negbin_production_wealth,2,away,12476606,0.4502283668102186
G2 m05_negbin_production_wealth,2,away,12476603,0.36217057461226787
G2 m05_negbin_production_wealth,2,away,12476770,-2.202069781458768
G2 m05_negbin_production_wealth,2,away,12476767,-1.8347994598189241
G2 m05_negbin_production_wealth,2,away,12476766,0.3251645264419327
G2 m05_negbin_production_wealth,2,away,12476769,-0.775358107872623
G2 m05_negbin_production_wealth,2,away,12476768,1.948445561094227
G2 m05_negbin_production_wealth,2,away,12476761,-1.9279270316247006
G2 m05_negbin_production_wealth,2,away,12476765,0.9723057636409552
G2 m05_negbin_production_wealth,2,away,12476764,2.361537240499884
G2 m05_negbin_production_wealth,2,away,12476762,-2.204800596855682
G2 m05_negbin_production_wealth,2,away,12476759,1.7221145955603492
G2 m05_negbin_production_wealth,2,away,12476604,0.853086003134099
G2 m05_negbin_production_wealth,2,away,12476609,0.586786033079422
G2 m05_negbin_production_wealth,2,away,12476610,1.4456012077340108
G2 m05_negbin_production_wealth,2,away,12476601,-0.46311228971064194
G2 m05_negbin_production_wealth,2,away,12476605,-0.003163774550709059
G2 m05_negbin_production_wealth,2,away,12476600,-2.3012244167609444
G2 m05_negbin_production_wealth,2,away,12476598,-0.3159665316274535
G2 m05_negbin_production_wealth,2,away,12476599,-0.24433347601635835
G2 m05_negbin_production_wealth,2,away,12476597,0.733273647611276
G2 m05_negbin_production_wealth,2,away,12476602,0.20523415158258534
G2 m05_negbin_production_wealth,2,away,12476760,-2.167485663373067
G2 m05_negbin_production_wealth,2,away,12476763,1.5672070799703313
G2 m05_negbin_production_wealth,2,away,12476758,-0.4323148509972245
G2 m05_negbin_production_wealth,2,away,12476757,0.40101716860827613
G2 m05_negbin_production_wealth,2,away,12476756,0.26809723699145616
G2 m05_negbin_production_wealth,2,away,12954858,-1.7349036964175706
G2 m05_negbin_production_wealth,2,away,12476594,-0.1338051082620283
G2 m05_negbin_production_wealth,2,away,12476592,1.8497900529817641
G2 m05_negbin_production_wealth,2,away,12476595,-0.6477953522049944
G2 m05_negbin_production_wealth,2,away,12476593,-2.219442139299202
G2 m05_negbin_production_wealth,2,away,12476596,-0.9618471827382334
G2 m05_negbin_production_wealth,2,away,12476750,0.9293042167845866
G2 m05_negbin_production_wealth,2,away,12476753,-0.43223104860736855
G2 m05_negbin_production_wealth,2,away,12476755,0.13056697713032048
G2 m05_negbin_production_wealth,2,away,12476752,-1.4083825344341931
G2 m05_negbin_production_wealth,2,away,12476751,0.11963366730037792
G2 m05_negbin_production_wealth,2,away,12476749,1.4764680076931793
G2 m05_negbin_production_wealth,2,away,12476748,-1.0248145003548028
G2 m05_negbin_production_wealth,2,away,12476739,-0.30445493534124185
G2 m05_negbin_production_wealth,2,away,12476741,-1.9185292258105304
G2 m05_negbin_production_wealth,2,away,12476754,-1.1312165237071947
G2 m05_negbin_production_wealth,2,away,12476589,-0.7787617665639723
G2 m05_negbin_production_wealth,2,away,12476587,-0.40730633527267635
G2 m05_negbin_production_wealth,2,away,12476591,0.6125153202019874
G2 m05_negbin_production_wealth,2,away,12476590,0.07843213161371046
G2 m05_negbin_production_wealth,2,away,12476588,-1.4560188009197081
G2 m05_negbin_production_wealth,2,away,12476746,-0.057208433073033034
G2 m05_negbin_production_wealth,2,away,12476747,-1.0793435161992055
G2 m05_negbin_production_wealth,2,away,12476742,0.8927075463669035
G2 m05_negbin_production_wealth,2,away,12476745,-0.07611662623754296
G2 m05_negbin_production_wealth,2,away,12476743,-0.18697982707329588
G2 m05_negbin_production_wealth,2,away,12476737,-0.07153519109761525
G2 m05_negbin_production_wealth,2,away,12476735,-0.5485293056623012
G2 m05_negbin_production_wealth,2,away,12476744,0.32510468877713355
G2 m05_negbin_production_wealth,2,away,12476738,-1.4733423125289133
G2 m05_negbin_production_wealth,2,away,12476740,0.4106878300302407
G2 m05_negbin_production_wealth,2,away,12476586,1.493937368323749
G2 m05_negbin_production_wealth,2,away,12476582,0.7998926861331791
G2 m05_negbin_production_wealth,2,away,12476579,1.2253482707548606
G2 m05_negbin_production_wealth,2,away,12476585,-0.6593054378122983
G2 m05_negbin_production_wealth,2,away,12476583,-1.0683417797854633
G2 m05_negbin_production_wealth,2,away,12476584,1.4933613577442892
G2 m05_negbin_production_wealth,2,away,12476581,-0.3266312748903692
G2 m05_negbin_production_wealth,2,away,12476580,0.3768124829286487
G2 m05_negbin_production_wealth,2,away,12476574,0.9378168588582998
G2 m05_negbin_production_wealth,2,away,12476578,-2.445619257374906
G2 m05_negbin_production_wealth,2,away,12476731,0.38309730459420294
G2 m05_negbin_production_wealth,2,away,12476548,-0.43080738296057375
G2 m05_negbin_production_wealth,2,away,13179032,1.1693377311252213
G2 m05_negbin_production_wealth,2,away,13171689,0.5745000215877213
G2 m05_negbin_production_wealth,2,away,12476727,1.2042102300841384
G2 m05_negbin_production_wealth,2,away,12476729,-0.050553791396096955
G2 m05_negbin_production_wealth,2,away,12476724,-0.648815329947562
G2 m05_negbin_production_wealth,2,away,12476730,-0.14736186282189356
G2 m05_negbin_production_wealth,2,away,12476728,0.38873130139312934
G2 m05_negbin_production_wealth,2,away,12476720,0.49135646795387805
G2 m05_negbin_production_wealth,2,away,12476722,-0.7992132023751105
G2 m05_negbin_production_wealth,2,away,12476721,0.7309202028334378
G2 m05_negbin_production_wealth,2,away,12476725,2.7686982637399193
G2 m05_negbin_production_wealth,2,away,12476723,0.3450732663396587
G2 m05_negbin_production_wealth,2,away,13171688,0.3305358988438686
G2 m05_negbin_production_wealth,2,away,12476562,1.1543400041559582
G2 m05_negbin_production_wealth,2,away,12476564,0.6205426266590103
G2 m05_negbin_production_wealth,2,away,12476565,0.18735136763019697
G2 m05_negbin_production_wealth,2,away,13175772,1.5253426791186735
G2 m05_negbin_production_wealth,2,away,12476563,-0.5127271889344646
G2 m05_negbin_production_wealth,2,away,12476556,-0.5873821641750471
G2 m05_negbin_production_wealth,2,away,12476558,0.6227873717277237
G2 m05_negbin_production_wealth,2,away,12476561,1.8838660246338337
G2 m05_negbin_production_wealth,2,away,12476560,0.1295706748473215
G2 m05_negbin_production_wealth,2,away,13179034,0.7631136292522617
G2 m05_negbin_production_wealth,2,away,12476726,0.1560438884533032
G2 m05_negbin_production_wealth,2,away,12476718,2.0770006184152026
G2 m05_negbin_production_wealth,2,away,12476716,-0.9216518994973409
G2 m05_negbin_production_wealth,2,away,12476719,-1.6449890907747524
G2 m05_negbin_production_wealth,2,away,12476717,0.518056235434068
G2 m05_negbin_production_wealth,2,away,12476713,1.9724290043370583
G2 m05_negbin_production_wealth,2,away,12476715,1.1743734494821487
G2 m05_negbin_production_wealth,2,away,12476714,-1.0617748138556928
G2 m05_negbin_production_wealth,2,away,12476710,0.17879693063019977
G2 m05_negbin_production_wealth,2,away,12476712,-1.5424803765846717
G2 m05_negbin_production_wealth,2,away,13175771,-0.08715469247940395
G2 m05_negbin_production_wealth,2,away,13159980,0.4784000402351532
G2 m05_negbin_production_wealth,2,away,12476551,-0.5915081019144469
G2 m05_negbin_production_wealth,2,away,12476555,-1.435622642944154
G2 m05_negbin_production_wealth,2,away,12476557,-0.4823201578726681
G2 m05_negbin_production_wealth,2,away,12476554,-2.252846616390727
G2 m05_negbin_production_wealth,2,away,12476550,-0.05658007671057337
G2 m05_negbin_production_wealth,2,away,12476549,-0.614001273160342
G2 m05_negbin_production_wealth,2,away,12476547,-1.0805402677477758
G2 m05_negbin_production_wealth,2,away,12476552,0.2708684081840975
G2 m05_negbin_production_wealth,2,away,12476553,1.010715951455645
G2 m05_negbin_production_wealth,2,away,12476711,1.3017086001933196
G2 m05_negbin_production_wealth,2,away,12476708,-1.3502693356917266
G2 m05_negbin_production_wealth,2,away,12476707,-1.2856017896489378
G2 m05_negbin_production_wealth,2,away,12476709,-1.249391921233633
G2 m05_negbin_production_wealth,2,away,12476706,-0.38150165840910455
G2 m05_negbin_production_wealth,2,away,12476705,0.051250078658252644
G2 m05_negbin_production_wealth,2,away,12476701,-1.6016786212589438
G2 m05_negbin_production_wealth,2,away,12476539,-2.4388678625924047
G2 m05_negbin_production_wealth,2,away,12476545,-1.4910775309577715
G2 m05_negbin_production_wealth,2,away,12476546,-0.7264905649285367
G2 m05_negbin_production_wealth,2,away,13217663,1.9933535926368213
G2 m05_negbin_production_wealth,2,away,12476541,-0.589820979592554
G2 m05_negbin_production_wealth,2,away,12476544,-0.477857722984441
G2 m05_negbin_production_wealth,2,away,12476533,-0.019150388814337213
G2 m05_negbin_production_wealth,2,away,13324922,1.2669379248143382
G2 m05_negbin_production_wealth,2,away,13197505,0.6417787530000203
G2 m05_negbin_production_wealth,2,away,12476697,0.972190112675327
G2 m05_negbin_production_wealth,2,away,12476698,1.8206390062408846
G2 m05_negbin_production_wealth,2,away,12476700,0.9208076438116091
G2 m05_negbin_production_wealth,2,away,12476696,-0.00031439789370267464
G2 m05_negbin_production_wealth,2,away,13315347,-1.1576632579954245
G2 m05_negbin_production_wealth,2,away,12476531,0.6222058898371952
G2 m05_negbin_production_wealth,2,away,12476529,0.9027357699307944
G2 m05_negbin_production_wealth,2,away,12476538,0.7377347222034966
G2 m05_negbin_production_wealth,2,away,13233442,0.43692746316490927
G2 m05_negbin_production_wealth,2,away,12476519,-2.291620590245399
G2 m05_negbin_production_wealth,2,away,12476525,-1.4055111249881793
G2 m05_negbin_production_wealth,2,away,12476523,0.2433917006462771
G2 m05_negbin_production_wealth,2,away,12476522,-1.1071413362282558
G2 m05_negbin_production_wealth,2,away,12476524,-0.4572122869735501
G2 m05_negbin_production_wealth,2,away,12476693,-0.595913280420498
G2 m05_negbin_production_wealth,2,away,12476695,-0.30093789994786035
G2 m05_negbin_production_wealth,2,away,12476691,1.2790990159641753
G2 m05_negbin_production_wealth,2,away,12476692,1.5340242524924215
G2 m05_negbin_production_wealth,2,away,12476699,-0.4265928363012158
G2 m05_negbin_production_wealth,2,away,12476689,-2.1899733154315872
G2 m05_negbin_production_wealth,2,away,12476685,0.5413228494226212
G2 m05_negbin_production_wealth,2,away,12476686,-0.09269160622465032
G2 m05_negbin_production_wealth,2,away,12476690,-0.18382918001834214
G2 m05_negbin_production_wealth,2,away,13343736,0.1230665100823932
G2 m05_negbin_production_wealth,2,away,12476521,1.2771139180436248
G2 m05_negbin_production_wealth,2,away,12476514,1.212994938788974
G2 m05_negbin_production_wealth,2,away,12476518,-0.6705066074830011
G2 m05_negbin_production_wealth,2,away,12476520,-0.25838719709546754
G2 m05_negbin_production_wealth,2,away,12476515,-0.8533047274049738
G2 m05_negbin_production_wealth,2,away,13348881,1.1860973172173654
G2 m05_negbin_production_wealth,2,away,13255608,-0.5370579953422895
G2 m05_negbin_production_wealth,2,away,12476516,-0.25419405002629153
G2 m05_negbin_production_wealth,2,away,12476512,0.10252133066613626
G2 m05_negbin_production_wealth,2,away,12476511,-0.5590200338667786
G2 m05_negbin_production_wealth,2,away,12476517,-2.2854015760660666
G2 m05_negbin_production_wealth,2,away,12476513,2.0883179219777945
G2 m05_negbin_production_wealth,2,away,13391276,-0.38041904589878206
G2 m05_negbin_production_wealth,2,away,12476688,0.24730789616607576
G2 m05_negbin_production_wealth,2,away,12476684,1.343604265738063
G2 m05_negbin_production_wealth,2,away,12476681,1.6442097546328078
G2 m05_negbin_production_wealth,2,away,12476682,-0.6727598612736886
G2 m05_negbin_production_wealth,2,away,12476679,-0.20948405931878053
G2 m05_negbin_production_wealth,2,away,12476678,0.09033634220677816
G2 m05_negbin_production_wealth,2,away,12476675,-1.7395684742392135
G2 m05_negbin_production_wealth,2,away,12476680,1.7965236545553773
G2 m05_negbin_production_wealth,2,away,12476677,1.1458612080462969
G2 m05_negbin_production_wealth,2,away,12476508,0.271892368535585
G2 m05_negbin_production_wealth,2,away,12476510,-0.5945852681565105
G2 m05_negbin_production_wealth,2,away,12476506,0.2909935249623376
G2 m05_negbin_production_wealth,2,away,12476509,0.37871407297867427
G2 m05_negbin_production_wealth,2,away,12476507,-2.1670111439043556
G2 m05_negbin_production_wealth,2,away,12476502,-1.2864234754866013
G2 m05_negbin_production_wealth,2,away,12476500,0.5563879233471244
G2 m05_negbin_production_wealth,2,away,12476501,-1.5981338002268137
G2 m05_negbin_production_wealth,2,away,12476505,0.9690128553088676
G2 m05_negbin_production_wealth,2,away,12476504,0.5477389191361499
G2 m05_negbin_production_wealth,2,away,13415294,0.2961215777968233
G2 m05_negbin_production_wealth,2,away,12476674,0.06959506780235318
G2 m05_negbin_production_wealth,2,away,12476671,-0.6234349273653799
G2 m05_negbin_production_wealth,2,away,12476670,0.33114232526538345
G2 m05_negbin_production_wealth,2,away,12476672,1.3663479013796964
G2 m05_negbin_production_wealth,2,away,12476669,-0.0069331789130092645
G2 m05_negbin_production_wealth,2,away,13343733,0.5413360303365875
G2 m05_negbin_production_wealth,2,away,12476667,-0.3626811099597096
G2 m05_negbin_production_wealth,2,away,12476662,0.31465497670345466
G2 m05_negbin_production_wealth,2,away,12476673,0.6180729867792414
G2 m05_negbin_production_wealth,2,away,12476676,1.5228403902543617
G2 m05_negbin_production_wealth,2,away,12476668,-0.9830192948612886
G2 m05_negbin_production_wealth,2,away,12476526,0.45480452619593803
G2 m05_negbin_production_wealth,2,away,12476497,-1.6300471416168616
G2 m05_negbin_production_wealth,2,away,12476499,0.3665680324767996
G2 m05_negbin_production_wealth,2,away,12476496,-0.9733687700914747
G2 m05_negbin_production_wealth,2,away,12476498,-0.4104199179050897
G2 m05_negbin_production_wealth,2,away,12476495,-0.22696131152070226
G2 m05_negbin_production_wealth,2,away,13436762,0.5829571166174178
G2 m05_negbin_production_wealth,2,away,12476490,0.5713823006627828
G2 m05_negbin_production_wealth,2,away,12476492,-0.4691515429212788
G2 m05_negbin_production_wealth,2,away,12476489,-2.408681665631909
G2 m05_negbin_production_wealth,2,away,12476493,-1.3865425634486699
G2 m05_negbin_production_wealth,2,away,12476491,-0.07718468523914515
G2 m05_negbin_production_wealth,2,away,13399583,2.0200604841741847
G2 m05_negbin_production_wealth,2,away,13480337,-0.4236225153134151
G2 m05_negbin_production_wealth,2,away,12476665,0.3542349933725321
G2 m05_negbin_production_wealth,2,away,12476661,0.6622109396650375
G2 m05_negbin_production_wealth,2,away,12476666,0.29427543829646735
G2 m05_negbin_production_wealth,2,away,12476663,-1.3001543537514573
G2 m05_negbin_production_wealth,2,away,12476660,0.563683717029925
G2 m05_negbin_production_wealth,2,away,12640468,-0.46215082388179435
G2 m05_negbin_production_wealth,2,away,12476657,0.10528389878416622
G2 m05_negbin_production_wealth,2,away,12476659,-1.3030987638894205
G2 m05_negbin_production_wealth,2,away,12476664,-0.8388732005984116
G2 m05_negbin_production_wealth,2,away,12476658,-0.28580258416268933
G2 m05_negbin_production_wealth,2,away,13343735,0.8341592062101795
G2 m05_negbin_production_wealth,2,away,12476485,-0.7704836104726724
G2 m05_negbin_production_wealth,2,away,12476487,0.4517923352249704
G2 m05_negbin_production_wealth,2,away,12476486,-1.6559554328219896
G2 m05_negbin_production_wealth,2,away,12476488,1.7912372873683182
G2 m05_negbin_production_wealth,2,away,12476494,0.2826049432903641
G2 m05_negbin_production_wealth,2,away,12476483,0.2940825012852337
G2 m05_negbin_production_wealth,2,away,12476484,-0.2600008551250036
G2 m05_negbin_production_wealth,2,away,12476482,0.6579675883082651
G2 m05_negbin_production_wealth,2,away,12476478,0.5198512161941615
G2 m05_negbin_production_wealth,2,away,12476481,0.32018529609334756
G2 m05_negbin_production_wealth,2,away,12476656,1.3382637014349308
G2 m05_negbin_production_wealth,2,away,12476654,-0.9561534584167546
G2 m05_negbin_production_wealth,2,away,12476652,0.019817201902770896
G2 m05_negbin_production_wealth,2,away,12476651,1.6377301340678083
G2 m05_negbin_production_wealth,2,away,12476655,-0.19800920111107834
G2 m05_negbin_production_wealth,2,away,12476648,1.3135475973316377
G2 m05_negbin_production_wealth,2,away,12476649,0.1914621715131704
G2 m05_negbin_production_wealth,2,away,12476653,0.9304844957959109
G2 m05_negbin_production_wealth,2,away,12476650,2.9211462623926883
G2 m05_negbin_production_wealth,2,away,12476646,1.789728681339679
G2 m05_negbin_production_wealth,2,away,12476477,0.05373785393486707
G2 m05_negbin_production_wealth,2,away,12476474,0.9246478216893378
G2 m05_negbin_production_wealth,2,away,12476479,-0.008180325956020999
G2 m05_negbin_production_wealth,2,away,12476480,-0.9952561509752271
G2 m05_negbin_production_wealth,2,away,12476476,0.6734718854441715
G2 m05_negbin_production_wealth,2,away,12476469,-1.292146984683687
G2 m05_negbin_production_wealth,2,away,12476475,-0.4531014812527962
G2 m05_negbin_production_wealth,2,away,12476471,0.5754448437603136
G2 m05_negbin_production_wealth,2,away,12476470,0.023536792556844776
G2 m05_negbin_production_wealth,2,away,12476473,-0.7040391924953572
G2 m05_negbin_production_wealth,2,away,12476645,1.0195921596187836
G2 m05_negbin_production_wealth,2,away,12476642,1.0502856657399877
G2 m05_negbin_production_wealth,2,away,12476647,-0.6017941554936674
G2 m05_negbin_production_wealth,2,away,12476643,-0.5984330200532123
G2 m05_negbin_production_wealth,2,away,12476644,-0.12527911686155468
G2 m05_negbin_production_wealth,2,away,12476640,0.13229397247278343
G2 m05_negbin_production_wealth,2,away,12476641,-0.34220532152420835
G2 m05_negbin_production_wealth,2,away,12476637,-0.045065025610690715
G2 m05_negbin_production_wealth,2,away,12476639,1.042442289356618
G2 m05_negbin_production_wealth,2,away,12476638,0.3792435131383764
G2 m05_negbin_production_wealth,2,away,12476465,0.20015936466289777
G2 m05_negbin_production_wealth,2,away,12476472,0.24042893204974675
G2 m05_negbin_production_wealth,2,away,12476468,-0.9170391723657122
G2 m05_negbin_production_wealth,2,away,12476464,-0.23034711383546527
G2 m05_negbin_production_wealth,2,away,12476467,-2.0630991622109325
G2 m05_negbin_production_wealth,2,away,12476463,-1.0335492561427857
G2 m05_negbin_production_wealth,2,away,12476466,-0.6796779322929615
G2 m05_negbin_production_wealth,2,away,12476461,-1.303492728732033
G2 m05_negbin_production_wealth,2,away,12476460,0.8021004031745951
G2 m05_negbin_production_wealth,2,away,12476462,-0.8701249322435177
G2 m05_negbin_production_wealth,2,away,12473328,-1.0286940388151022
G2 m05_negbin_production_wealth,2,away,12473336,1.1488197043311779
G2 m05_negbin_production_wealth,2,away,12473335,-1.4974315614798275
G2 m05_negbin_production_wealth,2,away,12473322,0.19028574335963722
G2 m05_negbin_production_wealth,2,away,12473327,-0.04563417984718976
G2 m05_negbin_production_wealth,2,away,12473331,1.7830620792209273
G2 m05_negbin_production_wealth,2,away,12473333,0.4432076127261211
G2 m05_negbin_production_wealth,2,away,12473334,0.28212288480315884
G2 m05_negbin_production_wealth,2,away,12473337,0.2687331669983022
G2 m05_negbin_production_wealth,2,away,12473330,-0.2141764110272388
G2 m05_negbin_production_wealth,2,away,12476454,-1.5431053278120377
G2 m05_negbin_production_wealth,2,away,12476455,1.8659979053572195
G2 m05_negbin_production_wealth,2,away,12476458,0.06496328583183694
G2 m05_negbin_production_wealth,2,away,12476459,-0.8015944003879646
G2 m05_negbin_production_wealth,2,away,12476457,-2.2872255230489897
G2 m05_negbin_production_wealth,2,away,12476452,-0.6816812522410548
G2 m05_negbin_production_wealth,2,away,12476567,0.027299753113933206
G2 m05_negbin_production_wealth,2,away,12476453,0.09150906519874058
G2 m05_negbin_production_wealth,2,away,12476575,-0.8299103716626084
G2 m05_negbin_production_wealth,2,away,12476570,0.3139343978994235
G2 m05_negbin_production_wealth,2,away,14035482,0.6389858688808859
G2 m05_negbin_production_wealth,2,away,14035495,1.2360448621629418
G2 m05_negbin_production_wealth,2,away,14035487,-0.43161827320918017
G2 m05_negbin_production_wealth,2,away,14035486,-1.0653303174418436
G2 m05_negbin_production_wealth,2,away,14343735,0.6476660218281091
G2 m05_negbin_production_wealth,2,away,14035506,-0.7358817857262603
G2 m05_negbin_production_wealth,2,away,14035498,-1.0146094471552287
G2 m05_negbin_production_wealth,2,away,14035502,1.8386591163031252
G2 m05_negbin_production_wealth,2,away,14035497,-0.12274610425007479
G2 m05_negbin_production_wealth,2,away,14035501,1.016792838322997
G2 m05_negbin_production_wealth,2,away,14035665,-1.2911478161704024
G2 m05_negbin_production_wealth,2,away,14035666,0.9186592102249431
G2 m05_negbin_production_wealth,2,away,14035662,0.9417185340076489
G2 m05_negbin_production_wealth,2,away,14035664,-0.07771383598993836
G2 m05_negbin_production_wealth,2,away,14035663,1.6153664630446498
G2 m05_negbin_production_wealth,2,away,14035669,-1.420109581303655
G2 m05_negbin_production_wealth,2,away,14035667,-0.8509013191840937
G2 m05_negbin_production_wealth,2,away,14035671,0.8433194782722221
G2 m05_negbin_production_wealth,2,away,14035670,1.0128553652836025
G2 m05_negbin_production_wealth,2,away,14035668,-0.2158823893683481
G2 m05_negbin_production_wealth,2,away,14035484,0.47852176566869914
G2 m05_negbin_production_wealth,2,away,14035485,1.5170389601075862
G2 m05_negbin_production_wealth,2,away,14035488,0.8298299886313509
G2 m05_negbin_production_wealth,2,away,14035489,-1.334560069824006
G2 m05_negbin_production_wealth,2,away,14035494,0.031267603562633334
G2 m05_negbin_production_wealth,2,away,14035493,0.10626807597871546
G2 m05_negbin_production_wealth,2,away,14035496,0.3851507412593893
G2 m05_negbin_production_wealth,2,away,14035492,-1.3755509354458832
G2 m05_negbin_production_wealth,2,away,14035491,-1.2408563590408435
G2 m05_negbin_production_wealth,2,away,14035675,0.5929018102911308
G2 m05_negbin_production_wealth,2,away,14035672,-0.35854002564450893
G2 m05_negbin_production_wealth,2,away,14035674,0.607288374963611
G2 m05_negbin_production_wealth,2,away,14035676,1.0711068054779251
G2 m05_negbin_production_wealth,2,away,14035673,-0.1466524927762122
G2 m05_negbin_production_wealth,2,away,14035678,2.1292420872944406
G2 m05_negbin_production_wealth,2,away,14035683,-1.833196624438372
G2 m05_negbin_production_wealth,2,away,14035681,1.369774140134911
G2 m05_negbin_production_wealth,2,away,14035679,0.2926042478177513
G2 m05_negbin_production_wealth,2,away,14035677,1.7647414929798784
G2 m05_negbin_production_wealth,2,away,14035503,-0.30765652500488533
G2 m05_negbin_production_wealth,2,away,14035505,-0.3769090883086579
G2 m05_negbin_production_wealth,2,away,14035500,-1.2803094091888527
G2 m05_negbin_production_wealth,2,away,14035504,-0.3593870741207026
G2 m05_negbin_production_wealth,2,away,14035499,-1.5139290025221717
G2 m05_negbin_production_wealth,2,away,14035680,0.4671101537703974
G2 m05_negbin_production_wealth,2,away,14035682,-0.5197532339960534
G2 m05_negbin_production_wealth,2,away,14035686,-1.772213936189613
G2 m05_negbin_production_wealth,2,away,14035684,-1.6369779588333704
G2 m05_negbin_production_wealth,2,away,14035685,-1.3487781990986225
G2 m05_negbin_production_wealth,2,away,14035511,0.3236957764567498
G2 m05_negbin_production_wealth,2,away,14035510,-0.3882056370302406
G2 m05_negbin_production_wealth,2,away,14035509,-0.3165585251482157
G2 m05_negbin_production_wealth,2,away,14035508,0.22381167924597906
G2 m05_negbin_production_wealth,2,away,14035507,0.07406560724707936
G2 m05_negbin_production_wealth,2,away,14035514,1.012312930579688
G2 m05_negbin_production_wealth,2,away,14035515,1.5374779757497035
G2 m05_negbin_production_wealth,2,away,14035512,-0.21315577929419866
G2 m05_negbin_production_wealth,2,away,14035513,0.24750502657932388
G2 m05_negbin_production_wealth,2,away,14035516,0.3037338519328144
G2 m05_negbin_production_wealth,2,away,14035687,0.8590660242381035
G2 m05_negbin_production_wealth,2,away,14035695,1.6991974812584136
G2 m05_negbin_production_wealth,2,away,14035689,2.5912416174064123
G2 m05_negbin_production_wealth,2,away,14035692,-1.1183760928214634
G2 m05_negbin_production_wealth,2,away,14035688,0.5445750339364317
G2 m05_negbin_production_wealth,2,away,14035694,0.0504677936489487
G2 m05_negbin_production_wealth,2,away,14035690,-0.5108452988228278
G2 m05_negbin_production_wealth,2,away,14035693,1.436902458120723
G2 m05_negbin_production_wealth,2,away,14035691,0.0973191420384204
G2 m05_negbin_production_wealth,2,away,14035697,-0.41679045816048427
G2 m05_negbin_production_wealth,2,away,14035517,0.8357089913736678
G2 m05_negbin_production_wealth,2,away,14035518,-1.8971040146520504
G2 m05_negbin_production_wealth,2,away,14035519,-0.26422308111021436
G2 m05_negbin_production_wealth,2,away,14035521,-0.5029103385070189
G2 m05_negbin_production_wealth,2,away,14035520,-0.4334158119168749
G2 m05_negbin_production_wealth,2,away,14035524,-0.5822413865157117
G2 m05_negbin_production_wealth,2,away,14035522,0.22249251907863277
G2 m05_negbin_production_wealth,2,away,14035526,0.8521607138214984
G2 m05_negbin_production_wealth,2,away,14035525,0.2630112883881176
G2 m05_negbin_production_wealth,2,away,14035523,-1.6529230489818192
G2 m05_negbin_production_wealth,2,away,14035700,1.2061006863793013
G2 m05_negbin_production_wealth,2,away,14035703,-0.12436465510766155
G2 m05_negbin_production_wealth,2,away,14035698,0.7594382027896849
G2 m05_negbin_production_wealth,2,away,14035696,-0.3247486587145485
G2 m05_negbin_production_wealth,2,away,14035699,1.8448100125426556
G2 m05_negbin_production_wealth,2,away,14035706,-0.05345594733053641
G2 m05_negbin_production_wealth,2,away,14035704,0.9429612912507606
G2 m05_negbin_production_wealth,2,away,14035702,0.6859224791221289
G2 m05_negbin_production_wealth,2,away,14035701,-0.18155623501943016
G2 m05_negbin_production_wealth,2,away,14035705,0.29237490230514196
G2 m05_negbin_production_wealth,2,away,14501655,0.5264663287191591
G2 m05_negbin_production_wealth,2,away,14035529,0.8220262961879851
G2 m05_negbin_production_wealth,2,away,14035528,-0.0977309423207058
G2 m05_negbin_production_wealth,2,away,14035531,-0.5674675200651459
G2 m05_negbin_production_wealth,2,away,14035527,-0.06724101116437173
G2 m05_negbin_production_wealth,2,away,14035530,1.7408086690632016
G2 m05_negbin_production_wealth,2,away,14035709,-1.168689658139084
G2 m05_negbin_production_wealth,2,away,14035708,0.614848045571626
G2 m05_negbin_production_wealth,2,away,14035710,1.476046083906926
G2 m05_negbin_production_wealth,2,away,14035707,-0.33035357952546957
G2 m05_negbin_production_wealth,2,away,14035711,-0.641885935800773
G2 m05_negbin_production_wealth,2,away,14035532,0.6299324893196382
G2 m05_negbin_production_wealth,2,away,14035534,1.5308084983826546
G2 m05_negbin_production_wealth,2,away,14035533,1.0586404260200166
G2 m05_negbin_production_wealth,2,away,14035535,0.0672011149631257
G2 m05_negbin_production_wealth,2,away,14297746,-1.3513490007945521
G2 m05_negbin_production_wealth,2,away,14035538,0.7872844356495984
G2 m05_negbin_production_wealth,2,away,14035539,-0.02092933592009772
G2 m05_negbin_production_wealth,2,away,14035536,-0.5121544856599302
G2 m05_negbin_production_wealth,2,away,14035540,-1.5987668236650732
G2 m05_negbin_production_wealth,2,away,14035542,-0.28915187724685115
G2 m05_negbin_production_wealth,2,away,14035713,-0.33488180282446367
G2 m05_negbin_production_wealth,2,away,14035714,0.2540811787735355
G2 m05_negbin_production_wealth,2,away,14035716,-0.3464582107078838
G2 m05_negbin_production_wealth,2,away,14035715,0.23394169089360736
G2 m05_negbin_production_wealth,2,away,14035712,-1.255801417677998
G2 m05_negbin_production_wealth,2,away,14035546,-0.6831293656049934
G2 m05_negbin_production_wealth,2,away,14035541,-0.7446373991210061
G2 m05_negbin_production_wealth,2,away,14035544,1.2474171382179269
G2 m05_negbin_production_wealth,2,away,14035545,-1.0992376369016117
G2 m05_negbin_production_wealth,2,away,14035543,1.6689923413610581
G2 m05_negbin_production_wealth,2,away,14035548,-0.40631314751897946
G2 m05_negbin_production_wealth,2,away,14035555,0.012233229002998457
G2 m05_negbin_production_wealth,2,away,14035549,-0.48722665398388315
G2 m05_negbin_production_wealth,2,away,14035554,-0.5793444736114358
G2 m05_negbin_production_wealth,2,away,14035717,1.1429900502518717
G2 m05_negbin_production_wealth,2,away,14035718,-0.18218942937132296
G2 m05_negbin_production_wealth,2,away,14035719,-0.06765693097699035
G2 m05_negbin_production_wealth,2,away,14035735,-1.748381490405349
G2 m05_negbin_production_wealth,2,away,14035720,-0.6195661864718042
G2 m05_negbin_production_wealth,2,away,14035722,-1.0784263438037087
G2 m05_negbin_production_wealth,2,away,14035721,0.09304223905185527
G2 m05_negbin_production_wealth,2,away,14035725,-0.4621178976000238
G2 m05_negbin_production_wealth,2,away,14035724,1.3012814911351946
G2 m05_negbin_production_wealth,2,away,14035723,2.0884783647283576
G2 m05_negbin_production_wealth,2,away,14035551,0.3407668695219208
G2 m05_negbin_production_wealth,2,away,14035559,0.1466800246737948
G2 m05_negbin_production_wealth,2,away,14035550,-0.9543191096405764
G2 m05_negbin_production_wealth,2,away,14035556,1.7945740904432508
G2 m05_negbin_production_wealth,2,away,14035552,-0.7320710240830217
G2 m05_negbin_production_wealth,2,away,15017622,-0.09841944431345227
G2 m05_negbin_production_wealth,2,away,14035727,1.727317545531641
G2 m05_negbin_production_wealth,2,away,14035729,0.09973356767753488
G2 m05_negbin_production_wealth,2,away,14035726,-1.3410801321149293
G2 m05_negbin_production_wealth,2,away,14035730,2.1170838592910872
G2 m05_negbin_production_wealth,2,away,14035728,-0.23680460514229393
G2 m05_negbin_production_wealth,2,away,14035553,-0.3206905121384824
G2 m05_negbin_production_wealth,2,away,14035562,-1.2094088381851642
G2 m05_negbin_production_wealth,2,away,14035558,1.1829473254454574
G2 m05_negbin_production_wealth,2,away,14035560,-0.4863583712260447
G2 m05_negbin_production_wealth,2,away,14035563,-0.3553251653085813
G2 m05_negbin_production_wealth,2,away,14035564,-1.3400339776689372
G2 m05_negbin_production_wealth,2,away,14035561,0.4580428660145498
G2 m05_negbin_production_wealth,2,away,14035565,-3.353135789196716
G2 m05_negbin_production_wealth,2,away,14035566,1.0062036944382005
G2 m05_negbin_production_wealth,2,away,14035731,-0.3265285310336159
G2 m05_negbin_production_wealth,2,away,14035732,1.5367497885667893
G2 m05_negbin_production_wealth,2,away,14035736,0.40156034016819847
G2 m05_negbin_production_wealth,2,away,14035733,0.2875268812772943
G2 m05_negbin_production_wealth,2,away,14035734,1.6429377813355617
G2 m05_negbin_production_wealth,2,away,14035739,-1.5849232212297746
G2 m05_negbin_production_wealth,2,away,14035740,1.6974334167173262
G2 m05_negbin_production_wealth,2,away,14035737,-0.34084585637094916
G2 m05_negbin_production_wealth,2,away,14035738,0.05304456091735105
G2 m05_negbin_production_wealth,2,away,14035741,1.0512307885871572
G2 m05_negbin_production_wealth,2,away,14035568,-1.2343953960293688
G2 m05_negbin_production_wealth,2,away,14035569,2.164076367942063
G2 m05_negbin_production_wealth,2,away,14035572,-2.0551384019183723
G2 m05_negbin_production_wealth,2,away,14035570,-0.8684216669585902
G2 m05_negbin_production_wealth,2,away,14035567,-0.031227514435831962
G2 m05_negbin_production_wealth,2,away,14035574,-0.2816191871490716
G2 m05_negbin_production_wealth,2,away,14035575,-0.06145298543069103
G2 m05_negbin_production_wealth,2,away,14035571,-0.5288232895602988
G2 m05_negbin_production_wealth,2,away,14035576,-0.34545056043037675
G2 m05_negbin_production_wealth,2,away,14035573,2.048564152713536
G2 m05_negbin_production_wealth,2,away,14035742,1.4777736323755182
G2 m05_negbin_production_wealth,2,away,14035745,-0.21024545643223297
G2 m05_negbin_production_wealth,2,away,14035747,-1.858304202484496
G2 m05_negbin_production_wealth,2,away,14035744,1.0542402108582052
G2 m05_negbin_production_wealth,2,away,14035743,0.5390432223418828
G2 m05_negbin_production_wealth,2,away,14035750,1.1381468269421484
G2 m05_negbin_production_wealth,2,away,14035751,0.3787469051342169
G2 m05_negbin_production_wealth,2,away,14035749,-0.3178607819935201
G2 m05_negbin_production_wealth,2,away,14035748,0.5975345793212793
G2 m05_negbin_production_wealth,2,away,14035746,0.5420466747079803
G2 m05_negbin_production_wealth,2,away,14035582,-0.8166966633769819
G2 m05_negbin_production_wealth,2,away,14035580,0.08945751589650429
G2 m05_negbin_production_wealth,2,away,14035586,-0.9744373884068837
G2 m05_negbin_production_wealth,2,away,14035585,-2.033301637150759
G2 m05_negbin_production_wealth,2,away,14035583,-0.03277363881914154
G2 m05_negbin_production_wealth,2,away,14035755,-0.5097132524500725
G2 m05_negbin_production_wealth,2,away,14035756,-0.17796587562785143
G2 m05_negbin_production_wealth,2,away,14035752,-0.06581286656529212
G2 m05_negbin_production_wealth,2,away,14035760,1.8065443431949628
G2 m05_negbin_production_wealth,2,away,14035761,0.5107221391318396
G2 m05_negbin_production_wealth,2,away,15363335,0.9747687518351308
G2 m05_negbin_production_wealth,2,away,15305942,0.5034294010970168
G2 m05_negbin_production_wealth,2,away,15374710,-0.06763368188037013
G2 m05_negbin_production_wealth,2,away,14035591,-0.8552561238489942
G2 m05_negbin_production_wealth,2,away,14035588,0.008947842510632404
G2 m05_negbin_production_wealth,2,away,14035587,2.249537772194397
G2 m05_negbin_production_wealth,2,away,14035590,0.17737869836986678
G2 m05_negbin_production_wealth,2,away,14035767,0.6366280283388539
G2 m05_negbin_production_wealth,2,away,14035771,0.3626406957170592
G2 m05_negbin_production_wealth,2,away,14035768,0.8725800521900702
G2 m05_negbin_production_wealth,2,away,14035766,0.015183128966459996
G2 m05_negbin_production_wealth,2,away,14035769,0.48670615595176775
G2 m05_negbin_production_wealth,2,away,14035770,-0.03371225700183097
G2 m05_negbin_production_wealth,2,away,14035592,0.5777541841648788
G2 m05_negbin_production_wealth,2,away,14035594,0.6425973748442345
G2 m05_negbin_production_wealth,2,away,14035595,-1.4614852387944146
G2 m05_negbin_production_wealth,2,away,14035593,1.051472274891373
G2 m05_negbin_production_wealth,2,away,14035597,0.8115131387126565
G2 m05_negbin_production_wealth,2,away,14035598,-0.9506392051448554
G2 m05_negbin_production_wealth,2,away,14035596,0.18494542435261807
G2 m05_negbin_production_wealth,2,away,15399014,2.740809793521315
G2 m05_negbin_production_wealth,2,away,14035774,0.9229599827154482
G2 m05_negbin_production_wealth,2,away,14035773,1.0877737759727326
G2 m05_negbin_production_wealth,2,away,14035772,-0.3982612145487061
G2 m05_negbin_production_wealth,2,away,14035775,0.152520846862589
G2 m05_negbin_production_wealth,2,away,14035776,-0.4468773253434053
G2 m05_negbin_production_wealth,2,away,14035782,0.7321992517492113
G2 m05_negbin_production_wealth,2,away,14035777,-1.515471010381652
G2 m05_negbin_production_wealth,2,away,14035781,-1.7211836379171848
G2 m05_negbin_production_wealth,2,away,15456958,-0.22201209968443206
G2 m05_negbin_production_wealth,2,away,14035602,-0.2799014187577041
G2 m05_negbin_production_wealth,2,away,14035606,0.6280438881537097
G2 m05_negbin_production_wealth,2,away,14035603,-0.08254733187061179
G2 m05_negbin_production_wealth,2,away,14035604,1.0309897296766843
G2 m05_negbin_production_wealth,2,away,14035605,-0.04059307124933898
G2 m05_negbin_production_wealth,2,away,15332289,0.09018199793397846
G2 m05_negbin_production_wealth,2,away,15368752,-1.502517315204667
G2 m05_negbin_production_wealth,2,away,14035607,-0.39067352658965526
G2 m05_negbin_production_wealth,2,away,14035608,-0.10326874064127153
G2 m05_negbin_production_wealth,2,away,14035610,0.7878957588910833
G2 m05_negbin_production_wealth,2,away,14035609,-1.2122595988495561
G2 m05_negbin_production_wealth,2,away,14035611,0.173153155631598
G2 m05_negbin_production_wealth,2,away,15336943,-1.2937561384817373
G2 m05_negbin_production_wealth,2,away,15416466,-0.3085199149239384
G2 m05_negbin_production_wealth,2,away,14035787,-1.397585546611409
G2 m05_negbin_production_wealth,2,away,14035778,1.7568285200405032
G2 m05_negbin_production_wealth,2,away,15366428,2.786942337521275
G2 m05_negbin_production_wealth,2,away,15547533,1.1141349728687604
G2 m05_negbin_production_wealth,2,away,14035786,-0.2700274646118356
G2 m05_negbin_production_wealth,2,away,14035788,-1.1378585649574522
G2 m05_negbin_production_wealth,2,away,14035789,-0.9915629097004162
G2 m05_negbin_production_wealth,2,away,14035790,-0.19599413470772686
G2 m05_negbin_production_wealth,2,away,14035792,0.16078313846340334
G2 m05_negbin_production_wealth,2,away,14035614,-0.9644520089907586
G2 m05_negbin_production_wealth,2,away,14035616,-1.0145904545942854
G2 m05_negbin_production_wealth,2,away,14035613,-0.003508087337201611
G2 m05_negbin_production_wealth,2,away,14035612,0.45537256234668194
G2 m05_negbin_production_wealth,2,away,14035615,0.6313419960447109
G2 m05_negbin_production_wealth,2,away,15490658,-0.21150900178915408
G2 m05_negbin_production_wealth,2,away,15490775,-0.12152378237233376
G2 m05_negbin_production_wealth,2,away,14035620,-0.10389619220229479
G2 m05_negbin_production_wealth,2,away,14035618,-0.1314207690386761
G2 m05_negbin_production_wealth,2,away,14035619,1.0349419576664538
G2 m05_negbin_production_wealth,2,away,14035617,-0.027839888909837775
G2 m05_negbin_production_wealth,2,away,14035621,0.02961259041893003
G2 m05_negbin_production_wealth,2,away,15399013,-0.9045773180797325
G2 m05_negbin_production_wealth,2,away,15416481,-1.0965123018587495
G2 m05_negbin_production_wealth,2,away,15395623,-0.7503918846330314
G2 m05_negbin_production_wealth,2,away,14035796,-0.5881297557915686
G2 m05_negbin_production_wealth,2,away,14035794,0.08153351172109632
G2 m05_negbin_production_wealth,2,away,14035791,1.640720158295732
G2 m05_negbin_production_wealth,2,away,14035793,-1.7178830214672398
G2 m05_negbin_production_wealth,2,away,14035795,1.0804764974863024
G2 m05_negbin_production_wealth,2,away,15458714,-1.1381806077232812
G2 m05_negbin_production_wealth,2,away,14035801,-0.3364739146795673
G2 m05_negbin_production_wealth,2,away,14035798,-1.5509937077092937
G2 m05_negbin_production_wealth,2,away,14035799,-1.8932935277766352
G2 m05_negbin_production_wealth,2,away,14035800,-0.4742141063832505
G2 m05_negbin_production_wealth,2,away,14035797,1.2879887605233329
G2 m05_negbin_production_wealth,2,away,15530801,-0.22257129628788302
G2 m05_negbin_production_wealth,2,away,14035622,1.5876902230231114
G2 m05_negbin_production_wealth,2,away,14035624,0.45411665360247166
G2 m05_negbin_production_wealth,2,away,14035626,-0.34088489539756534
G2 m05_negbin_production_wealth,2,away,14035627,0.163922404599842
G2 m05_negbin_production_wealth,2,away,14035623,1.8522793218090883
G2 m05_negbin_production_wealth,2,away,15457468,-0.1165707574597299
G2 m05_negbin_production_wealth,2,away,14035625,0.44566675213869045
G2 m05_negbin_production_wealth,2,away,14035628,0.24725963988965793
G2 m05_negbin_production_wealth,2,away,14035631,-0.8959486001113632
G2 m05_negbin_production_wealth,2,away,14035629,0.86736260497953
G2 m05_negbin_production_wealth,2,away,14035632,-0.18947497798979496
G2 m05_negbin_production_wealth,2,away,15422405,-0.11330331038730417
G2 m05_negbin_production_wealth,2,away,15588942,-1.1216591968949456
G2 m05_negbin_production_wealth,2,away,14035804,-0.7190822904816596
G2 m05_negbin_production_wealth,2,away,14035803,-0.19711490932689102
G2 m05_negbin_production_wealth,2,away,14035805,-0.29921633092566496
G2 m05_negbin_production_wealth,2,away,14035806,-0.07333572931170863
G2 m05_negbin_production_wealth,2,away,14035802,1.218985427340209
G2 m05_negbin_production_wealth,2,away,15588903,-1.0932350305101033
G2 m05_negbin_production_wealth,2,away,14035808,-0.5359996624449069
G2 m05_negbin_production_wealth,2,away,14035811,0.7363355496327803
G2 m05_negbin_production_wealth,2,away,14035810,0.05810849900833254
G2 m05_negbin_production_wealth,2,away,14035809,1.3238222979399754
G2 m05_negbin_production_wealth,2,away,14035807,0.32812292318716096
G2 m05_negbin_production_wealth,2,away,14035637,0.12184626073753874
G2 m05_negbin_production_wealth,2,away,14035633,0.6499299257176724
G2 m05_negbin_production_wealth,2,away,14035635,0.9683338339879831
G2 m05_negbin_production_wealth,2,away,14035630,0.7010963468153322
G2 m05_negbin_production_wealth,2,away,14035638,-1.914406130659152
G2 m05_negbin_production_wealth,2,away,14035636,0.14923310405436818
G2 m05_negbin_production_wealth,2,away,14035634,-0.2338043330705398
G2 m05_negbin_production_wealth,2,away,14035645,-0.9376573053941918
G2 m05_negbin_production_wealth,2,away,15588896,-0.7716919098914261
G2 m05_negbin_production_wealth,2,away,15588927,-0.20895095652988344
G2 m05_negbin_production_wealth,2,away,14035814,0.29560370515955553
G2 m05_negbin_production_wealth,2,away,14035816,0.09223890334944852
G2 m05_negbin_production_wealth,2,away,14035815,-1.8345366395664697
G2 m05_negbin_production_wealth,2,away,14035813,-0.6368021017457386
G2 m05_negbin_production_wealth,2,away,14035812,-2.1164354274496144
G2 m05_negbin_production_wealth,2,away,14035819,1.3638523798233129
G2 m05_negbin_production_wealth,2,away,14035818,0.24696909041881168
G2 m05_negbin_production_wealth,2,away,14035827,-0.16086056160977644
G2 m05_negbin_production_wealth,2,away,14035820,0.14379104514438243
G2 m05_negbin_production_wealth,2,away,14035817,0.005670682061020504
G2 m05_negbin_production_wealth,2,away,15881894,1.4442598448708257
G2 m05_negbin_production_wealth,2,away,14035640,-1.5852937350272305
G2 m05_negbin_production_wealth,2,away,14035642,-0.20245449339930635
G2 m05_negbin_production_wealth,2,away,14035643,-0.21677552019109078
G2 m05_negbin_production_wealth,2,away,14035641,-0.25463223193125345
G2 m05_negbin_production_wealth,2,away,14035644,-0.5279079008256614
G2 m05_negbin_production_wealth,2,away,15680573,0.6937704034946449
G2 m05_negbin_production_wealth,2,away,14035650,0.29451998088958536
G2 m05_negbin_production_wealth,2,away,14035647,-1.1663065782581072
G2 m05_negbin_production_wealth,2,away,14035646,-0.959456728659551
G2 m05_negbin_production_wealth,2,away,14035648,-1.6248349203006558
G2 m05_negbin_production_wealth,2,away,14035651,-0.4990100349341532
G2 m05_negbin_production_wealth,2,away,14035821,-0.26675996825468684
G2 m05_negbin_production_wealth,2,away,14035823,-1.7794171323367582
G2 m05_negbin_production_wealth,2,away,14035822,0.8321841733457963
G2 m05_negbin_production_wealth,2,away,14035826,0.26481341239016665
G2 m05_negbin_production_wealth,2,away,14035824,1.3417128310334783
G2 m05_negbin_production_wealth,2,away,14032717,0.4210800103058441
G2 m05_negbin_production_wealth,2,away,14032707,-0.6848832519669235
G2 m05_negbin_production_wealth,2,away,14032715,-0.8511948063994481
G2 m05_negbin_production_wealth,2,away,14032721,0.6369869164564128
G2 m05_negbin_production_wealth,2,away,14032718,-0.07070158415478577
G2 m05_negbin_production_wealth,2,away,14035653,0.41455863208701843
G2 m05_negbin_production_wealth,2,away,14035652,-0.45096211741361747
G2 m05_negbin_production_wealth,2,away,14035654,0.9612536546198458
G2 m05_negbin_production_wealth,2,away,14035655,0.24515828140553314
G2 m05_negbin_production_wealth,2,away,14035656,-0.7290595895569858
G2 m05_negbin_production_wealth,2,away,14032710,0.1441672854562907
G2 m05_negbin_production_wealth,2,away,14032708,-0.5865552342727783
G2 m05_negbin_production_wealth,2,away,14032714,0.4686108844942599
G2 m05_negbin_production_wealth,2,away,14032719,-1.4789446282979788
G2 m05_negbin_production_wealth,2,away,14032720,-0.07329612770211319
G3 m00_joint_baseline,3,home,12477128,0.37175864603424613
G3 m00_joint_baseline,3,home,12477134,-0.2900536305731874
G3 m00_joint_baseline,3,home,12477131,-0.18932984813335194
G3 m00_joint_baseline,3,home,12477135,-0.7770460393537674
G3 m00_joint_baseline,3,home,12477132,0.012888150211545558
G3 m00_joint_baseline,3,home,12476800,0.05477983135303887
G3 m00_joint_baseline,3,home,12476794,0.8386106630412682
G3 m00_joint_baseline,3,home,12476797,0.42113914931436996
G3 m00_joint_baseline,3,home,12476799,-1.2057973287190484
G3 m00_joint_baseline,3,home,12476798,1.3379410880094627
G3 m00_joint_baseline,3,home,12477129,0.24610222717282462
G3 m00_joint_baseline,3,home,12477126,1.9373049931724764
G3 m00_joint_baseline,3,home,12477130,1.033091882529108
G3 m00_joint_baseline,3,home,12477123,-1.0780883180111067
G3 m00_joint_baseline,3,home,12477133,-1.0298477331928857
G3 m00_joint_baseline,3,home,12476632,0.142097065425163
G3 m00_joint_baseline,3,home,12476633,-1.4098311250766473
G3 m00_joint_baseline,3,home,12476630,0.5836243109543312
G3 m00_joint_baseline,3,home,12476635,0.24489684182598362
G3 m00_joint_baseline,3,home,12476636,0.11913526539481116
G3 m00_joint_baseline,3,home,12476793,0.18004617523591898
G3 m00_joint_baseline,3,home,12476795,-0.01334083568949886
G3 m00_joint_baseline,3,home,12476796,-0.8190296559773961
G3 m00_joint_baseline,3,home,12476792,0.6314019226643347
G3 m00_joint_baseline,3,home,12476790,-0.007368658412139929
G3 m00_joint_baseline,3,home,12476788,-0.9785242487427013
G3 m00_joint_baseline,3,home,12476786,1.1389095899837112
G3 m00_joint_baseline,3,home,12476787,-0.9170722480743799
G3 m00_joint_baseline,3,home,12476791,0.45593788561512005
G3 m00_joint_baseline,3,home,12476789,-0.4215411470486517
G3 m00_joint_baseline,3,home,12476629,0.7721543556177534
G3 m00_joint_baseline,3,home,12476634,-0.8345456298424521
G3 m00_joint_baseline,3,home,12476623,-0.3538031134838006
G3 m00_joint_baseline,3,home,12476631,0.8765642308283552
G3 m00_joint_baseline,3,home,12476624,-0.592347806667294
G3 m00_joint_baseline,3,home,12476627,-1.1814183535608629
G3 m00_joint_baseline,3,home,12476625,0.1991422320573125
G3 m00_joint_baseline,3,home,12476621,0.23597823517333952
G3 m00_joint_baseline,3,home,12476622,-1.4021720470386219
G3 m00_joint_baseline,3,home,12476782,-1.1562408616965143
G3 m00_joint_baseline,3,home,12476785,-0.11760847461571079
G3 m00_joint_baseline,3,home,12476784,0.38656673529615493
G3 m00_joint_baseline,3,home,12476781,-0.08748643486377573
G3 m00_joint_baseline,3,home,12476779,2.0692498198789253
G3 m00_joint_baseline,3,home,12476619,2.5113956580650187
G3 m00_joint_baseline,3,home,12476620,-0.5749947273833642
G3 m00_joint_baseline,3,home,12476618,0.19089494154729508
G3 m00_joint_baseline,3,home,12476626,0.6419154623272965
G3 m00_joint_baseline,3,home,12476617,0.14936219778776544
G3 m00_joint_baseline,3,home,12476780,0.9471702049895904
G3 m00_joint_baseline,3,home,12476778,-0.3258542503340905
G3 m00_joint_baseline,3,home,12476776,1.2907554066124385
G3 m00_joint_baseline,3,home,12476777,0.6533065602386795
G3 m00_joint_baseline,3,home,12476783,-0.21426945122824578
G3 m00_joint_baseline,3,home,12476772,0.11186022283937196
G3 m00_joint_baseline,3,home,12476774,-0.8357782802071393
G3 m00_joint_baseline,3,home,12476771,-1.5700058545368505
G3 m00_joint_baseline,3,home,12476773,0.4144901742655646
G3 m00_joint_baseline,3,home,12476775,-0.002132003645605279
G3 m00_joint_baseline,3,home,12476611,1.1982809281166955
G3 m00_joint_baseline,3,home,12476616,-0.4378622693753424
G3 m00_joint_baseline,3,home,12476614,0.2933860507220534
G3 m00_joint_baseline,3,home,12476612,-0.2447698348388249
G3 m00_joint_baseline,3,home,12476615,0.8460310098829189
G3 m00_joint_baseline,3,home,12811090,-0.30099153289799435
G3 m00_joint_baseline,3,home,12476607,0.8727594654958873
G3 m00_joint_baseline,3,home,12476613,-0.9076736310983707
G3 m00_joint_baseline,3,home,12476606,-1.096985735555261
G3 m00_joint_baseline,3,home,12476603,0.47198822745959107
G3 m00_joint_baseline,3,home,12476770,-1.260083121938413
G3 m00_joint_baseline,3,home,12476767,0.39930076750172355
G3 m00_joint_baseline,3,home,12476766,1.0396509080101197
G3 m00_joint_baseline,3,home,12476769,0.994168671718278
G3 m00_joint_baseline,3,home,12476768,0.30284401211125267
G3 m00_joint_baseline,3,home,12476761,0.2501945894305074
G3 m00_joint_baseline,3,home,12476765,-0.9215995619386158
G3 m00_joint_baseline,3,home,12476764,-0.13368933621639023
G3 m00_joint_baseline,3,home,12476762,-0.2730563362174337
G3 m00_joint_baseline,3,home,12476759,-0.13947192982728748
G3 m00_joint_baseline,3,home,12476604,0.729759346209885
G3 m00_joint_baseline,3,home,12476609,-1.2374601230840077
G3 m00_joint_baseline,3,home,12476610,0.5037979668844288
G3 m00_joint_baseline,3,home,12476601,-0.9858542579217268
G3 m00_joint_baseline,3,home,12476605,-0.8507346498426459
G3 m00_joint_baseline,3,home,12476600,2.302815783621646
G3 m00_joint_baseline,3,home,12476598,0.7172134783262915
G3 m00_joint_baseline,3,home,12476599,-1.768770366892591
G3 m00_joint_baseline,3,home,12476597,-0.34282313942796694
G3 m00_joint_baseline,3,home,12476602,0.14649989144867223
G3 m00_joint_baseline,3,home,12476760,0.4243819544681803
G3 m00_joint_baseline,3,home,12476763,-0.10697429912601063
G3 m00_joint_baseline,3,home,12476758,0.040575413601211245
G3 m00_joint_baseline,3,home,12476757,-0.8725233141110769
G3 m00_joint_baseline,3,home,12476756,-1.6599028075475044
G3 m00_joint_baseline,3,home,12954858,1.0411768394148377
G3 m00_joint_baseline,3,home,12476594,1.317966654047316
G3 m00_joint_baseline,3,home,12476592,0.26501314043500135
G3 m00_joint_baseline,3,home,12476595,-0.5422055874440526
G3 m00_joint_baseline,3,home,12476593,-1.4872249938954325
G3 m00_joint_baseline,3,home,12476596,0.260242572450747
G3 m00_joint_baseline,3,home,12476750,-1.071657049282684
G3 m00_joint_baseline,3,home,12476753,1.2635757681062845
G3 m00_joint_baseline,3,home,12476755,-1.22313305044116
G3 m00_joint_baseline,3,home,12476752,-0.27737845829753915
G3 m00_joint_baseline,3,home,12476751,0.26486486482779414
G3 m00_joint_baseline,3,home,12476749,-1.2573127127974009
G3 m00_joint_baseline,3,home,12476748,-0.5020203194384881
G3 m00_joint_baseline,3,home,12476739,0.012703359233416414
G3 m00_joint_baseline,3,home,12476741,-0.25396497923274586
G3 m00_joint_baseline,3,home,12476754,2.13647712336002
G3 m00_joint_baseline,3,home,12476589,0.6029804747774341
G3 m00_joint_baseline,3,home,12476587,0.8289667855747418
G3 m00_joint_baseline,3,home,12476591,0.6440980753345129
G3 m00_joint_baseline,3,home,12476590,-0.23135750760294133
G3 m00_joint_baseline,3,home,12476588,0.12300796031427534
G3 m00_joint_baseline,3,home,12476746,0.30965702367809267
G3 m00_joint_baseline,3,home,12476747,0.242873616469874
G3 m00_joint_baseline,3,home,12476742,-0.13813554402773318
G3 m00_joint_baseline,3,home,12476745,-0.13811279923081093
G3 m00_joint_baseline,3,home,12476743,-0.44995072968677485
G3 m00_joint_baseline,3,home,12476737,0.12915195136110713
G3 m00_joint_baseline,3,home,12476735,-0.05855548728547249
G3 m00_joint_baseline,3,home,12476744,0.2828068401048526
G3 m00_joint_baseline,3,home,12476738,-0.531597662962136
G3 m00_joint_baseline,3,home,12476740,-0.8545883019848192
G3 m00_joint_baseline,3,home,12476586,1.035393510947347
G3 m00_joint_baseline,3,home,12476582,-0.6858487670583261
G3 m00_joint_baseline,3,home,12476579,-0.6470481484728314
G3 m00_joint_baseline,3,home,12476585,0.2656660315913105
G3 m00_joint_baseline,3,home,12476583,-0.09186570572767758
G3 m00_joint_baseline,3,home,12476584,0.40950669815780066
G3 m00_joint_baseline,3,home,12476581,1.1933916079693598
G3 m00_joint_baseline,3,home,12476580,0.5059678897618205
G3 m00_joint_baseline,3,home,12476574,0.37165511540675206
G3 m00_joint_baseline,3,home,12476578,1.6053609146278496
G3 m00_joint_baseline,3,home,12476731,0.6365257493563572
G3 m00_joint_baseline,3,home,12476548,-0.2760687228313971
G3 m00_joint_baseline,3,home,13179032,-3.3132913520497524
G3 m00_joint_baseline,3,home,13171689,0.8083867892467033
G3 m00_joint_baseline,3,home,12476727,1.3188322520864224
G3 m00_joint_baseline,3,home,12476729,-0.33173561690436837
G3 m00_joint_baseline,3,home,12476724,1.615780495644907
G3 m00_joint_baseline,3,home,12476730,0.7157098956349532
G3 m00_joint_baseline,3,home,12476728,-0.9350284940360374
G3 m00_joint_baseline,3,home,12476720,-0.6243232329437246
G3 m00_joint_baseline,3,home,12476722,-1.9267820554519488
G3 m00_joint_baseline,3,home,12476721,0.08739439449983223
G3 m00_joint_baseline,3,home,12476725,-0.32194573348426864
G3 m00_joint_baseline,3,home,12476723,0.45703908308452057
G3 m00_joint_baseline,3,home,13171688,0.44174542165968733
G3 m00_joint_baseline,3,home,12476562,-1.2938728690836214
G3 m00_joint_baseline,3,home,12476564,1.4510904821361643
G3 m00_joint_baseline,3,home,12476565,0.6458945683129691
G3 m00_joint_baseline,3,home,13175772,-0.0035199305260790186
G3 m00_joint_baseline,3,home,12476563,-0.9940234726700798
G3 m00_joint_baseline,3,home,12476556,-0.18195139107808914
G3 m00_joint_baseline,3,home,12476558,1.1086138597423871
G3 m00_joint_baseline,3,home,12476561,0.2731249503054469
G3 m00_joint_baseline,3,home,12476560,2.6664760434372985
G3 m00_joint_baseline,3,home,13179034,1.2323259503845079
G3 m00_joint_baseline,3,home,12476726,-1.011928266866826
G3 m00_joint_baseline,3,home,12476718,-1.339936799698317
G3 m00_joint_baseline,3,home,12476716,0.7580364395896637
G3 m00_joint_baseline,3,home,12476719,0.8477825789606357
G3 m00_joint_baseline,3,home,12476717,-0.48173117878151456
G3 m00_joint_baseline,3,home,12476713,-0.4378370453619595
G3 m00_joint_baseline,3,home,12476715,0.0256405871913368
G3 m00_joint_baseline,3,home,12476714,1.316709633676798
G3 m00_joint_baseline,3,home,12476710,-0.5622945644494988
G3 m00_joint_baseline,3,home,12476712,0.19760376805289545
G3 m00_joint_baseline,3,home,13175771,0.08092185907011497
G3 m00_joint_baseline,3,home,13159980,1.686235108457035
G3 m00_joint_baseline,3,home,12476551,-0.11513867346410515
G3 m00_joint_baseline,3,home,12476555,0.7150131776920056
G3 m00_joint_baseline,3,home,12476557,2.4903573757235353
G3 m00_joint_baseline,3,home,12476554,0.7352662001280234
G3 m00_joint_baseline,3,home,12476550,-0.09543918865083063
G3 m00_joint_baseline,3,home,12476549,0.6229090587372249
G3 m00_joint_baseline,3,home,12476547,-0.5233812141099272
G3 m00_joint_baseline,3,home,12476552,0.15308282464040945
G3 m00_joint_baseline,3,home,12476553,0.7135648859398817
G3 m00_joint_baseline,3,home,12476711,-0.24132748096535486
G3 m00_joint_baseline,3,home,12476708,0.6714623414363434
G3 m00_joint_baseline,3,home,12476707,0.14164563142207856
G3 m00_joint_baseline,3,home,12476709,-0.6183594595166706
G3 m00_joint_baseline,3,home,12476706,-0.2994756184099459
G3 m00_joint_baseline,3,home,12476705,-0.06838245605297036
G3 m00_joint_baseline,3,home,12476701,-1.56952194133445
G3 m00_joint_baseline,3,home,12476539,0.7955528445893738
G3 m00_joint_baseline,3,home,12476545,0.3889844426966275
G3 m00_joint_baseline,3,home,12476546,0.11076058248019448
G3 m00_joint_baseline,3,home,13217663,0.7033595440235865
G3 m00_joint_baseline,3,home,12476541,1.034694336445492
G3 m00_joint_baseline,3,home,12476544,-0.5831958790037141
G3 m00_joint_baseline,3,home,12476533,-0.012987901921688373
G3 m00_joint_baseline,3,home,13324922,-1.0381216468522292
G3 m00_joint_baseline,3,home,13197505,1.4166495962620953
G3 m00_joint_baseline,3,home,12476697,-0.012897941182950914
G3 m00_joint_baseline,3,home,12476698,-2.9738031319747367
G3 m00_joint_baseline,3,home,12476700,0.7143453093832912
G3 m00_joint_baseline,3,home,12476696,0.9802402573488848
G3 m00_joint_baseline,3,home,13315347,-0.36853085017720977
G3 m00_joint_baseline,3,home,12476531,-1.2310730694889866
G3 m00_joint_baseline,3,home,12476529,0.8760480524515948
G3 m00_joint_baseline,3,home,12476538,-0.9568661291783077
G3 m00_joint_baseline,3,home,13233442,0.4017992137115646
G3 m00_joint_baseline,3,home,12476519,0.10463997967499929
G3 m00_joint_baseline,3,home,12476525,-1.017732336475822
G3 m00_joint_baseline,3,home,12476523,1.490948393863673
G3 m00_joint_baseline,3,home,12476522,1.5401776296038208
G3 m00_joint_baseline,3,home,12476524,-1.8027343139298497
G3 m00_joint_baseline,3,home,12476693,-0.6058951220737773
G3 m00_joint_baseline,3,home,12476695,0.7921150256569047
G3 m00_joint_baseline,3,home,12476691,-0.9732267072054184
G3 m00_joint_baseline,3,home,12476692,-0.7554234069270436
G3 m00_joint_baseline,3,home,12476699,0.02774427710541464
G3 m00_joint_baseline,3,home,12476689,1.7063159113616762
G3 m00_joint_baseline,3,home,12476685,0.9411464237980841
G3 m00_joint_baseline,3,home,12476686,0.7312317552393138
G3 m00_joint_baseline,3,home,12476690,0.16653055318120913
G3 m00_joint_baseline,3,home,13343736,1.0560951591968861
G3 m00_joint_baseline,3,home,12476521,1.613915503374299
G3 m00_joint_baseline,3,home,12476514,0.3325578854393567
G3 m00_joint_baseline,3,home,12476518,0.6165007728379216
G3 m00_joint_baseline,3,home,12476520,0.6054530892515289
G3 m00_joint_baseline,3,home,12476515,-0.03051990681134095
G3 m00_joint_baseline,3,home,13348881,-0.6076444296579246
G3 m00_joint_baseline,3,home,13255608,0.8790228799523782
G3 m00_joint_baseline,3,home,12476516,-1.6182809571903851
G3 m00_joint_baseline,3,home,12476512,-0.843803059679995
G3 m00_joint_baseline,3,home,12476511,1.0982417236533781
G3 m00_joint_baseline,3,home,12476517,0.49120331481959595
G3 m00_joint_baseline,3,home,12476513,1.4710973102707892
G3 m00_joint_baseline,3,home,13391276,0.10160965392861392
G3 m00_joint_baseline,3,home,12476688,0.7757972584798722
G3 m00_joint_baseline,3,home,12476684,-1.1985437704090711
G3 m00_joint_baseline,3,home,12476681,0.17840158780353454
G3 m00_joint_baseline,3,home,12476682,0.42793107599275415
G3 m00_joint_baseline,3,home,12476679,-1.2326362279989478
G3 m00_joint_baseline,3,home,12476678,0.6145958873049057
G3 m00_joint_baseline,3,home,12476675,0.7360270592988919
G3 m00_joint_baseline,3,home,12476680,1.0125289555842287
G3 m00_joint_baseline,3,home,12476677,-0.7407646566607269
G3 m00_joint_baseline,3,home,12476508,1.4566215697237148
G3 m00_joint_baseline,3,home,12476510,2.3226035427503295
G3 m00_joint_baseline,3,home,12476506,-0.3478571910961162
G3 m00_joint_baseline,3,home,12476509,0.23053978656830657
G3 m00_joint_baseline,3,home,12476507,-0.07243437940593915
G3 m00_joint_baseline,3,home,12476502,-0.8743478115880668
G3 m00_joint_baseline,3,home,12476500,-0.3960473694347227
G3 m00_joint_baseline,3,home,12476501,0.8741237352616409
G3 m00_joint_baseline,3,home,12476505,-0.9614294615018649
G3 m00_joint_baseline,3,home,12476504,-0.7080070973973813
G3 m00_joint_baseline,3,home,13415294,0.6072120489664907
G3 m00_joint_baseline,3,home,12476674,0.7830596272027182
G3 m00_joint_baseline,3,home,12476671,1.0962954443917523
G3 m00_joint_baseline,3,home,12476670,0.02528497756146397
G3 m00_joint_baseline,3,home,12476672,-0.11684004202621598
G3 m00_joint_baseline,3,home,12476669,-0.7039983700448149
G3 m00_joint_baseline,3,home,13343733,-0.25513317896586074
G3 m00_joint_baseline,3,home,12476667,1.2527633790717754
G3 m00_joint_baseline,3,home,12476662,-1.5344738099074278
G3 m00_joint_baseline,3,home,12476673,-1.552082746227153
G3 m00_joint_baseline,3,home,12476676,0.570721542785965
G3 m00_joint_baseline,3,home,12476668,-1.1866820196372592
G3 m00_joint_baseline,3,home,12476526,-0.38279276356523817
G3 m00_joint_baseline,3,home,12476497,0.7955471737723359
G3 m00_joint_baseline,3,home,12476499,-0.8657102927760866
G3 m00_joint_baseline,3,home,12476496,0.025913668847178436
G3 m00_joint_baseline,3,home,12476498,-0.7712841625393577
G3 m00_joint_baseline,3,home,12476495,0.9533611262011302
G3 m00_joint_baseline,3,home,13436762,-0.018430292746494686
G3 m00_joint_baseline,3,home,12476490,0.11555796730428963
G3 m00_joint_baseline,3,home,12476492,-2.742370252907817
G3 m00_joint_baseline,3,home,12476489,-1.4536612025858127
G3 m00_joint_baseline,3,home,12476493,-1.707042109261842
G3 m00_joint_baseline,3,home,12476491,-0.7163139392134616
G3 m00_joint_baseline,3,home,13399583,-0.966912941801955
G3 m00_joint_baseline,3,home,13480337,1.6568167488279455
G3 m00_joint_baseline,3,home,12476665,-0.7084882596703305
G3 m00_joint_baseline,3,home,12476661,0.9061407832356388
G3 m00_joint_baseline,3,home,12476666,-1.5117611594118538
G3 m00_joint_baseline,3,home,12476663,-1.0648983508799093
G3 m00_joint_baseline,3,home,12476660,1.1990404298492212
G3 m00_joint_baseline,3,home,12640468,0.2763335777627057
G3 m00_joint_baseline,3,home,12476657,-0.19287510564128826
G3 m00_joint_baseline,3,home,12476659,-1.1829123901528147
G3 m00_joint_baseline,3,home,12476664,-2.005180125708128
G3 m00_joint_baseline,3,home,12476658,0.9286659901329356
G3 m00_joint_baseline,3,home,13343735,-1.2980047055787267
G3 m00_joint_baseline,3,home,12476485,0.2792697782972222
G3 m00_joint_baseline,3,home,12476487,-0.8830635395745718
G3 m00_joint_baseline,3,home,12476486,0.7422593880435481
G3 m00_joint_baseline,3,home,12476488,-1.1340644091251193
G3 m00_joint_baseline,3,home,12476494,-0.3291028883375164
G3 m00_joint_baseline,3,home,12476483,2.522730225449733
G3 m00_joint_baseline,3,home,12476484,1.3704808434141786
G3 m00_joint_baseline,3,home,12476482,0.3225641548150051
G3 m00_joint_baseline,3,home,12476478,-0.06137479180790109
G3 m00_joint_baseline,3,home,12476481,-0.661195094819299
G3 m00_joint_baseline,3,home,12476656,0.09510646312192195
G3 m00_joint_baseline,3,home,12476654,-0.3635512209625295
G3 m00_joint_baseline,3,home,12476652,1.9655166374581594
G3 m00_joint_baseline,3,home,12476651,0.33605050135145886
G3 m00_joint_baseline,3,home,12476655,0.4765623730683241
G3 m00_joint_baseline,3,home,12476648,-1.2048881367667246
G3 m00_joint_baseline,3,home,12476649,-0.8383256985071105
G3 m00_joint_baseline,3,home,12476653,-1.3202353298183198
G3 m00_joint_baseline,3,home,12476650,-2.292410139921112
G3 m00_joint_baseline,3,home,12476646,-0.3930675704064741
G3 m00_joint_baseline,3,home,12476477,0.5169715957128727
G3 m00_joint_baseline,3,home,12476474,1.5808394941477408
G3 m00_joint_baseline,3,home,12476479,-1.6658259173338137
G3 m00_joint_baseline,3,home,12476480,-1.1916513054163564
G3 m00_joint_baseline,3,home,12476476,-0.1836597496788382
G3 m00_joint_baseline,3,home,12476469,2.081493988578718
G3 m00_joint_baseline,3,home,12476475,0.639882235812129
G3 m00_joint_baseline,3,home,12476471,-1.31078994383303
G3 m00_joint_baseline,3,home,12476470,0.287822259383829
G3 m00_joint_baseline,3,home,12476473,-0.2089783200079282
G3 m00_joint_baseline,3,home,12476645,-0.025722497594786144
G3 m00_joint_baseline,3,home,12476642,-1.5628668019328964
G3 m00_joint_baseline,3,home,12476647,-0.08276358397944089
G3 m00_joint_baseline,3,home,12476643,1.8512207298321797
G3 m00_joint_baseline,3,home,12476644,0.16229522929245124
G3 m00_joint_baseline,3,home,12476640,-0.22242190163675762
G3 m00_joint_baseline,3,home,12476641,2.428256498170791
G3 m00_joint_baseline,3,home,12476637,0.09026351105813746
G3 m00_joint_baseline,3,home,12476639,0.20749389553611225
G3 m00_joint_baseline,3,home,12476638,0.4083500652904859
G3 m00_joint_baseline,3,home,12476465,-0.6251431632602825
G3 m00_joint_baseline,3,home,12476472,-0.4272968881456095
G3 m00_joint_baseline,3,home,12476468,0.9011698211633338
G3 m00_joint_baseline,3,home,12476464,1.4710515744947836
G3 m00_joint_baseline,3,home,12476467,-0.6817262493062779
G3 m00_joint_baseline,3,home,12476463,2.228554490926683
G3 m00_joint_baseline,3,home,12476466,0.10182675077880206
G3 m00_joint_baseline,3,home,12476461,0.3270281379746815
G3 m00_joint_baseline,3,home,12476460,-1.8427902076977234
G3 m00_joint_baseline,3,home,12476462,0.360940834550455
G3 m00_joint_baseline,3,home,12473328,1.1790400345389593
G3 m00_joint_baseline,3,home,12473336,0.22079868698971522
G3 m00_joint_baseline,3,home,12473335,0.6906016005246278
G3 m00_joint_baseline,3,home,12473322,0.40773235062719815
G3 m00_joint_baseline,3,home,12473327,0.7008721702226207
G3 m00_joint_baseline,3,home,12473331,0.7965104279396307
G3 m00_joint_baseline,3,home,12473333,-1.327109706443041
G3 m00_joint_baseline,3,home,12473334,-0.20172586688261696
G3 m00_joint_baseline,3,home,12473337,0.7575506036509565
G3 m00_joint_baseline,3,home,12473330,0.615291453501762
G3 m00_joint_baseline,3,home,12476454,1.0076322456587565
G3 m00_joint_baseline,3,home,12476455,-0.5674424868951075
G3 m00_joint_baseline,3,home,12476458,0.6735818444445448
G3 m00_joint_baseline,3,home,12476459,-0.48538410953894756
G3 m00_joint_baseline,3,home,12476457,-1.6331359330121165
G3 m00_joint_baseline,3,home,12476452,0.27510060835771466
G3 m00_joint_baseline,3,home,12476567,-0.8790521651549777
G3 m00_joint_baseline,3,home,12476453,3.227634513735023
G3 m00_joint_baseline,3,home,12476575,-1.1334059633609364
G3 m00_joint_baseline,3,home,12476570,1.2822834839129802
G3 m00_joint_baseline,3,home,14035482,-0.8811087272617778
G3 m00_joint_baseline,3,home,14035495,-1.0154699086417955
G3 m00_joint_baseline,3,home,14035487,2.0430327479585317
G3 m00_joint_baseline,3,home,14035486,0.46151223462915836
G3 m00_joint_baseline,3,home,14343735,-0.1600969894037785
G3 m00_joint_baseline,3,home,14035506,-0.39748367179072425
G3 m00_joint_baseline,3,home,14035498,0.474842768765819
G3 m00_joint_baseline,3,home,14035502,0.005294362507166677
G3 m00_joint_baseline,3,home,14035497,-0.8616070279041774
G3 m00_joint_baseline,3,home,14035501,-0.5156035411495499
G3 m00_joint_baseline,3,home,14035665,-0.38597685732026554
G3 m00_joint_baseline,3,home,14035666,-0.30090983818387257
G3 m00_joint_baseline,3,home,14035662,1.4235856715670034
G3 m00_joint_baseline,3,home,14035664,0.6794426104821437
G3 m00_joint_baseline,3,home,14035663,-0.08983958023531201
G3 m00_joint_baseline,3,home,14035669,-1.4747777275239615
G3 m00_joint_baseline,3,home,14035667,-1.2597459813676708
G3 m00_joint_baseline,3,home,14035671,-0.2842649634875024
G3 m00_joint_baseline,3,home,14035670,-0.6470730471703505
G3 m00_joint_baseline,3,home,14035668,-1.1068414980266839
G3 m00_joint_baseline,3,home,14035484,-0.1432018479212757
G3 m00_joint_baseline,3,home,14035485,1.351118347708011
G3 m00_joint_baseline,3,home,14035488,0.11062136855479307
G3 m00_joint_baseline,3,home,14035489,1.9793590033877348
G3 m00_joint_baseline,3,home,14035494,0.6470936326383375
G3 m00_joint_baseline,3,home,14035493,1.4764518003511216
G3 m00_joint_baseline,3,home,14035496,-0.8655065587250454
G3 m00_joint_baseline,3,home,14035492,0.24352404459616936
G3 m00_joint_baseline,3,home,14035491,-1.2061844064084208
G3 m00_joint_baseline,3,home,14035675,0.40150020778670265
G3 m00_joint_baseline,3,home,14035672,0.02205483089397635
G3 m00_joint_baseline,3,home,14035674,1.6898625434927643
G3 m00_joint_baseline,3,home,14035676,-0.5289406243766531
G3 m00_joint_baseline,3,home,14035673,0.8993453589552368
G3 m00_joint_baseline,3,home,14035678,0.2065320354111536
G3 m00_joint_baseline,3,home,14035683,0.0015019722412355672
G3 m00_joint_baseline,3,home,14035681,0.8583853383586655
G3 m00_joint_baseline,3,home,14035679,-0.015190693295754154
G3 m00_joint_baseline,3,home,14035677,1.1747878767304967
G3 m00_joint_baseline,3,home,14035503,0.40476389579365213
G3 m00_joint_baseline,3,home,14035505,0.7836242474239113
G3 m00_joint_baseline,3,home,14035500,-0.5553299072111936
G3 m00_joint_baseline,3,home,14035504,-0.41021638760759205
G3 m00_joint_baseline,3,home,14035499,-0.9932148413944784
G3 m00_joint_baseline,3,home,14035680,-0.4470449967516542
G3 m00_joint_baseline,3,home,14035682,-2.437888837193807
G3 m00_joint_baseline,3,home,14035686,-0.03899032974444225
G3 m00_joint_baseline,3,home,14035684,2.565338371578007
G3 m00_joint_baseline,3,home,14035685,-0.3541641686334233
G3 m00_joint_baseline,3,home,14035511,0.6686666291674996
G3 m00_joint_baseline,3,home,14035510,-0.7376271028360165
G3 m00_joint_baseline,3,home,14035509,0.861065017514688
G3 m00_joint_baseline,3,home,14035508,-1.6714190931682493
G3 m00_joint_baseline,3,home,14035507,-1.08221557222929
G3 m00_joint_baseline,3,home,14035514,-1.2313417357623575
G3 m00_joint_baseline,3,home,14035515,-2.6405462482380027
G3 m00_joint_baseline,3,home,14035512,0.7149937003300333
G3 m00_joint_baseline,3,home,14035513,-0.6750713239938876
G3 m00_joint_baseline,3,home,14035516,1.3507458893283513
G3 m00_joint_baseline,3,home,14035687,0.21130915094287056
G3 m00_joint_baseline,3,home,14035695,0.08356066179347493
G3 m00_joint_baseline,3,home,14035689,-1.1578124965706522
G3 m00_joint_baseline,3,home,14035692,0.8842832430994446
G3 m00_joint_baseline,3,home,14035688,-1.8316132477660694
G3 m00_joint_baseline,3,home,14035694,-0.3712885803531236
G3 m00_joint_baseline,3,home,14035690,-0.07727037865226236
G3 m00_joint_baseline,3,home,14035693,-0.0772443033296498
G3 m00_joint_baseline,3,home,14035691,0.5796298601351959
G3 m00_joint_baseline,3,home,14035697,-0.3112115506006671
G3 m00_joint_baseline,3,home,14035517,-1.166685977428185
G3 m00_joint_baseline,3,home,14035518,0.7378350989004371
G3 m00_joint_baseline,3,home,14035519,1.638048358847583
G3 m00_joint_baseline,3,home,14035521,0.6693037413798189
G3 m00_joint_baseline,3,home,14035520,0.3504581626983479
G3 m00_joint_baseline,3,home,14035524,0.8640621109926095
G3 m00_joint_baseline,3,home,14035522,1.396956829971979
G3 m00_joint_baseline,3,home,14035526,0.12621936957802604
G3 m00_joint_baseline,3,home,14035525,0.7501474741259048
G3 m00_joint_baseline,3,home,14035523,-0.5396809981226968
G3 m00_joint_baseline,3,home,14035700,0.5206182373050192
G3 m00_joint_baseline,3,home,14035703,1.3533121359698896
G3 m00_joint_baseline,3,home,14035698,-0.7574630041167454
G3 m00_joint_baseline,3,home,14035696,0.31397430589393516
G3 m00_joint_baseline,3,home,14035699,0.6950156687364244
G3 m00_joint_baseline,3,home,14035706,-1.8722373238258343
G3 m00_joint_baseline,3,home,14035704,0.7153928418459412
G3 m00_joint_baseline,3,home,14035702,0.2228306952318881
G3 m00_joint_baseline,3,home,14035701,0.8499072600056572
G3 m00_joint_baseline,3,home,14035705,-1.2249741504559832
G3 m00_joint_baseline,3,home,14501655,-1.4855217921757602
G3 m00_joint_baseline,3,home,14035529,0.15750001836346467
G3 m00_joint_baseline,3,home,14035528,-1.8766144682184946
G3 m00_joint_baseline,3,home,14035531,1.243507462143178
G3 m00_joint_baseline,3,home,14035527,-0.27580853685971396
G3 m00_joint_baseline,3,home,14035530,-0.9386779338060173
G3 m00_joint_baseline,3,home,14035709,1.3229819692174902
G3 m00_joint_baseline,3,home,14035708,0.22157768157266888
G3 m00_joint_baseline,3,home,14035710,-0.8331845999257631
G3 m00_joint_baseline,3,home,14035707,-0.7107365459941215
G3 m00_joint_baseline,3,home,14035711,-0.9466625652155359
G3 m00_joint_baseline,3,home,14035532,-0.577235433790855
G3 m00_joint_baseline,3,home,14035534,-0.9154743989320852
G3 m00_joint_baseline,3,home,14035533,-1.2487915958369298
G3 m00_joint_baseline,3,home,14035535,-0.8765512476808985
G3 m00_joint_baseline,3,home,14297746,-1.047952587179794
G3 m00_joint_baseline,3,home,14035538,0.14617328956350373
G3 m00_joint_baseline,3,home,14035539,-0.20387632775389933
G3 m00_joint_baseline,3,home,14035536,0.8998813832559923
G3 m00_joint_baseline,3,home,14035540,-0.18123854661164313
G3 m00_joint_baseline,3,home,14035542,-0.08789231096690305
G3 m00_joint_baseline,3,home,14035713,-1.0359247548860733
G3 m00_joint_baseline,3,home,14035714,0.8410484715832338
G3 m00_joint_baseline,3,home,14035716,0.7885869420220947
G3 m00_joint_baseline,3,home,14035715,1.320815575027061
G3 m00_joint_baseline,3,home,14035712,0.35189646267163355
G3 m00_joint_baseline,3,home,14035546,-0.624071446889003
G3 m00_joint_baseline,3,home,14035541,1.1954631443021428
G3 m00_joint_baseline,3,home,14035544,0.07001157120553682
G3 m00_joint_baseline,3,home,14035545,1.2204088995650106
G3 m00_joint_baseline,3,home,14035543,-1.1332524216767121
G3 m00_joint_baseline,3,home,14035548,-0.49328128457461257
G3 m00_joint_baseline,3,home,14035555,0.846812106298689
G3 m00_joint_baseline,3,home,14035549,-0.13777918622847415
G3 m00_joint_baseline,3,home,14035554,-0.6930467354473646
G3 m00_joint_baseline,3,home,14035717,0.25002473572012834
G3 m00_joint_baseline,3,home,14035718,0.42156295977420466
G3 m00_joint_baseline,3,home,14035719,0.04736623562187859
G3 m00_joint_baseline,3,home,14035735,-1.5516450573039946
G3 m00_joint_baseline,3,home,14035720,0.02233939817559355
G3 m00_joint_baseline,3,home,14035722,-0.009385826156447239
G3 m00_joint_baseline,3,home,14035721,-0.775122346543507
G3 m00_joint_baseline,3,home,14035725,0.11752443193985751
G3 m00_joint_baseline,3,home,14035724,-0.223243788704364
G3 m00_joint_baseline,3,home,14035723,-1.3761344912497955
G3 m00_joint_baseline,3,home,14035551,1.1821740454628995
G3 m00_joint_baseline,3,home,14035559,0.7993647199148993
G3 m00_joint_baseline,3,home,14035550,-2.657925993188981
G3 m00_joint_baseline,3,home,14035556,-0.6251640624315239
G3 m00_joint_baseline,3,home,14035552,1.8983755808493175
G3 m00_joint_baseline,3,home,15017622,0.5032174657166611
G3 m00_joint_baseline,3,home,14035727,-0.15311094161962513
G3 m00_joint_baseline,3,home,14035729,-0.45769543953103126
G3 m00_joint_baseline,3,home,14035726,-0.6602694628122613
G3 m00_joint_baseline,3,home,14035730,-0.9703358429025509
G3 m00_joint_baseline,3,home,14035728,-0.4989782067342383
G3 m00_joint_baseline,3,home,14035553,-0.19448403462644082
G3 m00_joint_baseline,3,home,14035562,-0.7795301451959371
G3 m00_joint_baseline,3,home,14035558,-1.209091084850308
G3 m00_joint_baseline,3,home,14035560,1.6857121703411373
G3 m00_joint_baseline,3,home,14035563,-0.7633980255570322
G3 m00_joint_baseline,3,home,14035564,1.843382676829549
G3 m00_joint_baseline,3,home,14035561,-1.844582288284012
G3 m00_joint_baseline,3,home,14035565,1.6582601799273204
G3 m00_joint_baseline,3,home,14035566,1.2978421119530894
G3 m00_joint_baseline,3,home,14035731,-0.6046361444612111
G3 m00_joint_baseline,3,home,14035732,1.5476163034872452
G3 m00_joint_baseline,3,home,14035736,0.9747765098038704
G3 m00_joint_baseline,3,home,14035733,0.2388210163158115
G3 m00_joint_baseline,3,home,14035734,-0.6807034323867049
G3 m00_joint_baseline,3,home,14035739,0.27663023838426254
G3 m00_joint_baseline,3,home,14035740,-0.02861127068944278
G3 m00_joint_baseline,3,home,14035737,1.6136532423843286
G3 m00_joint_baseline,3,home,14035738,-0.4692120722826007
G3 m00_joint_baseline,3,home,14035741,0.06057610661992521
G3 m00_joint_baseline,3,home,14035568,-0.4430879470932707
G3 m00_joint_baseline,3,home,14035569,0.4950757157071917
G3 m00_joint_baseline,3,home,14035572,-0.36884084076860546
G3 m00_joint_baseline,3,home,14035570,-0.31919218414925643
G3 m00_joint_baseline,3,home,14035567,-1.145344389305174
G3 m00_joint_baseline,3,home,14035574,2.0448531596511192
G3 m00_joint_baseline,3,home,14035575,0.9752422918214917
G3 m00_joint_baseline,3,home,14035571,-2.5164682712399182
G3 m00_joint_baseline,3,home,14035576,-1.6242566662627547
G3 m00_joint_baseline,3,home,14035573,-1.3320709593699478
G3 m00_joint_baseline,3,home,14035742,0.000623105652996013
G3 m00_joint_baseline,3,home,14035745,-0.2952004876860828
G3 m00_joint_baseline,3,home,14035747,-0.46704939380963356
G3 m00_joint_baseline,3,home,14035744,0.43297083782278317
G3 m00_joint_baseline,3,home,14035743,-0.24665917495209452
G3 m00_joint_baseline,3,home,14035750,-0.39162529741072954
G3 m00_joint_baseline,3,home,14035751,1.7210460565748442
G3 m00_joint_baseline,3,home,14035749,0.12424208778642616
G3 m00_joint_baseline,3,home,14035748,-0.29737904193013454
G3 m00_joint_baseline,3,home,14035746,0.6822231836483879
G3 m00_joint_baseline,3,home,14035582,0.6802197869512638
G3 m00_joint_baseline,3,home,14035580,-0.2753069070289269
G3 m00_joint_baseline,3,home,14035586,-1.3043166284187757
G3 m00_joint_baseline,3,home,14035585,2.521384860242989
G3 m00_joint_baseline,3,home,14035583,0.7119429854638096
G3 m00_joint_baseline,3,home,14035755,0.16856164045399624
G3 m00_joint_baseline,3,home,14035756,-0.36300304107286546
G3 m00_joint_baseline,3,home,14035752,-0.22408248572685527
G3 m00_joint_baseline,3,home,14035760,-0.32982259585649404
G3 m00_joint_baseline,3,home,14035761,0.3102710411846676
G3 m00_joint_baseline,3,home,15363335,0.3705425776696769
G3 m00_joint_baseline,3,home,15305942,-0.9443347665218823
G3 m00_joint_baseline,3,home,15374710,1.6344707027039131
G3 m00_joint_baseline,3,home,14035591,0.5040061307021853
G3 m00_joint_baseline,3,home,14035588,1.018970110035827
G3 m00_joint_baseline,3,home,14035587,-0.4093519823881702
G3 m00_joint_baseline,3,home,14035590,-1.1451020172014093
G3 m00_joint_baseline,3,home,14035767,-0.24998085546479037
G3 m00_joint_baseline,3,home,14035771,0.7841003196218341
G3 m00_joint_baseline,3,home,14035768,0.7143786945789744
G3 m00_joint_baseline,3,home,14035766,0.6847178599433674
G3 m00_joint_baseline,3,home,14035769,-1.492314597923466
G3 m00_joint_baseline,3,home,14035770,-0.9338215206050267
G3 m00_joint_baseline,3,home,14035592,0.8583579933824178
G3 m00_joint_baseline,3,home,14035594,1.2806799816903813
G3 m00_joint_baseline,3,home,14035595,-0.622419086657641
G3 m00_joint_baseline,3,home,14035593,0.5131560215235716
G3 m00_joint_baseline,3,home,14035597,0.2492070904953186
G3 m00_joint_baseline,3,home,14035598,0.9331917852525381
G3 m00_joint_baseline,3,home,14035596,0.12249501445477022
G3 m00_joint_baseline,3,home,15399014,-1.7599735191907084
G3 m00_joint_baseline,3,home,14035774,-0.1389383941673863
G3 m00_joint_baseline,3,home,14035773,1.4091276188589588
G3 m00_joint_baseline,3,home,14035772,0.1383876604957077
G3 m00_joint_baseline,3,home,14035775,1.0091921107735886
G3 m00_joint_baseline,3,home,14035776,-0.37181748233560685
G3 m00_joint_baseline,3,home,14035782,-1.0689164606627215
G3 m00_joint_baseline,3,home,14035777,0.4793503173039505
G3 m00_joint_baseline,3,home,14035781,-0.8358877351050776
G3 m00_joint_baseline,3,home,15456958,-0.1274424854641375
G3 m00_joint_baseline,3,home,14035602,0.7482548147548546
G3 m00_joint_baseline,3,home,14035606,-0.4862591131634175
G3 m00_joint_baseline,3,home,14035603,-1.7809796416735364
G3 m00_joint_baseline,3,home,14035604,0.36707245659687177
G3 m00_joint_baseline,3,home,14035605,-0.15570111111682217
G3 m00_joint_baseline,3,home,15332289,1.2055860296323564
G3 m00_joint_baseline,3,home,15368752,-0.7186546139617838
G3 m00_joint_baseline,3,home,14035607,-0.8618962796433599
G3 m00_joint_baseline,3,home,14035608,-0.23933144620367322
G3 m00_joint_baseline,3,home,14035610,1.0805286454066463
G3 m00_joint_baseline,3,home,14035609,1.55775256220235
G3 m00_joint_baseline,3,home,14035611,0.8747560198149809
G3 m00_joint_baseline,3,home,15336943,-0.8005445173532957
G3 m00_joint_baseline,3,home,15416466,-0.6497571772162637
G3 m00_joint_baseline,3,home,14035787,-1.613297716406869
G3 m00_joint_baseline,3,home,14035778,0.5449922807855014
G3 m00_joint_baseline,3,home,15366428,-0.3216857980453755
G3 m00_joint_baseline,3,home,15547533,-1.2721498833910465
G3 m00_joint_baseline,3,home,14035786,0.6590580348516349
G3 m00_joint_baseline,3,home,14035788,2.225124416811209
G3 m00_joint_baseline,3,home,14035789,-0.23166492723062512
G3 m00_joint_baseline,3,home,14035790,0.3271611388447965
G3 m00_joint_baseline,3,home,14035792,0.3487548160979933
G3 m00_joint_baseline,3,home,14035614,-1.361657738233545
G3 m00_joint_baseline,3,home,14035616,-0.2935782404132719
G3 m00_joint_baseline,3,home,14035613,-0.6469748387550981
G3 m00_joint_baseline,3,home,14035612,-0.9196805326782999
G3 m00_joint_baseline,3,home,14035615,-1.1336319117262303
G3 m00_joint_baseline,3,home,15490658,-0.33509358597395744
G3 m00_joint_baseline,3,home,15490775,-1.5289053736998885
G3 m00_joint_baseline,3,home,14035620,0.6122287793427533
G3 m00_joint_baseline,3,home,14035618,0.3333218828179201
G3 m00_joint_baseline,3,home,14035619,-1.385468950213411
G3 m00_joint_baseline,3,home,14035617,0.677141531940486
G3 m00_joint_baseline,3,home,14035621,-0.3006504012905625
G3 m00_joint_baseline,3,home,15399013,-1.9989257877452973
G3 m00_joint_baseline,3,home,15416481,0.9260012950686022
G3 m00_joint_baseline,3,home,15395623,0.4965126686534613
G3 m00_joint_baseline,3,home,14035796,1.7562696243045615
G3 m00_joint_baseline,3,home,14035794,-0.05187535108266165
G3 m00_joint_baseline,3,home,14035791,-0.43067080701189653
G3 m00_joint_baseline,3,home,14035793,-0.8541028029931227
G3 m00_joint_baseline,3,home,14035795,0.10792766770218196
G3 m00_joint_baseline,3,home,15458714,0.4222858111730477
G3 m00_joint_baseline,3,home,14035801,0.1445170529727217
G3 m00_joint_baseline,3,home,14035798,1.471428844462916
G3 m00_joint_baseline,3,home,14035799,1.31074636309423
G3 m00_joint_baseline,3,home,14035800,1.5031647408238273
G3 m00_joint_baseline,3,home,14035797,0.7846126560816216
G3 m00_joint_baseline,3,home,15530801,1.5482881124113457
G3 m00_joint_baseline,3,home,14035622,0.16212556714278709
G3 m00_joint_baseline,3,home,14035624,0.07810209620477551
G3 m00_joint_baseline,3,home,14035626,-1.1371622590272978
G3 m00_joint_baseline,3,home,14035627,-0.6450880618902366
G3 m00_joint_baseline,3,home,14035623,2.2387899963541056
G3 m00_joint_baseline,3,home,15457468,1.520131907643162
G3 m00_joint_baseline,3,home,14035625,0.9590243124798816
G3 m00_joint_baseline,3,home,14035628,0.47366820238206014
G3 m00_joint_baseline,3,home,14035631,0.1859956048401816
G3 m00_joint_baseline,3,home,14035629,0.16904320710141904
G3 m00_joint_baseline,3,home,14035632,-0.1557569416777116
G3 m00_joint_baseline,3,home,15422405,0.6767071791898488
G3 m00_joint_baseline,3,home,15588942,0.5655434979796816
G3 m00_joint_baseline,3,home,14035804,1.3114975473809174
G3 m00_joint_baseline,3,home,14035803,-0.23868818964186875
G3 m00_joint_baseline,3,home,14035805,0.2734474580201056
G3 m00_joint_baseline,3,home,14035806,0.8921510303765381
G3 m00_joint_baseline,3,home,14035802,-1.2130386393434902
G3 m00_joint_baseline,3,home,15588903,-0.2531355244252575
G3 m00_joint_baseline,3,home,14035808,0.2422595933660748
G3 m00_joint_baseline,3,home,14035811,0.8806186449670241
G3 m00_joint_baseline,3,home,14035810,0.2281838267020144
G3 m00_joint_baseline,3,home,14035809,-0.9788823933040972
G3 m00_joint_baseline,3,home,14035807,0.5477813376968208
G3 m00_joint_baseline,3,home,14035637,0.06756053023295391
G3 m00_joint_baseline,3,home,14035633,-0.6871323291695728
G3 m00_joint_baseline,3,home,14035635,0.9556304591175603
G3 m00_joint_baseline,3,home,14035630,-0.1149891070301313
G3 m00_joint_baseline,3,home,14035638,1.3161215406838587
G3 m00_joint_baseline,3,home,14035636,-1.170114473777036
G3 m00_joint_baseline,3,home,14035634,-0.17889886344242525
G3 m00_joint_baseline,3,home,14035645,-0.38495549608632734
G3 m00_joint_baseline,3,home,15588896,0.7275567413669407
G3 m00_joint_baseline,3,home,15588927,1.3827862186331854
G3 m00_joint_baseline,3,home,14035814,0.5449637454707972
G3 m00_joint_baseline,3,home,14035816,0.0696951785232186
G3 m00_joint_baseline,3,home,14035815,0.47594616612153956
G3 m00_joint_baseline,3,home,14035813,0.004960225837489045
G3 m00_joint_baseline,3,home,14035812,-0.22681213033816752
G3 m00_joint_baseline,3,home,14035819,-0.9320463222901945
G3 m00_joint_baseline,3,home,14035818,0.4922505774520619
G3 m00_joint_baseline,3,home,14035827,0.705710834211816
G3 m00_joint_baseline,3,home,14035820,-0.4766598993559098
G3 m00_joint_baseline,3,home,14035817,0.5941321945986061
G3 m00_joint_baseline,3,home,15881894,0.5006751699299996
G3 m00_joint_baseline,3,home,14035640,-0.4818837097161951
G3 m00_joint_baseline,3,home,14035642,0.9702671488055984
G3 m00_joint_baseline,3,home,14035643,1.0437199059919675
G3 m00_joint_baseline,3,home,14035641,-0.23338580365607225
G3 m00_joint_baseline,3,home,14035644,0.3471432529947595
G3 m00_joint_baseline,3,home,15680573,-1.0071823674368574
G3 m00_joint_baseline,3,home,14035650,-2.5191745922656796
G3 m00_joint_baseline,3,home,14035647,1.0779651626609998
G3 m00_joint_baseline,3,home,14035646,0.14876240319941425
G3 m00_joint_baseline,3,home,14035648,-0.9494509032845166
G3 m00_joint_baseline,3,home,14035651,-0.6213138414834491
G3 m00_joint_baseline,3,home,14035821,0.4271865029650786
G3 m00_joint_baseline,3,home,14035823,-0.3555304027325986
G3 m00_joint_baseline,3,home,14035822,-0.20497874875450364
G3 m00_joint_baseline,3,home,14035826,-1.2266264433032266
G3 m00_joint_baseline,3,home,14035824,-1.6631296861303444
G3 m00_joint_baseline,3,home,14032717,0.930488568805324
G3 m00_joint_baseline,3,home,14032707,1.566089131269039
G3 m00_joint_baseline,3,home,14032715,0.1085487534413152
G3 m00_joint_baseline,3,home,14032721,-0.6005027803060744
G3 m00_joint_baseline,3,home,14032718,-1.2314661757306333
G3 m00_joint_baseline,3,home,14035653,-0.594362257635086
G3 m00_joint_baseline,3,home,14035652,0.05361976282557142
G3 m00_joint_baseline,3,home,14035654,0.3447566573997947
G3 m00_joint_baseline,3,home,14035655,1.0706559830970237
G3 m00_joint_baseline,3,home,14035656,0.022502907038791646
G3 m00_joint_baseline,3,home,14032710,1.0262143016643475
G3 m00_joint_baseline,3,home,14032708,-1.5037103512228396
G3 m00_joint_baseline,3,home,14032714,-0.21232674376416819
G3 m00_joint_baseline,3,home,14032719,1.4994961784921765
G3 m00_joint_baseline,3,home,14032720,-0.220785545477168
G3 m00_joint_baseline,3,away,12477128,-0.11676609134821408
G3 m00_joint_baseline,3,away,12477134,0.18524492056891562
G3 m00_joint_baseline,3,away,12477131,1.1311271111926613
G3 m00_joint_baseline,3,away,12477135,-1.605286360279313
G3 m00_joint_baseline,3,away,12477132,-0.20840697435095148
G3 m00_joint_baseline,3,away,12476800,-1.4332985601079076
G3 m00_joint_baseline,3,away,12476794,0.31153029405567606
G3 m00_joint_baseline,3,away,12476797,-0.9007719137216673
G3 m00_joint_baseline,3,away,12476799,-1.3696412540987224
G3 m00_joint_baseline,3,away,12476798,1.5218299872241834
G3 m00_joint_baseline,3,away,12477129,0.5441200722787124
G3 m00_joint_baseline,3,away,12477126,0.5462648245767764
G3 m00_joint_baseline,3,away,12477130,0.6201443909169869
G3 m00_joint_baseline,3,away,12477123,-1.4056087088785154
G3 m00_joint_baseline,3,away,12477133,-0.4804837449415102
G3 m00_joint_baseline,3,away,12476632,-1.4331502530073945
G3 m00_joint_baseline,3,away,12476633,0.10331344982115476
G3 m00_joint_baseline,3,away,12476630,-0.8130867810975818
G3 m00_joint_baseline,3,away,12476635,-0.16941943692898379
G3 m00_joint_baseline,3,away,12476636,-1.6166282869615303
G3 m00_joint_baseline,3,away,12476793,-0.21715839970795175
G3 m00_joint_baseline,3,away,12476795,0.009865955351133625
G3 m00_joint_baseline,3,away,12476796,1.2973052917431416
G3 m00_joint_baseline,3,away,12476792,-1.7611304863432713
G3 m00_joint_baseline,3,away,12476790,-0.9432034366598704
G3 m00_joint_baseline,3,away,12476788,-0.8635035146569282
G3 m00_joint_baseline,3,away,12476786,0.6176988499601846
G3 m00_joint_baseline,3,away,12476787,-0.1880696771164745
G3 m00_joint_baseline,3,away,12476791,0.47363985614785037
G3 m00_joint_baseline,3,away,12476789,-1.624481795261277
G3 m00_joint_baseline,3,away,12476629,-0.3081788720512167
G3 m00_joint_baseline,3,away,12476634,0.603876142038677
G3 m00_joint_baseline,3,away,12476623,-1.8478850614032873
G3 m00_joint_baseline,3,away,12476631,0.23891412692471053
G3 m00_joint_baseline,3,away,12476624,-0.651510013810767
G3 m00_joint_baseline,3,away,12476627,1.44268600261796
G3 m00_joint_baseline,3,away,12476625,-0.07306031272206054
G3 m00_joint_baseline,3,away,12476621,-0.3894180547451045
G3 m00_joint_baseline,3,away,12476622,2.0029281863731065
G3 m00_joint_baseline,3,away,12476782,-1.275559970004894
G3 m00_joint_baseline,3,away,12476785,-2.880948334930904
G3 m00_joint_baseline,3,away,12476784,0.4990562652214728
G3 m00_joint_baseline,3,away,12476781,-0.6333443406737111
G3 m00_joint_baseline,3,away,12476779,0.06990208592372284
G3 m00_joint_baseline,3,away,12476619,0.09571911566872968
G3 m00_joint_baseline,3,away,12476620,1.3127819248710562
G3 m00_joint_baseline,3,away,12476618,-1.3108114873131693
G3 m00_joint_baseline,3,away,12476626,-1.1621571023563713
G3 m00_joint_baseline,3,away,12476617,-0.20701436325242772
G3 m00_joint_baseline,3,away,12476780,0.7490748375299336
G3 m00_joint_baseline,3,away,12476778,1.3924899603172864
G3 m00_joint_baseline,3,away,12476776,-1.6273837795374324
G3 m00_joint_baseline,3,away,12476777,-0.03786479835441149
G3 m00_joint_baseline,3,away,12476783,-0.24262021297179756
G3 m00_joint_baseline,3,away,12476772,0.15731938115706315
G3 m00_joint_baseline,3,away,12476774,-0.7922742053373616
G3 m00_joint_baseline,3,away,12476771,-0.5034790244834608
G3 m00_joint_baseline,3,away,12476773,-2.2677258256769313
G3 m00_joint_baseline,3,away,12476775,-0.9158340396016729
G3 m00_joint_baseline,3,away,12476611,-0.22190453984256242
G3 m00_joint_baseline,3,away,12476616,0.37764320995565975
G3 m00_joint_baseline,3,away,12476614,-0.19385370021295983
G3 m00_joint_baseline,3,away,12476612,-0.8807065164171033
G3 m00_joint_baseline,3,away,12476615,0.0913076882941163
G3 m00_joint_baseline,3,away,12811090,-0.15363474309845665
G3 m00_joint_baseline,3,away,12476607,-0.5197647262447872
G3 m00_joint_baseline,3,away,12476613,-1.2887071595444353
G3 m00_joint_baseline,3,away,12476606,0.38260849692359683
G3 m00_joint_baseline,3,away,12476603,0.09877196203815014
G3 m00_joint_baseline,3,away,12476770,-0.9171576150327907
G3 m00_joint_baseline,3,away,12476767,-0.611286200652126
G3 m00_joint_baseline,3,away,12476766,0.45648391588794074
G3 m00_joint_baseline,3,away,12476769,-0.9251691895764186
G3 m00_joint_baseline,3,away,12476768,2.0596907933069817
G3 m00_joint_baseline,3,away,12476761,-1.2261554868936284
G3 m00_joint_baseline,3,away,12476765,0.9736948410625512
G3 m00_joint_baseline,3,away,12476764,2.5337176130108245
G3 m00_joint_baseline,3,away,12476762,-1.9185730241720038
G3 m00_joint_baseline,3,away,12476759,1.5608023430078204
G3 m00_joint_baseline,3,away,12476604,0.6972623003019622
G3 m00_joint_baseline,3,away,12476609,0.6036774575995788
G3 m00_joint_baseline,3,away,12476610,1.317904725508244
G3 m00_joint_baseline,3,away,12476601,0.45080345809099215
G3 m00_joint_baseline,3,away,12476605,0.04074632530932354
G3 m00_joint_baseline,3,away,12476600,-1.5408985031919529
G3 m00_joint_baseline,3,away,12476598,0.1483866450716891
G3 m00_joint_baseline,3,away,12476599,-0.09859535915828191
G3 m00_joint_baseline,3,away,12476597,0.1463323464147982
G3 m00_joint_baseline,3,away,12476602,-0.35864831799612107
G3 m00_joint_baseline,3,away,12476760,-2.0665335742519315
G3 m00_joint_baseline,3,away,12476763,1.3211438600395131
G3 m00_joint_baseline,3,away,12476758,-0.6026215487775286
G3 m00_joint_baseline,3,away,12476757,0.46716981331519
G3 m00_joint_baseline,3,away,12476756,-0.030311518387782337
G3 m00_joint_baseline,3,away,12954858,-1.7098797200935991
G3 m00_joint_baseline,3,away,12476594,-0.4319263256627424
G3 m00_joint_baseline,3,away,12476592,1.49240972959343
G3 m00_joint_baseline,3,away,12476595,-0.7536434343745014
G3 m00_joint_baseline,3,away,12476593,-1.604641533491765
G3 m00_joint_baseline,3,away,12476596,-1.6672217596923204
G3 m00_joint_baseline,3,away,12476750,0.5709755794355946
G3 m00_joint_baseline,3,away,12476753,-0.1480347107550281
G3 m00_joint_baseline,3,away,12476755,-0.12863314385574
G3 m00_joint_baseline,3,away,12476752,-0.5873107596503166
G3 m00_joint_baseline,3,away,12476751,0.2725245172378965
G3 m00_joint_baseline,3,away,12476749,1.2844176291191103
G3 m00_joint_baseline,3,away,12476748,-1.913450467723201
G3 m00_joint_baseline,3,away,12476739,-0.1988164040743097
G3 m00_joint_baseline,3,away,12476741,-2.0055193856835176
G3 m00_joint_baseline,3,away,12476754,-2.049779084703296
G3 m00_joint_baseline,3,away,12476589,-1.2164904085662114
G3 m00_joint_baseline,3,away,12476587,-0.15033244665277057
G3 m00_joint_baseline,3,away,12476591,0.958833108859555
G3 m00_joint_baseline,3,away,12476590,0.040353868229369864
G3 m00_joint_baseline,3,away,12476588,-0.614563743797402
G3 m00_joint_baseline,3,away,12476746,0.2971629067071111
G3 m00_joint_baseline,3,away,12476747,-1.8048805174900506
G3 m00_joint_baseline,3,away,12476742,0.9430390148549033
G3 m00_joint_baseline,3,away,12476745,-0.24974487836881712
G3 m00_joint_baseline,3,away,12476743,-0.3776359782019813
G3 m00_joint_baseline,3,away,12476737,0.2223842279036939
G3 m00_joint_baseline,3,away,12476735,-1.814743661505209
G3 m00_joint_baseline,3,away,12476744,-0.4155909290580432
G3 m00_joint_baseline,3,away,12476738,-0.8709265734583508
G3 m00_joint_baseline,3,away,12476740,0.3479751948355911
G3 m00_joint_baseline,3,away,12476586,1.3040053830069962
G3 m00_joint_baseline,3,away,12476582,0.7453907465278742
G3 m00_joint_baseline,3,away,12476579,1.664835778999106
G3 m00_joint_baseline,3,away,12476585,-2.084108766993326
G3 m00_joint_baseline,3,away,12476583,-1.814281067722752
G3 m00_joint_baseline,3,away,12476584,1.3871417763576277
G3 m00_joint_baseline,3,away,12476581,-0.49171205563011405
G3 m00_joint_baseline,3,away,12476580,-0.3256732796835873
G3 m00_joint_baseline,3,away,12476574,0.3979348471880994
G3 m00_joint_baseline,3,away,12476578,-1.0804931596538419
G3 m00_joint_baseline,3,away,12476731,-0.400615369298322
G3 m00_joint_baseline,3,away,12476548,0.05260213913019015
G3 m00_joint_baseline,3,away,13179032,1.377356554194721
G3 m00_joint_baseline,3,away,13171689,0.6645494485887508
G3 m00_joint_baseline,3,away,12476727,1.4805202548972662
G3 m00_joint_baseline,3,away,12476729,-0.2334685352639755
G3 m00_joint_baseline,3,away,12476724,-1.7312392328279993
G3 m00_joint_baseline,3,away,12476730,0.012303310938255
G3 m00_joint_baseline,3,away,12476728,0.5349486859135432
G3 m00_joint_baseline,3,away,12476720,1.1236059742207216
G3 m00_joint_baseline,3,away,12476722,-1.9920138352557537
G3 m00_joint_baseline,3,away,12476721,0.8614379489831897
G3 m00_joint_baseline,3,away,12476725,2.3968024548617186
G3 m00_joint_baseline,3,away,12476723,0.17803411076165387
G3 m00_joint_baseline,3,away,13171688,-0.3420705160706356
G3 m00_joint_baseline,3,away,12476562,1.5322511084985144
G3 m00_joint_baseline,3,away,12476564,0.880147045965463
G3 m00_joint_baseline,3,away,12476565,-0.2530570357661251
G3 m00_joint_baseline,3,away,13175772,1.505154243821147
G3 m00_joint_baseline,3,away,12476563,-1.513609248481352
G3 m00_joint_baseline,3,away,12476556,-0.496254093911838
G3 m00_joint_baseline,3,away,12476558,1.2096472836732544
G3 m00_joint_baseline,3,away,12476561,2.0220087452191575
G3 m00_joint_baseline,3,away,12476560,-0.03549564963876878
G3 m00_joint_baseline,3,away,13179034,0.3603370206549266
G3 m00_joint_baseline,3,away,12476726,0.4446397560278007
G3 m00_joint_baseline,3,away,12476718,2.0402786967080537
G3 m00_joint_baseline,3,away,12476716,-1.4844348228175457
G3 m00_joint_baseline,3,away,12476719,-1.1990503344608683
G3 m00_joint_baseline,3,away,12476717,0.5902583489206951
G3 m00_joint_baseline,3,away,12476713,2.358197972942718
G3 m00_joint_baseline,3,away,12476715,1.1125885819078571
G3 m00_joint_baseline,3,away,12476714,-1.1213485253056572
G3 m00_joint_baseline,3,away,12476710,0.050939559030165664
G3 m00_joint_baseline,3,away,12476712,-1.0255138565436577
G3 m00_joint_baseline,3,away,13175771,-0.4164976587525237
G3 m00_joint_baseline,3,away,13159980,0.3840192981008541
G3 m00_joint_baseline,3,away,12476551,-1.1900663898412671
G3 m00_joint_baseline,3,away,12476555,-1.9058866997317547
G3 m00_joint_baseline,3,away,12476557,-0.4303812549304829
G3 m00_joint_baseline,3,away,12476554,-0.9577148505706568
G3 m00_joint_baseline,3,away,12476550,-0.003808468197521466
G3 m00_joint_baseline,3,away,12476549,-1.6123703758646988
G3 m00_joint_baseline,3,away,12476547,-0.786019239522153
G3 m00_joint_baseline,3,away,12476552,-0.4755387098014597
G3 m00_joint_baseline,3,away,12476553,0.8946047711626189
G3 m00_joint_baseline,3,away,12476711,1.4731999406497267
G3 m00_joint_baseline,3,away,12476708,-2.4597447620267743
G3 m00_joint_baseline,3,away,12476707,-0.9110277141263328
G3 m00_joint_baseline,3,away,12476709,-0.7356714013754978
G3 m00_joint_baseline,3,away,12476706,-0.4165463782402551
G3 m00_joint_baseline,3,away,12476705,0.19439677143636128
G3 m00_joint_baseline,3,away,12476701,-2.061566585300419
G3 m00_joint_baseline,3,away,12476539,-1.6887528586150418
G3 m00_joint_baseline,3,away,12476545,-1.850341278844845
G3 m00_joint_baseline,3,away,12476546,-1.3086561082340713
G3 m00_joint_baseline,3,away,13217663,1.5907922139451758
G3 m00_joint_baseline,3,away,12476541,-0.8240804237864141
G3 m00_joint_baseline,3,away,12476544,-0.6013987023296598
G3 m00_joint_baseline,3,away,12476533,-0.10211794165284488
G3 m00_joint_baseline,3,away,13324922,1.5883861676616389
G3 m00_joint_baseline,3,away,13197505,0.8251160890559556
G3 m00_joint_baseline,3,away,12476697,0.6698440438557027
G3 m00_joint_baseline,3,away,12476698,2.3759882466934394
G3 m00_joint_baseline,3,away,12476700,1.0942691455950628
G3 m00_joint_baseline,3,away,12476696,-0.3932389807159019
G3 m00_joint_baseline,3,away,13315347,-1.9326918443929078
G3 m00_joint_baseline,3,away,12476531,0.3604750011435655
G3 m00_joint_baseline,3,away,12476529,1.2420710854126416
G3 m00_joint_baseline,3,away,12476538,0.6675910580486821
G3 m00_joint_baseline,3,away,13233442,0.5968406038805415
G3 m00_joint_baseline,3,away,12476519,-1.2948189568911619
G3 m00_joint_baseline,3,away,12476525,-1.7746475845685628
G3 m00_joint_baseline,3,away,12476523,-0.019782469361817708
G3 m00_joint_baseline,3,away,12476522,-0.9935011192775404
G3 m00_joint_baseline,3,away,12476524,-0.24593594096617516
G3 m00_joint_baseline,3,away,12476693,-0.5804035400681545
G3 m00_joint_baseline,3,away,12476695,0.3219547341835517
G3 m00_joint_baseline,3,away,12476691,1.089568748256445
G3 m00_joint_baseline,3,away,12476692,1.618485421312281
G3 m00_joint_baseline,3,away,12476699,-0.010428564376140254
G3 m00_joint_baseline,3,away,12476689,-1.0145110015129513
G3 m00_joint_baseline,3,away,12476685,1.1249075693351496
G3 m00_joint_baseline,3,away,12476686,-0.12201707269821936
G3 m00_joint_baseline,3,away,12476690,-0.0014624000006947418
G3 m00_joint_baseline,3,away,13343736,0.15344657482184948
G3 m00_joint_baseline,3,away,12476521,0.9133996633826941
G3 m00_joint_baseline,3,away,12476514,1.0902129012044828
G3 m00_joint_baseline,3,away,12476518,-0.7635987864893968
G3 m00_joint_baseline,3,away,12476520,-0.3819964815225605
G3 m00_joint_baseline,3,away,12476515,-0.741869245176337
G3 m00_joint_baseline,3,away,13348881,1.0399485401596622
G3 m00_joint_baseline,3,away,13255608,-2.4153380168432808
G3 m00_joint_baseline,3,away,12476516,0.16922797227578418
G3 m00_joint_baseline,3,away,12476512,0.16788058396614736
G3 m00_joint_baseline,3,away,12476511,-0.19683478577540522
G3 m00_joint_baseline,3,away,12476517,-1.4359754243093727
G3 m00_joint_baseline,3,away,12476513,1.7574044969282496
G3 m00_joint_baseline,3,away,13391276,-0.38574272258971903
G3 m00_joint_baseline,3,away,12476688,0.01320858374585435
G3 m00_joint_baseline,3,away,12476684,1.3954033270115342
G3 m00_joint_baseline,3,away,12476681,1.1021275393237653
G3 m00_joint_baseline,3,away,12476682,-0.7513871735041363
G3 m00_joint_baseline,3,away,12476679,0.2017099237393278
G3 m00_joint_baseline,3,away,12476678,0.23255304520631392
G3 m00_joint_baseline,3,away,12476675,-0.6643722559526402
G3 m00_joint_baseline,3,away,12476680,1.6390154062442837
G3 m00_joint_baseline,3,away,12476677,1.5134989208084033
G3 m00_joint_baseline,3,away,12476508,0.234383185724067
G3 m00_joint_baseline,3,away,12476510,-1.1744701831172546
G3 m00_joint_baseline,3,away,12476506,0.3719682792267487
G3 m00_joint_baseline,3,away,12476509,0.942156568882363
G3 m00_joint_baseline,3,away,12476507,-1.7167298662913368
G3 m00_joint_baseline,3,away,12476502,-1.8976557081881946
G3 m00_joint_baseline,3,away,12476500,0.7100037978433799
G3 m00_joint_baseline,3,away,12476501,-1.5539842324174198
G3 m00_joint_baseline,3,away,12476505,0.6733004516709228
G3 m00_joint_baseline,3,away,12476504,0.9267818759541038
G3 m00_joint_baseline,3,away,13415294,-0.4452714060576295
G3 m00_joint_baseline,3,away,12476674,-0.2138400828702684
G3 m00_joint_baseline,3,away,12476671,-1.6550024590431835
G3 m00_joint_baseline,3,away,12476670,-0.19604575233625576
G3 m00_joint_baseline,3,away,12476672,0.9066442451294751
G3 m00_joint_baseline,3,away,12476669,0.0007777064627032331
G3 m00_joint_baseline,3,away,13343733,0.13576751038796725
G3 m00_joint_baseline,3,away,12476667,-0.0693781970907553
G3 m00_joint_baseline,3,away,12476662,-0.036598842537524524
G3 m00_joint_baseline,3,away,12476673,0.5749549682321808
G3 m00_joint_baseline,3,away,12476676,1.3412593549871108
G3 m00_joint_baseline,3,away,12476668,-0.9131398587601105
G3 m00_joint_baseline,3,away,12476526,-0.021133879551976126
G3 m00_joint_baseline,3,away,12476497,-1.1938475376344828
G3 m00_joint_baseline,3,away,12476499,-0.6951173206278504
G3 m00_joint_baseline,3,away,12476496,-0.9928301449137459
G3 m00_joint_baseline,3,away,12476498,0.2914066066323725
G3 m00_joint_baseline,3,away,12476495,-0.5423799480249772
G3 m00_joint_baseline,3,away,13436762,0.8659008546647323
G3 m00_joint_baseline,3,away,12476490,0.38863598238675845
G3 m00_joint_baseline,3,away,12476492,0.20719559487724626
G3 m00_joint_baseline,3,away,12476489,-0.733290270547303
G3 m00_joint_baseline,3,away,12476493,-1.154428407701335
G3 m00_joint_baseline,3,away,12476491,0.21941421830033073
G3 m00_joint_baseline,3,away,13399583,2.242336808283803
G3 m00_joint_baseline,3,away,13480337,0.37703317222366184
G3 m00_joint_baseline,3,away,12476665,0.021412158803601016
G3 m00_joint_baseline,3,away,12476661,0.4821313455332475
G3 m00_joint_baseline,3,away,12476666,-0.1288373144456066
G3 m00_joint_baseline,3,away,12476663,-0.8555268222061507
G3 m00_joint_baseline,3,away,12476660,0.4403475472226095
G3 m00_joint_baseline,3,away,12640468,0.014929732465555684
G3 m00_joint_baseline,3,away,12476657,0.4704618691374531
G3 m00_joint_baseline,3,away,12476659,-0.8841900793699126
G3 m00_joint_baseline,3,away,12476664,-0.7203027914579584
G3 m00_joint_baseline,3,away,12476658,0.14450198573415857
G3 m00_joint_baseline,3,away,13343735,0.9753252845101792
G3 m00_joint_baseline,3,away,12476485,-2.1204467287645445
G3 m00_joint_baseline,3,away,12476487,0.753816716191065
G3 m00_joint_baseline,3,away,12476486,-2.2454625130129453
G3 m00_joint_baseline,3,away,12476488,1.9406592077192144
G3 m00_joint_baseline,3,away,12476494,0.03641402368295886
G3 m00_joint_baseline,3,away,12476483,0.22837213791712224
G3 m00_joint_baseline,3,away,12476484,-0.30936715066138515
G3 m00_joint_baseline,3,away,12476482,0.8455426981508495
G3 m00_joint_baseline,3,away,12476478,0.6806911470137715
G3 m00_joint_baseline,3,away,12476481,-0.31606179444825244
G3 m00_joint_baseline,3,away,12476656,1.2200134885834704
G3 m00_joint_baseline,3,away,12476654,-1.1324439481421738
G3 m00_joint_baseline,3,away,12476652,-0.5254368634893422
G3 m00_joint_baseline,3,away,12476651,1.5664218744092597
G3 m00_joint_baseline,3,away,12476655,0.13123548241878433
G3 m00_joint_baseline,3,away,12476648,1.7499966028598288
G3 m00_joint_baseline,3,away,12476649,-0.024664402042169898
G3 m00_joint_baseline,3,away,12476653,0.4358509853169515
G3 m00_joint_baseline,3,away,12476650,3.1505951454725376
G3 m00_joint_baseline,3,away,12476646,2.422574200510416
G3 m00_joint_baseline,3,away,12476477,-0.11384464478193813
G3 m00_joint_baseline,3,away,12476474,1.0370725553665432
G3 m00_joint_baseline,3,away,12476479,0.13501579478215459
G3 m00_joint_baseline,3,away,12476480,-0.9812868890195198
G3 m00_joint_baseline,3,away,12476476,0.7751664046553256
G3 m00_joint_baseline,3,away,12476469,-1.4398826812046472
G3 m00_joint_baseline,3,away,12476475,-0.42228766111626154
G3 m00_joint_baseline,3,away,12476471,0.44362079116623077
G3 m00_joint_baseline,3,away,12476470,0.08750594040482833
G3 m00_joint_baseline,3,away,12476473,-0.7834155880372264
G3 m00_joint_baseline,3,away,12476645,0.883668820391509
G3 m00_joint_baseline,3,away,12476642,0.7956229201295691
G3 m00_joint_baseline,3,away,12476647,-1.0656330966102316
G3 m00_joint_baseline,3,away,12476643,-0.5882451174319728
G3 m00_joint_baseline,3,away,12476644,0.10278643729101836
G3 m00_joint_baseline,3,away,12476640,-0.2505877277369869
G3 m00_joint_baseline,3,away,12476641,-0.5097718449096842
G3 m00_joint_baseline,3,away,12476637,0.20138449395304206
G3 m00_joint_baseline,3,away,12476639,1.2523442042607786
G3 m00_joint_baseline,3,away,12476638,0.1875334214037304
G3 m00_joint_baseline,3,away,12476465,0.8906303899762779
G3 m00_joint_baseline,3,away,12476472,-0.2826343950856304
G3 m00_joint_baseline,3,away,12476468,-1.5116504821937262
G3 m00_joint_baseline,3,away,12476464,0.008674440616997172
G3 m00_joint_baseline,3,away,12476467,-0.6875010880464894
G3 m00_joint_baseline,3,away,12476463,-0.9497438007520659
G3 m00_joint_baseline,3,away,12476466,-1.5015641036886864
G3 m00_joint_baseline,3,away,12476461,-1.171133321191846
G3 m00_joint_baseline,3,away,12476460,0.9930846845521244
G3 m00_joint_baseline,3,away,12476462,-0.6715220295426043
G3 m00_joint_baseline,3,away,12473328,-1.0094617145793303
G3 m00_joint_baseline,3,away,12473336,0.842776904536475
G3 m00_joint_baseline,3,away,12473335,-1.3049236893540723
G3 m00_joint_baseline,3,away,12473322,-0.23744267231178598
G3 m00_joint_baseline,3,away,12473327,-0.503947536247564
G3 m00_joint_baseline,3,away,12473331,1.8855233728198255
G3 m00_joint_baseline,3,away,12473333,0.8506257224868815
G3 m00_joint_baseline,3,away,12473334,0.07466502018106541
G3 m00_joint_baseline,3,away,12473337,0.131911275379983
G3 m00_joint_baseline,3,away,12473330,0.08788395097932765
G3 m00_joint_baseline,3,away,12476454,-0.6597306815675013
G3 m00_joint_baseline,3,away,12476455,1.6600749817112919
G3 m00_joint_baseline,3,away,12476458,-0.3853360092340494
G3 m00_joint_baseline,3,away,12476459,-0.9364183744438564
G3 m00_joint_baseline,3,away,12476457,-1.046131998050841
G3 m00_joint_baseline,3,away,12476452,-0.9061521207353559
G3 m00_joint_baseline,3,away,12476567,0.2358887804281696
G3 m00_joint_baseline,3,away,12476453,0.0015724465894135632
G3 m00_joint_baseline,3,away,12476575,-0.38686661763332036
G3 m00_joint_baseline,3,away,12476570,0.1721286152875923
G3 m00_joint_baseline,3,away,14035482,0.8190783583821032
G3 m00_joint_baseline,3,away,14035495,1.2568146642086206
G3 m00_joint_baseline,3,away,14035487,0.1309142137503
G3 m00_joint_baseline,3,away,14035486,-1.534626199055633
G3 m00_joint_baseline,3,away,14343735,0.618560814805503
G3 m00_joint_baseline,3,away,14035506,-0.7644317035227604
G3 m00_joint_baseline,3,away,14035498,-1.683668530295033
G3 m00_joint_baseline,3,away,14035502,1.9246592509546476
G3 m00_joint_baseline,3,away,14035497,-0.3731010513257577
G3 m00_joint_baseline,3,away,14035501,0.662818036368302
G3 m00_joint_baseline,3,away,14035665,-0.777138697749181
G3 m00_joint_baseline,3,away,14035666,0.25499394986248175
G3 m00_joint_baseline,3,away,14035662,0.8183160344300451
G3 m00_joint_baseline,3,away,14035664,-0.3618190218236206
G3 m00_joint_baseline,3,away,14035663,1.3507478748283093
G3 m00_joint_baseline,3,away,14035669,-1.9071599426810253
G3 m00_joint_baseline,3,away,14035667,-1.3662534462196487
G3 m00_joint_baseline,3,away,14035671,0.7875728300437361
G3 m00_joint_baseline,3,away,14035670,0.7374566716044265
G3 m00_joint_baseline,3,away,14035668,0.1901532987402595
G3 m00_joint_baseline,3,away,14035484,0.8725063522145139
G3 m00_joint_baseline,3,away,14035485,1.2721330161000508
G3 m00_joint_baseline,3,away,14035488,1.131706055910585
G3 m00_joint_baseline,3,away,14035489,-1.7975715762152902
G3 m00_joint_baseline,3,away,14035494,0.37468165531338726
G3 m00_joint_baseline,3,away,14035493,0.22539802818886118
G3 m00_joint_baseline,3,away,14035496,0.2141075125918432
G3 m00_joint_baseline,3,away,14035492,-1.316402445336815
G3 m00_joint_baseline,3,away,14035491,-0.7058606754699286
G3 m00_joint_baseline,3,away,14035675,0.7489558541812661
G3 m00_joint_baseline,3,away,14035672,-0.5439031325047182
G3 m00_joint_baseline,3,away,14035674,1.0445744893324622
G3 m00_joint_baseline,3,away,14035676,1.6692608141578447
G3 m00_joint_baseline,3,away,14035673,0.22575360531936556
G3 m00_joint_baseline,3,away,14035678,1.9440832506196624
G3 m00_joint_baseline,3,away,14035683,-1.242866758292276
G3 m00_joint_baseline,3,away,14035681,1.0413588336321593
G3 m00_joint_baseline,3,away,14035679,-0.21851978651228604
G3 m00_joint_baseline,3,away,14035677,1.555909233757996
G3 m00_joint_baseline,3,away,14035503,-0.17091120710466146
G3 m00_joint_baseline,3,away,14035505,-0.31653398050231235
G3 m00_joint_baseline,3,away,14035500,-1.8583553594207367
G3 m00_joint_baseline,3,away,14035504,0.16421144095087276
G3 m00_joint_baseline,3,away,14035499,-0.7234020223901516
G3 m00_joint_baseline,3,away,14035680,0.8215690856546657
G3 m00_joint_baseline,3,away,14035682,-0.8973524608888328
G3 m00_joint_baseline,3,away,14035686,-2.0687684905653705
G3 m00_joint_baseline,3,away,14035684,-2.461815950902758
G3 m00_joint_baseline,3,away,14035685,-1.66785997892626
G3 m00_joint_baseline,3,away,14035511,0.744503963649373
G3 m00_joint_baseline,3,away,14035510,-0.06877365660228094
G3 m00_joint_baseline,3,away,14035509,0.30461219701945186
G3 m00_joint_baseline,3,away,14035508,-0.02060178467346442
G3 m00_joint_baseline,3,away,14035507,0.010435070741212853
G3 m00_joint_baseline,3,away,14035514,0.9781744706044195
G3 m00_joint_baseline,3,away,14035515,1.7865513594496683
G3 m00_joint_baseline,3,away,14035512,-0.19914435961999963
G3 m00_joint_baseline,3,away,14035513,0.14020584405355907
G3 m00_joint_baseline,3,away,14035516,0.18837430204967914
G3 m00_joint_baseline,3,away,14035687,0.6151194795313268
G3 m00_joint_baseline,3,away,14035695,1.731502456020745
G3 m00_joint_baseline,3,away,14035689,2.919738631495277
G3 m00_joint_baseline,3,away,14035692,-0.7850693906284598
G3 m00_joint_baseline,3,away,14035688,1.06754648334118
G3 m00_joint_baseline,3,away,14035694,-0.5365239735016938
G3 m00_joint_baseline,3,away,14035690,-1.5558140407123153
G3 m00_joint_baseline,3,away,14035693,1.3925374911863078
G3 m00_joint_baseline,3,away,14035691,0.25965985361606864
G3 m00_joint_baseline,3,away,14035697,-0.5670884186777534
G3 m00_joint_baseline,3,away,14035517,0.5476990380490042
G3 m00_joint_baseline,3,away,14035518,-0.6980934263730669
G3 m00_joint_baseline,3,away,14035519,0.18911194174556192
G3 m00_joint_baseline,3,away,14035521,-0.511959821118369
G3 m00_joint_baseline,3,away,14035520,-0.7012496501225567
G3 m00_joint_baseline,3,away,14035524,-0.4661579355229066
G3 m00_joint_baseline,3,away,14035522,-0.45171904920834893
G3 m00_joint_baseline,3,away,14035526,0.4440513964532089
G3 m00_joint_baseline,3,away,14035525,-0.005731665149062612
G3 m00_joint_baseline,3,away,14035523,-1.9054841027040312
G3 m00_joint_baseline,3,away,14035700,1.5600086994440718
G3 m00_joint_baseline,3,away,14035703,-0.06776759617091103
G3 m00_joint_baseline,3,away,14035698,0.6987226243480125
G3 m00_joint_baseline,3,away,14035696,-0.1186718689029684
G3 m00_joint_baseline,3,away,14035699,1.5098353159377547
G3 m00_joint_baseline,3,away,14035706,-0.13407888257930348
G3 m00_joint_baseline,3,away,14035704,0.3022672334630309
G3 m00_joint_baseline,3,away,14035702,0.583113940646396
G3 m00_joint_baseline,3,away,14035701,0.07218034721916845
G3 m00_joint_baseline,3,away,14035705,-0.0804938227628435
G3 m00_joint_baseline,3,away,14501655,0.5761466537891919
G3 m00_joint_baseline,3,away,14035529,0.8448099969795124
G3 m00_joint_baseline,3,away,14035528,0.25629596935668303
G3 m00_joint_baseline,3,away,14035531,-0.5875804630377355
G3 m00_joint_baseline,3,away,14035527,-0.4886940734684582
G3 m00_joint_baseline,3,away,14035530,1.437842753121771
G3 m00_joint_baseline,3,away,14035709,-2.1581488775068483
G3 m00_joint_baseline,3,away,14035708,0.4009217739722725
G3 m00_joint_baseline,3,away,14035710,1.32755964627835
G3 m00_joint_baseline,3,away,14035707,-0.02702295990389504
G3 m00_joint_baseline,3,away,14035711,-0.6963352134101973
G3 m00_joint_baseline,3,away,14035532,1.200767106796273
G3 m00_joint_baseline,3,away,14035534,1.574722699598759
G3 m00_joint_baseline,3,away,14035533,1.4162439355646996
G3 m00_joint_baseline,3,away,14035535,0.15803790598643552
G3 m00_joint_baseline,3,away,14297746,-1.0806547743902506
G3 m00_joint_baseline,3,away,14035538,0.9160103021725311
G3 m00_joint_baseline,3,away,14035539,0.11218248752194594
G3 m00_joint_baseline,3,away,14035536,-0.8262967709207658
G3 m00_joint_baseline,3,away,14035540,-1.604034394220703
G3 m00_joint_baseline,3,away,14035542,0.29292719546301327
G3 m00_joint_baseline,3,away,14035713,-0.2577039951337337
G3 m00_joint_baseline,3,away,14035714,-0.2248402399147596
G3 m00_joint_baseline,3,away,14035716,-0.39871181057465144
G3 m00_joint_baseline,3,away,14035715,-0.5571114537923377
G3 m00_joint_baseline,3,away,14035712,-1.1074227864689656
G3 m00_joint_baseline,3,away,14035546,-1.7818741992788343
G3 m00_joint_baseline,3,away,14035541,-3.278058743998499
G3 m00_joint_baseline,3,away,14035544,1.0723088328297778
G3 m00_joint_baseline,3,away,14035545,-1.7984364846216154
G3 m00_joint_baseline,3,away,14035543,1.6534458151104654
G3 m00_joint_baseline,3,away,14035548,0.0559260339062358
G3 m00_joint_baseline,3,away,14035555,0.30856319591205483
G3 m00_joint_baseline,3,away,14035549,-0.38091669784388593
G3 m00_joint_baseline,3,away,14035554,-0.7508359367686859
G3 m00_joint_baseline,3,away,14035717,1.1955178067924808
G3 m00_joint_baseline,3,away,14035718,-0.46753162696198863
G3 m00_joint_baseline,3,away,14035719,0.2867190074658195
G3 m00_joint_baseline,3,away,14035735,-0.6210347078386683
G3 m00_joint_baseline,3,away,14035720,-0.9772555328275956
G3 m00_joint_baseline,3,away,14035722,-0.7824867646439607
G3 m00_joint_baseline,3,away,14035721,-0.2335120290063946
G3 m00_joint_baseline,3,away,14035725,0.3181018253845976
G3 m00_joint_baseline,3,away,14035724,0.9962311721463126
G3 m00_joint_baseline,3,away,14035723,1.6927703575782227
G3 m00_joint_baseline,3,away,14035551,0.45937688751566647
G3 m00_joint_baseline,3,away,14035559,-0.14687235199279164
G3 m00_joint_baseline,3,away,14035550,-1.2273132962224642
G3 m00_joint_baseline,3,away,14035556,1.8970826449461857
G3 m00_joint_baseline,3,away,14035552,-0.4464852192579825
G3 m00_joint_baseline,3,away,15017622,0.32532133433092936
G3 m00_joint_baseline,3,away,14035727,1.8934053436031812
G3 m00_joint_baseline,3,away,14035729,-0.06121469955027922
G3 m00_joint_baseline,3,away,14035726,-0.5787191244567942
G3 m00_joint_baseline,3,away,14035730,1.9516162745520163
G3 m00_joint_baseline,3,away,14035728,0.09278784981478336
G3 m00_joint_baseline,3,away,14035553,-0.23606832686259094
G3 m00_joint_baseline,3,away,14035562,-0.651862066113318
G3 m00_joint_baseline,3,away,14035558,1.4426211181017494
G3 m00_joint_baseline,3,away,14035560,-1.2316090839872547
G3 m00_joint_baseline,3,away,14035563,-0.16632690085001298
G3 m00_joint_baseline,3,away,14035564,-0.7397464891189914
G3 m00_joint_baseline,3,away,14035561,0.9790163464023458
G3 m00_joint_baseline,3,away,14035565,-0.9314917098920278
G3 m00_joint_baseline,3,away,14035566,1.0259789063957396
G3 m00_joint_baseline,3,away,14035731,0.1910769825549042
G3 m00_joint_baseline,3,away,14035732,1.326290894886153
G3 m00_joint_baseline,3,away,14035736,0.6542544989787347
G3 m00_joint_baseline,3,away,14035733,-0.34731600092928466
G3 m00_joint_baseline,3,away,14035734,1.2700319274761003
G3 m00_joint_baseline,3,away,14035739,-1.557752441253927
G3 m00_joint_baseline,3,away,14035740,1.8158904223562697
G3 m00_joint_baseline,3,away,14035737,-0.16552078430560377
G3 m00_joint_baseline,3,away,14035738,-0.028346454971825523
G3 m00_joint_baseline,3,away,14035741,0.7011255079286833
G3 m00_joint_baseline,3,away,14035568,-0.6569844054588304
G3 m00_joint_baseline,3,away,14035569,2.1899376941730018
G3 m00_joint_baseline,3,away,14035572,-1.1555342013718566
G3 m00_joint_baseline,3,away,14035570,-2.3778232203595104
G3 m00_joint_baseline,3,away,14035567,-0.017421280700830738
G3 m00_joint_baseline,3,away,14035574,-0.06764152552270368
G3 m00_joint_baseline,3,away,14035575,-0.4126606027320414
G3 m00_joint_baseline,3,away,14035571,-0.549813512784021
G3 m00_joint_baseline,3,away,14035576,0.32633449023622874
G3 m00_joint_baseline,3,away,14035573,2.133738668127788
G3 m00_joint_baseline,3,away,14035742,1.5127293449182133
G3 m00_joint_baseline,3,away,14035745,-0.19041758042624438
G3 m00_joint_baseline,3,away,14035747,-1.1424490276853885
G3 m00_joint_baseline,3,away,14035744,1.7361987474245055
G3 m00_joint_baseline,3,away,14035743,0.5248468884948712
G3 m00_joint_baseline,3,away,14035750,1.3249845305142351
G3 m00_joint_baseline,3,away,14035751,0.5480447205307872
G3 m00_joint_baseline,3,away,14035749,0.031101560839683906
G3 m00_joint_baseline,3,away,14035748,0.43913879396195304
G3 m00_joint_baseline,3,away,14035746,0.5699760391202112
G3 m00_joint_baseline,3,away,14035582,-0.7749132479623335
G3 m00_joint_baseline,3,away,14035580,-0.6798034591394088
G3 m00_joint_baseline,3,away,14035586,-0.9078513980113969
G3 m00_joint_baseline,3,away,14035585,-1.089265366997571
G3 m00_joint_baseline,3,away,14035583,0.1705724516780644
G3 m00_joint_baseline,3,away,14035755,-0.8407262487150892
G3 m00_joint_baseline,3,away,14035756,-0.6182548136380215
G3 m00_joint_baseline,3,away,14035752,-0.045223154813109484
G3 m00_joint_baseline,3,away,14035760,1.668777015777163
G3 m00_joint_baseline,3,away,14035761,0.44715330179553764
G3 m00_joint_baseline,3,away,15363335,1.2031105624544254
G3 m00_joint_baseline,3,away,15305942,0.6859506730420079
G3 m00_joint_baseline,3,away,15374710,-0.34170587466319907
G3 m00_joint_baseline,3,away,14035591,-2.9336004652525522
G3 m00_joint_baseline,3,away,14035588,0.6353344042669489
G3 m00_joint_baseline,3,away,14035587,2.4322939865568793
G3 m00_joint_baseline,3,away,14035590,0.5887601169468906
G3 m00_joint_baseline,3,away,14035767,0.2768022181358989
G3 m00_joint_baseline,3,away,14035771,0.44861368096768933
G3 m00_joint_baseline,3,away,14035768,0.6920013746696891
G3 m00_joint_baseline,3,away,14035766,-0.2870133222226858
G3 m00_joint_baseline,3,away,14035769,0.764647910252061
G3 m00_joint_baseline,3,away,14035770,-0.5694554364850735
G3 m00_joint_baseline,3,away,14035592,0.5243587767439896
G3 m00_joint_baseline,3,away,14035594,0.6744584646129724
G3 m00_joint_baseline,3,away,14035595,-1.6643660799949576
G3 m00_joint_baseline,3,away,14035593,1.1427415839906412
G3 m00_joint_baseline,3,away,14035597,0.4994503593842112
G3 m00_joint_baseline,3,away,14035598,-1.610579164292328
G3 m00_joint_baseline,3,away,14035596,-0.39458611368598695
G3 m00_joint_baseline,3,away,15399014,2.906011695284504
G3 m00_joint_baseline,3,away,14035774,0.5729704873390083
G3 m00_joint_baseline,3,away,14035773,1.4874431110116064
G3 m00_joint_baseline,3,away,14035772,-0.004053608431564922
G3 m00_joint_baseline,3,away,14035775,-0.2800512152006342
G3 m00_joint_baseline,3,away,14035776,-0.23472478760724577
G3 m00_joint_baseline,3,away,14035782,0.6267357535345884
G3 m00_joint_baseline,3,away,14035777,-0.9103394833959364
G3 m00_joint_baseline,3,away,14035781,-1.1104696492530235
G3 m00_joint_baseline,3,away,15456958,-0.14969092708700596
G3 m00_joint_baseline,3,away,14035602,-0.043275684587155576
G3 m00_joint_baseline,3,away,14035606,0.46564077415278715
G3 m00_joint_baseline,3,away,14035603,0.018712684312579272
G3 m00_joint_baseline,3,away,14035604,0.8580652090471368
G3 m00_joint_baseline,3,away,14035605,-0.22208198766652532
G3 m00_joint_baseline,3,away,15332289,-0.3594643808434575
G3 m00_joint_baseline,3,away,15368752,-0.5864596626901545
G3 m00_joint_baseline,3,away,14035607,0.15617357168820117
G3 m00_joint_baseline,3,away,14035608,-0.2036808839562545
G3 m00_joint_baseline,3,away,14035610,0.5928048270694845
G3 m00_joint_baseline,3,away,14035609,-1.1129203185830872
G3 m00_joint_baseline,3,away,14035611,0.32456693879810655
G3 m00_joint_baseline,3,away,15336943,-1.9413535175999668
G3 m00_joint_baseline,3,away,15416466,-0.012760126578202637
G3 m00_joint_baseline,3,away,14035787,-0.5724781952356124
G3 m00_joint_baseline,3,away,14035778,1.5439097021837311
G3 m00_joint_baseline,3,away,15366428,3.0279740098244066
G3 m00_joint_baseline,3,away,15547533,0.9983883384859855
G3 m00_joint_baseline,3,away,14035786,0.23150804828525667
G3 m00_joint_baseline,3,away,14035788,-1.15967623464783
G3 m00_joint_baseline,3,away,14035789,-0.8559284204498155
G3 m00_joint_baseline,3,away,14035790,-0.1101326470355756
G3 m00_joint_baseline,3,away,14035792,-0.0854282777223374
G3 m00_joint_baseline,3,away,14035614,-1.2063091219992634
G3 m00_joint_baseline,3,away,14035616,-0.9074539774430367
G3 m00_joint_baseline,3,away,14035613,-0.546030231518605
G3 m00_joint_baseline,3,away,14035612,0.6006244746380233
G3 m00_joint_baseline,3,away,14035615,0.8672978907753964
G3 m00_joint_baseline,3,away,15490658,-0.4415903768060347
G3 m00_joint_baseline,3,away,15490775,-0.09488606902571126
G3 m00_joint_baseline,3,away,14035620,-0.08363470662381048
G3 m00_joint_baseline,3,away,14035618,0.11191720156234301
G3 m00_joint_baseline,3,away,14035619,1.0754786691215714
G3 m00_joint_baseline,3,away,14035617,0.0816171146969273
G3 m00_joint_baseline,3,away,14035621,0.2353991277381928
G3 m00_joint_baseline,3,away,15399013,-1.134569538300776
G3 m00_joint_baseline,3,away,15416481,-0.718233985102894
G3 m00_joint_baseline,3,away,15395623,-0.8469978763578764
G3 m00_joint_baseline,3,away,14035796,-0.9641232065160839
G3 m00_joint_baseline,3,away,14035794,-0.6697942732077906
G3 m00_joint_baseline,3,away,14035791,1.295783226143783
G3 m00_joint_baseline,3,away,14035793,-1.0030465973774143
G3 m00_joint_baseline,3,away,14035795,0.4076763835343465
G3 m00_joint_baseline,3,away,15458714,-1.122692826640164
G3 m00_joint_baseline,3,away,14035801,-0.443678240767775
G3 m00_joint_baseline,3,away,14035798,-1.7848193167845265
G3 m00_joint_baseline,3,away,14035799,-0.7725287702473944
G3 m00_joint_baseline,3,away,14035800,-0.050669957086025307
G3 m00_joint_baseline,3,away,14035797,1.4855160724669045
G3 m00_joint_baseline,3,away,15530801,-0.030226698963587855
G3 m00_joint_baseline,3,away,14035622,1.3105956948350508
G3 m00_joint_baseline,3,away,14035624,0.17523581488593445
G3 m00_joint_baseline,3,away,14035626,-0.45722125519156626
G3 m00_joint_baseline,3,away,14035627,-0.3161024257100537
G3 m00_joint_baseline,3,away,14035623,1.7923313062225048
G3 m00_joint_baseline,3,away,15457468,0.40411055796096185
G3 m00_joint_baseline,3,away,14035625,0.5027018580955519
G3 m00_joint_baseline,3,away,14035628,-0.2928996294397871
G3 m00_joint_baseline,3,away,14035631,-0.5942432021573639
G3 m00_joint_baseline,3,away,14035629,1.0993726070910024
G3 m00_joint_baseline,3,away,14035632,0.07029295226846166
G3 m00_joint_baseline,3,away,15422405,0.03270513155104895
G3 m00_joint_baseline,3,away,15588942,-1.796673995433414
G3 m00_joint_baseline,3,away,14035804,-3.4377567479256244
G3 m00_joint_baseline,3,away,14035803,-0.10050529567657614
G3 m00_joint_baseline,3,away,14035805,-0.7883548502108984
G3 m00_joint_baseline,3,away,14035806,0.3919346565656276
G3 m00_joint_baseline,3,away,14035802,1.159395788844139
G3 m00_joint_baseline,3,away,15588903,-0.4547046762100411
G3 m00_joint_baseline,3,away,14035808,0.023844122903595943
G3 m00_joint_baseline,3,away,14035811,0.693437742181139
G3 m00_joint_baseline,3,away,14035810,0.3264187784503358
G3 m00_joint_baseline,3,away,14035809,0.9059905700138886
G3 m00_joint_baseline,3,away,14035807,-0.3451380015557193
G3 m00_joint_baseline,3,away,14035637,-0.23019582375942027
G3 m00_joint_baseline,3,away,14035633,1.0539263213178225
G3 m00_joint_baseline,3,away,14035635,0.6827688269017889
G3 m00_joint_baseline,3,away,14035630,0.3464483855824037
G3 m00_joint_baseline,3,away,14035638,-1.3685413454494852
G3 m00_joint_baseline,3,away,14035636,-0.5142211614879112
G3 m00_joint_baseline,3,away,14035634,-0.12545204213238528
G3 m00_joint_baseline,3,away,14035645,-1.1257128597497161
G3 m00_joint_baseline,3,away,15588896,-0.5766300709464327
G3 m00_joint_baseline,3,away,15588927,-0.7111168280845447
G3 m00_joint_baseline,3,away,14035814,0.6268195946714076
G3 m00_joint_baseline,3,away,14035816,-0.42117273174239395
G3 m00_joint_baseline,3,away,14035815,-1.1817895102358877
G3 m00_joint_baseline,3,away,14035813,-0.9560736510012774
G3 m00_joint_baseline,3,away,14035812,-1.0066390750267578
G3 m00_joint_baseline,3,away,14035819,1.3613628595905924
G3 m00_joint_baseline,3,away,14035818,-0.005782417827824155
G3 m00_joint_baseline,3,away,14035827,-0.027371909495766927
G3 m00_joint_baseline,3,away,14035820,0.006191653621688052
G3 m00_joint_baseline,3,away,14035817,-0.3497641897736832
G3 m00_joint_baseline,3,away,15881894,1.0623994585317629
G3 m00_joint_baseline,3,away,14035640,-1.2731801446901287
G3 m00_joint_baseline,3,away,14035642,-0.41064375667485076
G3 m00_joint_baseline,3,away,14035643,-0.5565305301468598
G3 m00_joint_baseline,3,away,14035641,-0.05588872248584372
G3 m00_joint_baseline,3,away,14035644,-1.2586700127481922
G3 m00_joint_baseline,3,away,15680573,0.3460402122588771
G3 m00_joint_baseline,3,away,14035650,0.8651094932142092
G3 m00_joint_baseline,3,away,14035647,-1.8091419586413635
G3 m00_joint_baseline,3,away,14035646,-0.6967020804474812
G3 m00_joint_baseline,3,away,14035648,-0.7417427145852034
G3 m00_joint_baseline,3,away,14035651,-0.5711732107872134
G3 m00_joint_baseline,3,away,14035821,-0.007059745340950515
G3 m00_joint_baseline,3,away,14035823,-1.1769191811669437
G3 m00_joint_baseline,3,away,14035822,0.721646024178998
G3 m00_joint_baseline,3,away,14035826,0.25117227038230516
G3 m00_joint_baseline,3,away,14035824,1.2844883631535833
G3 m00_joint_baseline,3,away,14032717,0.5886760346102111
G3 m00_joint_baseline,3,away,14032707,-1.5281047435142807
G3 m00_joint_baseline,3,away,14032715,-0.5646735288281876
G3 m00_joint_baseline,3,away,14032721,0.6794777131701752
G3 m00_joint_baseline,3,away,14032718,-0.585874237335313
G3 m00_joint_baseline,3,away,14035653,0.9637084566699744
G3 m00_joint_baseline,3,away,14035652,-0.10055814138778216
G3 m00_joint_baseline,3,away,14035654,0.42429650834711713
G3 m00_joint_baseline,3,away,14035655,0.08319079465076798
G3 m00_joint_baseline,3,away,14035656,-0.7912957246070761
G3 m00_joint_baseline,3,away,14032710,0.002915543126990838
G3 m00_joint_baseline,3,away,14032708,-0.45421851759203163
G3 m00_joint_baseline,3,away,14032714,-0.017926133794974472
G3 m00_joint_baseline,3,away,14032719,-1.2499363562908925
G3 m00_joint_baseline,3,away,14032720,0.1297539485029904
G3 m05_joint_production_wealth,3,home,12477128,0.18366690828275298
G3 m05_joint_production_wealth,3,home,12477134,-0.446138209020728
G3 m05_joint_production_wealth,3,home,12477131,-0.5359046061647866
G3 m05_joint_production_wealth,3,home,12477135,-0.7955022305274337
G3 m05_joint_production_wealth,3,home,12477132,-0.28722558107509494
G3 m05_joint_production_wealth,3,home,12476800,-0.107642120638959
G3 m05_joint_production_wealth,3,home,12476794,0.42400454800432474
G3 m05_joint_production_wealth,3,home,12476797,0.9812133101533888
G3 m05_joint_production_wealth,3,home,12476799,-1.2926719657710275
G3 m05_joint_production_wealth,3,home,12476798,1.0775585641339362
G3 m05_joint_production_wealth,3,home,12477129,0.3300622114015353
G3 m05_joint_production_wealth,3,home,12477126,2.319101589730708
G3 m05_joint_production_wealth,3,home,12477130,0.7554433824380127
G3 m05_joint_production_wealth,3,home,12477123,-1.6437344528609574
G3 m05_joint_production_wealth,3,home,12477133,-0.9215536563090493
G3 m05_joint_production_wealth,3,home,12476632,0.2698212430156627
G3 m05_joint_production_wealth,3,home,12476633,-0.757035349699365
G3 m05_joint_production_wealth,3,home,12476630,0.8542935605685851
G3 m05_joint_production_wealth,3,home,12476635,0.17320723818204858
G3 m05_joint_production_wealth,3,home,12476636,-0.516417745979357
G3 m05_joint_production_wealth,3,home,12476793,-0.054429943138600154
G3 m05_joint_production_wealth,3,home,12476795,-0.11696254156678343
G3 m05_joint_production_wealth,3,home,12476796,-1.2307558821436908
G3 m05_joint_production_wealth,3,home,12476792,0.22022256703567103
G3 m05_joint_production_wealth,3,home,12476790,-0.3810161605719461
G3 m05_joint_production_wealth,3,home,12476788,-1.4673509954455892
G3 m05_joint_production_wealth,3,home,12476786,1.1873159459613452
G3 m05_joint_production_wealth,3,home,12476787,-1.622446228421014
G3 m05_joint_production_wealth,3,home,12476791,0.6534264768870189
G3 m05_joint_production_wealth,3,home,12476789,0.26372481424207356
G3 m05_joint_production_wealth,3,home,12476629,0.8160536907304043
G3 m05_joint_production_wealth,3,home,12476634,-1.1067449406969978
G3 m05_joint_production_wealth,3,home,12476623,-0.7533765631885336
G3 m05_joint_production_wealth,3,home,12476631,0.763256573852715
G3 m05_joint_production_wealth,3,home,12476624,-1.038666789864347
G3 m05_joint_production_wealth,3,home,12476627,-1.2316738819039206
G3 m05_joint_production_wealth,3,home,12476625,0.14639329523369468
G3 m05_joint_production_wealth,3,home,12476621,-0.10452925844942129
G3 m05_joint_production_wealth,3,home,12476622,-0.5521693367705199
G3 m05_joint_production_wealth,3,home,12476782,-2.7790714402832655
G3 m05_joint_production_wealth,3,home,12476785,-0.18792353545314164
G3 m05_joint_production_wealth,3,home,12476784,0.33373931209672836
G3 m05_joint_production_wealth,3,home,12476781,-0.068155502351075
G3 m05_joint_production_wealth,3,home,12476779,2.226204377969582
G3 m05_joint_production_wealth,3,home,12476619,2.372779364830668
G3 m05_joint_production_wealth,3,home,12476620,-1.0114797243216769
G3 m05_joint_production_wealth,3,home,12476618,0.4362999265051117
G3 m05_joint_production_wealth,3,home,12476626,0.7533593658234643
G3 m05_joint_production_wealth,3,home,12476617,0.2543470168575348
G3 m05_joint_production_wealth,3,home,12476780,0.5480087338878279
G3 m05_joint_production_wealth,3,home,12476778,-0.018546293194884364
G3 m05_joint_production_wealth,3,home,12476776,1.1825109230271247
G3 m05_joint_production_wealth,3,home,12476777,0.48075912621501815
G3 m05_joint_production_wealth,3,home,12476783,-0.023120467937038675
G3 m05_joint_production_wealth,3,home,12476772,-0.15100502288422327
G3 m05_joint_production_wealth,3,home,12476774,-0.7372966223470095
G3 m05_joint_production_wealth,3,home,12476771,-1.380054076326229
G3 m05_joint_production_wealth,3,home,12476773,0.3499809509828123
G3 m05_joint_production_wealth,3,home,12476775,-0.5295284248164319
G3 m05_joint_production_wealth,3,home,12476611,0.7811865565691716
G3 m05_joint_production_wealth,3,home,12476616,-0.6556031535142717
G3 m05_joint_production_wealth,3,home,12476614,0.7543256396640845
G3 m05_joint_production_wealth,3,home,12476612,-0.30830358003837616
G3 m05_joint_production_wealth,3,home,12476615,0.6293488788292894
G3 m05_joint_production_wealth,3,home,12811090,0.02084377203655846
G3 m05_joint_production_wealth,3,home,12476607,0.48318127200476607
G3 m05_joint_production_wealth,3,home,12476613,-0.8608123660552042
G3 m05_joint_production_wealth,3,home,12476606,-0.8660308092912471
G3 m05_joint_production_wealth,3,home,12476603,0.7614758441729668
G3 m05_joint_production_wealth,3,home,12476770,-0.6922650104638313
G3 m05_joint_production_wealth,3,home,12476767,0.45828375374762953
G3 m05_joint_production_wealth,3,home,12476766,0.43535498733079275
G3 m05_joint_production_wealth,3,home,12476769,1.316357291903618
G3 m05_joint_production_wealth,3,home,12476768,0.5620138395009094
G3 m05_joint_production_wealth,3,home,12476761,0.27610699925086235
G3 m05_joint_production_wealth,3,home,12476765,-0.9521830218525456
G3 m05_joint_production_wealth,3,home,12476764,-0.15395560709545006
G3 m05_joint_production_wealth,3,home,12476762,-0.5401758501376519
G3 m05_joint_production_wealth,3,home,12476759,-0.20215173590499963
G3 m05_joint_production_wealth,3,home,12476604,0.20686887618146363
G3 m05_joint_production_wealth,3,home,12476609,-2.242939465800346
G3 m05_joint_production_wealth,3,home,12476610,0.5288279896401105
G3 m05_joint_production_wealth,3,home,12476601,-1.1335731735365435
G3 m05_joint_production_wealth,3,home,12476605,-1.148892235216465
G3 m05_joint_production_wealth,3,home,12476600,2.20086150884729
G3 m05_joint_production_wealth,3,home,12476598,0.5543871313445464
G3 m05_joint_production_wealth,3,home,12476599,-1.4455987755499662
G3 m05_joint_production_wealth,3,home,12476597,0.20229179651658064
G3 m05_joint_production_wealth,3,home,12476602,0.2391286504392727
G3 m05_joint_production_wealth,3,home,12476760,0.36523192773716184
G3 m05_joint_production_wealth,3,home,12476763,0.02382226935045207
G3 m05_joint_production_wealth,3,home,12476758,-0.5544149751851652
G3 m05_joint_production_wealth,3,home,12476757,-1.6472271453048064
G3 m05_joint_production_wealth,3,home,12476756,-0.8650187284478261
G3 m05_joint_production_wealth,3,home,12954858,0.9947139133402974
G3 m05_joint_production_wealth,3,home,12476594,1.4188832709689394
G3 m05_joint_production_wealth,3,home,12476592,0.04959761580093884
G3 m05_joint_production_wealth,3,home,12476595,-1.4055915374340526
G3 m05_joint_production_wealth,3,home,12476593,-0.7848539466403459
G3 m05_joint_production_wealth,3,home,12476596,0.005072570813997678
G3 m05_joint_production_wealth,3,home,12476750,-1.5341835840119724
G3 m05_joint_production_wealth,3,home,12476753,1.3243362457180008
G3 m05_joint_production_wealth,3,home,12476755,-1.6134647627531908
G3 m05_joint_production_wealth,3,home,12476752,0.16869059129767783
G3 m05_joint_production_wealth,3,home,12476751,0.3165877156452927
G3 m05_joint_production_wealth,3,home,12476749,-1.1911258516017806
G3 m05_joint_production_wealth,3,home,12476748,-0.002537982163005103
G3 m05_joint_production_wealth,3,home,12476739,-0.31763381957731973
G3 m05_joint_production_wealth,3,home,12476741,0.1712826327190621
G3 m05_joint_production_wealth,3,home,12476754,2.338846748517049
G3 m05_joint_production_wealth,3,home,12476589,0.5372125529208601
G3 m05_joint_production_wealth,3,home,12476587,0.49664978939993093
G3 m05_joint_production_wealth,3,home,12476591,0.8882231080633343
G3 m05_joint_production_wealth,3,home,12476590,0.008559468087559396
G3 m05_joint_production_wealth,3,home,12476588,-0.32156459330149845
G3 m05_joint_production_wealth,3,home,12476746,-0.3755658466423188
G3 m05_joint_production_wealth,3,home,12476747,0.48276258946195694
G3 m05_joint_production_wealth,3,home,12476742,-0.20039851729682337
G3 m05_joint_production_wealth,3,home,12476745,-0.502149346681047
G3 m05_joint_production_wealth,3,home,12476743,0.14612666927631335
G3 m05_joint_production_wealth,3,home,12476737,0.35633196559745867
G3 m05_joint_production_wealth,3,home,12476735,0.11296303318425353
G3 m05_joint_production_wealth,3,home,12476744,0.5083393261373623
G3 m05_joint_production_wealth,3,home,12476738,-0.30267729132884125
G3 m05_joint_production_wealth,3,home,12476740,-1.3904894554804244
G3 m05_joint_production_wealth,3,home,12476586,1.0568529930014416
G3 m05_joint_production_wealth,3,home,12476582,0.10554833825557759
G3 m05_joint_production_wealth,3,home,12476579,-1.2342023932919381
G3 m05_joint_production_wealth,3,home,12476585,0.5915514105673676
G3 m05_joint_production_wealth,3,home,12476583,0.22147117685984996
G3 m05_joint_production_wealth,3,home,12476584,0.4691696654502662
G3 m05_joint_production_wealth,3,home,12476581,1.097309848176124
G3 m05_joint_production_wealth,3,home,12476580,0.4522213129727177
G3 m05_joint_production_wealth,3,home,12476574,0.315238530841194
G3 m05_joint_production_wealth,3,home,12476578,1.2043291092406068
G3 m05_joint_production_wealth,3,home,12476731,0.38827672691837345
G3 m05_joint_production_wealth,3,home,12476548,0.17020146419309506
G3 m05_joint_production_wealth,3,home,13179032,-0.8157385637110557
G3 m05_joint_production_wealth,3,home,13171689,0.5228790107976805
G3 m05_joint_production_wealth,3,home,12476727,1.2038303600251068
G3 m05_joint_production_wealth,3,home,12476729,0.02810064271793508
G3 m05_joint_production_wealth,3,home,12476724,1.730422201021448
G3 m05_joint_production_wealth,3,home,12476730,0.32430127964975164
G3 m05_joint_production_wealth,3,home,12476728,-0.791047947042416
G3 m05_joint_production_wealth,3,home,12476720,-1.027310043351157
G3 m05_joint_production_wealth,3,home,12476722,-1.3837158457604894
G3 m05_joint_production_wealth,3,home,12476721,0.18901712764852652
G3 m05_joint_production_wealth,3,home,12476725,-0.259414644272332
G3 m05_joint_production_wealth,3,home,12476723,0.5489059218050684
G3 m05_joint_production_wealth,3,home,13171688,0.8269044533023395
G3 m05_joint_production_wealth,3,home,12476562,-1.0784336342468188
G3 m05_joint_production_wealth,3,home,12476564,1.2562704812357912
G3 m05_joint_production_wealth,3,home,12476565,0.6099645238792802
G3 m05_joint_production_wealth,3,home,13175772,-0.4463150588039992
G3 m05_joint_production_wealth,3,home,12476563,-1.0193802703876298
G3 m05_joint_production_wealth,3,home,12476556,-0.7065585731729866
G3 m05_joint_production_wealth,3,home,12476558,1.5016295260090486
G3 m05_joint_production_wealth,3,home,12476561,0.37893245361241024
G3 m05_joint_production_wealth,3,home,12476560,2.49952743815352
G3 m05_joint_production_wealth,3,home,13179034,1.0641857570850946
G3 m05_joint_production_wealth,3,home,12476726,-0.9908067587621447
G3 m05_joint_production_wealth,3,home,12476718,-2.96168923668478
G3 m05_joint_production_wealth,3,home,12476716,0.5893578840735927
G3 m05_joint_production_wealth,3,home,12476719,0.5127841091005698
G3 m05_joint_production_wealth,3,home,12476717,0.07104259364374654
G3 m05_joint_production_wealth,3,home,12476713,-0.1171315537505588
G3 m05_joint_production_wealth,3,home,12476715,-0.37602318790829037
G3 m05_joint_production_wealth,3,home,12476714,1.2917638202380315
G3 m05_joint_production_wealth,3,home,12476710,0.11385345712677845
G3 m05_joint_production_wealth,3,home,12476712,0.09821420976523446
G3 m05_joint_production_wealth,3,home,13175771,-0.45123580358480875
G3 m05_joint_production_wealth,3,home,13159980,1.7297197392927168
G3 m05_joint_production_wealth,3,home,12476551,-0.5170431206476401
G3 m05_joint_production_wealth,3,home,12476555,0.49806452529279355
G3 m05_joint_production_wealth,3,home,12476557,2.492258868437856
G3 m05_joint_production_wealth,3,home,12476554,0.7306952394440189
G3 m05_joint_production_wealth,3,home,12476550,-0.5886717962589513
G3 m05_joint_production_wealth,3,home,12476549,0.641534421764086
G3 m05_joint_production_wealth,3,home,12476547,-0.4453376740846367
G3 m05_joint_production_wealth,3,home,12476552,0.0806433742954873
G3 m05_joint_production_wealth,3,home,12476553,0.3315978425282327
G3 m05_joint_production_wealth,3,home,12476711,-0.6615436063886383
G3 m05_joint_production_wealth,3,home,12476708,0.49767788703679855
G3 m05_joint_production_wealth,3,home,12476707,-0.15136494342309675
G3 m05_joint_production_wealth,3,home,12476709,-1.2758909432136982
G3 m05_joint_production_wealth,3,home,12476706,-0.8018019223512217
G3 m05_joint_production_wealth,3,home,12476705,-0.16191881624822058
G3 m05_joint_production_wealth,3,home,12476701,-1.3113045115259456
G3 m05_joint_production_wealth,3,home,12476539,0.561726756092492
G3 m05_joint_production_wealth,3,home,12476545,0.6861759847480269
G3 m05_joint_production_wealth,3,home,12476546,0.1989261112263105
G3 m05_joint_production_wealth,3,home,13217663,0.6454563406947251
G3 m05_joint_production_wealth,3,home,12476541,0.9333224037168639
G3 m05_joint_production_wealth,3,home,12476544,-0.7321628724746613
G3 m05_joint_production_wealth,3,home,12476533,-0.49948320653076556
G3 m05_joint_production_wealth,3,home,13324922,-1.0042179552557973
G3 m05_joint_production_wealth,3,home,13197505,1.2738107576002513
G3 m05_joint_production_wealth,3,home,12476697,0.013877066836392456
G3 m05_joint_production_wealth,3,home,12476698,-2.5105500433490056
G3 m05_joint_production_wealth,3,home,12476700,0.5557358713488045
G3 m05_joint_production_wealth,3,home,12476696,0.8950545359102569
G3 m05_joint_production_wealth,3,home,13315347,-0.5290683658409807
G3 m05_joint_production_wealth,3,home,12476531,-1.3741209229261309
G3 m05_joint_production_wealth,3,home,12476529,1.0163737091095562
G3 m05_joint_production_wealth,3,home,12476538,-1.6344341272661067
G3 m05_joint_production_wealth,3,home,13233442,0.9813341695793303
G3 m05_joint_production_wealth,3,home,12476519,0.3509484756128917
G3 m05_joint_production_wealth,3,home,12476525,-0.8219211539490777
G3 m05_joint_production_wealth,3,home,12476523,1.4878581308120205
G3 m05_joint_production_wealth,3,home,12476522,1.0403057885860356
G3 m05_joint_production_wealth,3,home,12476524,-2.0301703307091747
G3 m05_joint_production_wealth,3,home,12476693,-0.20581887622473188
G3 m05_joint_production_wealth,3,home,12476695,0.48809296469934565
G3 m05_joint_production_wealth,3,home,12476691,-2.1232325007041974
G3 m05_joint_production_wealth,3,home,12476692,-0.3530359575218974
G3 m05_joint_production_wealth,3,home,12476699,-0.1678128073932906
G3 m05_joint_production_wealth,3,home,12476689,1.0790195404176357
G3 m05_joint_production_wealth,3,home,12476685,0.6452345568646525
G3 m05_joint_production_wealth,3,home,12476686,0.44508672147568673
G3 m05_joint_production_wealth,3,home,12476690,0.37788504487883956
G3 m05_joint_production_wealth,3,home,13343736,1.0162504315983047
G3 m05_joint_production_wealth,3,home,12476521,1.6303036425853321
G3 m05_joint_production_wealth,3,home,12476514,0.6222075118376476
G3 m05_joint_production_wealth,3,home,12476518,0.36757421281753894
G3 m05_joint_production_wealth,3,home,12476520,0.13727973915276895
G3 m05_joint_production_wealth,3,home,12476515,-0.1698399612044938
G3 m05_joint_production_wealth,3,home,13348881,-0.04249869314085968
G3 m05_joint_production_wealth,3,home,13255608,0.9087429152082452
G3 m05_joint_production_wealth,3,home,12476516,-0.8800515329549833
G3 m05_joint_production_wealth,3,home,12476512,-1.4534941190736006
G3 m05_joint_production_wealth,3,home,12476511,1.347854093701069
G3 m05_joint_production_wealth,3,home,12476517,0.6639865960771384
G3 m05_joint_production_wealth,3,home,12476513,1.125805625661566
G3 m05_joint_production_wealth,3,home,13391276,-0.7108032612087964
G3 m05_joint_production_wealth,3,home,12476688,0.8365511147151228
G3 m05_joint_production_wealth,3,home,12476684,-1.57042937602771
G3 m05_joint_production_wealth,3,home,12476681,0.35946272464219464
G3 m05_joint_production_wealth,3,home,12476682,0.5744182787436272
G3 m05_joint_production_wealth,3,home,12476679,-1.6460627002473929
G3 m05_joint_production_wealth,3,home,12476678,0.6984954252896655
G3 m05_joint_production_wealth,3,home,12476675,0.4915923247037724
G3 m05_joint_production_wealth,3,home,12476680,1.1481597033418685
G3 m05_joint_production_wealth,3,home,12476677,-0.6745822025720676
G3 m05_joint_production_wealth,3,home,12476508,1.525507460647901
G3 m05_joint_production_wealth,3,home,12476510,2.3472837480654025
G3 m05_joint_production_wealth,3,home,12476506,-0.36125274810990476
G3 m05_joint_production_wealth,3,home,12476509,0.11712420596810434
G3 m05_joint_production_wealth,3,home,12476507,-0.41361208544731354
G3 m05_joint_production_wealth,3,home,12476502,-1.0604973421349126
G3 m05_joint_production_wealth,3,home,12476500,-0.19319327269852848
G3 m05_joint_production_wealth,3,home,12476501,1.4027389562537491
G3 m05_joint_production_wealth,3,home,12476505,-1.107641129970136
G3 m05_joint_production_wealth,3,home,12476504,-1.8218813131235183
G3 m05_joint_production_wealth,3,home,13415294,0.8148559251650194
G3 m05_joint_production_wealth,3,home,12476674,0.46078809204885157
G3 m05_joint_production_wealth,3,home,12476671,0.980946906795072
G3 m05_joint_production_wealth,3,home,12476670,-0.1387745443438005
G3 m05_joint_production_wealth,3,home,12476672,-0.4514858056815392
G3 m05_joint_production_wealth,3,home,12476669,-0.7060249478855689
G3 m05_joint_production_wealth,3,home,13343733,-0.3274834902491067
G3 m05_joint_production_wealth,3,home,12476667,1.1961650654479958
G3 m05_joint_production_wealth,3,home,12476662,-1.1610874693490683
G3 m05_joint_production_wealth,3,home,12476673,-1.282063737562232
G3 m05_joint_production_wealth,3,home,12476676,0.2603029659022847
G3 m05_joint_production_wealth,3,home,12476668,-0.9085129265326849
G3 m05_joint_production_wealth,3,home,12476526,-0.44980019935189486
G3 m05_joint_production_wealth,3,home,12476497,0.6924439807967115
G3 m05_joint_production_wealth,3,home,12476499,-0.9123850218936896
G3 m05_joint_production_wealth,3,home,12476496,0.2252285609277754
G3 m05_joint_production_wealth,3,home,12476498,-1.4536811930790046
G3 m05_joint_production_wealth,3,home,12476495,1.2345184026766856
G3 m05_joint_production_wealth,3,home,13436762,0.4146194006891294
G3 m05_joint_production_wealth,3,home,12476490,0.34114439010032194
G3 m05_joint_production_wealth,3,home,12476492,-1.490433077324976
G3 m05_joint_production_wealth,3,home,12476489,-1.657130602926679
G3 m05_joint_production_wealth,3,home,12476493,-0.7398148243992778
G3 m05_joint_production_wealth,3,home,12476491,-1.2225974561664517
G3 m05_joint_production_wealth,3,home,13399583,-1.1089664363466736
G3 m05_joint_production_wealth,3,home,13480337,1.6987629459758196
G3 m05_joint_production_wealth,3,home,12476665,-0.8088807600119908
G3 m05_joint_production_wealth,3,home,12476661,0.4336678309366971
G3 m05_joint_production_wealth,3,home,12476666,-1.493911151230246
G3 m05_joint_production_wealth,3,home,12476663,-1.4074315453720474
G3 m05_joint_production_wealth,3,home,12476660,0.9363624017397945
G3 m05_joint_production_wealth,3,home,12640468,-0.1268987904371774
G3 m05_joint_production_wealth,3,home,12476657,-0.5035926931939027
G3 m05_joint_production_wealth,3,home,12476659,-1.0448303076534085
G3 m05_joint_production_wealth,3,home,12476664,-0.9061346077693604
G3 m05_joint_production_wealth,3,home,12476658,0.8805779752891983
G3 m05_joint_production_wealth,3,home,13343735,-1.9593900883417348
G3 m05_joint_production_wealth,3,home,12476485,-0.0058041112305140235
G3 m05_joint_production_wealth,3,home,12476487,-1.5897036213398477
G3 m05_joint_production_wealth,3,home,12476486,0.681703614710242
G3 m05_joint_production_wealth,3,home,12476488,-2.11834454846543
G3 m05_joint_production_wealth,3,home,12476494,-0.6984515627746184
G3 m05_joint_production_wealth,3,home,12476483,2.466952143968734
G3 m05_joint_production_wealth,3,home,12476484,1.427980362899831
G3 m05_joint_production_wealth,3,home,12476482,-0.4310786249553846
G3 m05_joint_production_wealth,3,home,12476478,-0.44844410023008174
G3 m05_joint_production_wealth,3,home,12476481,-0.4843468435553104
G3 m05_joint_production_wealth,3,home,12476656,0.059031535643809294
G3 m05_joint_production_wealth,3,home,12476654,-0.22462678551107282
G3 m05_joint_production_wealth,3,home,12476652,2.1736701671850365
G3 m05_joint_production_wealth,3,home,12476651,0.39579993908408234
G3 m05_joint_production_wealth,3,home,12476655,0.6571996172797941
G3 m05_joint_production_wealth,3,home,12476648,-0.6226922343839082
G3 m05_joint_production_wealth,3,home,12476649,-0.6411954156171505
G3 m05_joint_production_wealth,3,home,12476653,-1.078060758857192
G3 m05_joint_production_wealth,3,home,12476650,-2.0593058946854708
G3 m05_joint_production_wealth,3,home,12476646,-0.1402961249735152
G3 m05_joint_production_wealth,3,home,12476477,0.506039103230317
G3 m05_joint_production_wealth,3,home,12476474,1.9971534986891817
G3 m05_joint_production_wealth,3,home,12476479,-0.745867911261493
G3 m05_joint_production_wealth,3,home,12476480,-1.1318380632987592
G3 m05_joint_production_wealth,3,home,12476476,-0.15738768300498546
G3 m05_joint_production_wealth,3,home,12476469,2.1559522375237288
G3 m05_joint_production_wealth,3,home,12476475,0.3256237748952663
G3 m05_joint_production_wealth,3,home,12476471,-1.9798583656638329
G3 m05_joint_production_wealth,3,home,12476470,0.7796861223503215
G3 m05_joint_production_wealth,3,home,12476473,-0.5235392104616176
G3 m05_joint_production_wealth,3,home,12476645,-0.545761779023386
G3 m05_joint_production_wealth,3,home,12476642,-1.3804474246924419
G3 m05_joint_production_wealth,3,home,12476647,-0.281050621944588
G3 m05_joint_production_wealth,3,home,12476643,2.064529604237444
G3 m05_joint_production_wealth,3,home,12476644,0.3931440245704298
G3 m05_joint_production_wealth,3,home,12476640,0.004739833884591433
G3 m05_joint_production_wealth,3,home,12476641,2.904391001720134
G3 m05_joint_production_wealth,3,home,12476637,-0.10724292100879658
G3 m05_joint_production_wealth,3,home,12476639,0.4344523496424088
G3 m05_joint_production_wealth,3,home,12476638,0.16022283839855075
G3 m05_joint_production_wealth,3,home,12476465,-0.6333428508974787
G3 m05_joint_production_wealth,3,home,12476472,0.4107171528123839
G3 m05_joint_production_wealth,3,home,12476468,0.8834976026138084
G3 m05_joint_production_wealth,3,home,12476464,1.3234982479524489
G3 m05_joint_production_wealth,3,home,12476467,-0.3571462804605314
G3 m05_joint_production_wealth,3,home,12476463,2.405670121373593
G3 m05_joint_production_wealth,3,home,12476466,0.3049199085317938
G3 m05_joint_production_wealth,3,home,12476461,0.43508899465366857
G3 m05_joint_production_wealth,3,home,12476460,-1.8910171586741125
G3 m05_joint_production_wealth,3,home,12476462,0.49888957946205376
G3 m05_joint_production_wealth,3,home,12473328,1.502963520565266
G3 m05_joint_production_wealth,3,home,12473336,0.40851419147397044
G3 m05_joint_production_wealth,3,home,12473335,0.5387985087665706
G3 m05_joint_production_wealth,3,home,12473322,0.47808842449350675
G3 m05_joint_production_wealth,3,home,12473327,1.1197401730673577
G3 m05_joint_production_wealth,3,home,12473331,0.9430149889600821
G3 m05_joint_production_wealth,3,home,12473333,-1.4520481819470221
G3 m05_joint_production_wealth,3,home,12473334,-0.18176288439713106
G3 m05_joint_production_wealth,3,home,12473337,0.6575890615173738
G3 m05_joint_production_wealth,3,home,12473330,0.032972100332873316
G3 m05_joint_production_wealth,3,home,12476454,1.3312601673464277
G3 m05_joint_production_wealth,3,home,12476455,-0.09923200248419632
G3 m05_joint_production_wealth,3,home,12476458,0.9313026324723007
G3 m05_joint_production_wealth,3,home,12476459,-0.558974545377406
G3 m05_joint_production_wealth,3,home,12476457,-1.2066251506573726
G3 m05_joint_production_wealth,3,home,12476452,0.21562031338512586
G3 m05_joint_production_wealth,3,home,12476567,-1.2227363668343816
G3 m05_joint_production_wealth,3,home,12476453,3.1804445035286446
G3 m05_joint_production_wealth,3,home,12476575,-1.233693071929824
G3 m05_joint_production_wealth,3,home,12476570,1.1427530479963788
G3 m05_joint_production_wealth,3,home,14035482,-0.9036388177950375
G3 m05_joint_production_wealth,3,home,14035495,-1.781419498544541
G3 m05_joint_production_wealth,3,home,14035487,2.082751547512976
G3 m05_joint_production_wealth,3,home,14035486,0.13605612929920372
G3 m05_joint_production_wealth,3,home,14343735,-0.24327799107996737
G3 m05_joint_production_wealth,3,home,14035506,-0.07272813341366932
G3 m05_joint_production_wealth,3,home,14035498,0.9030221203564613
G3 m05_joint_production_wealth,3,home,14035502,-0.027506661525525895
G3 m05_joint_production_wealth,3,home,14035497,-1.5178950391764334
G3 m05_joint_production_wealth,3,home,14035501,0.08283392978922975
G3 m05_joint_production_wealth,3,home,14035665,-0.09707745028276701
G3 m05_joint_production_wealth,3,home,14035666,-0.31420919432423683
G3 m05_joint_production_wealth,3,home,14035662,1.3793361111625515
G3 m05_joint_production_wealth,3,home,14035664,0.622150127683726
G3 m05_joint_production_wealth,3,home,14035663,0.18403652100766568
G3 m05_joint_production_wealth,3,home,14035669,-0.9497178605355141
G3 m05_joint_production_wealth,3,home,14035667,-0.7297969736719248
G3 m05_joint_production_wealth,3,home,14035671,-0.7815184987747444
G3 m05_joint_production_wealth,3,home,14035670,-0.49610267745000486
G3 m05_joint_production_wealth,3,home,14035668,-1.2806854715323395
G3 m05_joint_production_wealth,3,home,14035484,-0.09450441236308578
G3 m05_joint_production_wealth,3,home,14035485,1.2145947400431067
G3 m05_joint_production_wealth,3,home,14035488,-0.36461214021756144
G3 m05_joint_production_wealth,3,home,14035489,1.6745585678632735
G3 m05_joint_production_wealth,3,home,14035494,0.598430766217926
G3 m05_joint_production_wealth,3,home,14035493,1.3333831744118783
G3 m05_joint_production_wealth,3,home,14035496,-0.7997896104927744
G3 m05_joint_production_wealth,3,home,14035492,-0.45180050433123103
G3 m05_joint_production_wealth,3,home,14035491,-1.0065409264449918
G3 m05_joint_production_wealth,3,home,14035675,0.1699311508168405
G3 m05_joint_production_wealth,3,home,14035672,0.2547027500175738
G3 m05_joint_production_wealth,3,home,14035674,1.9505339041952887
G3 m05_joint_production_wealth,3,home,14035676,-0.3532980753009034
G3 m05_joint_production_wealth,3,home,14035673,0.9705003177815232
G3 m05_joint_production_wealth,3,home,14035678,0.6126121171911786
G3 m05_joint_production_wealth,3,home,14035683,-0.1144481514574118
G3 m05_joint_production_wealth,3,home,14035681,0.32658345562199426
G3 m05_joint_production_wealth,3,home,14035679,0.1805698417176823
G3 m05_joint_production_wealth,3,home,14035677,1.1278839562193002
G3 m05_joint_production_wealth,3,home,14035503,0.4806315445771691
G3 m05_joint_production_wealth,3,home,14035505,0.921854331657632
G3 m05_joint_production_wealth,3,home,14035500,-0.18966254841721555
G3 m05_joint_production_wealth,3,home,14035504,-0.4687438256166237
G3 m05_joint_production_wealth,3,home,14035499,-0.8789250172587691
G3 m05_joint_production_wealth,3,home,14035680,-0.5292096038093949
G3 m05_joint_production_wealth,3,home,14035682,-1.5876816461108327
G3 m05_joint_production_wealth,3,home,14035686,-0.34296282415776885
G3 m05_joint_production_wealth,3,home,14035684,2.6725759814431562
G3 m05_joint_production_wealth,3,home,14035685,-0.20563877404004136
G3 m05_joint_production_wealth,3,home,14035511,0.8090273903337548
G3 m05_joint_production_wealth,3,home,14035510,-1.6599266149670486
G3 m05_joint_production_wealth,3,home,14035509,0.4075887557457367
G3 m05_joint_production_wealth,3,home,14035508,-1.6577498110601574
G3 m05_joint_production_wealth,3,home,14035507,-2.073661027918024
G3 m05_joint_production_wealth,3,home,14035514,-0.998674706536728
G3 m05_joint_production_wealth,3,home,14035515,-0.6933588945995217
G3 m05_joint_production_wealth,3,home,14035512,0.6202814495818046
G3 m05_joint_production_wealth,3,home,14035513,-0.26486585156098513
G3 m05_joint_production_wealth,3,home,14035516,1.3464591970148858
G3 m05_joint_production_wealth,3,home,14035687,0.8017078571241969
G3 m05_joint_production_wealth,3,home,14035695,0.2600381020699526
G3 m05_joint_production_wealth,3,home,14035689,-0.7615941905451951
G3 m05_joint_production_wealth,3,home,14035692,1.052628709370444
G3 m05_joint_production_wealth,3,home,14035688,-0.7378209547089561
G3 m05_joint_production_wealth,3,home,14035694,-0.2051383301795692
G3 m05_joint_production_wealth,3,home,14035690,-0.16881599543126732
G3 m05_joint_production_wealth,3,home,14035693,-0.4213051766177577
G3 m05_joint_production_wealth,3,home,14035691,0.39957516526455056
G3 m05_joint_production_wealth,3,home,14035697,-0.5307789421469704
G3 m05_joint_production_wealth,3,home,14035517,-0.9832753670955318
G3 m05_joint_production_wealth,3,home,14035518,0.3812068171813578
G3 m05_joint_production_wealth,3,home,14035519,1.899949818707847
G3 m05_joint_production_wealth,3,home,14035521,0.5494653411165731
G3 m05_joint_production_wealth,3,home,14035520,0.3481071440886461
G3 m05_joint_production_wealth,3,home,14035524,0.667974877658276
G3 m05_joint_production_wealth,3,home,14035522,1.065818002483993
G3 m05_joint_production_wealth,3,home,14035526,-0.10279935712825648
G3 m05_joint_production_wealth,3,home,14035525,1.13078827526121
G3 m05_joint_production_wealth,3,home,14035523,0.131846621393004
G3 m05_joint_production_wealth,3,home,14035700,0.6320903557522133
G3 m05_joint_production_wealth,3,home,14035703,1.0481964085344324
G3 m05_joint_production_wealth,3,home,14035698,0.08250242300461609
G3 m05_joint_production_wealth,3,home,14035696,-0.26676694409770696
G3 m05_joint_production_wealth,3,home,14035699,0.4027308943081243
G3 m05_joint_production_wealth,3,home,14035706,-1.4662416971496666
G3 m05_joint_production_wealth,3,home,14035704,0.3426201528489326
G3 m05_joint_production_wealth,3,home,14035702,0.6023559046631779
G3 m05_joint_production_wealth,3,home,14035701,0.7249704463303384
G3 m05_joint_production_wealth,3,home,14035705,-1.9357941543949193
G3 m05_joint_production_wealth,3,home,14501655,-0.6399871661177788
G3 m05_joint_production_wealth,3,home,14035529,0.38323648167003305
G3 m05_joint_production_wealth,3,home,14035528,-0.7584991974871954
G3 m05_joint_production_wealth,3,home,14035531,1.0790234987087317
G3 m05_joint_production_wealth,3,home,14035527,-0.18420573522651584
G3 m05_joint_production_wealth,3,home,14035530,-0.8154134571382137
G3 m05_joint_production_wealth,3,home,14035709,1.4309574178832756
G3 m05_joint_production_wealth,3,home,14035708,0.1793343098838139
G3 m05_joint_production_wealth,3,home,14035710,-0.28657772955311284
G3 m05_joint_production_wealth,3,home,14035707,-0.5669766674862603
G3 m05_joint_production_wealth,3,home,14035711,-0.9623725571338028
G3 m05_joint_production_wealth,3,home,14035532,-0.06493140161824094
G3 m05_joint_production_wealth,3,home,14035534,-1.6612135741529677
G3 m05_joint_production_wealth,3,home,14035533,-1.048182393802612
G3 m05_joint_production_wealth,3,home,14035535,-1.545345615133285
G3 m05_joint_production_wealth,3,home,14297746,-0.845461890416853
G3 m05_joint_production_wealth,3,home,14035538,0.20887852543646804
G3 m05_joint_production_wealth,3,home,14035539,-0.1811814255213757
G3 m05_joint_production_wealth,3,home,14035536,1.0810660515535992
G3 m05_joint_production_wealth,3,home,14035540,-0.28255879506064446
G3 m05_joint_production_wealth,3,home,14035542,-0.2906008492221523
G3 m05_joint_production_wealth,3,home,14035713,-0.777209374885778
G3 m05_joint_production_wealth,3,home,14035714,0.7738055760802766
G3 m05_joint_production_wealth,3,home,14035716,0.311094680677484
G3 m05_joint_production_wealth,3,home,14035715,1.2699608021758197
G3 m05_joint_production_wealth,3,home,14035712,0.7214864360508322
G3 m05_joint_production_wealth,3,home,14035546,-0.2961815406140553
G3 m05_joint_production_wealth,3,home,14035541,1.1164639312304574
G3 m05_joint_production_wealth,3,home,14035544,0.3982380305499704
G3 m05_joint_production_wealth,3,home,14035545,1.2794536039996611
G3 m05_joint_production_wealth,3,home,14035543,-0.6574546947975544
G3 m05_joint_production_wealth,3,home,14035548,-0.44593353615192227
G3 m05_joint_production_wealth,3,home,14035555,0.8220142768722091
G3 m05_joint_production_wealth,3,home,14035549,-0.5369518309131267
G3 m05_joint_production_wealth,3,home,14035554,-0.062495215193523426
G3 m05_joint_production_wealth,3,home,14035717,-0.5643885495308885
G3 m05_joint_production_wealth,3,home,14035718,0.33339614793347355
G3 m05_joint_production_wealth,3,home,14035719,-0.5507781464771783
G3 m05_joint_production_wealth,3,home,14035735,-1.1628290871368274
G3 m05_joint_production_wealth,3,home,14035720,0.6392093870428206
G3 m05_joint_production_wealth,3,home,14035722,0.5094955522099806
G3 m05_joint_production_wealth,3,home,14035721,0.08142434919062906
G3 m05_joint_production_wealth,3,home,14035725,-0.5264759196945044
G3 m05_joint_production_wealth,3,home,14035724,-0.5635224782949401
G3 m05_joint_production_wealth,3,home,14035723,-1.0818854955733141
G3 m05_joint_production_wealth,3,home,14035551,0.7315312649401409
G3 m05_joint_production_wealth,3,home,14035559,1.0405517317434374
G3 m05_joint_production_wealth,3,home,14035550,-1.2316525630028314
G3 m05_joint_production_wealth,3,home,14035556,-0.2376196305382387
G3 m05_joint_production_wealth,3,home,14035552,1.602899789936922
G3 m05_joint_production_wealth,3,home,15017622,0.3827722356722649
G3 m05_joint_production_wealth,3,home,14035727,-0.4044011864339534
G3 m05_joint_production_wealth,3,home,14035729,-0.022003663679898137
G3 m05_joint_production_wealth,3,home,14035726,-0.3945873658975955
G3 m05_joint_production_wealth,3,home,14035730,-1.4163179296147117
G3 m05_joint_production_wealth,3,home,14035728,0.025056196894856223
G3 m05_joint_production_wealth,3,home,14035553,-0.3280975826103884
G3 m05_joint_production_wealth,3,home,14035562,-1.4164229651260714
G3 m05_joint_production_wealth,3,home,14035558,-1.0867507170631352
G3 m05_joint_production_wealth,3,home,14035560,2.1180994977961327
G3 m05_joint_production_wealth,3,home,14035563,-1.352362178996694
G3 m05_joint_production_wealth,3,home,14035564,1.9028605496921813
G3 m05_joint_production_wealth,3,home,14035561,-1.5225154208163538
G3 m05_joint_production_wealth,3,home,14035565,1.493309415639714
G3 m05_joint_production_wealth,3,home,14035566,1.0093013763139995
G3 m05_joint_production_wealth,3,home,14035731,-0.6032272396568807
G3 m05_joint_production_wealth,3,home,14035732,1.5159396067684758
G3 m05_joint_production_wealth,3,home,14035736,1.3756296557270686
G3 m05_joint_production_wealth,3,home,14035733,0.14155892806616366
G3 m05_joint_production_wealth,3,home,14035734,-1.1132212373646337
G3 m05_joint_production_wealth,3,home,14035739,0.7946046916876004
G3 m05_joint_production_wealth,3,home,14035740,-0.3249917801553692
G3 m05_joint_production_wealth,3,home,14035737,1.1861756855247518
G3 m05_joint_production_wealth,3,home,14035738,-0.21389869086825
G3 m05_joint_production_wealth,3,home,14035741,-0.4788352536321712
G3 m05_joint_production_wealth,3,home,14035568,-0.43919123683406985
G3 m05_joint_production_wealth,3,home,14035569,0.5751683479755904
G3 m05_joint_production_wealth,3,home,14035572,0.06277784183096188
G3 m05_joint_production_wealth,3,home,14035570,-0.40003358027291
G3 m05_joint_production_wealth,3,home,14035567,-1.017741057998238
G3 m05_joint_production_wealth,3,home,14035574,1.940253176858977
G3 m05_joint_production_wealth,3,home,14035575,0.5754124421636454
G3 m05_joint_production_wealth,3,home,14035571,-1.1497027715557646
G3 m05_joint_production_wealth,3,home,14035576,-1.4190010178162025
G3 m05_joint_production_wealth,3,home,14035573,-1.8698347755432163
G3 m05_joint_production_wealth,3,home,14035742,-0.7272414063850989
G3 m05_joint_production_wealth,3,home,14035745,-0.7775118099642199
G3 m05_joint_production_wealth,3,home,14035747,0.1412819451024494
G3 m05_joint_production_wealth,3,home,14035744,0.16233065067224564
G3 m05_joint_production_wealth,3,home,14035743,-0.14149051239817279
G3 m05_joint_production_wealth,3,home,14035750,-0.17627432732325898
G3 m05_joint_production_wealth,3,home,14035751,1.9995112996140476
G3 m05_joint_production_wealth,3,home,14035749,-0.5759232271510965
G3 m05_joint_production_wealth,3,home,14035748,-0.5087578465309579
G3 m05_joint_production_wealth,3,home,14035746,0.5170999827539966
G3 m05_joint_production_wealth,3,home,14035582,0.5402439994592799
G3 m05_joint_production_wealth,3,home,14035580,-0.20224996718285712
G3 m05_joint_production_wealth,3,home,14035586,-0.6967455515242499
G3 m05_joint_production_wealth,3,home,14035585,2.3438210033794515
G3 m05_joint_production_wealth,3,home,14035583,1.002258079000599
G3 m05_joint_production_wealth,3,home,14035755,0.17725518679401792
G3 m05_joint_production_wealth,3,home,14035756,-0.6100247655539887
G3 m05_joint_production_wealth,3,home,14035752,-0.41499970694124017
G3 m05_joint_production_wealth,3,home,14035760,-0.7515154549499177
G3 m05_joint_production_wealth,3,home,14035761,0.2913517942960243
G3 m05_joint_production_wealth,3,home,15363335,0.628618518921086
G3 m05_joint_production_wealth,3,home,15305942,-1.6077704766562333
G3 m05_joint_production_wealth,3,home,15374710,1.736394617970905
G3 m05_joint_production_wealth,3,home,14035591,0.2244190839357427
G3 m05_joint_production_wealth,3,home,14035588,1.2919940259889329
G3 m05_joint_production_wealth,3,home,14035587,0.24334751805329546
G3 m05_joint_production_wealth,3,home,14035590,-0.6073478550570021
G3 m05_joint_production_wealth,3,home,14035767,-0.5989758331384812
G3 m05_joint_production_wealth,3,home,14035771,0.6577199825821518
G3 m05_joint_production_wealth,3,home,14035768,0.5525971782800722
G3 m05_joint_production_wealth,3,home,14035766,0.5995985680560348
G3 m05_joint_production_wealth,3,home,14035769,-1.896573257677484
G3 m05_joint_production_wealth,3,home,14035770,-1.2683244656615902
G3 m05_joint_production_wealth,3,home,14035592,0.5310403453117554
G3 m05_joint_production_wealth,3,home,14035594,0.6731549520800235
G3 m05_joint_production_wealth,3,home,14035595,-0.662353076151835
G3 m05_joint_production_wealth,3,home,14035593,0.5134698565625261
G3 m05_joint_production_wealth,3,home,14035597,0.3832741803428842
G3 m05_joint_production_wealth,3,home,14035598,0.9210114400478481
G3 m05_joint_production_wealth,3,home,14035596,-0.4854400697387037
G3 m05_joint_production_wealth,3,home,15399014,-1.5732015659407501
G3 m05_joint_production_wealth,3,home,14035774,-0.3250941721452606
G3 m05_joint_production_wealth,3,home,14035773,1.6792141578754172
G3 m05_joint_production_wealth,3,home,14035772,-0.18045614139431557
G3 m05_joint_production_wealth,3,home,14035775,1.3972249225064237
G3 m05_joint_production_wealth,3,home,14035776,-0.7142910956349634
G3 m05_joint_production_wealth,3,home,14035782,-1.4244363715671207
G3 m05_joint_production_wealth,3,home,14035777,0.28112133616892965
G3 m05_joint_production_wealth,3,home,14035781,-2.240048147851112
G3 m05_joint_production_wealth,3,home,15456958,-0.45696252443216584
G3 m05_joint_production_wealth,3,home,14035602,0.7132369080171423
G3 m05_joint_production_wealth,3,home,14035606,-0.49214832773941375
G3 m05_joint_production_wealth,3,home,14035603,-1.4058437891518212
G3 m05_joint_production_wealth,3,home,14035604,0.1527975322011533
G3 m05_joint_production_wealth,3,home,14035605,0.058333330247905435
G3 m05_joint_production_wealth,3,home,15332289,0.8070407683588336
G3 m05_joint_production_wealth,3,home,15368752,-0.7391229537733764
G3 m05_joint_production_wealth,3,home,14035607,-0.16183521118650446
G3 m05_joint_production_wealth,3,home,14035608,-0.34723859921765265
G3 m05_joint_production_wealth,3,home,14035610,1.3864241962860453
G3 m05_joint_production_wealth,3,home,14035609,1.378581582245091
G3 m05_joint_production_wealth,3,home,14035611,0.8723212671561822
G3 m05_joint_production_wealth,3,home,15336943,-0.7382998287002388
G3 m05_joint_production_wealth,3,home,15416466,-0.6894474724663525
G3 m05_joint_production_wealth,3,home,14035787,-2.322662337867181
G3 m05_joint_production_wealth,3,home,14035778,0.48814678735615025
G3 m05_joint_production_wealth,3,home,15366428,-0.3677544918368709
G3 m05_joint_production_wealth,3,home,15547533,-0.9376054349959076
G3 m05_joint_production_wealth,3,home,14035786,0.7099861646760192
G3 m05_joint_production_wealth,3,home,14035788,1.954236233405742
G3 m05_joint_production_wealth,3,home,14035789,-0.234620767745082
G3 m05_joint_production_wealth,3,home,14035790,0.27222228220281613
G3 m05_joint_production_wealth,3,home,14035792,0.819958255079739
G3 m05_joint_production_wealth,3,home,14035614,-1.228073184652659
G3 m05_joint_production_wealth,3,home,14035616,-0.55592391445982
G3 m05_joint_production_wealth,3,home,14035613,-0.25614731013387737
G3 m05_joint_production_wealth,3,home,14035612,-0.9968442588878527
G3 m05_joint_production_wealth,3,home,14035615,-1.1062738126971112
G3 m05_joint_production_wealth,3,home,15490658,-0.1766696592264729
G3 m05_joint_production_wealth,3,home,15490775,-0.8659934193648988
G3 m05_joint_production_wealth,3,home,14035620,0.8093535163273873
G3 m05_joint_production_wealth,3,home,14035618,0.5610062050020379
G3 m05_joint_production_wealth,3,home,14035619,-1.0496566731153225
G3 m05_joint_production_wealth,3,home,14035617,0.5013661946373148
G3 m05_joint_production_wealth,3,home,14035621,-0.3935434652902286
G3 m05_joint_production_wealth,3,home,15399013,-1.3128291581560363
G3 m05_joint_production_wealth,3,home,15416481,0.9663477715897154
G3 m05_joint_production_wealth,3,home,15395623,0.4473839532274685
G3 m05_joint_production_wealth,3,home,14035796,1.9418035521868249
G3 m05_joint_production_wealth,3,home,14035794,-0.7166436210553492
G3 m05_joint_production_wealth,3,home,14035791,-0.23673338274389136
G3 m05_joint_production_wealth,3,home,14035793,-0.8326985097447838
G3 m05_joint_production_wealth,3,home,14035795,-0.5158429562205689
G3 m05_joint_production_wealth,3,home,15458714,0.01062644967115118
G3 m05_joint_production_wealth,3,home,14035801,-0.11566546752716458
G3 m05_joint_production_wealth,3,home,14035798,1.8521877725650757
G3 m05_joint_production_wealth,3,home,14035799,0.9509081524684633
G3 m05_joint_production_wealth,3,home,14035800,1.5249706209736882
G3 m05_joint_production_wealth,3,home,14035797,1.2304628621309524
G3 m05_joint_production_wealth,3,home,15530801,1.067252082169925
G3 m05_joint_production_wealth,3,home,14035622,-0.2840523801499415
G3 m05_joint_production_wealth,3,home,14035624,-0.41629422987746173
G3 m05_joint_production_wealth,3,home,14035626,-1.4278501079916806
G3 m05_joint_production_wealth,3,home,14035627,-0.23619344957959607
G3 m05_joint_production_wealth,3,home,14035623,2.4506028500818937
G3 m05_joint_production_wealth,3,home,15457468,1.2563446780710363
G3 m05_joint_production_wealth,3,home,14035625,0.9165632294218002
G3 m05_joint_production_wealth,3,home,14035628,0.03011194981082447
G3 m05_joint_production_wealth,3,home,14035631,0.5875832229500509
G3 m05_joint_production_wealth,3,home,14035629,0.3550606459019028
G3 m05_joint_production_wealth,3,home,14035632,-0.19979819064185014
G3 m05_joint_production_wealth,3,home,15422405,0.46185160046028995
G3 m05_joint_production_wealth,3,home,15588942,0.6269390710890848
G3 m05_joint_production_wealth,3,home,14035804,0.8838038200390935
G3 m05_joint_production_wealth,3,home,14035803,-0.6666776259109907
G3 m05_joint_production_wealth,3,home,14035805,0.8000261052323743
G3 m05_joint_production_wealth,3,home,14035806,0.86879455133592
G3 m05_joint_production_wealth,3,home,14035802,-3.0063549586572478
G3 m05_joint_production_wealth,3,home,15588903,-0.29634853017299306
G3 m05_joint_production_wealth,3,home,14035808,0.2905681057041215
G3 m05_joint_production_wealth,3,home,14035811,0.6453836673377067
G3 m05_joint_production_wealth,3,home,14035810,0.11874199945012079
G3 m05_joint_production_wealth,3,home,14035809,-1.1967370101528758
G3 m05_joint_production_wealth,3,home,14035807,0.38702601691828614
G3 m05_joint_production_wealth,3,home,14035637,-0.0789816571274341
G3 m05_joint_production_wealth,3,home,14035633,-0.4093045192797888
G3 m05_joint_production_wealth,3,home,14035635,0.7352520444303478
G3 m05_joint_production_wealth,3,home,14035630,-0.4705904608625004
G3 m05_joint_production_wealth,3,home,14035638,1.0833988578190628
G3 m05_joint_production_wealth,3,home,14035636,-2.259519633544863
G3 m05_joint_production_wealth,3,home,14035634,-0.47790638834646554
G3 m05_joint_production_wealth,3,home,14035645,-0.6978483595890418
G3 m05_joint_production_wealth,3,home,15588896,0.873865005246775
G3 m05_joint_production_wealth,3,home,15588927,1.0679594885979597
G3 m05_joint_production_wealth,3,home,14035814,0.5793469008638211
G3 m05_joint_production_wealth,3,home,14035816,-0.31308211945722175
G3 m05_joint_production_wealth,3,home,14035815,0.7794522032830415
G3 m05_joint_production_wealth,3,home,14035813,-0.12245340401109624
G3 m05_joint_production_wealth,3,home,14035812,-0.7754689151129869
G3 m05_joint_production_wealth,3,home,14035819,-1.1183932557905614
G3 m05_joint_production_wealth,3,home,14035818,0.38881733105257693
G3 m05_joint_production_wealth,3,home,14035827,0.3412051625037441
G3 m05_joint_production_wealth,3,home,14035820,-0.28241386629558407
G3 m05_joint_production_wealth,3,home,14035817,1.0543342394764568
G3 m05_joint_production_wealth,3,home,15881894,0.6855920446754384
G3 m05_joint_production_wealth,3,home,14035640,-0.5003771320702084
G3 m05_joint_production_wealth,3,home,14035642,0.626188611960995
G3 m05_joint_production_wealth,3,home,14035643,0.8983098149388358
G3 m05_joint_production_wealth,3,home,14035641,-0.03216828959138878
G3 m05_joint_production_wealth,3,home,14035644,0.22077320979182666
G3 m05_joint_production_wealth,3,home,15680573,-0.5217585204762607
G3 m05_joint_production_wealth,3,home,14035650,-1.8218388816602575
G3 m05_joint_production_wealth,3,home,14035647,0.6498146853752352
G3 m05_joint_production_wealth,3,home,14035646,0.8127479305720375
G3 m05_joint_production_wealth,3,home,14035648,-0.6367872087638058
G3 m05_joint_production_wealth,3,home,14035651,-0.20773958248705815
G3 m05_joint_production_wealth,3,home,14035821,0.4425831505694579
G3 m05_joint_production_wealth,3,home,14035823,-0.23192122366907741
G3 m05_joint_production_wealth,3,home,14035822,-0.29977164374796406
G3 m05_joint_production_wealth,3,home,14035826,-0.8831046674242236
G3 m05_joint_production_wealth,3,home,14035824,-1.712849562907278
G3 m05_joint_production_wealth,3,home,14032717,0.2706037243385295
G3 m05_joint_production_wealth,3,home,14032707,1.0514397651069316
G3 m05_joint_production_wealth,3,home,14032715,0.3919646246064125
G3 m05_joint_production_wealth,3,home,14032721,-1.5104759684244435
G3 m05_joint_production_wealth,3,home,14032718,-1.9044063639691444
G3 m05_joint_production_wealth,3,home,14035653,-1.0949527504970216
G3 m05_joint_production_wealth,3,home,14035652,0.20359511336978953
G3 m05_joint_production_wealth,3,home,14035654,0.45220632945533645
G3 m05_joint_production_wealth,3,home,14035655,1.5100393752687642
G3 m05_joint_production_wealth,3,home,14035656,-0.015123205905886174
G3 m05_joint_production_wealth,3,home,14032710,1.1544483432693469
G3 m05_joint_production_wealth,3,home,14032708,-0.8584122368140937
G3 m05_joint_production_wealth,3,home,14032714,0.01016360803933431
G3 m05_joint_production_wealth,3,home,14032719,1.628757647117797
G3 m05_joint_production_wealth,3,home,14032720,-0.49218693394580704
G3 m05_joint_production_wealth,3,away,12477128,-0.1425480103097823
G3 m05_joint_production_wealth,3,away,12477134,-0.38511126292470577
G3 m05_joint_production_wealth,3,away,12477131,1.1820326256857785
G3 m05_joint_production_wealth,3,away,12477135,-0.8406090281063879
G3 m05_joint_production_wealth,3,away,12477132,-0.20187024842942838
G3 m05_joint_production_wealth,3,away,12476800,-0.9648111240753472
G3 m05_joint_production_wealth,3,away,12476794,0.012567612605579908
G3 m05_joint_production_wealth,3,away,12476797,-0.7378714770075158
G3 m05_joint_production_wealth,3,away,12476799,-1.232310002162743
G3 m05_joint_production_wealth,3,away,12476798,1.0315909297553576
G3 m05_joint_production_wealth,3,away,12477129,0.3201668925670766
G3 m05_joint_production_wealth,3,away,12477126,0.9495783121382008
G3 m05_joint_production_wealth,3,away,12477130,0.9445010242539723
G3 m05_joint_production_wealth,3,away,12477123,-0.6358770650173249
G3 m05_joint_production_wealth,3,away,12477133,0.09363891367378349
G3 m05_joint_production_wealth,3,away,12476632,-1.0011757141373354
G3 m05_joint_production_wealth,3,away,12476633,-0.32240104465298064
G3 m05_joint_production_wealth,3,away,12476630,-0.9632797855131029
G3 m05_joint_production_wealth,3,away,12476635,0.11561378622270296
G3 m05_joint_production_wealth,3,away,12476636,-1.2795664411266348
G3 m05_joint_production_wealth,3,away,12476793,0.028145548832216483
G3 m05_joint_production_wealth,3,away,12476795,-0.43546989046514883
G3 m05_joint_production_wealth,3,away,12476796,1.1807077363282892
G3 m05_joint_production_wealth,3,away,12476792,-2.3186953153627985
G3 m05_joint_production_wealth,3,away,12476790,-1.0741805951685501
G3 m05_joint_production_wealth,3,away,12476788,-0.9294676788029727
G3 m05_joint_production_wealth,3,away,12476786,0.9524046934193303
G3 m05_joint_production_wealth,3,away,12476787,-0.5756173584907875
G3 m05_joint_production_wealth,3,away,12476791,0.9324659920013417
G3 m05_joint_production_wealth,3,away,12476789,-0.6176374704412846
G3 m05_joint_production_wealth,3,away,12476629,0.0327923024836571
G3 m05_joint_production_wealth,3,away,12476634,0.8878786424944896
G3 m05_joint_production_wealth,3,away,12476623,-1.0226500677381858
G3 m05_joint_production_wealth,3,away,12476631,0.09184693295037757
G3 m05_joint_production_wealth,3,away,12476624,-0.9666674682513132
G3 m05_joint_production_wealth,3,away,12476627,1.290275377655027
G3 m05_joint_production_wealth,3,away,12476625,-0.12616901751300102
G3 m05_joint_production_wealth,3,away,12476621,-0.5496062499643581
G3 m05_joint_production_wealth,3,away,12476622,2.181039222240119
G3 m05_joint_production_wealth,3,away,12476782,-1.1311030140944243
G3 m05_joint_production_wealth,3,away,12476785,-0.7559266292462993
G3 m05_joint_production_wealth,3,away,12476784,0.41314408645557443
G3 m05_joint_production_wealth,3,away,12476781,-1.729648717552942
G3 m05_joint_production_wealth,3,away,12476779,-0.3907853543423573
G3 m05_joint_production_wealth,3,away,12476619,-0.3914818331986422
G3 m05_joint_production_wealth,3,away,12476620,1.6638083466819373
G3 m05_joint_production_wealth,3,away,12476618,-0.7068041888961788
G3 m05_joint_production_wealth,3,away,12476626,-1.5909256001269134
G3 m05_joint_production_wealth,3,away,12476617,0.28559181699294145
G3 m05_joint_production_wealth,3,away,12476780,1.0405868803956793
G3 m05_joint_production_wealth,3,away,12476778,1.0401397373730348
G3 m05_joint_production_wealth,3,away,12476776,-1.2677006183306345
G3 m05_joint_production_wealth,3,away,12476777,0.4419865745195877
G3 m05_joint_production_wealth,3,away,12476783,-0.29991552794563725
G3 m05_joint_production_wealth,3,away,12476772,0.4027212213022897
G3 m05_joint_production_wealth,3,away,12476774,-0.9694930961719928
G3 m05_joint_production_wealth,3,away,12476771,0.23527782773403028
G3 m05_joint_production_wealth,3,away,12476773,-0.7937829608833165
G3 m05_joint_production_wealth,3,away,12476775,-1.379298077281656
G3 m05_joint_production_wealth,3,away,12476611,0.08660984079909403
G3 m05_joint_production_wealth,3,away,12476616,0.31326754930336115
G3 m05_joint_production_wealth,3,away,12476614,-0.19376326206555675
G3 m05_joint_production_wealth,3,away,12476612,-1.1033665116588076
G3 m05_joint_production_wealth,3,away,12476615,0.11644598686827347
G3 m05_joint_production_wealth,3,away,12811090,0.0829040051961566
G3 m05_joint_production_wealth,3,away,12476607,-2.379281160761477
G3 m05_joint_production_wealth,3,away,12476613,-0.7939679984824772
G3 m05_joint_production_wealth,3,away,12476606,0.6026774983049467
G3 m05_joint_production_wealth,3,away,12476603,0.4959626342462589
G3 m05_joint_production_wealth,3,away,12476770,-0.601069996158467
G3 m05_joint_production_wealth,3,away,12476767,-0.665361462025001
G3 m05_joint_production_wealth,3,away,12476766,0.7677621983506486
G3 m05_joint_production_wealth,3,away,12476769,-1.6956402979911998
G3 m05_joint_production_wealth,3,away,12476768,1.8978677120699228
G3 m05_joint_production_wealth,3,away,12476761,-2.825782678240335
G3 m05_joint_production_wealth,3,away,12476765,0.8089684597430201
G3 m05_joint_production_wealth,3,away,12476764,2.6069811076778993
G3 m05_joint_production_wealth,3,away,12476762,-1.1640501877035625
G3 m05_joint_production_wealth,3,away,12476759,1.151720411761315
G3 m05_joint_production_wealth,3,away,12476604,1.2981074017573038
G3 m05_joint_production_wealth,3,away,12476609,0.7553423018169142
G3 m05_joint_production_wealth,3,away,12476610,1.6295360024534267
G3 m05_joint_production_wealth,3,away,12476601,-0.29145776005453916
G3 m05_joint_production_wealth,3,away,12476605,0.42570729782058203
G3 m05_joint_production_wealth,3,away,12476600,-0.6586527690741117
G3 m05_joint_production_wealth,3,away,12476598,0.14472741191636118
G3 m05_joint_production_wealth,3,away,12476599,0.38863504405918753
G3 m05_joint_production_wealth,3,away,12476597,0.32101600883252807
G3 m05_joint_production_wealth,3,away,12476602,0.11981930274263822
G3 m05_joint_production_wealth,3,away,12476760,-1.1691084847582651
G3 m05_joint_production_wealth,3,away,12476763,1.0156863511260164
G3 m05_joint_production_wealth,3,away,12476758,-1.935186866759523
G3 m05_joint_production_wealth,3,away,12476757,0.9618816353864528
G3 m05_joint_production_wealth,3,away,12476756,0.1830440896813143
G3 m05_joint_production_wealth,3,away,12954858,-1.2923455492317846
G3 m05_joint_production_wealth,3,away,12476594,0.06685322097013782
G3 m05_joint_production_wealth,3,away,12476592,1.4756206695933827
G3 m05_joint_production_wealth,3,away,12476595,-3.017433158006032
G3 m05_joint_production_wealth,3,away,12476593,-1.4709169333839671
G3 m05_joint_production_wealth,3,away,12476596,-2.374190938322772
G3 m05_joint_production_wealth,3,away,12476750,0.7344241274271619
G3 m05_joint_production_wealth,3,away,12476753,0.11849771036945028
G3 m05_joint_production_wealth,3,away,12476755,0.3933857688494028
G3 m05_joint_production_wealth,3,away,12476752,-1.5720388625660915
G3 m05_joint_production_wealth,3,away,12476751,0.27192933900074084
G3 m05_joint_production_wealth,3,away,12476749,1.1505860413220281
G3 m05_joint_production_wealth,3,away,12476748,-1.064051915653928
G3 m05_joint_production_wealth,3,away,12476739,-0.32578285071051316
G3 m05_joint_production_wealth,3,away,12476741,-0.5863061076254777
G3 m05_joint_production_wealth,3,away,12476754,-0.8977435033394894
G3 m05_joint_production_wealth,3,away,12476589,-1.449031027184765
G3 m05_joint_production_wealth,3,away,12476587,0.2846344716467153
G3 m05_joint_production_wealth,3,away,12476591,0.8854744127983775
G3 m05_joint_production_wealth,3,away,12476590,0.16352640064988708
G3 m05_joint_production_wealth,3,away,12476588,-1.4969434020810612
G3 m05_joint_production_wealth,3,away,12476746,-0.10736817549354859
G3 m05_joint_production_wealth,3,away,12476747,-1.086535137693113
G3 m05_joint_production_wealth,3,away,12476742,0.4526754741241486
G3 m05_joint_production_wealth,3,away,12476745,-0.09208181229114693
G3 m05_joint_production_wealth,3,away,12476743,-0.19697127575324336
G3 m05_joint_production_wealth,3,away,12476737,0.039990848228031096
G3 m05_joint_production_wealth,3,away,12476735,-0.5654764619175454
G3 m05_joint_production_wealth,3,away,12476744,-0.21975726504684162
G3 m05_joint_production_wealth,3,away,12476738,-1.1512029199458276
G3 m05_joint_production_wealth,3,away,12476740,0.4956489206413876
G3 m05_joint_production_wealth,3,away,12476586,1.5019141511260357
G3 m05_joint_production_wealth,3,away,12476582,1.3365806113826513
G3 m05_joint_production_wealth,3,away,12476579,1.866884749696519
G3 m05_joint_production_wealth,3,away,12476585,-2.7154547994578926
G3 m05_joint_production_wealth,3,away,12476583,-1.4488004893071595
G3 m05_joint_production_wealth,3,away,12476584,1.367148435594039
G3 m05_joint_production_wealth,3,away,12476581,-0.015050561226343568
G3 m05_joint_production_wealth,3,away,12476580,0.4280348825044857
G3 m05_joint_production_wealth,3,away,12476574,0.877146144587016
G3 m05_joint_production_wealth,3,away,12476578,-1.4385907324550016
G3 m05_joint_production_wealth,3,away,12476731,-0.3997125181371779
G3 m05_joint_production_wealth,3,away,12476548,-0.0013973600796472851
G3 m05_joint_production_wealth,3,away,13179032,1.2673286896602745
G3 m05_joint_production_wealth,3,away,13171689,0.5091339711076396
G3 m05_joint_production_wealth,3,away,12476727,1.4282246897763295
G3 m05_joint_production_wealth,3,away,12476729,0.11003427648838822
G3 m05_joint_production_wealth,3,away,12476724,-0.6466766095296472
G3 m05_joint_production_wealth,3,away,12476730,0.36410191372174905
G3 m05_joint_production_wealth,3,away,12476728,0.9056364481231004
G3 m05_joint_production_wealth,3,away,12476720,0.9342063232586503
G3 m05_joint_production_wealth,3,away,12476722,-0.8151308578319196
G3 m05_joint_production_wealth,3,away,12476721,0.6885430713799273
G3 m05_joint_production_wealth,3,away,12476725,2.321062619939188
G3 m05_joint_production_wealth,3,away,12476723,-0.44742215927916545
G3 m05_joint_production_wealth,3,away,13171688,-0.024490829965899283
G3 m05_joint_production_wealth,3,away,12476562,1.490561361405706
G3 m05_joint_production_wealth,3,away,12476564,0.6829457162730029
G3 m05_joint_production_wealth,3,away,12476565,0.04952837761793445
G3 m05_joint_production_wealth,3,away,13175772,1.5003251351052038
G3 m05_joint_production_wealth,3,away,12476563,-0.5752746968797252
G3 m05_joint_production_wealth,3,away,12476556,-0.5974452959933065
G3 m05_joint_production_wealth,3,away,12476558,0.8795462299764729
G3 m05_joint_production_wealth,3,away,12476561,2.1464036572405796
G3 m05_joint_production_wealth,3,away,12476560,-0.022631893898238376
G3 m05_joint_production_wealth,3,away,13179034,0.4209509343350955
G3 m05_joint_production_wealth,3,away,12476726,0.0337986238600379
G3 m05_joint_production_wealth,3,away,12476718,1.9106979853711898
G3 m05_joint_production_wealth,3,away,12476716,-1.5054689861861341
G3 m05_joint_production_wealth,3,away,12476719,-2.5521122518557204
G3 m05_joint_production_wealth,3,away,12476717,0.7045805431501568
G3 m05_joint_production_wealth,3,away,12476713,2.002761971293178
G3 m05_joint_production_wealth,3,away,12476715,1.3378143233500241
G3 m05_joint_production_wealth,3,away,12476714,-0.7978359472489924
G3 m05_joint_production_wealth,3,away,12476710,-0.18174364514698774
G3 m05_joint_production_wealth,3,away,12476712,-1.8592275159993
G3 m05_joint_production_wealth,3,away,13175771,-0.5206638490085378
G3 m05_joint_production_wealth,3,away,13159980,0.3077517102416064
G3 m05_joint_production_wealth,3,away,12476551,-0.87205479134996
G3 m05_joint_production_wealth,3,away,12476555,-0.6451946294712365
G3 m05_joint_production_wealth,3,away,12476557,0.027715203599332935
G3 m05_joint_production_wealth,3,away,12476554,-1.3353228434713869
G3 m05_joint_production_wealth,3,away,12476550,0.11095538138411971
G3 m05_joint_production_wealth,3,away,12476549,-1.2620439393047518
G3 m05_joint_production_wealth,3,away,12476547,-1.3192868890750025
G3 m05_joint_production_wealth,3,away,12476552,-0.3423007048603477
G3 m05_joint_production_wealth,3,away,12476553,0.9426658002568704
G3 m05_joint_production_wealth,3,away,12476711,1.4459040631802165
G3 m05_joint_production_wealth,3,away,12476708,-1.0070437126083442
G3 m05_joint_production_wealth,3,away,12476707,-1.1623938083874867
G3 m05_joint_production_wealth,3,away,12476709,-0.6150052910704146
G3 m05_joint_production_wealth,3,away,12476706,0.27058503176015225
G3 m05_joint_production_wealth,3,away,12476705,-0.38756929663908085
G3 m05_joint_production_wealth,3,away,12476701,-0.6590035811852633
G3 m05_joint_production_wealth,3,away,12476539,-1.4447430706928996
G3 m05_joint_production_wealth,3,away,12476545,-0.9688202397857356
G3 m05_joint_production_wealth,3,away,12476546,-1.3965274452635037
G3 m05_joint_production_wealth,3,away,13217663,1.4993786364781385
G3 m05_joint_production_wealth,3,away,12476541,-1.8833433823533567
G3 m05_joint_production_wealth,3,away,12476544,-0.04854581255378581
G3 m05_joint_production_wealth,3,away,12476533,-0.0029776986018666524
G3 m05_joint_production_wealth,3,away,13324922,1.02018509260501
G3 m05_joint_production_wealth,3,away,13197505,1.0713256474132087
G3 m05_joint_production_wealth,3,away,12476697,1.1110351961780653
G3 m05_joint_production_wealth,3,away,12476698,1.8939700890809898
G3 m05_joint_production_wealth,3,away,12476700,1.069220280790593
G3 m05_joint_production_wealth,3,away,12476696,-0.5579555253522878
G3 m05_joint_production_wealth,3,away,13315347,-0.5793842070736577
G3 m05_joint_production_wealth,3,away,12476531,0.488733584971825
G3 m05_joint_production_wealth,3,away,12476529,1.2369780717054548
G3 m05_joint_production_wealth,3,away,12476538,0.540352313141697
G3 m05_joint_production_wealth,3,away,13233442,0.46175431498132063
G3 m05_joint_production_wealth,3,away,12476519,-0.8136896771455392
G3 m05_joint_production_wealth,3,away,12476525,-0.8136568190196293
G3 m05_joint_production_wealth,3,away,12476523,-0.032439860184600613
G3 m05_joint_production_wealth,3,away,12476522,-1.8602520642512923
G3 m05_joint_production_wealth,3,away,12476524,0.3335503892171626
G3 m05_joint_production_wealth,3,away,12476693,-0.6205057086435193
G3 m05_joint_production_wealth,3,away,12476695,0.1890665632648866
G3 m05_joint_production_wealth,3,away,12476691,1.3558424385413197
G3 m05_joint_production_wealth,3,away,12476692,1.1609648227776042
G3 m05_joint_production_wealth,3,away,12476699,0.1943816743301687
G3 m05_joint_production_wealth,3,away,12476689,-1.072474855633899
G3 m05_joint_production_wealth,3,away,12476685,0.41557825076286375
G3 m05_joint_production_wealth,3,away,12476686,-0.13503766159139097
G3 m05_joint_production_wealth,3,away,12476690,-0.021951650738515602
G3 m05_joint_production_wealth,3,away,13343736,-0.08256513674211967
G3 m05_joint_production_wealth,3,away,12476521,1.208570004541307
G3 m05_joint_production_wealth,3,away,12476514,0.6434170457023284
G3 m05_joint_production_wealth,3,away,12476518,-1.5900488036620222
G3 m05_joint_production_wealth,3,away,12476520,0.004970087939768283
G3 m05_joint_production_wealth,3,away,12476515,-0.6358870359425653
G3 m05_joint_production_wealth,3,away,13348881,0.9970702734738964
G3 m05_joint_production_wealth,3,away,13255608,-1.720827000132829
G3 m05_joint_production_wealth,3,away,12476516,0.3360985191000038
G3 m05_joint_production_wealth,3,away,12476512,-0.04824072708703878
G3 m05_joint_production_wealth,3,away,12476511,-0.15472887202913352
G3 m05_joint_production_wealth,3,away,12476517,-0.6114491901090308
G3 m05_joint_production_wealth,3,away,12476513,1.9863252202121264
G3 m05_joint_production_wealth,3,away,13391276,-0.274680032680165
G3 m05_joint_production_wealth,3,away,12476688,0.28412035882195774
G3 m05_joint_production_wealth,3,away,12476684,1.3101848066442319
G3 m05_joint_production_wealth,3,away,12476681,1.2947188854663063
G3 m05_joint_production_wealth,3,away,12476682,-1.5300286689916398
G3 m05_joint_production_wealth,3,away,12476679,-0.47527739438844413
G3 m05_joint_production_wealth,3,away,12476678,-0.21565951340103268
G3 m05_joint_production_wealth,3,away,12476675,-0.7913103418030468
G3 m05_joint_production_wealth,3,away,12476680,1.6494120228567288
G3 m05_joint_production_wealth,3,away,12476677,1.2697579360454432
G3 m05_joint_production_wealth,3,away,12476508,-0.5725675463549216
G3 m05_joint_production_wealth,3,away,12476510,-1.1241392295068995
G3 m05_joint_production_wealth,3,away,12476506,0.04760924814182735
G3 m05_joint_production_wealth,3,away,12476509,1.091884353295176
G3 m05_joint_production_wealth,3,away,12476507,-2.934279285747063
G3 m05_joint_production_wealth,3,away,12476502,-1.5439852783722154
G3 m05_joint_production_wealth,3,away,12476500,1.0689603563507437
G3 m05_joint_production_wealth,3,away,12476501,-1.248762953404816
G3 m05_joint_production_wealth,3,away,12476505,0.48986160160597186
G3 m05_joint_production_wealth,3,away,12476504,0.7759453992061321
G3 m05_joint_production_wealth,3,away,13415294,0.16316947712474955
G3 m05_joint_production_wealth,3,away,12476674,-0.4470619405729858
G3 m05_joint_production_wealth,3,away,12476671,-1.1366393189878115
G3 m05_joint_production_wealth,3,away,12476670,0.4922144101486976
G3 m05_joint_production_wealth,3,away,12476672,0.9370596823238455
G3 m05_joint_production_wealth,3,away,12476669,0.33958113991877503
G3 m05_joint_production_wealth,3,away,13343733,0.8565214309369902
G3 m05_joint_production_wealth,3,away,12476667,0.0536356882283704
G3 m05_joint_production_wealth,3,away,12476662,-0.4929196433265076
G3 m05_joint_production_wealth,3,away,12476673,0.21423148504648643
G3 m05_joint_production_wealth,3,away,12476676,1.2874503309357535
G3 m05_joint_production_wealth,3,away,12476668,-1.177007209500627
G3 m05_joint_production_wealth,3,away,12476526,0.39472403023856173
G3 m05_joint_production_wealth,3,away,12476497,-0.6667203564399722
G3 m05_joint_production_wealth,3,away,12476499,-0.35176488368447417
G3 m05_joint_production_wealth,3,away,12476496,-1.0211859365973148
G3 m05_joint_production_wealth,3,away,12476498,-0.3053978650712644
G3 m05_joint_production_wealth,3,away,12476495,-0.3202314352627488
G3 m05_joint_production_wealth,3,away,13436762,0.8806744774095785
G3 m05_joint_production_wealth,3,away,12476490,0.6393827239239194
G3 m05_joint_production_wealth,3,away,12476492,-0.027478493571714866
G3 m05_joint_production_wealth,3,away,12476489,-0.9689806408403322
G3 m05_joint_production_wealth,3,away,12476493,-0.8590391988677257
G3 m05_joint_production_wealth,3,away,12476491,0.04760182037966584
G3 m05_joint_production_wealth,3,away,13399583,1.9341396795169463
G3 m05_joint_production_wealth,3,away,13480337,-0.39140400781667023
G3 m05_joint_production_wealth,3,away,12476665,-0.034190190348875264
G3 m05_joint_production_wealth,3,away,12476661,0.8803345428592559
G3 m05_joint_production_wealth,3,away,12476666,-0.3180110099605648
G3 m05_joint_production_wealth,3,away,12476663,-0.6472156523411512
G3 m05_joint_production_wealth,3,away,12476660,0.5917923608879887
G3 m05_joint_production_wealth,3,away,12640468,0.2719016137934939
G3 m05_joint_production_wealth,3,away,12476657,-0.13594716046595975
G3 m05_joint_production_wealth,3,away,12476659,-0.9719236731360094
G3 m05_joint_production_wealth,3,away,12476664,-1.6546965482481428
G3 m05_joint_production_wealth,3,away,12476658,-0.1744571465431811
G3 m05_joint_production_wealth,3,away,13343735,0.6622204910820277
G3 m05_joint_production_wealth,3,away,12476485,-0.6882696825907656
G3 m05_joint_production_wealth,3,away,12476487,0.7025961758816094
G3 m05_joint_production_wealth,3,away,12476486,-2.0549578657549934
G3 m05_joint_production_wealth,3,away,12476488,2.0336872062529756
G3 m05_joint_production_wealth,3,away,12476494,-0.5476956701194219
G3 m05_joint_production_wealth,3,away,12476483,0.4708975582141557
G3 m05_joint_production_wealth,3,away,12476484,0.1038989649752131
G3 m05_joint_production_wealth,3,away,12476482,0.7195371998434951
G3 m05_joint_production_wealth,3,away,12476478,0.7417442024839394
G3 m05_joint_production_wealth,3,away,12476481,0.15717428418242058
G3 m05_joint_production_wealth,3,away,12476656,1.206720070054752
G3 m05_joint_production_wealth,3,away,12476654,-0.8777585805956595
G3 m05_joint_production_wealth,3,away,12476652,-0.47568162897225036
G3 m05_joint_production_wealth,3,away,12476651,1.4156614073120348
G3 m05_joint_production_wealth,3,away,12476655,0.14080994840674024
G3 m05_joint_production_wealth,3,away,12476648,1.190644162765152
G3 m05_joint_production_wealth,3,away,12476649,-0.19575359459086186
G3 m05_joint_production_wealth,3,away,12476653,0.29687355601614845
G3 m05_joint_production_wealth,3,away,12476650,3.189206908503783
G3 m05_joint_production_wealth,3,away,12476646,2.0131136758065034
G3 m05_joint_production_wealth,3,away,12476477,-0.2579678614926829
G3 m05_joint_production_wealth,3,away,12476474,1.2273736830746838
G3 m05_joint_production_wealth,3,away,12476479,-0.5775285955101399
G3 m05_joint_production_wealth,3,away,12476480,-0.5436407982809276
G3 m05_joint_production_wealth,3,away,12476476,0.935410230514273
G3 m05_joint_production_wealth,3,away,12476469,-0.5209436577824533
G3 m05_joint_production_wealth,3,away,12476475,-0.09941417865260507
G3 m05_joint_production_wealth,3,away,12476471,0.6496192143598764
G3 m05_joint_production_wealth,3,away,12476470,-0.03403523432120088
G3 m05_joint_production_wealth,3,away,12476473,-0.6063199686314739
G3 m05_joint_production_wealth,3,away,12476645,1.0886434907109128
G3 m05_joint_production_wealth,3,away,12476642,1.1055317406622527
G3 m05_joint_production_wealth,3,away,12476647,-2.134288438807458
G3 m05_joint_production_wealth,3,away,12476643,-0.6137330884711942
G3 m05_joint_production_wealth,3,away,12476644,-0.4603011004937395
G3 m05_joint_production_wealth,3,away,12476640,0.029449935940432864
G3 m05_joint_production_wealth,3,away,12476641,-0.07950355335095541
G3 m05_joint_production_wealth,3,away,12476637,0.21906859753137659
G3 m05_joint_production_wealth,3,away,12476639,1.1018836608741203
G3 m05_joint_production_wealth,3,away,12476638,0.6344747422539527
G3 m05_joint_production_wealth,3,away,12476465,0.23802365570761003
G3 m05_joint_production_wealth,3,away,12476472,-0.2084730547004896
G3 m05_joint_production_wealth,3,away,12476468,-1.4957716558366583
G3 m05_joint_production_wealth,3,away,12476464,-0.4556635175514778
G3 m05_joint_production_wealth,3,away,12476467,-0.46910381136105844
G3 m05_joint_production_wealth,3,away,12476463,-1.5549766632022002
G3 m05_joint_production_wealth,3,away,12476466,-0.9898984834729272
G3 m05_joint_production_wealth,3,away,12476461,-1.3309441243999673
G3 m05_joint_production_wealth,3,away,12476460,0.6469403745926069
G3 m05_joint_production_wealth,3,away,12476462,-0.9708184145096254
G3 m05_joint_production_wealth,3,away,12473328,-0.5749898772721271
G3 m05_joint_production_wealth,3,away,12473336,0.8533266343937308
G3 m05_joint_production_wealth,3,away,12473335,-0.8542283224058744
G3 m05_joint_production_wealth,3,away,12473322,0.26336387442917114
G3 m05_joint_production_wealth,3,away,12473327,-0.3108193238761845
G3 m05_joint_production_wealth,3,away,12473331,1.5765424293279118
G3 m05_joint_production_wealth,3,away,12473333,0.3790826728106923
G3 m05_joint_production_wealth,3,away,12473334,-0.11543972313457557
G3 m05_joint_production_wealth,3,away,12473337,0.07124815694155615
G3 m05_joint_production_wealth,3,away,12473330,-0.5566408133497257
G3 m05_joint_production_wealth,3,away,12476454,-0.647369912232148
G3 m05_joint_production_wealth,3,away,12476455,1.6970840936492082
G3 m05_joint_production_wealth,3,away,12476458,-0.20755339296395167
G3 m05_joint_production_wealth,3,away,12476459,-1.1247284042614194
G3 m05_joint_production_wealth,3,away,12476457,-1.340741738327313
G3 m05_joint_production_wealth,3,away,12476452,-1.443174133949616
G3 m05_joint_production_wealth,3,away,12476567,-0.12822387747759206
G3 m05_joint_production_wealth,3,away,12476453,-0.0966155274405938
G3 m05_joint_production_wealth,3,away,12476575,-0.7744339992000793
G3 m05_joint_production_wealth,3,away,12476570,-0.40184551535224283
G3 m05_joint_production_wealth,3,away,14035482,0.5592041752132747
G3 m05_joint_production_wealth,3,away,14035495,1.5929434223465369
G3 m05_joint_production_wealth,3,away,14035487,0.17692176558145248
G3 m05_joint_production_wealth,3,away,14035486,-0.5038918793675555
G3 m05_joint_production_wealth,3,away,14343735,0.507209504769896
G3 m05_joint_production_wealth,3,away,14035506,-1.0989689074540834
G3 m05_joint_production_wealth,3,away,14035498,-1.01952860300004
G3 m05_joint_production_wealth,3,away,14035502,2.005614864629324
G3 m05_joint_production_wealth,3,away,14035497,0.3172379059182735
G3 m05_joint_production_wealth,3,away,14035501,0.7360933090700368
G3 m05_joint_production_wealth,3,away,14035665,-0.6683289910562195
G3 m05_joint_production_wealth,3,away,14035666,0.45546003112717237
G3 m05_joint_production_wealth,3,away,14035662,0.803297674817811
G3 m05_joint_production_wealth,3,away,14035664,-0.6754134838805887
G3 m05_joint_production_wealth,3,away,14035663,1.2086461283939922
G3 m05_joint_production_wealth,3,away,14035669,-2.1687109117814134
G3 m05_joint_production_wealth,3,away,14035667,-1.2311384877962634
G3 m05_joint_production_wealth,3,away,14035671,0.597559197855165
G3 m05_joint_production_wealth,3,away,14035670,0.8494295806653195
G3 m05_joint_production_wealth,3,away,14035668,0.12431425231498495
G3 m05_joint_production_wealth,3,away,14035484,0.6789571756371178
G3 m05_joint_production_wealth,3,away,14035485,1.833779692482455
G3 m05_joint_production_wealth,3,away,14035488,0.9274625474711113
G3 m05_joint_production_wealth,3,away,14035489,-0.6685987117080812
G3 m05_joint_production_wealth,3,away,14035494,-0.21971778615816262
G3 m05_joint_production_wealth,3,away,14035493,0.2949281705223436
G3 m05_joint_production_wealth,3,away,14035496,0.2562081845955909
G3 m05_joint_production_wealth,3,away,14035492,-1.7985157752011165
G3 m05_joint_production_wealth,3,away,14035491,-0.8305030865080059
G3 m05_joint_production_wealth,3,away,14035675,0.24845026043633517
G3 m05_joint_production_wealth,3,away,14035672,-0.6998599195961911
G3 m05_joint_production_wealth,3,away,14035674,1.0039446288492626
G3 m05_joint_production_wealth,3,away,14035676,1.7106989414190095
G3 m05_joint_production_wealth,3,away,14035673,0.022661388608661695
G3 m05_joint_production_wealth,3,away,14035678,2.0612978207492643
G3 m05_joint_production_wealth,3,away,14035683,-1.0339899175891811
G3 m05_joint_production_wealth,3,away,14035681,1.475907427160107
G3 m05_joint_production_wealth,3,away,14035679,-0.12004398447268153
G3 m05_joint_production_wealth,3,away,14035677,1.8642293495442661
G3 m05_joint_production_wealth,3,away,14035503,-0.09703078915685014
G3 m05_joint_production_wealth,3,away,14035505,-0.6790956382329967
G3 m05_joint_production_wealth,3,away,14035500,-0.4465330547620846
G3 m05_joint_production_wealth,3,away,14035504,-0.39242492039781535
G3 m05_joint_production_wealth,3,away,14035499,-1.0474963819224368
G3 m05_joint_production_wealth,3,away,14035680,0.16005775671383807
G3 m05_joint_production_wealth,3,away,14035682,-1.4973651480512804
G3 m05_joint_production_wealth,3,away,14035686,-0.575461246130933
G3 m05_joint_production_wealth,3,away,14035684,-1.2243573304809452
G3 m05_joint_production_wealth,3,away,14035685,-0.9051550189040579
G3 m05_joint_production_wealth,3,away,14035511,0.6602455846377417
G3 m05_joint_production_wealth,3,away,14035510,0.060354414465532365
G3 m05_joint_production_wealth,3,away,14035509,-0.4247892351494436
G3 m05_joint_production_wealth,3,away,14035508,-0.2339307963978913
G3 m05_joint_production_wealth,3,away,14035507,-0.45027495441901205
G3 m05_joint_production_wealth,3,away,14035514,0.5948980760362446
G3 m05_joint_production_wealth,3,away,14035515,1.656584636645406
G3 m05_joint_production_wealth,3,away,14035512,-0.1514285313778157
G3 m05_joint_production_wealth,3,away,14035513,-0.08748249453861036
G3 m05_joint_production_wealth,3,away,14035516,0.2808474290939104
G3 m05_joint_production_wealth,3,away,14035687,0.4226099725331369
G3 m05_joint_production_wealth,3,away,14035695,1.5136273577073607
G3 m05_joint_production_wealth,3,away,14035689,2.71247529537885
G3 m05_joint_production_wealth,3,away,14035692,-1.0669714917851147
G3 m05_joint_production_wealth,3,away,14035688,0.6895073310067996
G3 m05_joint_production_wealth,3,away,14035694,0.33771498945888734
G3 m05_joint_production_wealth,3,away,14035690,-1.4037269504289807
G3 m05_joint_production_wealth,3,away,14035693,1.4946199837812972
G3 m05_joint_production_wealth,3,away,14035691,-0.4214197706301217
G3 m05_joint_production_wealth,3,away,14035697,-0.397802561487345
G3 m05_joint_production_wealth,3,away,14035517,0.9316564292778008
G3 m05_joint_production_wealth,3,away,14035518,-1.5007382557585467
G3 m05_joint_production_wealth,3,away,14035519,0.26367803116143684
G3 m05_joint_production_wealth,3,away,14035521,0.21027900602210642
G3 m05_joint_production_wealth,3,away,14035520,-0.3307119757161589
G3 m05_joint_production_wealth,3,away,14035524,-0.6829820693263875
G3 m05_joint_production_wealth,3,away,14035522,0.2751380811155256
G3 m05_joint_production_wealth,3,away,14035526,0.3124868570588477
G3 m05_joint_production_wealth,3,away,14035525,0.11933743856195445
G3 m05_joint_production_wealth,3,away,14035523,-0.8317025265618909
G3 m05_joint_production_wealth,3,away,14035700,1.305655304981399
G3 m05_joint_production_wealth,3,away,14035703,-0.17320716140477935
G3 m05_joint_production_wealth,3,away,14035698,0.6058408834857878
G3 m05_joint_production_wealth,3,away,14035696,0.13350589962196485
G3 m05_joint_production_wealth,3,away,14035699,1.5861936024381398
G3 m05_joint_production_wealth,3,away,14035706,-0.37752654784392076
G3 m05_joint_production_wealth,3,away,14035704,0.6990747483222692
G3 m05_joint_production_wealth,3,away,14035702,0.6566874585871969
G3 m05_joint_production_wealth,3,away,14035701,-0.31122302205565777
G3 m05_joint_production_wealth,3,away,14035705,-0.3925138238658209
G3 m05_joint_production_wealth,3,away,14501655,0.5146985802253973
G3 m05_joint_production_wealth,3,away,14035529,1.2640111982093338
G3 m05_joint_production_wealth,3,away,14035528,0.2749549514569649
G3 m05_joint_production_wealth,3,away,14035531,-1.492128298240141
G3 m05_joint_production_wealth,3,away,14035527,-0.1534723597592328
G3 m05_joint_production_wealth,3,away,14035530,1.6194128146530373
G3 m05_joint_production_wealth,3,away,14035709,-0.7277397664517772
G3 m05_joint_production_wealth,3,away,14035708,0.27289041249644974
G3 m05_joint_production_wealth,3,away,14035710,1.7735149703440944
G3 m05_joint_production_wealth,3,away,14035707,-0.1342652746618315
G3 m05_joint_production_wealth,3,away,14035711,-0.6749621566822083
G3 m05_joint_production_wealth,3,away,14035532,1.123557144632552
G3 m05_joint_production_wealth,3,away,14035534,1.2068526330813303
G3 m05_joint_production_wealth,3,away,14035533,0.9661091575587049
G3 m05_joint_production_wealth,3,away,14035535,-0.5728262714788157
G3 m05_joint_production_wealth,3,away,14297746,-0.7610464395661276
G3 m05_joint_production_wealth,3,away,14035538,0.2792420548054848
G3 m05_joint_production_wealth,3,away,14035539,-0.20916377360737567
G3 m05_joint_production_wealth,3,away,14035536,-1.0853326881261196
G3 m05_joint_production_wealth,3,away,14035540,-2.2190934280686303
G3 m05_joint_production_wealth,3,away,14035542,-0.19452835815153638
G3 m05_joint_production_wealth,3,away,14035713,-0.3023184434264862
G3 m05_joint_production_wealth,3,away,14035714,-0.0717363252073894
G3 m05_joint_production_wealth,3,away,14035716,-0.13709577312998703
G3 m05_joint_production_wealth,3,away,14035715,-0.1596941057046338
G3 m05_joint_production_wealth,3,away,14035712,-1.770545939712682
G3 m05_joint_production_wealth,3,away,14035546,-2.0868328204268796
G3 m05_joint_production_wealth,3,away,14035541,-1.3714844417882504
G3 m05_joint_production_wealth,3,away,14035544,0.699981042908325
G3 m05_joint_production_wealth,3,away,14035545,-1.0723041087417882
G3 m05_joint_production_wealth,3,away,14035543,1.7308318086067962
G3 m05_joint_production_wealth,3,away,14035548,-0.5792919874744522
G3 m05_joint_production_wealth,3,away,14035555,-0.4538646545059013
G3 m05_joint_production_wealth,3,away,14035549,-0.22317217365968164
G3 m05_joint_production_wealth,3,away,14035554,-1.3748228015896051
G3 m05_joint_production_wealth,3,away,14035717,1.061455176509935
G3 m05_joint_production_wealth,3,away,14035718,-0.7814998757668054
G3 m05_joint_production_wealth,3,away,14035719,-0.12340765306709228
G3 m05_joint_production_wealth,3,away,14035735,-0.5218962777222599
G3 m05_joint_production_wealth,3,away,14035720,-1.959062963178878
G3 m05_joint_production_wealth,3,away,14035722,-1.6634728926030167
G3 m05_joint_production_wealth,3,away,14035721,-0.5421160756023905
G3 m05_joint_production_wealth,3,away,14035725,-0.19678620626619808
G3 m05_joint_production_wealth,3,away,14035724,0.9556992081843168
G3 m05_joint_production_wealth,3,away,14035723,1.5951392891817915
G3 m05_joint_production_wealth,3,away,14035551,-0.25437745940945783
G3 m05_joint_production_wealth,3,away,14035559,-0.2081040919319243
G3 m05_joint_production_wealth,3,away,14035550,-1.124722707444509
G3 m05_joint_production_wealth,3,away,14035556,2.1068184191602657
G3 m05_joint_production_wealth,3,away,14035552,-0.4943931090089712
G3 m05_joint_production_wealth,3,away,15017622,0.10966706525378556
G3 m05_joint_production_wealth,3,away,14035727,1.5675287055072464
G3 m05_joint_production_wealth,3,away,14035729,-0.5520262211827303
G3 m05_joint_production_wealth,3,away,14035726,-0.6051132539587606
G3 m05_joint_production_wealth,3,away,14035730,2.0276754852806356
G3 m05_joint_production_wealth,3,away,14035728,-0.0630848860942113
G3 m05_joint_production_wealth,3,away,14035553,-0.5081142494943164
G3 m05_joint_production_wealth,3,away,14035562,-1.2736161055039457
G3 m05_joint_production_wealth,3,away,14035558,1.0493633201056216
G3 m05_joint_production_wealth,3,away,14035560,-1.0631408503566062
G3 m05_joint_production_wealth,3,away,14035563,-0.14133258184595526
G3 m05_joint_production_wealth,3,away,14035564,-1.8962798223275619
G3 m05_joint_production_wealth,3,away,14035561,0.9983335279375423
G3 m05_joint_production_wealth,3,away,14035565,-1.5215392227925804
G3 m05_joint_production_wealth,3,away,14035566,0.6905977960355774
G3 m05_joint_production_wealth,3,away,14035731,-0.22651090095436308
G3 m05_joint_production_wealth,3,away,14035732,1.6460294754607023
G3 m05_joint_production_wealth,3,away,14035736,0.7937125627477577
G3 m05_joint_production_wealth,3,away,14035733,0.11097966783817498
G3 m05_joint_production_wealth,3,away,14035734,1.1970181268926652
G3 m05_joint_production_wealth,3,away,14035739,-1.7078901810331237
G3 m05_joint_production_wealth,3,away,14035740,1.927044780177507
G3 m05_joint_production_wealth,3,away,14035737,-0.5057921866209699
G3 m05_joint_production_wealth,3,away,14035738,-0.38030565956006257
G3 m05_joint_production_wealth,3,away,14035741,0.8056582541580039
G3 m05_joint_production_wealth,3,away,14035568,-0.8779909110399392
G3 m05_joint_production_wealth,3,away,14035569,2.1310138918193866
G3 m05_joint_production_wealth,3,away,14035572,-0.659659304905687
G3 m05_joint_production_wealth,3,away,14035570,-0.9043099665118304
G3 m05_joint_production_wealth,3,away,14035567,-0.4186726895646966
G3 m05_joint_production_wealth,3,away,14035574,0.30920600369875434
G3 m05_joint_production_wealth,3,away,14035575,0.12033070451516842
G3 m05_joint_production_wealth,3,away,14035571,-0.8805603100129332
G3 m05_joint_production_wealth,3,away,14035576,-0.17216066153053064
G3 m05_joint_production_wealth,3,away,14035573,1.9240485989283915
G3 m05_joint_production_wealth,3,away,14035742,1.364028847429044
G3 m05_joint_production_wealth,3,away,14035745,0.04071154444146421
G3 m05_joint_production_wealth,3,away,14035747,-1.3007299637292444
G3 m05_joint_production_wealth,3,away,14035744,1.2357091121973254
G3 m05_joint_production_wealth,3,away,14035743,1.1665007463021422
G3 m05_joint_production_wealth,3,away,14035750,1.439509522806855
G3 m05_joint_production_wealth,3,away,14035751,0.7855050796702531
G3 m05_joint_production_wealth,3,away,14035749,0.20296007199461227
G3 m05_joint_production_wealth,3,away,14035748,0.3032860524842638
G3 m05_joint_production_wealth,3,away,14035746,0.7191617145128764
G3 m05_joint_production_wealth,3,away,14035582,-0.6347305842970443
G3 m05_joint_production_wealth,3,away,14035580,-0.006123917225948207
G3 m05_joint_production_wealth,3,away,14035586,-0.6890430894283771
G3 m05_joint_production_wealth,3,away,14035585,-1.6647316044131837
G3 m05_joint_production_wealth,3,away,14035583,0.13812212216054717
G3 m05_joint_production_wealth,3,away,14035755,-0.6137473588100647
G3 m05_joint_production_wealth,3,away,14035756,-0.014948389813503854
G3 m05_joint_production_wealth,3,away,14035752,0.31039875577151377
G3 m05_joint_production_wealth,3,away,14035760,1.833998739868176
G3 m05_joint_production_wealth,3,away,14035761,0.7035617377980917
G3 m05_joint_production_wealth,3,away,15363335,1.0462759198001437
G3 m05_joint_production_wealth,3,away,15305942,0.974700545927419
G3 m05_joint_production_wealth,3,away,15374710,0.22768107254297063
G3 m05_joint_production_wealth,3,away,14035591,-0.7947404324136091
G3 m05_joint_production_wealth,3,away,14035588,0.10504611992997662
G3 m05_joint_production_wealth,3,away,14035587,2.3008103712035877
G3 m05_joint_production_wealth,3,away,14035590,0.7250909239328112
G3 m05_joint_production_wealth,3,away,14035767,0.17925179397205213
G3 m05_joint_production_wealth,3,away,14035771,0.3392829790907512
G3 m05_joint_production_wealth,3,away,14035768,0.34137905905260263
G3 m05_joint_production_wealth,3,away,14035766,0.29023360887351074
G3 m05_joint_production_wealth,3,away,14035769,0.5992046788266362
G3 m05_joint_production_wealth,3,away,14035770,-0.5342549164242919
G3 m05_joint_production_wealth,3,away,14035592,0.5556215953708877
G3 m05_joint_production_wealth,3,away,14035594,0.5670452030755727
G3 m05_joint_production_wealth,3,away,14035595,-1.2060103881322608
G3 m05_joint_production_wealth,3,away,14035593,1.2595512350802405
G3 m05_joint_production_wealth,3,away,14035597,0.9096816238547799
G3 m05_joint_production_wealth,3,away,14035598,-1.0185165146811228
G3 m05_joint_production_wealth,3,away,14035596,-0.0714957488222217
G3 m05_joint_production_wealth,3,away,15399014,3.1459048597199804
G3 m05_joint_production_wealth,3,away,14035774,0.2912553037469982
G3 m05_joint_production_wealth,3,away,14035773,1.244961950296591
G3 m05_joint_production_wealth,3,away,14035772,-0.4396035326767663
G3 m05_joint_production_wealth,3,away,14035775,-0.5588891544144529
G3 m05_joint_production_wealth,3,away,14035776,0.0020030049615529072
G3 m05_joint_production_wealth,3,away,14035782,0.5495138587810284
G3 m05_joint_production_wealth,3,away,14035777,-1.5975044493243569
G3 m05_joint_production_wealth,3,away,14035781,-1.3457297856353665
G3 m05_joint_production_wealth,3,away,15456958,-0.645941021189065
G3 m05_joint_production_wealth,3,away,14035602,-0.2410946784485442
G3 m05_joint_production_wealth,3,away,14035606,0.5519371597111823
G3 m05_joint_production_wealth,3,away,14035603,0.2392398489359698
G3 m05_joint_production_wealth,3,away,14035604,0.704432711642747
G3 m05_joint_production_wealth,3,away,14035605,-0.0157958366109558
G3 m05_joint_production_wealth,3,away,15332289,-0.06712313605537445
G3 m05_joint_production_wealth,3,away,15368752,-0.6794428342057236
G3 m05_joint_production_wealth,3,away,14035607,0.3339149451331409
G3 m05_joint_production_wealth,3,away,14035608,0.5586517787313277
G3 m05_joint_production_wealth,3,away,14035610,0.593810408146017
G3 m05_joint_production_wealth,3,away,14035609,-1.7653636541766105
G3 m05_joint_production_wealth,3,away,14035611,-0.16490114160084973
G3 m05_joint_production_wealth,3,away,15336943,-0.7289163691602155
G3 m05_joint_production_wealth,3,away,15416466,-0.13763182271164232
G3 m05_joint_production_wealth,3,away,14035787,-2.085626695714652
G3 m05_joint_production_wealth,3,away,14035778,1.5439963497588496
G3 m05_joint_production_wealth,3,away,15366428,3.1399098004558215
G3 m05_joint_production_wealth,3,away,15547533,0.8869127825398312
G3 m05_joint_production_wealth,3,away,14035786,-0.41375702880066495
G3 m05_joint_production_wealth,3,away,14035788,-0.5219842825957819
G3 m05_joint_production_wealth,3,away,14035789,-0.6741571656163867
G3 m05_joint_production_wealth,3,away,14035790,-0.449557482691194
G3 m05_joint_production_wealth,3,away,14035792,-0.06460956371688098
G3 m05_joint_production_wealth,3,away,14035614,-1.122691918044984
G3 m05_joint_production_wealth,3,away,14035616,-1.116590602201272
G3 m05_joint_production_wealth,3,away,14035613,0.27688795255402154
G3 m05_joint_production_wealth,3,away,14035612,0.482149150847154
G3 m05_joint_production_wealth,3,away,14035615,0.8289725642036586
G3 m05_joint_production_wealth,3,away,15490658,-0.2737421010126012
G3 m05_joint_production_wealth,3,away,15490775,-0.012397597118855375
G3 m05_joint_production_wealth,3,away,14035620,0.04552263353635069
G3 m05_joint_production_wealth,3,away,14035618,0.1600703537714165
G3 m05_joint_production_wealth,3,away,14035619,1.5332575726541557
G3 m05_joint_production_wealth,3,away,14035617,-0.11731800510552307
G3 m05_joint_production_wealth,3,away,14035621,-0.16812150992463587
G3 m05_joint_production_wealth,3,away,15399013,-1.6532808814605426
G3 m05_joint_production_wealth,3,away,15416481,-0.7189388373783135
G3 m05_joint_production_wealth,3,away,15395623,-1.2178783009143033
G3 m05_joint_production_wealth,3,away,14035796,-0.7307722287352213
G3 m05_joint_production_wealth,3,away,14035794,-0.34549887964306275
G3 m05_joint_production_wealth,3,away,14035791,1.6700769779039497
G3 m05_joint_production_wealth,3,away,14035793,-0.8270445630656453
G3 m05_joint_production_wealth,3,away,14035795,0.6525540619095386
G3 m05_joint_production_wealth,3,away,15458714,-0.8489092513627692
G3 m05_joint_production_wealth,3,away,14035801,-0.6368587801024769
G3 m05_joint_production_wealth,3,away,14035798,-1.0841853190675492
G3 m05_joint_production_wealth,3,away,14035799,-0.8960096020408608
G3 m05_joint_production_wealth,3,away,14035800,-0.26755577184153767
G3 m05_joint_production_wealth,3,away,14035797,1.397118555754708
G3 m05_joint_production_wealth,3,away,15530801,0.05394203799288326
G3 m05_joint_production_wealth,3,away,14035622,1.1110583240375973
G3 m05_joint_production_wealth,3,away,14035624,0.5805879122094615
G3 m05_joint_production_wealth,3,away,14035626,0.2261240458536951
G3 m05_joint_production_wealth,3,away,14035627,-0.506128764768485
G3 m05_joint_production_wealth,3,away,14035623,1.9652533872620432
G3 m05_joint_production_wealth,3,away,15457468,0.06248836498548677
G3 m05_joint_production_wealth,3,away,14035625,0.9963104042431706
G3 m05_joint_production_wealth,3,away,14035628,-0.3867446237241851
G3 m05_joint_production_wealth,3,away,14035631,-0.614415692220624
G3 m05_joint_production_wealth,3,away,14035629,1.0766388555125592
G3 m05_joint_production_wealth,3,away,14035632,-0.20615151660166642
G3 m05_joint_production_wealth,3,away,15422405,-0.5500918340732244
G3 m05_joint_production_wealth,3,away,15588942,-2.142186804770163
G3 m05_joint_production_wealth,3,away,14035804,-2.008773821138203
G3 m05_joint_production_wealth,3,away,14035803,0.11005219395897707
G3 m05_joint_production_wealth,3,away,14035805,0.0960340599269553
G3 m05_joint_production_wealth,3,away,14035806,0.07893223323212148
G3 m05_joint_production_wealth,3,away,14035802,0.8798840652738311
G3 m05_joint_production_wealth,3,away,15588903,-0.39759160991381387
G3 m05_joint_production_wealth,3,away,14035808,0.11290548819143674
G3 m05_joint_production_wealth,3,away,14035811,0.6237740871095092
G3 m05_joint_production_wealth,3,away,14035810,-0.5706591362213459
G3 m05_joint_production_wealth,3,away,14035809,1.1831181669200186
G3 m05_joint_production_wealth,3,away,14035807,0.015611329239167367
G3 m05_joint_production_wealth,3,away,14035637,0.3781224757090533
G3 m05_joint_production_wealth,3,away,14035633,0.7332075554190186
G3 m05_joint_production_wealth,3,away,14035635,0.3455983120595787
G3 m05_joint_production_wealth,3,away,14035630,0.32199203912239877
G3 m05_joint_production_wealth,3,away,14035638,-2.2006536456712484
G3 m05_joint_production_wealth,3,away,14035636,0.2141469542105524
G3 m05_joint_production_wealth,3,away,14035634,-0.7012207020962115
G3 m05_joint_production_wealth,3,away,14035645,-1.7131837492605904
G3 m05_joint_production_wealth,3,away,15588896,-1.267523039378119
G3 m05_joint_production_wealth,3,away,15588927,-0.39368521429194736
G3 m05_joint_production_wealth,3,away,14035814,0.23599434284076679
G3 m05_joint_production_wealth,3,away,14035816,-0.4860226794034058
G3 m05_joint_production_wealth,3,away,14035815,-0.9627457568505318
G3 m05_joint_production_wealth,3,away,14035813,-1.2410065525127085
G3 m05_joint_production_wealth,3,away,14035812,-0.9189565912623368
G3 m05_joint_production_wealth,3,away,14035819,1.2165486903077374
G3 m05_joint_production_wealth,3,away,14035818,0.2719565737110243
G3 m05_joint_production_wealth,3,away,14035827,-0.3866862128274219
G3 m05_joint_production_wealth,3,away,14035820,-0.4738083955504465
G3 m05_joint_production_wealth,3,away,14035817,0.26552952674465763
G3 m05_joint_production_wealth,3,away,15881894,0.9680514483349711
G3 m05_joint_production_wealth,3,away,14035640,-0.8623833910780337
G3 m05_joint_production_wealth,3,away,14035642,-0.5588286986070629
G3 m05_joint_production_wealth,3,away,14035643,0.0044677691714141
G3 m05_joint_production_wealth,3,away,14035641,-0.48692902707474045
G3 m05_joint_production_wealth,3,away,14035644,-0.7626726295769635
G3 m05_joint_production_wealth,3,away,15680573,0.9889149892223694
G3 m05_joint_production_wealth,3,away,14035650,0.6807188670852747
G3 m05_joint_production_wealth,3,away,14035647,-1.9398555411630767
G3 m05_joint_production_wealth,3,away,14035646,-0.9533671385153866
G3 m05_joint_production_wealth,3,away,14035648,-0.44115060250098176
G3 m05_joint_production_wealth,3,away,14035651,0.08022991110329988
G3 m05_joint_production_wealth,3,away,14035821,0.13685519279422267
G3 m05_joint_production_wealth,3,away,14035823,-0.9346191946218613
G3 m05_joint_production_wealth,3,away,14035822,0.9302630228830314
G3 m05_joint_production_wealth,3,away,14035826,0.09046352631492433
G3 m05_joint_production_wealth,3,away,14035824,1.707273266150356
G3 m05_joint_production_wealth,3,away,14032717,0.20865984559774942
G3 m05_joint_production_wealth,3,away,14032707,-1.2642870334340128
G3 m05_joint_production_wealth,3,away,14032715,-1.529751712389166
G3 m05_joint_production_wealth,3,away,14032721,0.6604817027785697
G3 m05_joint_production_wealth,3,away,14032718,0.026048291456844865
G3 m05_joint_production_wealth,3,away,14035653,0.7003176411628503
G3 m05_joint_production_wealth,3,away,14035652,-0.616094334879018
G3 m05_joint_production_wealth,3,away,14035654,0.9399525988938746
G3 m05_joint_production_wealth,3,away,14035655,-0.05186280057324268
G3 m05_joint_production_wealth,3,away,14035656,-0.760378346459781
G3 m05_joint_production_wealth,3,away,14032710,-0.423770119352812
G3 m05_joint_production_wealth,3,away,14032708,-0.026497839388296154
G3 m05_joint_production_wealth,3,away,14032714,-0.07899597980307298
G3 m05_joint_production_wealth,3,away,14032719,-0.5947904757044796
G3 m05_joint_production_wealth,3,away,14032720,-0.29527044168349104
G4 m12_joint_hybrid_synergy,4,home,12477128,0.2923320724001291
G4 m12_joint_hybrid_synergy,4,home,12477134,-0.26866570580946225
G4 m12_joint_hybrid_synergy,4,home,12477131,0.052005039812100924
G4 m12_joint_hybrid_synergy,4,home,12477135,-0.752014237345316
G4 m12_joint_hybrid_synergy,4,home,12477132,-0.2527387736383863
G4 m12_joint_hybrid_synergy,4,home,12476800,-0.34386734160324567
G4 m12_joint_hybrid_synergy,4,home,12476794,0.5874970837004208
G4 m12_joint_hybrid_synergy,4,home,12476797,0.5603498124925419
G4 m12_joint_hybrid_synergy,4,home,12476799,-1.163065024426211
G4 m12_joint_hybrid_synergy,4,home,12476798,0.8032716437691395
G4 m12_joint_hybrid_synergy,4,home,12477129,-0.712352777553304
G4 m12_joint_hybrid_synergy,4,home,12477126,1.8871385992645182
G4 m12_joint_hybrid_synergy,4,home,12477130,0.5245909117936615
G4 m12_joint_hybrid_synergy,4,home,12477123,-0.8502413146929075
G4 m12_joint_hybrid_synergy,4,home,12477133,-1.1787652241809894
G4 m12_joint_hybrid_synergy,4,home,12476632,0.014000650020740956
G4 m12_joint_hybrid_synergy,4,home,12476633,-1.0190209635412466
G4 m12_joint_hybrid_synergy,4,home,12476630,0.7388261288331184
G4 m12_joint_hybrid_synergy,4,home,12476635,0.2954174853205294
G4 m12_joint_hybrid_synergy,4,home,12476636,-0.6236857145176706
G4 m12_joint_hybrid_synergy,4,home,12476793,-0.5270774961164454
G4 m12_joint_hybrid_synergy,4,home,12476795,-0.20093613523552845
G4 m12_joint_hybrid_synergy,4,home,12476796,-2.0751688881187116
G4 m12_joint_hybrid_synergy,4,home,12476792,0.7187617402524243
G4 m12_joint_hybrid_synergy,4,home,12476790,-0.27662456090835746
G4 m12_joint_hybrid_synergy,4,home,12476788,-0.8720685777607046
G4 m12_joint_hybrid_synergy,4,home,12476786,1.1760315921038744
G4 m12_joint_hybrid_synergy,4,home,12476787,-1.8352905050369186
G4 m12_joint_hybrid_synergy,4,home,12476791,0.26783307006251816
G4 m12_joint_hybrid_synergy,4,home,12476789,-0.32604368981522847
G4 m12_joint_hybrid_synergy,4,home,12476629,0.8522668521802363
G4 m12_joint_hybrid_synergy,4,home,12476634,-0.8380394677204381
G4 m12_joint_hybrid_synergy,4,home,12476623,-0.5531045772284967
G4 m12_joint_hybrid_synergy,4,home,12476631,0.7146947657270583
G4 m12_joint_hybrid_synergy,4,home,12476624,-0.9934710716049969
G4 m12_joint_hybrid_synergy,4,home,12476627,-1.4241845722176507
G4 m12_joint_hybrid_synergy,4,home,12476625,0.8321800735481351
G4 m12_joint_hybrid_synergy,4,home,12476621,-0.28532076643204957
G4 m12_joint_hybrid_synergy,4,home,12476622,-1.914538153090175
G4 m12_joint_hybrid_synergy,4,home,12476782,-1.1283509755600125
G4 m12_joint_hybrid_synergy,4,home,12476785,-0.30969366205418475
G4 m12_joint_hybrid_synergy,4,home,12476784,0.12922513048726442
G4 m12_joint_hybrid_synergy,4,home,12476781,-0.2770726204913266
G4 m12_joint_hybrid_synergy,4,home,12476779,1.9754447962662574
G4 m12_joint_hybrid_synergy,4,home,12476619,2.502407633098975
G4 m12_joint_hybrid_synergy,4,home,12476620,-1.1969089088502587
G4 m12_joint_hybrid_synergy,4,home,12476618,0.3724535355036692
G4 m12_joint_hybrid_synergy,4,home,12476626,0.2694270088548532
G4 m12_joint_hybrid_synergy,4,home,12476617,-0.2894501432546885
G4 m12_joint_hybrid_synergy,4,home,12476780,0.7107155194493308
G4 m12_joint_hybrid_synergy,4,home,12476778,-0.06685858730217928
G4 m12_joint_hybrid_synergy,4,home,12476776,1.327856276731044
G4 m12_joint_hybrid_synergy,4,home,12476777,0.8566926615006872
G4 m12_joint_hybrid_synergy,4,home,12476783,-0.020095291788783293
G4 m12_joint_hybrid_synergy,4,home,12476772,-0.18784124341332575
G4 m12_joint_hybrid_synergy,4,home,12476774,-1.128188524276525
G4 m12_joint_hybrid_synergy,4,home,12476771,-2.346319506487202
G4 m12_joint_hybrid_synergy,4,home,12476773,0.31501342555982004
G4 m12_joint_hybrid_synergy,4,home,12476775,0.015391786282185635
G4 m12_joint_hybrid_synergy,4,home,12476611,1.0958701548835241
G4 m12_joint_hybrid_synergy,4,home,12476616,-0.8056529177731602
G4 m12_joint_hybrid_synergy,4,home,12476614,0.2725117798146864
G4 m12_joint_hybrid_synergy,4,home,12476612,-0.21533655557251405
G4 m12_joint_hybrid_synergy,4,home,12476615,0.26858681407629714
G4 m12_joint_hybrid_synergy,4,home,12811090,-0.42905929979578294
G4 m12_joint_hybrid_synergy,4,home,12476607,0.9243613418992626
G4 m12_joint_hybrid_synergy,4,home,12476613,-1.8707070609466057
G4 m12_joint_hybrid_synergy,4,home,12476606,-1.1170363391160738
G4 m12_joint_hybrid_synergy,4,home,12476603,0.7198884227601331
G4 m12_joint_hybrid_synergy,4,home,12476770,-0.8855907059366662
G4 m12_joint_hybrid_synergy,4,home,12476767,0.25115327602974685
G4 m12_joint_hybrid_synergy,4,home,12476766,0.45240571862133006
G4 m12_joint_hybrid_synergy,4,home,12476769,1.3966987361790828
G4 m12_joint_hybrid_synergy,4,home,12476768,0.6721103985895931
G4 m12_joint_hybrid_synergy,4,home,12476761,-0.4628248136998804
G4 m12_joint_hybrid_synergy,4,home,12476765,-2.224778511586686
G4 m12_joint_hybrid_synergy,4,home,12476764,-0.26259493950931106
G4 m12_joint_hybrid_synergy,4,home,12476762,-0.6746545762819719
G4 m12_joint_hybrid_synergy,4,home,12476759,-0.6910141231713098
G4 m12_joint_hybrid_synergy,4,home,12476604,0.7987181691668366
G4 m12_joint_hybrid_synergy,4,home,12476609,-1.9620968076056269
G4 m12_joint_hybrid_synergy,4,home,12476610,0.9908959403670379
G4 m12_joint_hybrid_synergy,4,home,12476601,-0.9551795392117602
G4 m12_joint_hybrid_synergy,4,home,12476605,-0.7610308383706732
G4 m12_joint_hybrid_synergy,4,home,12476600,2.587952772016387
G4 m12_joint_hybrid_synergy,4,home,12476598,0.6726132384406169
G4 m12_joint_hybrid_synergy,4,home,12476599,-0.7796635444651537
G4 m12_joint_hybrid_synergy,4,home,12476597,0.20061639634388834
G4 m12_joint_hybrid_synergy,4,home,12476602,0.2840454048253712
G4 m12_joint_hybrid_synergy,4,home,12476760,0.8245054123852033
G4 m12_joint_hybrid_synergy,4,home,12476763,-0.24949245642106535
G4 m12_joint_hybrid_synergy,4,home,12476758,-0.44080049837731444
G4 m12_joint_hybrid_synergy,4,home,12476757,-0.948488372548943
G4 m12_joint_hybrid_synergy,4,home,12476756,-1.7048715465879967
G4 m12_joint_hybrid_synergy,4,home,12954858,0.9963685427736411
G4 m12_joint_hybrid_synergy,4,home,12476594,1.168703128379383
G4 m12_joint_hybrid_synergy,4,home,12476592,-0.15622974976693274
G4 m12_joint_hybrid_synergy,4,home,12476595,-1.7788678906988133
G4 m12_joint_hybrid_synergy,4,home,12476593,-2.1188236724734546
G4 m12_joint_hybrid_synergy,4,home,12476596,0.40711296854221046
G4 m12_joint_hybrid_synergy,4,home,12476750,-0.6674835184821044
G4 m12_joint_hybrid_synergy,4,home,12476753,1.4599953328511004
G4 m12_joint_hybrid_synergy,4,home,12476755,-1.4521804137347532
G4 m12_joint_hybrid_synergy,4,home,12476752,-0.2614933457585755
G4 m12_joint_hybrid_synergy,4,home,12476751,0.10456558904237044
G4 m12_joint_hybrid_synergy,4,home,12476749,-1.0022509807027327
G4 m12_joint_hybrid_synergy,4,home,12476748,-0.43734168527626743
G4 m12_joint_hybrid_synergy,4,home,12476739,-0.128224377109488
G4 m12_joint_hybrid_synergy,4,home,12476741,0.09649603706185338
G4 m12_joint_hybrid_synergy,4,home,12476754,2.1869784997430077
G4 m12_joint_hybrid_synergy,4,home,12476589,0.8810145176482754
G4 m12_joint_hybrid_synergy,4,home,12476587,0.5497326430907872
G4 m12_joint_hybrid_synergy,4,home,12476591,0.8076151940757559
G4 m12_joint_hybrid_synergy,4,home,12476590,-0.32634783603391504
G4 m12_joint_hybrid_synergy,4,home,12476588,-0.45327542217620714
G4 m12_joint_hybrid_synergy,4,home,12476746,0.3085184204991612
G4 m12_joint_hybrid_synergy,4,home,12476747,0.45322378576101613
G4 m12_joint_hybrid_synergy,4,home,12476742,-0.193655412021461
G4 m12_joint_hybrid_synergy,4,home,12476745,0.18167830096934554
G4 m12_joint_hybrid_synergy,4,home,12476743,0.23794695001291785
G4 m12_joint_hybrid_synergy,4,home,12476737,0.5060116717908845
G4 m12_joint_hybrid_synergy,4,home,12476735,-0.6133231213789576
G4 m12_joint_hybrid_synergy,4,home,12476744,0.5733379126014778
G4 m12_joint_hybrid_synergy,4,home,12476738,-0.510609111240466
G4 m12_joint_hybrid_synergy,4,home,12476740,-1.6508709236515364
G4 m12_joint_hybrid_synergy,4,home,12476586,0.4558367043906539
G4 m12_joint_hybrid_synergy,4,home,12476582,-0.3487399411182884
G4 m12_joint_hybrid_synergy,4,home,12476579,-1.3295881147708515
G4 m12_joint_hybrid_synergy,4,home,12476585,0.8814314195862615
G4 m12_joint_hybrid_synergy,4,home,12476583,0.12687197878798387
G4 m12_joint_hybrid_synergy,4,home,12476584,0.4092087172188232
G4 m12_joint_hybrid_synergy,4,home,12476581,1.6128074909172803
G4 m12_joint_hybrid_synergy,4,home,12476580,0.8831502849481897
G4 m12_joint_hybrid_synergy,4,home,12476574,-0.013391399976928441
G4 m12_joint_hybrid_synergy,4,home,12476578,1.163029035560846
G4 m12_joint_hybrid_synergy,4,home,12476731,0.9253477739752533
G4 m12_joint_hybrid_synergy,4,home,12476548,-0.22148938174012905
G4 m12_joint_hybrid_synergy,4,home,13179032,-1.3773780537289804
G4 m12_joint_hybrid_synergy,4,home,13171689,0.4400704063870926
G4 m12_joint_hybrid_synergy,4,home,12476727,1.114845903134736
G4 m12_joint_hybrid_synergy,4,home,12476729,0.21518706485298958
G4 m12_joint_hybrid_synergy,4,home,12476724,1.6595981706768985
G4 m12_joint_hybrid_synergy,4,home,12476730,0.2882705851737186
G4 m12_joint_hybrid_synergy,4,home,12476728,-1.9855166157871307
G4 m12_joint_hybrid_synergy,4,home,12476720,-1.42507059437049
G4 m12_joint_hybrid_synergy,4,home,12476722,-1.584174968351441
G4 m12_joint_hybrid_synergy,4,home,12476721,0.12035085025546746
G4 m12_joint_hybrid_synergy,4,home,12476725,-0.2943431754273542
G4 m12_joint_hybrid_synergy,4,home,12476723,0.8773630893772314
G4 m12_joint_hybrid_synergy,4,home,13171688,0.7184948286922782
G4 m12_joint_hybrid_synergy,4,home,12476562,-1.5259218508432932
G4 m12_joint_hybrid_synergy,4,home,12476564,1.2994919902770614
G4 m12_joint_hybrid_synergy,4,home,12476565,0.2949568464163865
G4 m12_joint_hybrid_synergy,4,home,13175772,0.1300988131363289
G4 m12_joint_hybrid_synergy,4,home,12476563,-1.0555309461483569
G4 m12_joint_hybrid_synergy,4,home,12476556,-0.4376679470273018
G4 m12_joint_hybrid_synergy,4,home,12476558,1.3358652835380684
G4 m12_joint_hybrid_synergy,4,home,12476561,0.4608499818950931
G4 m12_joint_hybrid_synergy,4,home,12476560,2.3411205116032736
G4 m12_joint_hybrid_synergy,4,home,13179034,1.3884750542302753
G4 m12_joint_hybrid_synergy,4,home,12476726,-1.6344453928700016
G4 m12_joint_hybrid_synergy,4,home,12476718,-0.7362690190448062
G4 m12_joint_hybrid_synergy,4,home,12476716,0.8567383925221188
G4 m12_joint_hybrid_synergy,4,home,12476719,0.380068144335138
G4 m12_joint_hybrid_synergy,4,home,12476717,0.16457180557036152
G4 m12_joint_hybrid_synergy,4,home,12476713,-0.47807133722475326
G4 m12_joint_hybrid_synergy,4,home,12476715,-0.08079732877703867
G4 m12_joint_hybrid_synergy,4,home,12476714,1.3648893781202558
G4 m12_joint_hybrid_synergy,4,home,12476710,-0.16370786820125377
G4 m12_joint_hybrid_synergy,4,home,12476712,0.30524065263482403
G4 m12_joint_hybrid_synergy,4,home,13175771,-0.23666837338822644
G4 m12_joint_hybrid_synergy,4,home,13159980,1.7238067600162894
G4 m12_joint_hybrid_synergy,4,home,12476551,-0.09758341415320462
G4 m12_joint_hybrid_synergy,4,home,12476555,0.4676678777685907
G4 m12_joint_hybrid_synergy,4,home,12476557,2.6253602782707253
G4 m12_joint_hybrid_synergy,4,home,12476554,0.5906635242202591
G4 m12_joint_hybrid_synergy,4,home,12476550,-0.04473903185565983
G4 m12_joint_hybrid_synergy,4,home,12476549,0.8431644280604773
G4 m12_joint_hybrid_synergy,4,home,12476547,-0.6636338526346104
G4 m12_joint_hybrid_synergy,4,home,12476552,0.009117469144303137
G4 m12_joint_hybrid_synergy,4,home,12476553,0.7051099002191781
G4 m12_joint_hybrid_synergy,4,home,12476711,-0.5144752891214878
G4 m12_joint_hybrid_synergy,4,home,12476708,0.5448852931478162
G4 m12_joint_hybrid_synergy,4,home,12476707,-0.028871709182129824
G4 m12_joint_hybrid_synergy,4,home,12476709,-1.4488139466223504
G4 m12_joint_hybrid_synergy,4,home,12476706,-0.5967468273339347
G4 m12_joint_hybrid_synergy,4,home,12476705,0.16680505788974073
G4 m12_joint_hybrid_synergy,4,home,12476701,-0.7411805808175795
G4 m12_joint_hybrid_synergy,4,home,12476539,0.6142225516566665
G4 m12_joint_hybrid_synergy,4,home,12476545,0.3781721743125617
G4 m12_joint_hybrid_synergy,4,home,12476546,-0.5727415329472514
G4 m12_joint_hybrid_synergy,4,home,13217663,0.5920853609431107
G4 m12_joint_hybrid_synergy,4,home,12476541,0.9530197638748629
G4 m12_joint_hybrid_synergy,4,home,12476544,-0.8443433908497441
G4 m12_joint_hybrid_synergy,4,home,12476533,0.08472890797296447
G4 m12_joint_hybrid_synergy,4,home,13324922,-0.5405004115332879
G4 m12_joint_hybrid_synergy,4,home,13197505,1.257681295090613
G4 m12_joint_hybrid_synergy,4,home,12476697,-0.03888415093300403
G4 m12_joint_hybrid_synergy,4,home,12476698,-1.9515248252238138
G4 m12_joint_hybrid_synergy,4,home,12476700,0.4529993261065647
G4 m12_joint_hybrid_synergy,4,home,12476696,1.2922191614613838
G4 m12_joint_hybrid_synergy,4,home,13315347,0.05992043152742484
G4 m12_joint_hybrid_synergy,4,home,12476531,-1.9464649770367866
G4 m12_joint_hybrid_synergy,4,home,12476529,1.2297575779649264
G4 m12_joint_hybrid_synergy,4,home,12476538,-0.6531108738932236
G4 m12_joint_hybrid_synergy,4,home,13233442,0.7402768711955645
G4 m12_joint_hybrid_synergy,4,home,12476519,-0.3060169975396131
G4 m12_joint_hybrid_synergy,4,home,12476525,-0.8853759697500133
G4 m12_joint_hybrid_synergy,4,home,12476523,1.6349897978281747
G4 m12_joint_hybrid_synergy,4,home,12476522,1.479849436836559
G4 m12_joint_hybrid_synergy,4,home,12476524,-0.7750362158976484
G4 m12_joint_hybrid_synergy,4,home,12476693,-0.418646347576594
G4 m12_joint_hybrid_synergy,4,home,12476695,0.3269846163308544
G4 m12_joint_hybrid_synergy,4,home,12476691,-0.9771539281689228
G4 m12_joint_hybrid_synergy,4,home,12476692,-0.17286759629128343
G4 m12_joint_hybrid_synergy,4,home,12476699,-0.3666109488672084
G4 m12_joint_hybrid_synergy,4,home,12476689,1.3428023184292424
G4 m12_joint_hybrid_synergy,4,home,12476685,0.7136955986007808
G4 m12_joint_hybrid_synergy,4,home,12476686,0.2818539816399043
G4 m12_joint_hybrid_synergy,4,home,12476690,0.30443733838895554
G4 m12_joint_hybrid_synergy,4,home,13343736,1.2151198352638142
G4 m12_joint_hybrid_synergy,4,home,12476521,1.656463741733701
G4 m12_joint_hybrid_synergy,4,home,12476514,0.6347810419229221
G4 m12_joint_hybrid_synergy,4,home,12476518,0.3168568826301011
G4 m12_joint_hybrid_synergy,4,home,12476520,0.6015477643544509
G4 m12_joint_hybrid_synergy,4,home,12476515,-0.1279251920265356
G4 m12_joint_hybrid_synergy,4,home,13348881,-0.4071892423884127
G4 m12_joint_hybrid_synergy,4,home,13255608,0.9749671572656509
G4 m12_joint_hybrid_synergy,4,home,12476516,-1.2000140289799395
G4 m12_joint_hybrid_synergy,4,home,12476512,-0.577406278872451
G4 m12_joint_hybrid_synergy,4,home,12476511,1.414188604411959
G4 m12_joint_hybrid_synergy,4,home,12476517,0.7252305638309673
G4 m12_joint_hybrid_synergy,4,home,12476513,1.3915436448702692
G4 m12_joint_hybrid_synergy,4,home,13391276,0.06385074983891285
G4 m12_joint_hybrid_synergy,4,home,12476688,0.8206223071793131
G4 m12_joint_hybrid_synergy,4,home,12476684,-0.7037380464151833
G4 m12_joint_hybrid_synergy,4,home,12476681,0.4538187812534253
G4 m12_joint_hybrid_synergy,4,home,12476682,0.4766200801881457
G4 m12_joint_hybrid_synergy,4,home,12476679,-2.6333722878085783
G4 m12_joint_hybrid_synergy,4,home,12476678,0.3666495986787461
G4 m12_joint_hybrid_synergy,4,home,12476675,0.6710568238086545
G4 m12_joint_hybrid_synergy,4,home,12476680,1.3989599160875619
G4 m12_joint_hybrid_synergy,4,home,12476677,-2.047815997209988
G4 m12_joint_hybrid_synergy,4,home,12476508,1.618506779855468
G4 m12_joint_hybrid_synergy,4,home,12476510,2.5116179572000865
G4 m12_joint_hybrid_synergy,4,home,12476506,-0.3058212873598433
G4 m12_joint_hybrid_synergy,4,home,12476509,0.3100048095748007
G4 m12_joint_hybrid_synergy,4,home,12476507,-0.1077296960983597
G4 m12_joint_hybrid_synergy,4,home,12476502,-0.704218727227044
G4 m12_joint_hybrid_synergy,4,home,12476500,-0.5782734680306624
G4 m12_joint_hybrid_synergy,4,home,12476501,1.1065690518861446
G4 m12_joint_hybrid_synergy,4,home,12476505,-2.391691623229408
G4 m12_joint_hybrid_synergy,4,home,12476504,-1.822632822590846
G4 m12_joint_hybrid_synergy,4,home,13415294,0.8518618206665066
G4 m12_joint_hybrid_synergy,4,home,12476674,0.3276967626870824
G4 m12_joint_hybrid_synergy,4,home,12476671,0.7534676047613684
G4 m12_joint_hybrid_synergy,4,home,12476670,-0.44158411886261345
G4 m12_joint_hybrid_synergy,4,home,12476672,0.045912656476233535
G4 m12_joint_hybrid_synergy,4,home,12476669,-0.7175503723744334
G4 m12_joint_hybrid_synergy,4,home,13343733,-0.5701825515500358
G4 m12_joint_hybrid_synergy,4,home,12476667,1.1293268557380867
G4 m12_joint_hybrid_synergy,4,home,12476662,-1.192562755599851
G4 m12_joint_hybrid_synergy,4,home,12476673,-0.7154158996726732
G4 m12_joint_hybrid_synergy,4,home,12476676,0.7940113461591441
G4 m12_joint_hybrid_synergy,4,home,12476668,-0.8030239366360248
G4 m12_joint_hybrid_synergy,4,home,12476526,-0.2499171976518572
G4 m12_joint_hybrid_synergy,4,home,12476497,0.4900445500517403
G4 m12_joint_hybrid_synergy,4,home,12476499,-1.0920632351723205
G4 m12_joint_hybrid_synergy,4,home,12476496,0.052361489335106225
G4 m12_joint_hybrid_synergy,4,home,12476498,-0.8140100030971431
G4 m12_joint_hybrid_synergy,4,home,12476495,0.8561377883564514
G4 m12_joint_hybrid_synergy,4,home,13436762,0.2910617496815133
G4 m12_joint_hybrid_synergy,4,home,12476490,-0.376974513515612
G4 m12_joint_hybrid_synergy,4,home,12476492,-1.8875085710862949
G4 m12_joint_hybrid_synergy,4,home,12476489,-1.9273132498010181
G4 m12_joint_hybrid_synergy,4,home,12476493,-2.362154382484899
G4 m12_joint_hybrid_synergy,4,home,12476491,-0.6069199866023115
G4 m12_joint_hybrid_synergy,4,home,13399583,-1.544270409850137
G4 m12_joint_hybrid_synergy,4,home,13480337,2.2659560690879643
G4 m12_joint_hybrid_synergy,4,home,12476665,-0.36788323072200124
G4 m12_joint_hybrid_synergy,4,home,12476661,0.497761431897201
G4 m12_joint_hybrid_synergy,4,home,12476666,-1.3594002161515062
G4 m12_joint_hybrid_synergy,4,home,12476663,-1.1631632268042542
G4 m12_joint_hybrid_synergy,4,home,12476660,1.0368534862253127
G4 m12_joint_hybrid_synergy,4,home,12640468,-0.11867176610365453
G4 m12_joint_hybrid_synergy,4,home,12476657,-0.6026769741774525
G4 m12_joint_hybrid_synergy,4,home,12476659,-1.6749130356851143
G4 m12_joint_hybrid_synergy,4,home,12476664,-1.0237401835280697
G4 m12_joint_hybrid_synergy,4,home,12476658,0.9046501043993284
G4 m12_joint_hybrid_synergy,4,home,13343735,-1.6670305063269808
G4 m12_joint_hybrid_synergy,4,home,12476485,0.5788136004411867
G4 m12_joint_hybrid_synergy,4,home,12476487,-0.9657289278757204
G4 m12_joint_hybrid_synergy,4,home,12476486,0.23025402937559192
G4 m12_joint_hybrid_synergy,4,home,12476488,-1.509573419898791
G4 m12_joint_hybrid_synergy,4,home,12476494,-0.46542113081040537
G4 m12_joint_hybrid_synergy,4,home,12476483,2.5291887481575954
G4 m12_joint_hybrid_synergy,4,home,12476484,1.4123758317171922
G4 m12_joint_hybrid_synergy,4,home,12476482,-0.2768851766993319
G4 m12_joint_hybrid_synergy,4,home,12476478,-0.25230208279530963
G4 m12_joint_hybrid_synergy,4,home,12476481,-0.5500730939816226
G4 m12_joint_hybrid_synergy,4,home,12476656,0.6026579569042244
G4 m12_joint_hybrid_synergy,4,home,12476654,-0.22859142013947759
G4 m12_joint_hybrid_synergy,4,home,12476652,1.9797198948321122
G4 m12_joint_hybrid_synergy,4,home,12476651,0.1026318648734923
G4 m12_joint_hybrid_synergy,4,home,12476655,0.9921944416549638
G4 m12_joint_hybrid_synergy,4,home,12476648,-1.6694553481356336
G4 m12_joint_hybrid_synergy,4,home,12476649,-0.9344702773756391
G4 m12_joint_hybrid_synergy,4,home,12476653,-1.3013257809122698
G4 m12_joint_hybrid_synergy,4,home,12476650,-1.9503060177070344
G4 m12_joint_hybrid_synergy,4,home,12476646,-0.7696545061508947
G4 m12_joint_hybrid_synergy,4,home,12476477,0.4761987547212222
G4 m12_joint_hybrid_synergy,4,home,12476474,1.5461868552919142
G4 m12_joint_hybrid_synergy,4,home,12476479,-0.98803528422467
G4 m12_joint_hybrid_synergy,4,home,12476480,-1.0825606852201268
G4 m12_joint_hybrid_synergy,4,home,12476476,-0.3021084837647217
G4 m12_joint_hybrid_synergy,4,home,12476469,2.3476361245156068
G4 m12_joint_hybrid_synergy,4,home,12476475,0.3901644475097744
G4 m12_joint_hybrid_synergy,4,home,12476471,-1.1456341717199292
G4 m12_joint_hybrid_synergy,4,home,12476470,0.4081689359828155
G4 m12_joint_hybrid_synergy,4,home,12476473,0.2096347918282691
G4 m12_joint_hybrid_synergy,4,home,12476645,0.008825347360937454
G4 m12_joint_hybrid_synergy,4,home,12476642,-1.3763189771003177
G4 m12_joint_hybrid_synergy,4,home,12476647,-0.6850997433237885
G4 m12_joint_hybrid_synergy,4,home,12476643,1.6319005746671211
G4 m12_joint_hybrid_synergy,4,home,12476644,0.5827581753300958
G4 m12_joint_hybrid_synergy,4,home,12476640,-0.5403213318907226
G4 m12_joint_hybrid_synergy,4,home,12476641,2.4766705066805486
G4 m12_joint_hybrid_synergy,4,home,12476637,-0.03883429555288419
G4 m12_joint_hybrid_synergy,4,home,12476639,0.025451414160115246
G4 m12_joint_hybrid_synergy,4,home,12476638,0.5914335221528068
G4 m12_joint_hybrid_synergy,4,home,12476465,-1.4996062856056507
G4 m12_joint_hybrid_synergy,4,home,12476472,0.19898613750442248
G4 m12_joint_hybrid_synergy,4,home,12476468,0.38346368639009726
G4 m12_joint_hybrid_synergy,4,home,12476464,1.2766818016424613
G4 m12_joint_hybrid_synergy,4,home,12476467,-0.07284185822306953
G4 m12_joint_hybrid_synergy,4,home,12476463,2.0553947701682747
G4 m12_joint_hybrid_synergy,4,home,12476466,-0.0748783897379993
G4 m12_joint_hybrid_synergy,4,home,12476461,0.3957281539023883
G4 m12_joint_hybrid_synergy,4,home,12476460,-1.2848342195969236
G4 m12_joint_hybrid_synergy,4,home,12476462,0.807114636639869
G4 m12_joint_hybrid_synergy,4,home,12473328,1.0544836781006404
G4 m12_joint_hybrid_synergy,4,home,12473336,0.7793984081098557
G4 m12_joint_hybrid_synergy,4,home,12473335,0.5649906734424348
G4 m12_joint_hybrid_synergy,4,home,12473322,0.4190381265112149
G4 m12_joint_hybrid_synergy,4,home,12473327,0.9093231027586237
G4 m12_joint_hybrid_synergy,4,home,12473331,0.8998879023231225
G4 m12_joint_hybrid_synergy,4,home,12473333,-1.10826914709867
G4 m12_joint_hybrid_synergy,4,home,12473334,0.027968234338939635
G4 m12_joint_hybrid_synergy,4,home,12473337,0.2972593104593999
G4 m12_joint_hybrid_synergy,4,home,12473330,0.1828919573495636
G4 m12_joint_hybrid_synergy,4,home,12476454,0.9767053316742671
G4 m12_joint_hybrid_synergy,4,home,12476455,-0.15865620790109572
G4 m12_joint_hybrid_synergy,4,home,12476458,0.6635226872884873
G4 m12_joint_hybrid_synergy,4,home,12476459,-0.5875006457487271
G4 m12_joint_hybrid_synergy,4,home,12476457,-1.0787525503609354
G4 m12_joint_hybrid_synergy,4,home,12476452,0.3002675882080536
G4 m12_joint_hybrid_synergy,4,home,12476567,-0.9831344923069971
G4 m12_joint_hybrid_synergy,4,home,12476453,2.9601069007585554
G4 m12_joint_hybrid_synergy,4,home,12476575,-2.6029472620680676
G4 m12_joint_hybrid_synergy,4,home,12476570,0.8090924161744257
G4 m12_joint_hybrid_synergy,4,home,14035482,-0.8088293262867544
G4 m12_joint_hybrid_synergy,4,home,14035495,-0.9508609514858095
G4 m12_joint_hybrid_synergy,4,home,14035487,1.5152893069363547
G4 m12_joint_hybrid_synergy,4,home,14035486,0.015185873585324947
G4 m12_joint_hybrid_synergy,4,home,14343735,-0.42801030520157235
G4 m12_joint_hybrid_synergy,4,home,14035506,0.13003909930464513
G4 m12_joint_hybrid_synergy,4,home,14035498,0.7659133134708991
G4 m12_joint_hybrid_synergy,4,home,14035502,-0.02947920605268273
G4 m12_joint_hybrid_synergy,4,home,14035497,-1.5147237123763442
G4 m12_joint_hybrid_synergy,4,home,14035501,-0.5516078711324959
G4 m12_joint_hybrid_synergy,4,home,14035665,-0.47163119104359913
G4 m12_joint_hybrid_synergy,4,home,14035666,-0.44393454257577025
G4 m12_joint_hybrid_synergy,4,home,14035662,1.5039200932473913
G4 m12_joint_hybrid_synergy,4,home,14035664,0.3160916621482991
G4 m12_joint_hybrid_synergy,4,home,14035663,-0.6571082860188164
G4 m12_joint_hybrid_synergy,4,home,14035669,-1.004607248759663
G4 m12_joint_hybrid_synergy,4,home,14035667,-0.8104585646263054
G4 m12_joint_hybrid_synergy,4,home,14035671,-0.30639349205200056
G4 m12_joint_hybrid_synergy,4,home,14035670,-0.017229888006565445
G4 m12_joint_hybrid_synergy,4,home,14035668,-1.804474633341321
G4 m12_joint_hybrid_synergy,4,home,14035484,-0.3133085385681104
G4 m12_joint_hybrid_synergy,4,home,14035485,1.2169646605128575
G4 m12_joint_hybrid_synergy,4,home,14035488,0.05701969236385125
G4 m12_joint_hybrid_synergy,4,home,14035489,2.2409642150395275
G4 m12_joint_hybrid_synergy,4,home,14035494,0.5070886129257407
G4 m12_joint_hybrid_synergy,4,home,14035493,1.498313788940106
G4 m12_joint_hybrid_synergy,4,home,14035496,-0.8314093969804867
G4 m12_joint_hybrid_synergy,4,home,14035492,0.24297931713951626
G4 m12_joint_hybrid_synergy,4,home,14035491,-0.7786395580721858
G4 m12_joint_hybrid_synergy,4,home,14035675,0.6365851534670194
G4 m12_joint_hybrid_synergy,4,home,14035672,-0.21491227409739624
G4 m12_joint_hybrid_synergy,4,home,14035674,1.8004519286291207
G4 m12_joint_hybrid_synergy,4,home,14035676,-0.5837991527059918
G4 m12_joint_hybrid_synergy,4,home,14035673,1.0446379315533871
G4 m12_joint_hybrid_synergy,4,home,14035678,0.29469653968457554
G4 m12_joint_hybrid_synergy,4,home,14035683,0.20477402464485783
G4 m12_joint_hybrid_synergy,4,home,14035681,0.30374651626466487
G4 m12_joint_hybrid_synergy,4,home,14035679,0.12005920202168327
G4 m12_joint_hybrid_synergy,4,home,14035677,1.2691153178625598
G4 m12_joint_hybrid_synergy,4,home,14035503,0.35075788888743986
G4 m12_joint_hybrid_synergy,4,home,14035505,0.7335706506558275
G4 m12_joint_hybrid_synergy,4,home,14035500,-0.5952718823759415
G4 m12_joint_hybrid_synergy,4,home,14035504,-0.41166180496600574
G4 m12_joint_hybrid_synergy,4,home,14035499,-1.2225187004807965
G4 m12_joint_hybrid_synergy,4,home,14035680,-0.6481392004286141
G4 m12_joint_hybrid_synergy,4,home,14035682,-1.9269005908255055
G4 m12_joint_hybrid_synergy,4,home,14035686,-0.8573470720402047
G4 m12_joint_hybrid_synergy,4,home,14035684,2.6587644951604563
G4 m12_joint_hybrid_synergy,4,home,14035685,0.1088161175766951
G4 m12_joint_hybrid_synergy,4,home,14035511,0.8225834228315244
G4 m12_joint_hybrid_synergy,4,home,14035510,-1.277821124141555
G4 m12_joint_hybrid_synergy,4,home,14035509,0.642586818021757
G4 m12_joint_hybrid_synergy,4,home,14035508,-1.2065229652246674
G4 m12_joint_hybrid_synergy,4,home,14035507,-1.0088674133548925
G4 m12_joint_hybrid_synergy,4,home,14035514,-0.7096456144785176
G4 m12_joint_hybrid_synergy,4,home,14035515,-0.5151704669400125
G4 m12_joint_hybrid_synergy,4,home,14035512,0.2766695449863344
G4 m12_joint_hybrid_synergy,4,home,14035513,-0.11350763494910296
G4 m12_joint_hybrid_synergy,4,home,14035516,1.4525559299426103
G4 m12_joint_hybrid_synergy,4,home,14035687,0.2521166155988011
G4 m12_joint_hybrid_synergy,4,home,14035695,0.10897217139087848
G4 m12_joint_hybrid_synergy,4,home,14035689,-0.779948871714377
G4 m12_joint_hybrid_synergy,4,home,14035692,1.39480846972922
G4 m12_joint_hybrid_synergy,4,home,14035688,-0.8846351200454581
G4 m12_joint_hybrid_synergy,4,home,14035694,-0.8472542510544898
G4 m12_joint_hybrid_synergy,4,home,14035690,-0.4294569614405436
G4 m12_joint_hybrid_synergy,4,home,14035693,-0.56036806255066
G4 m12_joint_hybrid_synergy,4,home,14035691,0.5602630951514737
G4 m12_joint_hybrid_synergy,4,home,14035697,-0.520588501719441
G4 m12_joint_hybrid_synergy,4,home,14035517,-1.0632226659689976
G4 m12_joint_hybrid_synergy,4,home,14035518,0.8304025052178191
G4 m12_joint_hybrid_synergy,4,home,14035519,1.7981894941112906
G4 m12_joint_hybrid_synergy,4,home,14035521,0.2592493928184166
G4 m12_joint_hybrid_synergy,4,home,14035520,0.8114062072797205
G4 m12_joint_hybrid_synergy,4,home,14035524,0.29861621079337586
G4 m12_joint_hybrid_synergy,4,home,14035522,1.4039744867859054
G4 m12_joint_hybrid_synergy,4,home,14035526,-0.08418198335076411
G4 m12_joint_hybrid_synergy,4,home,14035525,0.8708172791395423
G4 m12_joint_hybrid_synergy,4,home,14035523,-0.3718360982043782
G4 m12_joint_hybrid_synergy,4,home,14035700,0.24443783122989443
G4 m12_joint_hybrid_synergy,4,home,14035703,1.136458842633073
G4 m12_joint_hybrid_synergy,4,home,14035698,-0.13681427369475152
G4 m12_joint_hybrid_synergy,4,home,14035696,-0.5548619008259786
G4 m12_joint_hybrid_synergy,4,home,14035699,1.100455147483283
G4 m12_joint_hybrid_synergy,4,home,14035706,-1.154562922077316
G4 m12_joint_hybrid_synergy,4,home,14035704,0.1430360336702637
G4 m12_joint_hybrid_synergy,4,home,14035702,0.27284469176828374
G4 m12_joint_hybrid_synergy,4,home,14035701,0.981356005512488
G4 m12_joint_hybrid_synergy,4,home,14035705,-2.0472234406581653
G4 m12_joint_hybrid_synergy,4,home,14501655,-0.7096830215952133
G4 m12_joint_hybrid_synergy,4,home,14035529,0.08886840354298112
G4 m12_joint_hybrid_synergy,4,home,14035528,-0.7054734014657673
G4 m12_joint_hybrid_synergy,4,home,14035531,1.410488570660841
G4 m12_joint_hybrid_synergy,4,home,14035527,-0.4844894577060963
G4 m12_joint_hybrid_synergy,4,home,14035530,-0.7478827948987146
G4 m12_joint_hybrid_synergy,4,home,14035709,1.0138115236266787
G4 m12_joint_hybrid_synergy,4,home,14035708,0.1282700887609556
G4 m12_joint_hybrid_synergy,4,home,14035710,-0.07256790548846233
G4 m12_joint_hybrid_synergy,4,home,14035707,-0.07085007655360134
G4 m12_joint_hybrid_synergy,4,home,14035711,-1.2785935856139574
G4 m12_joint_hybrid_synergy,4,home,14035532,0.029620176977125788
G4 m12_joint_hybrid_synergy,4,home,14035534,-1.57064356226307
G4 m12_joint_hybrid_synergy,4,home,14035533,-0.8211282223167142
G4 m12_joint_hybrid_synergy,4,home,14035535,-1.1726524855848819
G4 m12_joint_hybrid_synergy,4,home,14297746,-0.8834571771407322
G4 m12_joint_hybrid_synergy,4,home,14035538,-0.14617272075332868
G4 m12_joint_hybrid_synergy,4,home,14035539,0.13716646457698822
G4 m12_joint_hybrid_synergy,4,home,14035536,0.9413695164493918
G4 m12_joint_hybrid_synergy,4,home,14035540,-0.3937825685228417
G4 m12_joint_hybrid_synergy,4,home,14035542,-0.4488165816443891
G4 m12_joint_hybrid_synergy,4,home,14035713,-1.768226413499786
G4 m12_joint_hybrid_synergy,4,home,14035714,0.7957885564429453
G4 m12_joint_hybrid_synergy,4,home,14035716,0.8331822263798875
G4 m12_joint_hybrid_synergy,4,home,14035715,1.6033221013937449
G4 m12_joint_hybrid_synergy,4,home,14035712,0.2597642596677622
G4 m12_joint_hybrid_synergy,4,home,14035546,-0.6285379053452116
G4 m12_joint_hybrid_synergy,4,home,14035541,1.0499902988556453
G4 m12_joint_hybrid_synergy,4,home,14035544,0.2265222464598545
G4 m12_joint_hybrid_synergy,4,home,14035545,0.9628107821258561
G4 m12_joint_hybrid_synergy,4,home,14035543,-0.8465059329474007
G4 m12_joint_hybrid_synergy,4,home,14035548,-0.2736717166686322
G4 m12_joint_hybrid_synergy,4,home,14035555,1.047159962233465
G4 m12_joint_hybrid_synergy,4,home,14035549,-0.23798353050234958
G4 m12_joint_hybrid_synergy,4,home,14035554,-0.6157339139882807
G4 m12_joint_hybrid_synergy,4,home,14035717,-0.3504764838364061
G4 m12_joint_hybrid_synergy,4,home,14035718,0.7522021229210055
G4 m12_joint_hybrid_synergy,4,home,14035719,-0.1444497044065367
G4 m12_joint_hybrid_synergy,4,home,14035735,-1.0207314823192948
G4 m12_joint_hybrid_synergy,4,home,14035720,0.5409317085417827
G4 m12_joint_hybrid_synergy,4,home,14035722,0.027056701288761874
G4 m12_joint_hybrid_synergy,4,home,14035721,-0.34806928376651536
G4 m12_joint_hybrid_synergy,4,home,14035725,0.2168572097320655
G4 m12_joint_hybrid_synergy,4,home,14035724,-0.25707769671634956
G4 m12_joint_hybrid_synergy,4,home,14035723,-0.7794859572230775
G4 m12_joint_hybrid_synergy,4,home,14035551,1.2234450914779869
G4 m12_joint_hybrid_synergy,4,home,14035559,0.7003205283698481
G4 m12_joint_hybrid_synergy,4,home,14035550,-1.6959728917907393
G4 m12_joint_hybrid_synergy,4,home,14035556,-0.6095657552601278
G4 m12_joint_hybrid_synergy,4,home,14035552,1.833443871191176
G4 m12_joint_hybrid_synergy,4,home,15017622,0.09840900073574653
G4 m12_joint_hybrid_synergy,4,home,14035727,0.16533132148030466
G4 m12_joint_hybrid_synergy,4,home,14035729,-0.3749928805413522
G4 m12_joint_hybrid_synergy,4,home,14035726,-0.3962654489274422
G4 m12_joint_hybrid_synergy,4,home,14035730,-0.8134060441598127
G4 m12_joint_hybrid_synergy,4,home,14035728,0.0839657255772389
G4 m12_joint_hybrid_synergy,4,home,14035553,-0.1162663876503957
G4 m12_joint_hybrid_synergy,4,home,14035562,-0.7594063654464316
G4 m12_joint_hybrid_synergy,4,home,14035558,-1.1812991210929382
G4 m12_joint_hybrid_synergy,4,home,14035560,2.2818651808090737
G4 m12_joint_hybrid_synergy,4,home,14035563,-1.5153964365999608
G4 m12_joint_hybrid_synergy,4,home,14035564,1.982556919064093
G4 m12_joint_hybrid_synergy,4,home,14035561,-0.8840934837812069
G4 m12_joint_hybrid_synergy,4,home,14035565,1.6819128661683458
G4 m12_joint_hybrid_synergy,4,home,14035566,0.795743401641712
G4 m12_joint_hybrid_synergy,4,home,14035731,0.29775882328402087
G4 m12_joint_hybrid_synergy,4,home,14035732,1.3861218451295336
G4 m12_joint_hybrid_synergy,4,home,14035736,1.2334736682626435
G4 m12_joint_hybrid_synergy,4,home,14035733,-0.41311390906474127
G4 m12_joint_hybrid_synergy,4,home,14035734,-1.6612948519921664
G4 m12_joint_hybrid_synergy,4,home,14035739,0.8720983225469442
G4 m12_joint_hybrid_synergy,4,home,14035740,-0.5114478401000667
G4 m12_joint_hybrid_synergy,4,home,14035737,1.3375710192953738
G4 m12_joint_hybrid_synergy,4,home,14035738,-0.021282168191174344
G4 m12_joint_hybrid_synergy,4,home,14035741,-0.303491240313462
G4 m12_joint_hybrid_synergy,4,home,14035568,-0.4407004906474338
G4 m12_joint_hybrid_synergy,4,home,14035569,1.0967566324641735
G4 m12_joint_hybrid_synergy,4,home,14035572,0.10251121538165896
G4 m12_joint_hybrid_synergy,4,home,14035570,-0.21014074275833938
G4 m12_joint_hybrid_synergy,4,home,14035567,-0.979199987966844
G4 m12_joint_hybrid_synergy,4,home,14035574,2.033156489372427
G4 m12_joint_hybrid_synergy,4,home,14035575,0.9962583822755393
G4 m12_joint_hybrid_synergy,4,home,14035571,-1.8664795065238386
G4 m12_joint_hybrid_synergy,4,home,14035576,-1.0614121512112304
G4 m12_joint_hybrid_synergy,4,home,14035573,-2.145543143941712
G4 m12_joint_hybrid_synergy,4,home,14035742,-0.49949263223528706
G4 m12_joint_hybrid_synergy,4,home,14035745,-0.4782793285480716
G4 m12_joint_hybrid_synergy,4,home,14035747,0.33457070749215406
G4 m12_joint_hybrid_synergy,4,home,14035744,0.6072154095884381
G4 m12_joint_hybrid_synergy,4,home,14035743,-0.20476883604619475
G4 m12_joint_hybrid_synergy,4,home,14035750,-0.11101619619198658
G4 m12_joint_hybrid_synergy,4,home,14035751,1.809714985067951
G4 m12_joint_hybrid_synergy,4,home,14035749,-0.518177409200591
G4 m12_joint_hybrid_synergy,4,home,14035748,-0.19058319404818158
G4 m12_joint_hybrid_synergy,4,home,14035746,0.8753843669268024
G4 m12_joint_hybrid_synergy,4,home,14035582,0.5882827690715748
G4 m12_joint_hybrid_synergy,4,home,14035580,-0.4020101359297524
G4 m12_joint_hybrid_synergy,4,home,14035586,-0.752706351344499
G4 m12_joint_hybrid_synergy,4,home,14035585,2.412787330507623
G4 m12_joint_hybrid_synergy,4,home,14035583,0.9346940044495484
G4 m12_joint_hybrid_synergy,4,home,14035755,0.024349607441857126
G4 m12_joint_hybrid_synergy,4,home,14035756,-0.46377709738004785
G4 m12_joint_hybrid_synergy,4,home,14035752,-0.08687034646305127
G4 m12_joint_hybrid_synergy,4,home,14035760,-0.3172212859028624
G4 m12_joint_hybrid_synergy,4,home,14035761,0.17657661469351482
G4 m12_joint_hybrid_synergy,4,home,15363335,0.33168361222737347
G4 m12_joint_hybrid_synergy,4,home,15305942,-0.5964163551555232
G4 m12_joint_hybrid_synergy,4,home,15374710,1.913337328674216
G4 m12_joint_hybrid_synergy,4,home,14035591,0.5965801581518662
G4 m12_joint_hybrid_synergy,4,home,14035588,1.4113055921483602
G4 m12_joint_hybrid_synergy,4,home,14035587,-0.2509055485039033
G4 m12_joint_hybrid_synergy,4,home,14035590,-1.6300819875011823
G4 m12_joint_hybrid_synergy,4,home,14035767,-0.5278763962281856
G4 m12_joint_hybrid_synergy,4,home,14035771,0.5681287792150647
G4 m12_joint_hybrid_synergy,4,home,14035768,0.6469748083577879
G4 m12_joint_hybrid_synergy,4,home,14035766,0.35181080818293764
G4 m12_joint_hybrid_synergy,4,home,14035769,-1.2206492399552258
G4 m12_joint_hybrid_synergy,4,home,14035770,-1.7528197895515052
G4 m12_joint_hybrid_synergy,4,home,14035592,0.573369305506102
G4 m12_joint_hybrid_synergy,4,home,14035594,0.9403240189839017
G4 m12_joint_hybrid_synergy,4,home,14035595,-1.467075827018122
G4 m12_joint_hybrid_synergy,4,home,14035593,0.3302117786945188
G4 m12_joint_hybrid_synergy,4,home,14035597,0.3891286041073051
G4 m12_joint_hybrid_synergy,4,home,14035598,0.912167182458455
G4 m12_joint_hybrid_synergy,4,home,14035596,-0.08088991699061494
G4 m12_joint_hybrid_synergy,4,home,15399014,-1.3151964955728999
G4 m12_joint_hybrid_synergy,4,home,14035774,-0.47344349346490255
G4 m12_joint_hybrid_synergy,4,home,14035773,1.0440832572922873
G4 m12_joint_hybrid_synergy,4,home,14035772,-0.5588333287888625
G4 m12_joint_hybrid_synergy,4,home,14035775,1.355426638012088
G4 m12_joint_hybrid_synergy,4,home,14035776,-0.46980416795638896
G4 m12_joint_hybrid_synergy,4,home,14035782,-1.2441643889427403
G4 m12_joint_hybrid_synergy,4,home,14035777,0.5649900159441839
G4 m12_joint_hybrid_synergy,4,home,14035781,-1.2354108015897158
G4 m12_joint_hybrid_synergy,4,home,15456958,-0.2934351180355379
G4 m12_joint_hybrid_synergy,4,home,14035602,0.3422934672739135
G4 m12_joint_hybrid_synergy,4,home,14035606,0.044272642101138814
G4 m12_joint_hybrid_synergy,4,home,14035603,-1.163153384908175
G4 m12_joint_hybrid_synergy,4,home,14035604,0.2885502417420617
G4 m12_joint_hybrid_synergy,4,home,14035605,0.20436875960582812
G4 m12_joint_hybrid_synergy,4,home,15332289,1.0989137724224565
G4 m12_joint_hybrid_synergy,4,home,15368752,-0.7098852699938175
G4 m12_joint_hybrid_synergy,4,home,14035607,-0.348854149579209
G4 m12_joint_hybrid_synergy,4,home,14035608,-0.6771532422885312
G4 m12_joint_hybrid_synergy,4,home,14035610,1.122508720242922
G4 m12_joint_hybrid_synergy,4,home,14035609,1.528964408667074
G4 m12_joint_hybrid_synergy,4,home,14035611,1.2304273972674418
G4 m12_joint_hybrid_synergy,4,home,15336943,-0.4430576768912487
G4 m12_joint_hybrid_synergy,4,home,15416466,-0.5938466519698848
G4 m12_joint_hybrid_synergy,4,home,14035787,-2.0295016242656962
G4 m12_joint_hybrid_synergy,4,home,14035778,0.4614360379844339
G4 m12_joint_hybrid_synergy,4,home,15366428,-0.007944243656197914
G4 m12_joint_hybrid_synergy,4,home,15547533,-1.679232660606276
G4 m12_joint_hybrid_synergy,4,home,14035786,0.8727514724780656
G4 m12_joint_hybrid_synergy,4,home,14035788,1.9274199079990604
G4 m12_joint_hybrid_synergy,4,home,14035789,-0.4159810392051946
G4 m12_joint_hybrid_synergy,4,home,14035790,0.16570145019617094
G4 m12_joint_hybrid_synergy,4,home,14035792,0.46740012390952057
G4 m12_joint_hybrid_synergy,4,home,14035614,-1.3948764701211074
G4 m12_joint_hybrid_synergy,4,home,14035616,0.08917077154950896
G4 m12_joint_hybrid_synergy,4,home,14035613,-0.39668571217578646
G4 m12_joint_hybrid_synergy,4,home,14035612,-1.076489161082302
G4 m12_joint_hybrid_synergy,4,home,14035615,-0.7615406997321764
G4 m12_joint_hybrid_synergy,4,home,15490658,0.12104473948387919
G4 m12_joint_hybrid_synergy,4,home,15490775,-1.1106437012633212
G4 m12_joint_hybrid_synergy,4,home,14035620,0.7188493329928122
G4 m12_joint_hybrid_synergy,4,home,14035618,0.8493193113120442
G4 m12_joint_hybrid_synergy,4,home,14035619,-0.7633814733373153
G4 m12_joint_hybrid_synergy,4,home,14035617,0.599906797044087
G4 m12_joint_hybrid_synergy,4,home,14035621,-0.6673273135691964
G4 m12_joint_hybrid_synergy,4,home,15399013,-1.1417030446840968
G4 m12_joint_hybrid_synergy,4,home,15416481,0.9971786785443792
G4 m12_joint_hybrid_synergy,4,home,15395623,0.5975815033632165
G4 m12_joint_hybrid_synergy,4,home,14035796,1.9129071672219442
G4 m12_joint_hybrid_synergy,4,home,14035794,-0.37971549722648745
G4 m12_joint_hybrid_synergy,4,home,14035791,-0.5974086785813608
G4 m12_joint_hybrid_synergy,4,home,14035793,-0.871935668451194
G4 m12_joint_hybrid_synergy,4,home,14035795,-0.391585359549255
G4 m12_joint_hybrid_synergy,4,home,15458714,0.35209840768579875
G4 m12_joint_hybrid_synergy,4,home,14035801,0.16515341646287907
G4 m12_joint_hybrid_synergy,4,home,14035798,1.6477920178128378
G4 m12_joint_hybrid_synergy,4,home,14035799,0.9785128293079979
G4 m12_joint_hybrid_synergy,4,home,14035800,1.944692495140662
G4 m12_joint_hybrid_synergy,4,home,14035797,1.431941528985945
G4 m12_joint_hybrid_synergy,4,home,15530801,1.0791424999936803
G4 m12_joint_hybrid_synergy,4,home,14035622,-0.1911096653843601
G4 m12_joint_hybrid_synergy,4,home,14035624,-0.5773819813739473
G4 m12_joint_hybrid_synergy,4,home,14035626,-0.8884336507783948
G4 m12_joint_hybrid_synergy,4,home,14035627,-0.17679629607587838
G4 m12_joint_hybrid_synergy,4,home,14035623,2.415666082071526
G4 m12_joint_hybrid_synergy,4,home,15457468,0.9899067325757007
G4 m12_joint_hybrid_synergy,4,home,14035625,0.8142071371906715
G4 m12_joint_hybrid_synergy,4,home,14035628,-0.2907598689694024
G4 m12_joint_hybrid_synergy,4,home,14035631,0.19306726674425445
G4 m12_joint_hybrid_synergy,4,home,14035629,0.17069843597598802
G4 m12_joint_hybrid_synergy,4,home,14035632,-0.9790557966525756
G4 m12_joint_hybrid_synergy,4,home,15422405,0.7881082225256856
G4 m12_joint_hybrid_synergy,4,home,15588942,0.4634556889843719
G4 m12_joint_hybrid_synergy,4,home,14035804,1.272540046327279
G4 m12_joint_hybrid_synergy,4,home,14035803,-0.39471628410985926
G4 m12_joint_hybrid_synergy,4,home,14035805,0.45064588034535535
G4 m12_joint_hybrid_synergy,4,home,14035806,0.605759981615452
G4 m12_joint_hybrid_synergy,4,home,14035802,-1.8508045254946346
G4 m12_joint_hybrid_synergy,4,home,15588903,-0.07685888638032413
G4 m12_joint_hybrid_synergy,4,home,14035808,0.20683428637127763
G4 m12_joint_hybrid_synergy,4,home,14035811,0.8916500297010533
G4 m12_joint_hybrid_synergy,4,home,14035810,0.06149596773499319
G4 m12_joint_hybrid_synergy,4,home,14035809,-0.7085831951072338
G4 m12_joint_hybrid_synergy,4,home,14035807,0.4318747065592891
G4 m12_joint_hybrid_synergy,4,home,14035637,-0.4310494325634362
G4 m12_joint_hybrid_synergy,4,home,14035633,-0.4832206798512309
G4 m12_joint_hybrid_synergy,4,home,14035635,0.541813439027465
G4 m12_joint_hybrid_synergy,4,home,14035630,-0.3125631723594165
G4 m12_joint_hybrid_synergy,4,home,14035638,1.4226586618501755
G4 m12_joint_hybrid_synergy,4,home,14035636,-0.8928146458261336
G4 m12_joint_hybrid_synergy,4,home,14035634,-0.22734636083348758
G4 m12_joint_hybrid_synergy,4,home,14035645,-0.12771355807751422
G4 m12_joint_hybrid_synergy,4,home,15588896,0.45863508316175716
G4 m12_joint_hybrid_synergy,4,home,15588927,1.1761493913771957
G4 m12_joint_hybrid_synergy,4,home,14035814,0.5462374956111292
G4 m12_joint_hybrid_synergy,4,home,14035816,-0.1803077499115444
G4 m12_joint_hybrid_synergy,4,home,14035815,0.5755755548982169
G4 m12_joint_hybrid_synergy,4,home,14035813,-0.5650060693316096
G4 m12_joint_hybrid_synergy,4,home,14035812,-0.47064687362537894
G4 m12_joint_hybrid_synergy,4,home,14035819,-0.8129859197964397
G4 m12_joint_hybrid_synergy,4,home,14035818,0.5921728130419404
G4 m12_joint_hybrid_synergy,4,home,14035827,0.29327627721963073
G4 m12_joint_hybrid_synergy,4,home,14035820,-0.46480520836952843
G4 m12_joint_hybrid_synergy,4,home,14035817,1.0245122243864946
G4 m12_joint_hybrid_synergy,4,home,15881894,0.5000078456979684
G4 m12_joint_hybrid_synergy,4,home,14035640,-0.0540366541010815
G4 m12_joint_hybrid_synergy,4,home,14035642,0.5393871085970491
G4 m12_joint_hybrid_synergy,4,home,14035643,1.2972864278802287
G4 m12_joint_hybrid_synergy,4,home,14035641,-0.43662254106308585
G4 m12_joint_hybrid_synergy,4,home,14035644,0.23153608363109823
G4 m12_joint_hybrid_synergy,4,home,15680573,-1.0799726382415349
G4 m12_joint_hybrid_synergy,4,home,14035650,-0.9773732650211453
G4 m12_joint_hybrid_synergy,4,home,14035647,0.7746769415114959
G4 m12_joint_hybrid_synergy,4,home,14035646,0.7348495444885462
G4 m12_joint_hybrid_synergy,4,home,14035648,-0.4762888255271938
G4 m12_joint_hybrid_synergy,4,home,14035651,-0.323792156767993
G4 m12_joint_hybrid_synergy,4,home,14035821,0.5968116303284525
G4 m12_joint_hybrid_synergy,4,home,14035823,-0.011404757008647074
G4 m12_joint_hybrid_synergy,4,home,14035822,0.07700241768500926
G4 m12_joint_hybrid_synergy,4,home,14035826,-1.06390906405624
G4 m12_joint_hybrid_synergy,4,home,14035824,-1.4999976008600473
G4 m12_joint_hybrid_synergy,4,home,14032717,0.484981964086293
G4 m12_joint_hybrid_synergy,4,home,14032707,1.1453639598322858
G4 m12_joint_hybrid_synergy,4,home,14032715,0.2497634055697239
G4 m12_joint_hybrid_synergy,4,home,14032721,-0.711800543549538
G4 m12_joint_hybrid_synergy,4,home,14032718,-0.6907373773367614
G4 m12_joint_hybrid_synergy,4,home,14035653,-1.3547902489391894
G4 m12_joint_hybrid_synergy,4,home,14035652,0.41872354868980327
G4 m12_joint_hybrid_synergy,4,home,14035654,0.1786188956108574
G4 m12_joint_hybrid_synergy,4,home,14035655,0.9726639287077042
G4 m12_joint_hybrid_synergy,4,home,14035656,-0.2165618916079335
G4 m12_joint_hybrid_synergy,4,home,14032710,0.7262493224828416
G4 m12_joint_hybrid_synergy,4,home,14032708,-0.9507534556493519
G4 m12_joint_hybrid_synergy,4,home,14032714,-0.2102127910818866
G4 m12_joint_hybrid_synergy,4,home,14032719,1.3750356272074753
G4 m12_joint_hybrid_synergy,4,home,14032720,-0.47363670640581773
G4 m12_joint_hybrid_synergy,4,away,12477128,-0.4608900159933065
G4 m12_joint_hybrid_synergy,4,away,12477134,-0.04701300308323413
G4 m12_joint_hybrid_synergy,4,away,12477131,1.323092174906187
G4 m12_joint_hybrid_synergy,4,away,12477135,-1.3770493207437415
G4 m12_joint_hybrid_synergy,4,away,12477132,0.2362635655458983
G4 m12_joint_hybrid_synergy,4,away,12476800,-0.8189359884298041
G4 m12_joint_hybrid_synergy,4,away,12476794,0.06469704309426527
G4 m12_joint_hybrid_synergy,4,away,12476797,-1.3934021552631992
G4 m12_joint_hybrid_synergy,4,away,12476799,-1.168450142534782
G4 m12_joint_hybrid_synergy,4,away,12476798,1.1295185103943448
G4 m12_joint_hybrid_synergy,4,away,12477129,0.5411133936339169
G4 m12_joint_hybrid_synergy,4,away,12477126,0.5967291713780064
G4 m12_joint_hybrid_synergy,4,away,12477130,0.9106806747591465
G4 m12_joint_hybrid_synergy,4,away,12477123,-1.3765593505849059
G4 m12_joint_hybrid_synergy,4,away,12477133,-0.018075876186889682
G4 m12_joint_hybrid_synergy,4,away,12476632,-1.3764230166166658
G4 m12_joint_hybrid_synergy,4,away,12476633,-0.2861064693091838
G4 m12_joint_hybrid_synergy,4,away,12476630,-0.8972413818089414
G4 m12_joint_hybrid_synergy,4,away,12476635,-0.21514536264495351
G4 m12_joint_hybrid_synergy,4,away,12476636,-0.8461277049860365
G4 m12_joint_hybrid_synergy,4,away,12476793,0.16427103537056825
G4 m12_joint_hybrid_synergy,4,away,12476795,-0.25874173698749314
G4 m12_joint_hybrid_synergy,4,away,12476796,1.70658826045525
G4 m12_joint_hybrid_synergy,4,away,12476792,-1.7528387029521417
G4 m12_joint_hybrid_synergy,4,away,12476790,-1.1994794380591944
G4 m12_joint_hybrid_synergy,4,away,12476788,-2.0505776565222993
G4 m12_joint_hybrid_synergy,4,away,12476786,0.5657397931898034
G4 m12_joint_hybrid_synergy,4,away,12476787,-0.2701319188668005
G4 m12_joint_hybrid_synergy,4,away,12476791,0.7980118892135539
G4 m12_joint_hybrid_synergy,4,away,12476789,-0.6899255459491864
G4 m12_joint_hybrid_synergy,4,away,12476629,0.042007921638240894
G4 m12_joint_hybrid_synergy,4,away,12476634,0.5341408898190402
G4 m12_joint_hybrid_synergy,4,away,12476623,-1.11020420558313
G4 m12_joint_hybrid_synergy,4,away,12476631,0.17874874864413642
G4 m12_joint_hybrid_synergy,4,away,12476624,-1.2080240782151261
G4 m12_joint_hybrid_synergy,4,away,12476627,1.6891168714281621
G4 m12_joint_hybrid_synergy,4,away,12476625,0.1576680998649882
G4 m12_joint_hybrid_synergy,4,away,12476621,0.29404516253912477
G4 m12_joint_hybrid_synergy,4,away,12476622,1.7560629974308832
G4 m12_joint_hybrid_synergy,4,away,12476782,-1.9461473024657958
G4 m12_joint_hybrid_synergy,4,away,12476785,-1.6689376143651489
G4 m12_joint_hybrid_synergy,4,away,12476784,0.3651994521227279
G4 m12_joint_hybrid_synergy,4,away,12476781,-0.7706079949907878
G4 m12_joint_hybrid_synergy,4,away,12476779,-0.37299351657129043
G4 m12_joint_hybrid_synergy,4,away,12476619,0.010207129452438238
G4 m12_joint_hybrid_synergy,4,away,12476620,1.7870978310333827
G4 m12_joint_hybrid_synergy,4,away,12476618,-0.8351874104006964
G4 m12_joint_hybrid_synergy,4,away,12476626,-1.4190300450031346
G4 m12_joint_hybrid_synergy,4,away,12476617,0.3702875912199099
G4 m12_joint_hybrid_synergy,4,away,12476780,0.8775795426704494
G4 m12_joint_hybrid_synergy,4,away,12476778,1.247003594404344
G4 m12_joint_hybrid_synergy,4,away,12476776,-1.0869312234202195
G4 m12_joint_hybrid_synergy,4,away,12476777,0.25435292743272486
G4 m12_joint_hybrid_synergy,4,away,12476783,-0.7926755038288276
G4 m12_joint_hybrid_synergy,4,away,12476772,-0.1707594731696815
G4 m12_joint_hybrid_synergy,4,away,12476774,-1.51256451072127
G4 m12_joint_hybrid_synergy,4,away,12476771,0.15771697857081793
G4 m12_joint_hybrid_synergy,4,away,12476773,-0.8139029664974606
G4 m12_joint_hybrid_synergy,4,away,12476775,-0.6777299709184612
G4 m12_joint_hybrid_synergy,4,away,12476611,-0.0206795385229493
G4 m12_joint_hybrid_synergy,4,away,12476616,0.20869559688687228
G4 m12_joint_hybrid_synergy,4,away,12476614,0.3494814767806398
G4 m12_joint_hybrid_synergy,4,away,12476612,-1.0453222230955992
G4 m12_joint_hybrid_synergy,4,away,12476615,0.06687423905656464
G4 m12_joint_hybrid_synergy,4,away,12811090,-0.3332116096054746
G4 m12_joint_hybrid_synergy,4,away,12476607,-0.9130384256713191
G4 m12_joint_hybrid_synergy,4,away,12476613,-0.8972395060946246
G4 m12_joint_hybrid_synergy,4,away,12476606,0.9254196380182398
G4 m12_joint_hybrid_synergy,4,away,12476603,0.022719695746559836
G4 m12_joint_hybrid_synergy,4,away,12476770,-0.7417874205142237
G4 m12_joint_hybrid_synergy,4,away,12476767,-1.0881738083974277
G4 m12_joint_hybrid_synergy,4,away,12476766,0.9956567984976077
G4 m12_joint_hybrid_synergy,4,away,12476769,-1.7596127959589418
G4 m12_joint_hybrid_synergy,4,away,12476768,1.8816084988685067
G4 m12_joint_hybrid_synergy,4,away,12476761,-1.4532123491809559
G4 m12_joint_hybrid_synergy,4,away,12476765,0.954683384999188
G4 m12_joint_hybrid_synergy,4,away,12476764,2.512249243376398
G4 m12_joint_hybrid_synergy,4,away,12476762,-1.628173368446703
G4 m12_joint_hybrid_synergy,4,away,12476759,0.9879016808846546
G4 m12_joint_hybrid_synergy,4,away,12476604,0.6199059343784893
G4 m12_joint_hybrid_synergy,4,away,12476609,0.8290156925779362
G4 m12_joint_hybrid_synergy,4,away,12476610,1.320304886556052
G4 m12_joint_hybrid_synergy,4,away,12476601,0.5135931036037616
G4 m12_joint_hybrid_synergy,4,away,12476605,0.041565260820103915
G4 m12_joint_hybrid_synergy,4,away,12476600,-0.5706100833575719
G4 m12_joint_hybrid_synergy,4,away,12476598,-0.35067249114365584
G4 m12_joint_hybrid_synergy,4,away,12476599,0.2983018807777535
G4 m12_joint_hybrid_synergy,4,away,12476597,0.2726703193274474
G4 m12_joint_hybrid_synergy,4,away,12476602,-0.21340423640059444
G4 m12_joint_hybrid_synergy,4,away,12476760,-2.5225779597247984
G4 m12_joint_hybrid_synergy,4,away,12476763,1.6981293610879247
G4 m12_joint_hybrid_synergy,4,away,12476758,-0.9198541896710782
G4 m12_joint_hybrid_synergy,4,away,12476757,0.76708566801348
G4 m12_joint_hybrid_synergy,4,away,12476756,-0.33943638846397645
G4 m12_joint_hybrid_synergy,4,away,12954858,-0.8871472970204053
G4 m12_joint_hybrid_synergy,4,away,12476594,-0.31422179919483
G4 m12_joint_hybrid_synergy,4,away,12476592,1.7263066199424049
G4 m12_joint_hybrid_synergy,4,away,12476595,-0.6687745142296383
G4 m12_joint_hybrid_synergy,4,away,12476593,-0.8115107224645655
G4 m12_joint_hybrid_synergy,4,away,12476596,-1.7598849422699918
G4 m12_joint_hybrid_synergy,4,away,12476750,1.104453680615507
G4 m12_joint_hybrid_synergy,4,away,12476753,-0.3807925613149942
G4 m12_joint_hybrid_synergy,4,away,12476755,0.2755792807594447
G4 m12_joint_hybrid_synergy,4,away,12476752,-1.598621149127132
G4 m12_joint_hybrid_synergy,4,away,12476751,-0.2009317575708939
G4 m12_joint_hybrid_synergy,4,away,12476749,1.6591852445588355
G4 m12_joint_hybrid_synergy,4,away,12476748,-1.8416026170284223
G4 m12_joint_hybrid_synergy,4,away,12476739,-0.23776545110391437
G4 m12_joint_hybrid_synergy,4,away,12476741,-1.1785488276440967
G4 m12_joint_hybrid_synergy,4,away,12476754,-1.2461475009249843
G4 m12_joint_hybrid_synergy,4,away,12476589,-0.9311574884016878
G4 m12_joint_hybrid_synergy,4,away,12476587,-0.32098284457462367
G4 m12_joint_hybrid_synergy,4,away,12476591,0.8346980532110293
G4 m12_joint_hybrid_synergy,4,away,12476590,0.4440418110021629
G4 m12_joint_hybrid_synergy,4,away,12476588,-1.0688448589913992
G4 m12_joint_hybrid_synergy,4,away,12476746,-0.49819543156206453
G4 m12_joint_hybrid_synergy,4,away,12476747,-1.0886950219845435
G4 m12_joint_hybrid_synergy,4,away,12476742,0.5618117672340348
G4 m12_joint_hybrid_synergy,4,away,12476745,0.29283136037704127
G4 m12_joint_hybrid_synergy,4,away,12476743,-0.503861538854356
G4 m12_joint_hybrid_synergy,4,away,12476737,-0.1379066506887044
G4 m12_joint_hybrid_synergy,4,away,12476735,-0.8893000986304682
G4 m12_joint_hybrid_synergy,4,away,12476744,0.4251973491143001
G4 m12_joint_hybrid_synergy,4,away,12476738,-1.4764968249533532
G4 m12_joint_hybrid_synergy,4,away,12476740,0.6404772592271167
G4 m12_joint_hybrid_synergy,4,away,12476586,1.4139157390235648
G4 m12_joint_hybrid_synergy,4,away,12476582,0.686964015787913
G4 m12_joint_hybrid_synergy,4,away,12476579,1.7690840281004925
G4 m12_joint_hybrid_synergy,4,away,12476585,-2.2544132649349176
G4 m12_joint_hybrid_synergy,4,away,12476583,-1.1820258941348096
G4 m12_joint_hybrid_synergy,4,away,12476584,1.3298499037354732
G4 m12_joint_hybrid_synergy,4,away,12476581,-0.30754106330312525
G4 m12_joint_hybrid_synergy,4,away,12476580,-0.1731033377995529
G4 m12_joint_hybrid_synergy,4,away,12476574,0.4212345537567647
G4 m12_joint_hybrid_synergy,4,away,12476578,-0.9214004671737865
G4 m12_joint_hybrid_synergy,4,away,12476731,-0.3275592207403285
G4 m12_joint_hybrid_synergy,4,away,12476548,0.16554255307451968
G4 m12_joint_hybrid_synergy,4,away,13179032,1.0354516199962716
G4 m12_joint_hybrid_synergy,4,away,13171689,0.8170633625650146
G4 m12_joint_hybrid_synergy,4,away,12476727,1.5202061191434693
G4 m12_joint_hybrid_synergy,4,away,12476729,-0.028657656152936018
G4 m12_joint_hybrid_synergy,4,away,12476724,-0.5765937417684714
G4 m12_joint_hybrid_synergy,4,away,12476730,0.37981862822197693
G4 m12_joint_hybrid_synergy,4,away,12476728,0.961831187869492
G4 m12_joint_hybrid_synergy,4,away,12476720,0.7952213792003369
G4 m12_joint_hybrid_synergy,4,away,12476722,-0.9571327912424241
G4 m12_joint_hybrid_synergy,4,away,12476721,0.5647196536069604
G4 m12_joint_hybrid_synergy,4,away,12476725,2.713521040618925
G4 m12_joint_hybrid_synergy,4,away,12476723,0.13532321352363316
G4 m12_joint_hybrid_synergy,4,away,13171688,0.06337896473438481
G4 m12_joint_hybrid_synergy,4,away,12476562,1.2433989699403771
G4 m12_joint_hybrid_synergy,4,away,12476564,0.9320886143270124
G4 m12_joint_hybrid_synergy,4,away,12476565,-0.16660392296175158
G4 m12_joint_hybrid_synergy,4,away,13175772,1.6953764475338158
G4 m12_joint_hybrid_synergy,4,away,12476563,-0.6289797643025625
G4 m12_joint_hybrid_synergy,4,away,12476556,-1.568236368722884
G4 m12_joint_hybrid_synergy,4,away,12476558,0.9188730762913523
G4 m12_joint_hybrid_synergy,4,away,12476561,1.8144017258649268
G4 m12_joint_hybrid_synergy,4,away,12476560,-0.26022854576287413
G4 m12_joint_hybrid_synergy,4,away,13179034,0.8395284850684425
G4 m12_joint_hybrid_synergy,4,away,12476726,-0.010846159002429813
G4 m12_joint_hybrid_synergy,4,away,12476718,1.761340311850474
G4 m12_joint_hybrid_synergy,4,away,12476716,-0.5834543386641674
G4 m12_joint_hybrid_synergy,4,away,12476719,-1.517188732730184
G4 m12_joint_hybrid_synergy,4,away,12476717,0.3437918570748784
G4 m12_joint_hybrid_synergy,4,away,12476713,1.9992480040616964
G4 m12_joint_hybrid_synergy,4,away,12476715,0.9425335623309228
G4 m12_joint_hybrid_synergy,4,away,12476714,-0.6443168425599766
G4 m12_joint_hybrid_synergy,4,away,12476710,-0.5360501231003499
G4 m12_joint_hybrid_synergy,4,away,12476712,-1.2157381953151714
G4 m12_joint_hybrid_synergy,4,away,13175771,0.253834636393781
G4 m12_joint_hybrid_synergy,4,away,13159980,0.4861280647288498
G4 m12_joint_hybrid_synergy,4,away,12476551,-2.70123000581953
G4 m12_joint_hybrid_synergy,4,away,12476555,-1.1813009417009332
G4 m12_joint_hybrid_synergy,4,away,12476557,-0.39482830930398277
G4 m12_joint_hybrid_synergy,4,away,12476554,-1.6994777084090362
G4 m12_joint_hybrid_synergy,4,away,12476550,0.336426756764948
G4 m12_joint_hybrid_synergy,4,away,12476549,-1.7954433626555903
G4 m12_joint_hybrid_synergy,4,away,12476547,-1.2571311291260543
G4 m12_joint_hybrid_synergy,4,away,12476552,-0.14134275465234677
G4 m12_joint_hybrid_synergy,4,away,12476553,0.442807193285418
G4 m12_joint_hybrid_synergy,4,away,12476711,1.2809812313731093
G4 m12_joint_hybrid_synergy,4,away,12476708,-0.8087881750859568
G4 m12_joint_hybrid_synergy,4,away,12476707,-1.503844056170215
G4 m12_joint_hybrid_synergy,4,away,12476709,-0.9204039921261611
G4 m12_joint_hybrid_synergy,4,away,12476706,-0.25202098937169004
G4 m12_joint_hybrid_synergy,4,away,12476705,-0.008023139849052693
G4 m12_joint_hybrid_synergy,4,away,12476701,-0.948093999605211
G4 m12_joint_hybrid_synergy,4,away,12476539,-1.241704081800407
G4 m12_joint_hybrid_synergy,4,away,12476545,-0.8293027163887766
G4 m12_joint_hybrid_synergy,4,away,12476546,-1.5382762645050374
G4 m12_joint_hybrid_synergy,4,away,13217663,1.7332156656051343
G4 m12_joint_hybrid_synergy,4,away,12476541,-1.458301341826805
G4 m12_joint_hybrid_synergy,4,away,12476544,-0.08086318098636416
G4 m12_joint_hybrid_synergy,4,away,12476533,0.08922989966517425
G4 m12_joint_hybrid_synergy,4,away,13324922,1.3235958376872485
G4 m12_joint_hybrid_synergy,4,away,13197505,0.7859317928394496
G4 m12_joint_hybrid_synergy,4,away,12476697,0.47235460292429327
G4 m12_joint_hybrid_synergy,4,away,12476698,2.456975398986388
G4 m12_joint_hybrid_synergy,4,away,12476700,0.9517440213724044
G4 m12_joint_hybrid_synergy,4,away,12476696,0.24277312058922645
G4 m12_joint_hybrid_synergy,4,away,13315347,-0.8382344132400602
G4 m12_joint_hybrid_synergy,4,away,12476531,0.4283266704071143
G4 m12_joint_hybrid_synergy,4,away,12476529,0.7920415925886685
G4 m12_joint_hybrid_synergy,4,away,12476538,0.6412823055465631
G4 m12_joint_hybrid_synergy,4,away,13233442,1.0123117048506467
G4 m12_joint_hybrid_synergy,4,away,12476519,-0.7431190596228692
G4 m12_joint_hybrid_synergy,4,away,12476525,-1.2207784767202272
G4 m12_joint_hybrid_synergy,4,away,12476523,-0.19260076149268468
G4 m12_joint_hybrid_synergy,4,away,12476522,-1.713047041786084
G4 m12_joint_hybrid_synergy,4,away,12476524,0.14110458654872002
G4 m12_joint_hybrid_synergy,4,away,12476693,-0.6119134826174385
G4 m12_joint_hybrid_synergy,4,away,12476695,0.08373104085183061
G4 m12_joint_hybrid_synergy,4,away,12476691,1.2819421471869854
G4 m12_joint_hybrid_synergy,4,away,12476692,1.3945231395146676
G4 m12_joint_hybrid_synergy,4,away,12476699,-0.3263304714033293
G4 m12_joint_hybrid_synergy,4,away,12476689,-1.6351006797093248
G4 m12_joint_hybrid_synergy,4,away,12476685,1.103927946757882
G4 m12_joint_hybrid_synergy,4,away,12476686,-0.30068520046056374
G4 m12_joint_hybrid_synergy,4,away,12476690,-0.4557898211274973
G4 m12_joint_hybrid_synergy,4,away,13343736,0.34302980870945776
G4 m12_joint_hybrid_synergy,4,away,12476521,1.1232633213217837
G4 m12_joint_hybrid_synergy,4,away,12476514,1.1890440414018495
G4 m12_joint_hybrid_synergy,4,away,12476518,-1.7749303963067393
G4 m12_joint_hybrid_synergy,4,away,12476520,-0.127968061573999
G4 m12_joint_hybrid_synergy,4,away,12476515,-1.9769462500417119
G4 m12_joint_hybrid_synergy,4,away,13348881,1.2086387788495208
G4 m12_joint_hybrid_synergy,4,away,13255608,-0.8956817195240169
G4 m12_joint_hybrid_synergy,4,away,12476516,-0.026610340550197665
G4 m12_joint_hybrid_synergy,4,away,12476512,-0.017112822846750086
G4 m12_joint_hybrid_synergy,4,away,12476511,-0.21385638439190505
G4 m12_joint_hybrid_synergy,4,away,12476517,-0.9320360953642811
G4 m12_joint_hybrid_synergy,4,away,12476513,2.303460893616043
G4 m12_joint_hybrid_synergy,4,away,13391276,0.2002010084434789
G4 m12_joint_hybrid_synergy,4,away,12476688,0.31253093201887805
G4 m12_joint_hybrid_synergy,4,away,12476684,1.6369284021091755
G4 m12_joint_hybrid_synergy,4,away,12476681,1.2359070613658403
G4 m12_joint_hybrid_synergy,4,away,12476682,-0.970824744112496
G4 m12_joint_hybrid_synergy,4,away,12476679,-0.35764668529037885
G4 m12_joint_hybrid_synergy,4,away,12476678,-0.05908161419802282
G4 m12_joint_hybrid_synergy,4,away,12476675,-1.1161726108508148
G4 m12_joint_hybrid_synergy,4,away,12476680,1.902074132761599
G4 m12_joint_hybrid_synergy,4,away,12476677,1.3514639186719268
G4 m12_joint_hybrid_synergy,4,away,12476508,0.04946125935644574
G4 m12_joint_hybrid_synergy,4,away,12476510,-1.6327598646690844
G4 m12_joint_hybrid_synergy,4,away,12476506,-0.39674033737034836
G4 m12_joint_hybrid_synergy,4,away,12476509,0.6096437327943693
G4 m12_joint_hybrid_synergy,4,away,12476507,-0.8257584090698227
G4 m12_joint_hybrid_synergy,4,away,12476502,-1.1155093622038192
G4 m12_joint_hybrid_synergy,4,away,12476500,0.769241983831639
G4 m12_joint_hybrid_synergy,4,away,12476501,-1.3324143679861564
G4 m12_joint_hybrid_synergy,4,away,12476505,1.0384063107290054
G4 m12_joint_hybrid_synergy,4,away,12476504,0.8734803875575493
G4 m12_joint_hybrid_synergy,4,away,13415294,-0.20242900382497517
G4 m12_joint_hybrid_synergy,4,away,12476674,0.16068506895746534
G4 m12_joint_hybrid_synergy,4,away,12476671,-1.325970066593922
G4 m12_joint_hybrid_synergy,4,away,12476670,0.4276872552871974
G4 m12_joint_hybrid_synergy,4,away,12476672,1.1856536822620523
G4 m12_joint_hybrid_synergy,4,away,12476669,-0.31782130944598647
G4 m12_joint_hybrid_synergy,4,away,13343733,0.44176070966356296
G4 m12_joint_hybrid_synergy,4,away,12476667,0.2888277112938466
G4 m12_joint_hybrid_synergy,4,away,12476662,-0.3879361456716535
G4 m12_joint_hybrid_synergy,4,away,12476673,0.4113835306887161
G4 m12_joint_hybrid_synergy,4,away,12476676,1.3654527724369823
G4 m12_joint_hybrid_synergy,4,away,12476668,-0.7076541681830446
G4 m12_joint_hybrid_synergy,4,away,12476526,-0.22914702724146227
G4 m12_joint_hybrid_synergy,4,away,12476497,-1.3583811000786123
G4 m12_joint_hybrid_synergy,4,away,12476499,-0.5389181206619472
G4 m12_joint_hybrid_synergy,4,away,12476496,-1.345273522094583
G4 m12_joint_hybrid_synergy,4,away,12476498,-0.021915246252311123
G4 m12_joint_hybrid_synergy,4,away,12476495,-0.3434507673140714
G4 m12_joint_hybrid_synergy,4,away,13436762,0.3854197363288151
G4 m12_joint_hybrid_synergy,4,away,12476490,0.9520220854468
G4 m12_joint_hybrid_synergy,4,away,12476492,0.16235985018793544
G4 m12_joint_hybrid_synergy,4,away,12476489,-0.6033117288837426
G4 m12_joint_hybrid_synergy,4,away,12476493,-0.8822612321578726
G4 m12_joint_hybrid_synergy,4,away,12476491,0.09635059637873863
G4 m12_joint_hybrid_synergy,4,away,13399583,1.87777407702889
G4 m12_joint_hybrid_synergy,4,away,13480337,-0.27085926675183675
G4 m12_joint_hybrid_synergy,4,away,12476665,-0.4306050505925799
G4 m12_joint_hybrid_synergy,4,away,12476661,0.5229101554260117
G4 m12_joint_hybrid_synergy,4,away,12476666,-0.19091181293077047
G4 m12_joint_hybrid_synergy,4,away,12476663,-0.696433783551655
G4 m12_joint_hybrid_synergy,4,away,12476660,0.7697853029915067
G4 m12_joint_hybrid_synergy,4,away,12640468,-0.051241790598436116
G4 m12_joint_hybrid_synergy,4,away,12476657,0.15387271998011198
G4 m12_joint_hybrid_synergy,4,away,12476659,-0.9087378042396552
G4 m12_joint_hybrid_synergy,4,away,12476664,-1.636333861256614
G4 m12_joint_hybrid_synergy,4,away,12476658,-0.33974685099816027
G4 m12_joint_hybrid_synergy,4,away,13343735,1.095571244502977
G4 m12_joint_hybrid_synergy,4,away,12476485,-1.4581069308949277
G4 m12_joint_hybrid_synergy,4,away,12476487,0.7134104471247861
G4 m12_joint_hybrid_synergy,4,away,12476486,-1.2889361537268558
G4 m12_joint_hybrid_synergy,4,away,12476488,1.771772619125657
G4 m12_joint_hybrid_synergy,4,away,12476494,-0.08899962077682196
G4 m12_joint_hybrid_synergy,4,away,12476483,0.7395458546593031
G4 m12_joint_hybrid_synergy,4,away,12476484,-0.640075857202507
G4 m12_joint_hybrid_synergy,4,away,12476482,0.2367736177558274
G4 m12_joint_hybrid_synergy,4,away,12476478,0.675362723258525
G4 m12_joint_hybrid_synergy,4,away,12476481,-0.10438932107232471
G4 m12_joint_hybrid_synergy,4,away,12476656,1.090477138208145
G4 m12_joint_hybrid_synergy,4,away,12476654,-0.8839364735084442
G4 m12_joint_hybrid_synergy,4,away,12476652,0.39877076483868606
G4 m12_joint_hybrid_synergy,4,away,12476651,1.9423067712506945
G4 m12_joint_hybrid_synergy,4,away,12476655,0.007428953081953014
G4 m12_joint_hybrid_synergy,4,away,12476648,1.2242376347384254
G4 m12_joint_hybrid_synergy,4,away,12476649,-0.23680888229832378
G4 m12_joint_hybrid_synergy,4,away,12476653,0.33810971162460435
G4 m12_joint_hybrid_synergy,4,away,12476650,2.965523798684072
G4 m12_joint_hybrid_synergy,4,away,12476646,2.198472931015239
G4 m12_joint_hybrid_synergy,4,away,12476477,-0.6608561806444153
G4 m12_joint_hybrid_synergy,4,away,12476474,0.7332213089065744
G4 m12_joint_hybrid_synergy,4,away,12476479,0.20537106457993262
G4 m12_joint_hybrid_synergy,4,away,12476480,-1.0165535303479678
G4 m12_joint_hybrid_synergy,4,away,12476476,0.3880374272028757
G4 m12_joint_hybrid_synergy,4,away,12476469,-0.6913708300999678
G4 m12_joint_hybrid_synergy,4,away,12476475,-0.20382660736157796
G4 m12_joint_hybrid_synergy,4,away,12476471,0.9509959396114593
G4 m12_joint_hybrid_synergy,4,away,12476470,0.017411986398775708
G4 m12_joint_hybrid_synergy,4,away,12476473,-1.040658054823784
G4 m12_joint_hybrid_synergy,4,away,12476645,1.0391290901753416
G4 m12_joint_hybrid_synergy,4,away,12476642,0.7466129899851148
G4 m12_joint_hybrid_synergy,4,away,12476647,-1.653341983240462
G4 m12_joint_hybrid_synergy,4,away,12476643,-0.6127011571943801
G4 m12_joint_hybrid_synergy,4,away,12476644,-0.17925274503148078
G4 m12_joint_hybrid_synergy,4,away,12476640,0.11873770111207822
G4 m12_joint_hybrid_synergy,4,away,12476641,-0.2730664759909392
G4 m12_joint_hybrid_synergy,4,away,12476637,-0.3444699196656256
G4 m12_joint_hybrid_synergy,4,away,12476639,1.4692131631252865
G4 m12_joint_hybrid_synergy,4,away,12476638,0.4385486227102804
G4 m12_joint_hybrid_synergy,4,away,12476465,0.42457520284451494
G4 m12_joint_hybrid_synergy,4,away,12476472,0.20186815508235884
G4 m12_joint_hybrid_synergy,4,away,12476468,-0.8608908409134309
G4 m12_joint_hybrid_synergy,4,away,12476464,-0.4666495043997547
G4 m12_joint_hybrid_synergy,4,away,12476467,-0.6539555766501283
G4 m12_joint_hybrid_synergy,4,away,12476463,-0.6399110881986056
G4 m12_joint_hybrid_synergy,4,away,12476466,-0.901421540748114
G4 m12_joint_hybrid_synergy,4,away,12476461,-0.7306756928542169
G4 m12_joint_hybrid_synergy,4,away,12476460,0.9783828021607871
G4 m12_joint_hybrid_synergy,4,away,12476462,-0.6329410128373495
G4 m12_joint_hybrid_synergy,4,away,12473328,-0.502116206706846
G4 m12_joint_hybrid_synergy,4,away,12473336,0.883334317938607
G4 m12_joint_hybrid_synergy,4,away,12473335,-0.6311497292391106
G4 m12_joint_hybrid_synergy,4,away,12473322,-0.13175319784481784
G4 m12_joint_hybrid_synergy,4,away,12473327,-0.5068818578950092
G4 m12_joint_hybrid_synergy,4,away,12473331,1.6437990356064782
G4 m12_joint_hybrid_synergy,4,away,12473333,0.40048883026502685
G4 m12_joint_hybrid_synergy,4,away,12473334,-0.24769701787848292
G4 m12_joint_hybrid_synergy,4,away,12473337,-0.21793726607597175
G4 m12_joint_hybrid_synergy,4,away,12473330,-0.47028596394879246
G4 m12_joint_hybrid_synergy,4,away,12476454,-0.489517224306378
G4 m12_joint_hybrid_synergy,4,away,12476455,1.5669826368680244
G4 m12_joint_hybrid_synergy,4,away,12476458,-0.46394990963881516
G4 m12_joint_hybrid_synergy,4,away,12476459,-1.1337755208949576
G4 m12_joint_hybrid_synergy,4,away,12476457,-1.322237947453355
G4 m12_joint_hybrid_synergy,4,away,12476452,-2.1663415451457397
G4 m12_joint_hybrid_synergy,4,away,12476567,-0.16678808823556276
G4 m12_joint_hybrid_synergy,4,away,12476453,-0.2917099377170071
G4 m12_joint_hybrid_synergy,4,away,12476575,-1.7861817456273172
G4 m12_joint_hybrid_synergy,4,away,12476570,-0.4771384058561637
G4 m12_joint_hybrid_synergy,4,away,14035482,0.8842793109262708
G4 m12_joint_hybrid_synergy,4,away,14035495,1.5240861819755354
G4 m12_joint_hybrid_synergy,4,away,14035487,0.18129320607584923
G4 m12_joint_hybrid_synergy,4,away,14035486,-0.7575040512598226
G4 m12_joint_hybrid_synergy,4,away,14343735,0.9418883697317486
G4 m12_joint_hybrid_synergy,4,away,14035506,-0.8892775922749669
G4 m12_joint_hybrid_synergy,4,away,14035498,-0.7762650152618427
G4 m12_joint_hybrid_synergy,4,away,14035502,1.7323588112265462
G4 m12_joint_hybrid_synergy,4,away,14035497,-0.2998105305983239
G4 m12_joint_hybrid_synergy,4,away,14035501,0.6898500382833902
G4 m12_joint_hybrid_synergy,4,away,14035665,-0.8660467895233651
G4 m12_joint_hybrid_synergy,4,away,14035666,0.47047954084680793
G4 m12_joint_hybrid_synergy,4,away,14035662,0.7134330703427199
G4 m12_joint_hybrid_synergy,4,away,14035664,-0.24371140578205644
G4 m12_joint_hybrid_synergy,4,away,14035663,1.4617130576996984
G4 m12_joint_hybrid_synergy,4,away,14035669,-1.2798383725487485
G4 m12_joint_hybrid_synergy,4,away,14035667,-0.8207202086479084
G4 m12_joint_hybrid_synergy,4,away,14035671,0.7819923002495229
G4 m12_joint_hybrid_synergy,4,away,14035670,0.6020322465883587
G4 m12_joint_hybrid_synergy,4,away,14035668,-0.39904012013100437
G4 m12_joint_hybrid_synergy,4,away,14035484,1.011899785065502
G4 m12_joint_hybrid_synergy,4,away,14035485,1.3123637209050696
G4 m12_joint_hybrid_synergy,4,away,14035488,1.015216924523658
G4 m12_joint_hybrid_synergy,4,away,14035489,-1.0700161064468585
G4 m12_joint_hybrid_synergy,4,away,14035494,0.3262741474518127
G4 m12_joint_hybrid_synergy,4,away,14035493,0.07921112721492066
G4 m12_joint_hybrid_synergy,4,away,14035496,0.1044137049090894
G4 m12_joint_hybrid_synergy,4,away,14035492,-0.7611983086434585
G4 m12_joint_hybrid_synergy,4,away,14035491,-0.7460261790071884
G4 m12_joint_hybrid_synergy,4,away,14035675,0.38007036511771436
G4 m12_joint_hybrid_synergy,4,away,14035672,0.06739069758153529
G4 m12_joint_hybrid_synergy,4,away,14035674,0.6845430936274215
G4 m12_joint_hybrid_synergy,4,away,14035676,1.7868560269135434
G4 m12_joint_hybrid_synergy,4,away,14035673,-0.2295144945599533
G4 m12_joint_hybrid_synergy,4,away,14035678,2.331386961895517
G4 m12_joint_hybrid_synergy,4,away,14035683,-0.9595944401016036
G4 m12_joint_hybrid_synergy,4,away,14035681,1.5285727532849078
G4 m12_joint_hybrid_synergy,4,away,14035679,-0.17504136700971495
G4 m12_joint_hybrid_synergy,4,away,14035677,2.0307253312365017
G4 m12_joint_hybrid_synergy,4,away,14035503,0.10412877094755581
G4 m12_joint_hybrid_synergy,4,away,14035505,-0.24954609776205194
G4 m12_joint_hybrid_synergy,4,away,14035500,-0.4635224085506049
G4 m12_joint_hybrid_synergy,4,away,14035504,-0.0904702028978667
G4 m12_joint_hybrid_synergy,4,away,14035499,-0.8613598138723406
G4 m12_joint_hybrid_synergy,4,away,14035680,0.576528975338923
G4 m12_joint_hybrid_synergy,4,away,14035682,-2.260540065766772
G4 m12_joint_hybrid_synergy,4,away,14035686,-1.584725364197108
G4 m12_joint_hybrid_synergy,4,away,14035684,-1.387091408418698
G4 m12_joint_hybrid_synergy,4,away,14035685,-1.5005334918630884
G4 m12_joint_hybrid_synergy,4,away,14035511,0.6448099376209023
G4 m12_joint_hybrid_synergy,4,away,14035510,-0.2696261588498755
G4 m12_joint_hybrid_synergy,4,away,14035509,-0.16290717709779692
G4 m12_joint_hybrid_synergy,4,away,14035508,0.3799676706215404
G4 m12_joint_hybrid_synergy,4,away,14035507,-0.18439670780316395
G4 m12_joint_hybrid_synergy,4,away,14035514,0.6041692379415154
G4 m12_joint_hybrid_synergy,4,away,14035515,2.001444224403623
G4 m12_joint_hybrid_synergy,4,away,14035512,0.15194614119332117
G4 m12_joint_hybrid_synergy,4,away,14035513,0.1409676774726217
G4 m12_joint_hybrid_synergy,4,away,14035516,-0.37711414287961276
G4 m12_joint_hybrid_synergy,4,away,14035687,0.9005442615977043
G4 m12_joint_hybrid_synergy,4,away,14035695,1.417893334534436
G4 m12_joint_hybrid_synergy,4,away,14035689,2.6404924637881764
G4 m12_joint_hybrid_synergy,4,away,14035692,-1.5096023085499832
G4 m12_joint_hybrid_synergy,4,away,14035688,0.679105889369608
G4 m12_joint_hybrid_synergy,4,away,14035694,-0.06287223896720172
G4 m12_joint_hybrid_synergy,4,away,14035690,-0.3866003435291201
G4 m12_joint_hybrid_synergy,4,away,14035693,1.1957487047892066
G4 m12_joint_hybrid_synergy,4,away,14035691,-0.22544858982655572
G4 m12_joint_hybrid_synergy,4,away,14035697,-0.1633017522229038
G4 m12_joint_hybrid_synergy,4,away,14035517,0.7437158680523658
G4 m12_joint_hybrid_synergy,4,away,14035518,-0.8590828114459422
G4 m12_joint_hybrid_synergy,4,away,14035519,-0.2217513127363762
G4 m12_joint_hybrid_synergy,4,away,14035521,0.2316230183397321
G4 m12_joint_hybrid_synergy,4,away,14035520,0.006116573435553766
G4 m12_joint_hybrid_synergy,4,away,14035524,-1.7892157413982623
G4 m12_joint_hybrid_synergy,4,away,14035522,0.32605081273824055
G4 m12_joint_hybrid_synergy,4,away,14035526,0.1870871644617995
G4 m12_joint_hybrid_synergy,4,away,14035525,-0.3489351134412885
G4 m12_joint_hybrid_synergy,4,away,14035523,-1.8757831876874793
G4 m12_joint_hybrid_synergy,4,away,14035700,1.7500222720075453
G4 m12_joint_hybrid_synergy,4,away,14035703,-0.061180070951476144
G4 m12_joint_hybrid_synergy,4,away,14035698,0.8748799119500642
G4 m12_joint_hybrid_synergy,4,away,14035696,-0.14385761559497365
G4 m12_joint_hybrid_synergy,4,away,14035699,1.5428753219179188
G4 m12_joint_hybrid_synergy,4,away,14035706,0.17153123379245103
G4 m12_joint_hybrid_synergy,4,away,14035704,0.5413219188755287
G4 m12_joint_hybrid_synergy,4,away,14035702,0.6466817181775856
G4 m12_joint_hybrid_synergy,4,away,14035701,-0.07782978570890842
G4 m12_joint_hybrid_synergy,4,away,14035705,0.05450412151432871
G4 m12_joint_hybrid_synergy,4,away,14501655,0.28429806218227505
G4 m12_joint_hybrid_synergy,4,away,14035529,1.0772940368357546
G4 m12_joint_hybrid_synergy,4,away,14035528,0.1385738994169806
G4 m12_joint_hybrid_synergy,4,away,14035531,-1.9608568111671545
G4 m12_joint_hybrid_synergy,4,away,14035527,0.24354107141145398
G4 m12_joint_hybrid_synergy,4,away,14035530,1.5369734443457184
G4 m12_joint_hybrid_synergy,4,away,14035709,-1.6719622357618518
G4 m12_joint_hybrid_synergy,4,away,14035708,0.6393037780508438
G4 m12_joint_hybrid_synergy,4,away,14035710,1.575011247497985
G4 m12_joint_hybrid_synergy,4,away,14035707,-0.5367598137671128
G4 m12_joint_hybrid_synergy,4,away,14035711,-1.664692055706664
G4 m12_joint_hybrid_synergy,4,away,14035532,0.5571409951413939
G4 m12_joint_hybrid_synergy,4,away,14035534,1.1496180580575646
G4 m12_joint_hybrid_synergy,4,away,14035533,1.0456679374717788
G4 m12_joint_hybrid_synergy,4,away,14035535,-0.32956816601398137
G4 m12_joint_hybrid_synergy,4,away,14297746,-0.6410219900006963
G4 m12_joint_hybrid_synergy,4,away,14035538,0.23387377933511141
G4 m12_joint_hybrid_synergy,4,away,14035539,-0.09381499780062182
G4 m12_joint_hybrid_synergy,4,away,14035536,-1.292964091411406
G4 m12_joint_hybrid_synergy,4,away,14035540,-0.9223223119533572
G4 m12_joint_hybrid_synergy,4,away,14035542,-0.45151841593108694
G4 m12_joint_hybrid_synergy,4,away,14035713,0.09732316520953034
G4 m12_joint_hybrid_synergy,4,away,14035714,0.22758971725569924
G4 m12_joint_hybrid_synergy,4,away,14035716,-0.5005523596649754
G4 m12_joint_hybrid_synergy,4,away,14035715,-0.2885322641288491
G4 m12_joint_hybrid_synergy,4,away,14035712,-1.8597661759440673
G4 m12_joint_hybrid_synergy,4,away,14035546,-0.9584211514229274
G4 m12_joint_hybrid_synergy,4,away,14035541,-1.7323361397523964
G4 m12_joint_hybrid_synergy,4,away,14035544,0.6855160710613714
G4 m12_joint_hybrid_synergy,4,away,14035545,-0.6209372142864585
G4 m12_joint_hybrid_synergy,4,away,14035543,1.653499132636461
G4 m12_joint_hybrid_synergy,4,away,14035548,0.061641553164264375
G4 m12_joint_hybrid_synergy,4,away,14035555,-0.19704464237293293
G4 m12_joint_hybrid_synergy,4,away,14035549,0.5114661453126945
G4 m12_joint_hybrid_synergy,4,away,14035554,-0.89361562674529
G4 m12_joint_hybrid_synergy,4,away,14035717,1.1954268485864434
G4 m12_joint_hybrid_synergy,4,away,14035718,-0.3058765647252673
G4 m12_joint_hybrid_synergy,4,away,14035719,-0.03446056855110642
G4 m12_joint_hybrid_synergy,4,away,14035735,-0.7832292712223535
G4 m12_joint_hybrid_synergy,4,away,14035720,-0.4877310521932101
G4 m12_joint_hybrid_synergy,4,away,14035722,-0.8869600176185762
G4 m12_joint_hybrid_synergy,4,away,14035721,-0.03092943281099631
G4 m12_joint_hybrid_synergy,4,away,14035725,-0.08296295956841702
G4 m12_joint_hybrid_synergy,4,away,14035724,1.1595943930558825
G4 m12_joint_hybrid_synergy,4,away,14035723,1.8128350320078555
G4 m12_joint_hybrid_synergy,4,away,14035551,0.017150304495264064
G4 m12_joint_hybrid_synergy,4,away,14035559,-0.12461714516694797
G4 m12_joint_hybrid_synergy,4,away,14035550,-0.8432645076573148
G4 m12_joint_hybrid_synergy,4,away,14035556,2.1791208326994513
G4 m12_joint_hybrid_synergy,4,away,14035552,-1.9494948484885088
G4 m12_joint_hybrid_synergy,4,away,15017622,-0.4152753218261563
G4 m12_joint_hybrid_synergy,4,away,14035727,1.842416243955395
G4 m12_joint_hybrid_synergy,4,away,14035729,0.1877689413470745
G4 m12_joint_hybrid_synergy,4,away,14035726,-1.7190551906385354
G4 m12_joint_hybrid_synergy,4,away,14035730,2.1630831072655874
G4 m12_joint_hybrid_synergy,4,away,14035728,0.055276211301960615
G4 m12_joint_hybrid_synergy,4,away,14035553,0.01048427510012259
G4 m12_joint_hybrid_synergy,4,away,14035562,-1.0747906580825608
G4 m12_joint_hybrid_synergy,4,away,14035558,1.6464522368671823
G4 m12_joint_hybrid_synergy,4,away,14035560,-1.0385029246719526
G4 m12_joint_hybrid_synergy,4,away,14035563,-0.0502466634596148
G4 m12_joint_hybrid_synergy,4,away,14035564,-1.451414406666021
G4 m12_joint_hybrid_synergy,4,away,14035561,0.4356408524234337
G4 m12_joint_hybrid_synergy,4,away,14035565,-1.0640502115382173
G4 m12_joint_hybrid_synergy,4,away,14035566,1.0185862387172087
G4 m12_joint_hybrid_synergy,4,away,14035731,0.1415506187057139
G4 m12_joint_hybrid_synergy,4,away,14035732,1.1676734509920512
G4 m12_joint_hybrid_synergy,4,away,14035736,0.9507632780967041
G4 m12_joint_hybrid_synergy,4,away,14035733,-0.02813361648689279
G4 m12_joint_hybrid_synergy,4,away,14035734,1.6987850881913467
G4 m12_joint_hybrid_synergy,4,away,14035739,-0.9697369364956853
G4 m12_joint_hybrid_synergy,4,away,14035740,1.7294763008088991
G4 m12_joint_hybrid_synergy,4,away,14035737,0.006974668965490594
G4 m12_joint_hybrid_synergy,4,away,14035738,-0.3431161796686098
G4 m12_joint_hybrid_synergy,4,away,14035741,0.8966120216721134
G4 m12_joint_hybrid_synergy,4,away,14035568,-2.3900888782487852
G4 m12_joint_hybrid_synergy,4,away,14035569,2.0961382010381917
G4 m12_joint_hybrid_synergy,4,away,14035572,-0.7006900849583863
G4 m12_joint_hybrid_synergy,4,away,14035570,-1.369782928662597
G4 m12_joint_hybrid_synergy,4,away,14035567,0.235901115550172
G4 m12_joint_hybrid_synergy,4,away,14035574,-0.465551870664971
G4 m12_joint_hybrid_synergy,4,away,14035575,-0.3294927354636215
G4 m12_joint_hybrid_synergy,4,away,14035571,-1.4727569594425818
G4 m12_joint_hybrid_synergy,4,away,14035576,-0.030201146823618717
G4 m12_joint_hybrid_synergy,4,away,14035573,2.267867852386136
G4 m12_joint_hybrid_synergy,4,away,14035742,1.2566485182280405
G4 m12_joint_hybrid_synergy,4,away,14035745,-0.38623704684822907
G4 m12_joint_hybrid_synergy,4,away,14035747,-1.3970610558124232
G4 m12_joint_hybrid_synergy,4,away,14035744,1.1747231843100518
G4 m12_joint_hybrid_synergy,4,away,14035743,1.2246510291039034
G4 m12_joint_hybrid_synergy,4,away,14035750,1.61030851773559
G4 m12_joint_hybrid_synergy,4,away,14035751,0.5576440058442086
G4 m12_joint_hybrid_synergy,4,away,14035749,-0.2805327601754845
G4 m12_joint_hybrid_synergy,4,away,14035748,0.8908323785576053
G4 m12_joint_hybrid_synergy,4,away,14035746,0.4053419487419273
G4 m12_joint_hybrid_synergy,4,away,14035582,-1.4288003516447172
G4 m12_joint_hybrid_synergy,4,away,14035580,-0.254386505845793
G4 m12_joint_hybrid_synergy,4,away,14035586,-0.989955325103385
G4 m12_joint_hybrid_synergy,4,away,14035585,-0.6832991059092562
G4 m12_joint_hybrid_synergy,4,away,14035583,0.4062841689979701
G4 m12_joint_hybrid_synergy,4,away,14035755,-0.5388902385642476
G4 m12_joint_hybrid_synergy,4,away,14035756,-0.28941796366866734
G4 m12_joint_hybrid_synergy,4,away,14035752,0.04526337323860361
G4 m12_joint_hybrid_synergy,4,away,14035760,1.8156775457612018
G4 m12_joint_hybrid_synergy,4,away,14035761,1.0348629834668637
G4 m12_joint_hybrid_synergy,4,away,15363335,1.193749382410972
G4 m12_joint_hybrid_synergy,4,away,15305942,0.6219795210044009
G4 m12_joint_hybrid_synergy,4,away,15374710,0.33585900730015605
G4 m12_joint_hybrid_synergy,4,away,14035591,-1.1309127638040368
G4 m12_joint_hybrid_synergy,4,away,14035588,-0.3750552038589128
G4 m12_joint_hybrid_synergy,4,away,14035587,2.763535918079512
G4 m12_joint_hybrid_synergy,4,away,14035590,0.16261660057016347
G4 m12_joint_hybrid_synergy,4,away,14035767,0.22523187751976226
G4 m12_joint_hybrid_synergy,4,away,14035771,0.37938311476831293
G4 m12_joint_hybrid_synergy,4,away,14035768,0.7045397092867705
G4 m12_joint_hybrid_synergy,4,away,14035766,-0.10420691340700723
G4 m12_joint_hybrid_synergy,4,away,14035769,0.3841019514326801
G4 m12_joint_hybrid_synergy,4,away,14035770,0.1831925409835736
G4 m12_joint_hybrid_synergy,4,away,14035592,1.0381100173267988
G4 m12_joint_hybrid_synergy,4,away,14035594,0.7523693168845628
G4 m12_joint_hybrid_synergy,4,away,14035595,-0.9143910459319363
G4 m12_joint_hybrid_synergy,4,away,14035593,1.1783863854608803
G4 m12_joint_hybrid_synergy,4,away,14035597,0.8243209818152653
G4 m12_joint_hybrid_synergy,4,away,14035598,-1.217181630529528
G4 m12_joint_hybrid_synergy,4,away,14035596,0.015668676374608687
G4 m12_joint_hybrid_synergy,4,away,15399014,2.941253380047281
G4 m12_joint_hybrid_synergy,4,away,14035774,0.9193444513045614
G4 m12_joint_hybrid_synergy,4,away,14035773,1.3250287959613007
G4 m12_joint_hybrid_synergy,4,away,14035772,-0.056207004650027766
G4 m12_joint_hybrid_synergy,4,away,14035775,-0.04990520359420105
G4 m12_joint_hybrid_synergy,4,away,14035776,-0.03244695846377256
G4 m12_joint_hybrid_synergy,4,away,14035782,0.5170040584485063
G4 m12_joint_hybrid_synergy,4,away,14035777,-1.5481247128188231
G4 m12_joint_hybrid_synergy,4,away,14035781,-1.007900489998209
G4 m12_joint_hybrid_synergy,4,away,15456958,0.0010053425132923054
G4 m12_joint_hybrid_synergy,4,away,14035602,-0.3659462133388234
G4 m12_joint_hybrid_synergy,4,away,14035606,0.9068165228759393
G4 m12_joint_hybrid_synergy,4,away,14035603,0.3637001653824467
G4 m12_joint_hybrid_synergy,4,away,14035604,1.2728725419319857
G4 m12_joint_hybrid_synergy,4,away,14035605,-0.22500827364868525
G4 m12_joint_hybrid_synergy,4,away,15332289,-0.04439820936962895
G4 m12_joint_hybrid_synergy,4,away,15368752,-0.6848471032527875
G4 m12_joint_hybrid_synergy,4,away,14035607,-0.13633433348488302
G4 m12_joint_hybrid_synergy,4,away,14035608,0.3209140117634698
G4 m12_joint_hybrid_synergy,4,away,14035610,0.3544500369248862
G4 m12_joint_hybrid_synergy,4,away,14035609,-1.4454703566075533
G4 m12_joint_hybrid_synergy,4,away,14035611,-0.4524938105224314
G4 m12_joint_hybrid_synergy,4,away,15336943,-1.9618774514056854
G4 m12_joint_hybrid_synergy,4,away,15416466,0.3084762898144959
G4 m12_joint_hybrid_synergy,4,away,14035787,-1.602944072160202
G4 m12_joint_hybrid_synergy,4,away,14035778,1.5071116605065673
G4 m12_joint_hybrid_synergy,4,away,15366428,2.8469443871552644
G4 m12_joint_hybrid_synergy,4,away,15547533,0.9025047352662957
G4 m12_joint_hybrid_synergy,4,away,14035786,-0.48700755816829666
G4 m12_joint_hybrid_synergy,4,away,14035788,-2.0149687656570254
G4 m12_joint_hybrid_synergy,4,away,14035789,-1.1462899202145171
G4 m12_joint_hybrid_synergy,4,away,14035790,0.18602995822760265
G4 m12_joint_hybrid_synergy,4,away,14035792,-0.10128319458946644
G4 m12_joint_hybrid_synergy,4,away,14035614,-0.8665596931481171
G4 m12_joint_hybrid_synergy,4,away,14035616,-0.6784701530199891
G4 m12_joint_hybrid_synergy,4,away,14035613,-0.3314965291345874
G4 m12_joint_hybrid_synergy,4,away,14035612,0.38805398883344044
G4 m12_joint_hybrid_synergy,4,away,14035615,0.812706712202619
G4 m12_joint_hybrid_synergy,4,away,15490658,0.1894490221906206
G4 m12_joint_hybrid_synergy,4,away,15490775,-0.22336186544879288
G4 m12_joint_hybrid_synergy,4,away,14035620,0.3169296869753415
G4 m12_joint_hybrid_synergy,4,away,14035618,-0.11263699659391996
G4 m12_joint_hybrid_synergy,4,away,14035619,1.3798411757069866
G4 m12_joint_hybrid_synergy,4,away,14035617,-0.48637213701205856
G4 m12_joint_hybrid_synergy,4,away,14035621,-0.06415530885859451
G4 m12_joint_hybrid_synergy,4,away,15399013,-1.0937698558961062
G4 m12_joint_hybrid_synergy,4,away,15416481,-1.0406975074108895
G4 m12_joint_hybrid_synergy,4,away,15395623,-1.3549970947675853
G4 m12_joint_hybrid_synergy,4,away,14035796,-0.9244743720513635
G4 m12_joint_hybrid_synergy,4,away,14035794,0.005440784773851327
G4 m12_joint_hybrid_synergy,4,away,14035791,1.1388690385576654
G4 m12_joint_hybrid_synergy,4,away,14035793,-0.9398790608440125
G4 m12_joint_hybrid_synergy,4,away,14035795,0.924742227217761
G4 m12_joint_hybrid_synergy,4,away,15458714,-0.6408115553977292
G4 m12_joint_hybrid_synergy,4,away,14035801,-0.21879544154181263
G4 m12_joint_hybrid_synergy,4,away,14035798,-1.2477605953900632
G4 m12_joint_hybrid_synergy,4,away,14035799,-0.9432995969746927
G4 m12_joint_hybrid_synergy,4,away,14035800,-0.6185064442799892
G4 m12_joint_hybrid_synergy,4,away,14035797,1.2986404987761044
G4 m12_joint_hybrid_synergy,4,away,15530801,0.29333126419246963
G4 m12_joint_hybrid_synergy,4,away,14035622,1.7704246083294877
G4 m12_joint_hybrid_synergy,4,away,14035624,0.536936703696354
G4 m12_joint_hybrid_synergy,4,away,14035626,0.11557348794747684
G4 m12_joint_hybrid_synergy,4,away,14035627,-0.458628884922049
G4 m12_joint_hybrid_synergy,4,away,14035623,1.5062968799995642
G4 m12_joint_hybrid_synergy,4,away,15457468,-0.1617813245710237
G4 m12_joint_hybrid_synergy,4,away,14035625,0.45817800543509185
G4 m12_joint_hybrid_synergy,4,away,14035628,-0.4839322066981592
G4 m12_joint_hybrid_synergy,4,away,14035631,-1.0315327212468557
G4 m12_joint_hybrid_synergy,4,away,14035629,0.8898418282546428
G4 m12_joint_hybrid_synergy,4,away,14035632,0.029035634323964832
G4 m12_joint_hybrid_synergy,4,away,15422405,-0.19185943959972715
G4 m12_joint_hybrid_synergy,4,away,15588942,-1.0373261946398957
G4 m12_joint_hybrid_synergy,4,away,14035804,-2.0543075255211174
G4 m12_joint_hybrid_synergy,4,away,14035803,-0.4452321320377107
G4 m12_joint_hybrid_synergy,4,away,14035805,-0.16180448087091806
G4 m12_joint_hybrid_synergy,4,away,14035806,0.11299427772221912
G4 m12_joint_hybrid_synergy,4,away,14035802,1.4245900303557422
G4 m12_joint_hybrid_synergy,4,away,15588903,-0.629950782421887
G4 m12_joint_hybrid_synergy,4,away,14035808,-0.3187545264284484
G4 m12_joint_hybrid_synergy,4,away,14035811,0.886999913745725
G4 m12_joint_hybrid_synergy,4,away,14035810,-0.573458869198311
G4 m12_joint_hybrid_synergy,4,away,14035809,1.1935956164644663
G4 m12_joint_hybrid_synergy,4,away,14035807,0.2689747321225347
G4 m12_joint_hybrid_synergy,4,away,14035637,0.1561845061443663
G4 m12_joint_hybrid_synergy,4,away,14035633,0.8529201468539971
G4 m12_joint_hybrid_synergy,4,away,14035635,0.753253515871134
G4 m12_joint_hybrid_synergy,4,away,14035630,0.7426649730181413
G4 m12_joint_hybrid_synergy,4,away,14035638,-1.0989351352115082
G4 m12_joint_hybrid_synergy,4,away,14035636,-0.0183271079786425
G4 m12_joint_hybrid_synergy,4,away,14035634,-0.6081834462420479
G4 m12_joint_hybrid_synergy,4,away,14035645,-2.2274476683747606
G4 m12_joint_hybrid_synergy,4,away,15588896,-0.7131345782240497
G4 m12_joint_hybrid_synergy,4,away,15588927,-0.26680586259154243
G4 m12_joint_hybrid_synergy,4,away,14035814,0.7430764049146308
G4 m12_joint_hybrid_synergy,4,away,14035816,-0.4634021094694473
G4 m12_joint_hybrid_synergy,4,away,14035815,-0.9456441348958391
G4 m12_joint_hybrid_synergy,4,away,14035813,-1.039111324879351
G4 m12_joint_hybrid_synergy,4,away,14035812,-1.408669801772477
G4 m12_joint_hybrid_synergy,4,away,14035819,1.1639419293502722
G4 m12_joint_hybrid_synergy,4,away,14035818,-0.3482240099658074
G4 m12_joint_hybrid_synergy,4,away,14035827,-0.008501151304525775
G4 m12_joint_hybrid_synergy,4,away,14035820,-0.35038480720725806
G4 m12_joint_hybrid_synergy,4,away,14035817,-0.1132358115258981
G4 m12_joint_hybrid_synergy,4,away,15881894,1.490932853586281
G4 m12_joint_hybrid_synergy,4,away,14035640,-1.15861063846878
G4 m12_joint_hybrid_synergy,4,away,14035642,0.01179834218656408
G4 m12_joint_hybrid_synergy,4,away,14035643,-0.44422881712336687
G4 m12_joint_hybrid_synergy,4,away,14035641,-0.46015807697563765
G4 m12_joint_hybrid_synergy,4,away,14035644,-1.024425598035921
G4 m12_joint_hybrid_synergy,4,away,15680573,0.8076695259953235
G4 m12_joint_hybrid_synergy,4,away,14035650,0.17205669096020001
G4 m12_joint_hybrid_synergy,4,away,14035647,-0.9307534363387888
G4 m12_joint_hybrid_synergy,4,away,14035646,-0.8339192300273719
G4 m12_joint_hybrid_synergy,4,away,14035648,-1.9838055646828814
G4 m12_joint_hybrid_synergy,4,away,14035651,-0.1312998031039986
G4 m12_joint_hybrid_synergy,4,away,14035821,-0.6352700956434101
G4 m12_joint_hybrid_synergy,4,away,14035823,-1.4463156119622942
G4 m12_joint_hybrid_synergy,4,away,14035822,0.9712599261367993
G4 m12_joint_hybrid_synergy,4,away,14035826,0.5768272373197252
G4 m12_joint_hybrid_synergy,4,away,14035824,1.394801507834163
G4 m12_joint_hybrid_synergy,4,away,14032717,0.8030687431141479
G4 m12_joint_hybrid_synergy,4,away,14032707,-0.632899832629424
G4 m12_joint_hybrid_synergy,4,away,14032715,-0.523900315629253
G4 m12_joint_hybrid_synergy,4,away,14032721,0.29678271540138335
G4 m12_joint_hybrid_synergy,4,away,14032718,-0.036557609771748635
G4 m12_joint_hybrid_synergy,4,away,14035653,0.4735416226265212
G4 m12_joint_hybrid_synergy,4,away,14035652,0.0033942849825491363
G4 m12_joint_hybrid_synergy,4,away,14035654,0.7540434276667313
G4 m12_joint_hybrid_synergy,4,away,14035655,-0.3902608818524616
G4 m12_joint_hybrid_synergy,4,away,14035656,-1.4000976441258763
G4 m12_joint_hybrid_synergy,4,away,14032710,-0.32865528491191087
G4 m12_joint_hybrid_synergy,4,away,14032708,-0.22525057952615657
G4 m12_joint_hybrid_synergy,4,away,14032714,0.13242625141775186
G4 m12_joint_hybrid_synergy,4,away,14032719,-1.220461044221776
G4 m12_joint_hybrid_synergy,4,away,14032720,-0.3137951183573816
G4 m13_joint_composite,4,home,12477128,0.20052969618436847
G4 m13_joint_composite,4,home,12477134,-0.599972440709471
G4 m13_joint_composite,4,home,12477131,-0.4350769634573717
G4 m13_joint_composite,4,home,12477135,-0.9601164505461748
G4 m13_joint_composite,4,home,12477132,-0.24412020797807826
G4 m13_joint_composite,4,home,12476800,0.028602678944801178
G4 m13_joint_composite,4,home,12476794,0.1337976257503838
G4 m13_joint_composite,4,home,12476797,0.8967743298775324
G4 m13_joint_composite,4,home,12476799,-1.141971240703417
G4 m13_joint_composite,4,home,12476798,1.3909107925420923
G4 m13_joint_composite,4,home,12477129,-0.616042546468516
G4 m13_joint_composite,4,home,12477126,1.7695367862245253
G4 m13_joint_composite,4,home,12477130,0.9076662749715381
G4 m13_joint_composite,4,home,12477123,-1.4535832754225064
G4 m13_joint_composite,4,home,12477133,-2.177933155167982
G4 m13_joint_composite,4,home,12476632,0.550702454634632
G4 m13_joint_composite,4,home,12476633,-1.1855787924615362
G4 m13_joint_composite,4,home,12476630,0.3916818010332144
G4 m13_joint_composite,4,home,12476635,0.37884610089249526
G4 m13_joint_composite,4,home,12476636,-0.27747338445187353
G4 m13_joint_composite,4,home,12476793,-0.15177087861469873
G4 m13_joint_composite,4,home,12476795,0.01716674155976217
G4 m13_joint_composite,4,home,12476796,-1.054874700305105
G4 m13_joint_composite,4,home,12476792,0.6676602028697599
G4 m13_joint_composite,4,home,12476790,-0.22233069725567414
G4 m13_joint_composite,4,home,12476788,-0.698953064765209
G4 m13_joint_composite,4,home,12476786,0.6895260836488015
G4 m13_joint_composite,4,home,12476787,-1.5223811102758447
G4 m13_joint_composite,4,home,12476791,0.43962682988517876
G4 m13_joint_composite,4,home,12476789,0.010440682305327204
G4 m13_joint_composite,4,home,12476629,0.8104357932539619
G4 m13_joint_composite,4,home,12476634,-0.8000737511046819
G4 m13_joint_composite,4,home,12476623,0.08736071173019795
G4 m13_joint_composite,4,home,12476631,0.712338808935317
G4 m13_joint_composite,4,home,12476624,-0.9141143431628695
G4 m13_joint_composite,4,home,12476627,-1.4256088184118483
G4 m13_joint_composite,4,home,12476625,0.30248012199886964
G4 m13_joint_composite,4,home,12476621,-0.2581676619247834
G4 m13_joint_composite,4,home,12476622,-0.5750400012759894
G4 m13_joint_composite,4,home,12476782,-1.779028071263915
G4 m13_joint_composite,4,home,12476785,-0.6872313038235262
G4 m13_joint_composite,4,home,12476784,0.5542191050745996
G4 m13_joint_composite,4,home,12476781,-0.054635972420873265
G4 m13_joint_composite,4,home,12476779,1.858359224975062
G4 m13_joint_composite,4,home,12476619,2.221633656642878
G4 m13_joint_composite,4,home,12476620,-0.8992517712786516
G4 m13_joint_composite,4,home,12476618,0.31589843971951576
G4 m13_joint_composite,4,home,12476626,0.5527533802464026
G4 m13_joint_composite,4,home,12476617,-0.49064191529041123
G4 m13_joint_composite,4,home,12476780,0.9021426945758396
G4 m13_joint_composite,4,home,12476778,-0.02912695084391422
G4 m13_joint_composite,4,home,12476776,1.3994416300145036
G4 m13_joint_composite,4,home,12476777,0.5459537236057703
G4 m13_joint_composite,4,home,12476783,-0.22449075018491274
G4 m13_joint_composite,4,home,12476772,-0.6218471305658914
G4 m13_joint_composite,4,home,12476774,-0.9794875025448724
G4 m13_joint_composite,4,home,12476771,-1.007235116115541
G4 m13_joint_composite,4,home,12476773,0.16766936272144184
G4 m13_joint_composite,4,home,12476775,0.12937825121628005
G4 m13_joint_composite,4,home,12476611,0.6986015125930123
G4 m13_joint_composite,4,home,12476616,-0.5563449033643731
G4 m13_joint_composite,4,home,12476614,0.9126673683244719
G4 m13_joint_composite,4,home,12476612,-0.09627579480362568
G4 m13_joint_composite,4,home,12476615,0.17832471799194657
G4 m13_joint_composite,4,home,12811090,-0.4889729556142306
G4 m13_joint_composite,4,home,12476607,0.8613267241448969
G4 m13_joint_composite,4,home,12476613,-0.9078185862937486
G4 m13_joint_composite,4,home,12476606,-1.447551131359085
G4 m13_joint_composite,4,home,12476603,0.7095345858201796
G4 m13_joint_composite,4,home,12476770,-0.8071408871503092
G4 m13_joint_composite,4,home,12476767,0.29084856908866974
G4 m13_joint_composite,4,home,12476766,0.7298206237760315
G4 m13_joint_composite,4,home,12476769,1.4280044624935313
G4 m13_joint_composite,4,home,12476768,0.5483198394292385
G4 m13_joint_composite,4,home,12476761,-0.04140284963855859
G4 m13_joint_composite,4,home,12476765,-1.0519249127925472
G4 m13_joint_composite,4,home,12476764,-0.26971055349958456
G4 m13_joint_composite,4,home,12476762,-0.0426575304253392
G4 m13_joint_composite,4,home,12476759,0.049063487391856654
G4 m13_joint_composite,4,home,12476604,0.5498097446307296
G4 m13_joint_composite,4,home,12476609,-0.8431943234559564
G4 m13_joint_composite,4,home,12476610,0.8240470625482971
G4 m13_joint_composite,4,home,12476601,-0.7760039303566427
G4 m13_joint_composite,4,home,12476605,-1.2237146437766444
G4 m13_joint_composite,4,home,12476600,2.4667613580328642
G4 m13_joint_composite,4,home,12476598,0.42508729835667686
G4 m13_joint_composite,4,home,12476599,-0.8774394045621283
G4 m13_joint_composite,4,home,12476597,0.13581000900879273
G4 m13_joint_composite,4,home,12476602,-0.513564768403193
G4 m13_joint_composite,4,home,12476760,0.5971146246568212
G4 m13_joint_composite,4,home,12476763,-0.7904146376331876
G4 m13_joint_composite,4,home,12476758,-0.40343035488950685
G4 m13_joint_composite,4,home,12476757,-0.8925065450675908
G4 m13_joint_composite,4,home,12476756,-0.8716129796207951
G4 m13_joint_composite,4,home,12954858,0.7417532923783086
G4 m13_joint_composite,4,home,12476594,1.4279110382605689
G4 m13_joint_composite,4,home,12476592,-0.16927674635962817
G4 m13_joint_composite,4,home,12476595,-1.7829181127735712
G4 m13_joint_composite,4,home,12476593,-0.9647899327739807
G4 m13_joint_composite,4,home,12476596,0.26534692982424957
G4 m13_joint_composite,4,home,12476750,-0.9835693824290098
G4 m13_joint_composite,4,home,12476753,1.162599262098083
G4 m13_joint_composite,4,home,12476755,-1.3645574191223218
G4 m13_joint_composite,4,home,12476752,-0.3739719847396677
G4 m13_joint_composite,4,home,12476751,0.12113431707622582
G4 m13_joint_composite,4,home,12476749,-1.2995468519781048
G4 m13_joint_composite,4,home,12476748,0.022750663194868143
G4 m13_joint_composite,4,home,12476739,0.18603188098112255
G4 m13_joint_composite,4,home,12476741,0.11774086472333795
G4 m13_joint_composite,4,home,12476754,2.1071859594950193
G4 m13_joint_composite,4,home,12476589,0.64695558440433
G4 m13_joint_composite,4,home,12476587,0.5223262462442668
G4 m13_joint_composite,4,home,12476591,0.37080849003225996
G4 m13_joint_composite,4,home,12476590,-0.30901616135409465
G4 m13_joint_composite,4,home,12476588,-0.18702066850723514
G4 m13_joint_composite,4,home,12476746,-0.129193944349013
G4 m13_joint_composite,4,home,12476747,0.7994083870576231
G4 m13_joint_composite,4,home,12476742,0.391732003568643
G4 m13_joint_composite,4,home,12476745,-0.5091809958890222
G4 m13_joint_composite,4,home,12476743,-0.6041445098231507
G4 m13_joint_composite,4,home,12476737,0.8159934122392349
G4 m13_joint_composite,4,home,12476735,0.07061740136556768
G4 m13_joint_composite,4,home,12476744,0.760276820548228
G4 m13_joint_composite,4,home,12476738,-0.41395698978170853
G4 m13_joint_composite,4,home,12476740,-0.9920433390257333
G4 m13_joint_composite,4,home,12476586,0.53376713075529
G4 m13_joint_composite,4,home,12476582,-0.6333520558796236
G4 m13_joint_composite,4,home,12476579,-0.7617309455364883
G4 m13_joint_composite,4,home,12476585,0.6895480076036056
G4 m13_joint_composite,4,home,12476583,-0.2558658804921239
G4 m13_joint_composite,4,home,12476584,0.22911009054253742
G4 m13_joint_composite,4,home,12476581,1.55266143478208
G4 m13_joint_composite,4,home,12476580,0.39646557090273404
G4 m13_joint_composite,4,home,12476574,-0.2319586930956461
G4 m13_joint_composite,4,home,12476578,1.2332084410354105
G4 m13_joint_composite,4,home,12476731,0.5649887584595537
G4 m13_joint_composite,4,home,12476548,0.17186244309618454
G4 m13_joint_composite,4,home,13179032,-0.7096468005232408
G4 m13_joint_composite,4,home,13171689,0.8851256857214682
G4 m13_joint_composite,4,home,12476727,1.0715679875050363
G4 m13_joint_composite,4,home,12476729,-0.4357826651284588
G4 m13_joint_composite,4,home,12476724,1.6979031873372294
G4 m13_joint_composite,4,home,12476730,0.7080432817387021
G4 m13_joint_composite,4,home,12476728,-1.0749471699318998
G4 m13_joint_composite,4,home,12476720,-1.0319316100528906
G4 m13_joint_composite,4,home,12476722,-0.8270792016006719
G4 m13_joint_composite,4,home,12476721,-0.32506378908864675
G4 m13_joint_composite,4,home,12476725,-0.34333147393645336
G4 m13_joint_composite,4,home,12476723,0.9027021589165262
G4 m13_joint_composite,4,home,13171688,0.4910981421863418
G4 m13_joint_composite,4,home,12476562,-0.8525347008515721
G4 m13_joint_composite,4,home,12476564,1.5074449342410283
G4 m13_joint_composite,4,home,12476565,0.7010524847298814
G4 m13_joint_composite,4,home,13175772,-0.18630920839180326
G4 m13_joint_composite,4,home,12476563,-1.5785990216087329
G4 m13_joint_composite,4,home,12476556,-0.3314021545005277
G4 m13_joint_composite,4,home,12476558,1.1486640745639685
G4 m13_joint_composite,4,home,12476561,0.816555310132259
G4 m13_joint_composite,4,home,12476560,2.639486736446067
G4 m13_joint_composite,4,home,13179034,1.3863311469342068
G4 m13_joint_composite,4,home,12476726,-1.1061147087377747
G4 m13_joint_composite,4,home,12476718,-1.298259434586096
G4 m13_joint_composite,4,home,12476716,0.6228891583647733
G4 m13_joint_composite,4,home,12476719,0.827905951354679
G4 m13_joint_composite,4,home,12476717,-0.7051802942197994
G4 m13_joint_composite,4,home,12476713,0.11720414226126712
G4 m13_joint_composite,4,home,12476715,-0.12364321750519235
G4 m13_joint_composite,4,home,12476714,1.0330262769898328
G4 m13_joint_composite,4,home,12476710,-0.3828997998580407
G4 m13_joint_composite,4,home,12476712,0.19877927797729994
G4 m13_joint_composite,4,home,13175771,0.36465693114945397
G4 m13_joint_composite,4,home,13159980,1.6221151697258724
G4 m13_joint_composite,4,home,12476551,-0.2914568244473663
G4 m13_joint_composite,4,home,12476555,0.786868334215525
G4 m13_joint_composite,4,home,12476557,2.503379963823126
G4 m13_joint_composite,4,home,12476554,0.27867083512501384
G4 m13_joint_composite,4,home,12476550,-0.49725619306881713
G4 m13_joint_composite,4,home,12476549,0.6493297915217654
G4 m13_joint_composite,4,home,12476547,-0.7041187693129775
G4 m13_joint_composite,4,home,12476552,-0.1179606509147102
G4 m13_joint_composite,4,home,12476553,0.5359151406205795
G4 m13_joint_composite,4,home,12476711,-0.018998876931306276
G4 m13_joint_composite,4,home,12476708,0.20884965250695572
G4 m13_joint_composite,4,home,12476707,-0.4573238695096048
G4 m13_joint_composite,4,home,12476709,-0.9865744177691956
G4 m13_joint_composite,4,home,12476706,-0.5270235282115888
G4 m13_joint_composite,4,home,12476705,-0.23166366038131564
G4 m13_joint_composite,4,home,12476701,-1.6623132001424163
G4 m13_joint_composite,4,home,12476539,0.8247601002893129
G4 m13_joint_composite,4,home,12476545,0.14051840972003904
G4 m13_joint_composite,4,home,12476546,0.1484206331820368
G4 m13_joint_composite,4,home,13217663,0.7239794492199876
G4 m13_joint_composite,4,home,12476541,1.0042963414034378
G4 m13_joint_composite,4,home,12476544,-0.8001272415037793
G4 m13_joint_composite,4,home,12476533,-0.1812398953768849
G4 m13_joint_composite,4,home,13324922,-0.9948472859940423
G4 m13_joint_composite,4,home,13197505,1.2699759750965747
G4 m13_joint_composite,4,home,12476697,0.27170028081266895
G4 m13_joint_composite,4,home,12476698,-0.9231385935744997
G4 m13_joint_composite,4,home,12476700,0.4925412277542672
G4 m13_joint_composite,4,home,12476696,0.858924697324134
G4 m13_joint_composite,4,home,13315347,-0.20111289273943894
G4 m13_joint_composite,4,home,12476531,-0.9621814241936353
G4 m13_joint_composite,4,home,12476529,1.2346193778450427
G4 m13_joint_composite,4,home,12476538,-0.7332458546606695
G4 m13_joint_composite,4,home,13233442,0.5764916556567113
G4 m13_joint_composite,4,home,12476519,0.10766057996225727
G4 m13_joint_composite,4,home,12476525,-1.6960784415091796
G4 m13_joint_composite,4,home,12476523,1.340551998165148
G4 m13_joint_composite,4,home,12476522,1.29067470644812
G4 m13_joint_composite,4,home,12476524,-0.8390001047363849
G4 m13_joint_composite,4,home,12476693,-0.6013116310214763
G4 m13_joint_composite,4,home,12476695,0.5348388527469699
G4 m13_joint_composite,4,home,12476691,-0.7770512703231934
G4 m13_joint_composite,4,home,12476692,-0.12406043773872054
G4 m13_joint_composite,4,home,12476699,-0.7069864188595135
G4 m13_joint_composite,4,home,12476689,1.3751316260626305
G4 m13_joint_composite,4,home,12476685,0.39176402959412965
G4 m13_joint_composite,4,home,12476686,0.6085298197310243
G4 m13_joint_composite,4,home,12476690,0.5445017686952457
G4 m13_joint_composite,4,home,13343736,1.528735503904193
G4 m13_joint_composite,4,home,12476521,1.7888280930228417
G4 m13_joint_composite,4,home,12476514,0.8484764929896218
G4 m13_joint_composite,4,home,12476518,0.5513704947179118
G4 m13_joint_composite,4,home,12476520,0.25155444327142523
G4 m13_joint_composite,4,home,12476515,-0.008268196540326605
G4 m13_joint_composite,4,home,13348881,0.12317802054155229
G4 m13_joint_composite,4,home,13255608,1.5164933805598533
G4 m13_joint_composite,4,home,12476516,-0.9378854941472029
G4 m13_joint_composite,4,home,12476512,-0.78488748281609
G4 m13_joint_composite,4,home,12476511,1.272770289283125
G4 m13_joint_composite,4,home,12476517,0.8789321023397748
G4 m13_joint_composite,4,home,12476513,1.296195621952028
G4 m13_joint_composite,4,home,13391276,-0.07602168960176155
G4 m13_joint_composite,4,home,12476688,1.2470784641361823
G4 m13_joint_composite,4,home,12476684,-1.768698689134154
G4 m13_joint_composite,4,home,12476681,0.6512428156301309
G4 m13_joint_composite,4,home,12476682,0.7362832020323253
G4 m13_joint_composite,4,home,12476679,-1.1011872646772345
G4 m13_joint_composite,4,home,12476678,0.808508165353194
G4 m13_joint_composite,4,home,12476675,0.31779271736636755
G4 m13_joint_composite,4,home,12476680,1.3610477213536152
G4 m13_joint_composite,4,home,12476677,-0.9889160640806431
G4 m13_joint_composite,4,home,12476508,1.213710510342814
G4 m13_joint_composite,4,home,12476510,2.3882146154449746
G4 m13_joint_composite,4,home,12476506,-0.7587979857421577
G4 m13_joint_composite,4,home,12476509,0.5852834436529377
G4 m13_joint_composite,4,home,12476507,0.14547710156165228
G4 m13_joint_composite,4,home,12476502,-1.1495486686437395
G4 m13_joint_composite,4,home,12476500,-0.5799404431489601
G4 m13_joint_composite,4,home,12476501,1.281813883066497
G4 m13_joint_composite,4,home,12476505,-1.1937031780843872
G4 m13_joint_composite,4,home,12476504,-0.8095240143570225
G4 m13_joint_composite,4,home,13415294,0.2825494219823717
G4 m13_joint_composite,4,home,12476674,0.9624339466793362
G4 m13_joint_composite,4,home,12476671,0.9161938029374166
G4 m13_joint_composite,4,home,12476670,0.08595305602975355
G4 m13_joint_composite,4,home,12476672,-0.32084260934334274
G4 m13_joint_composite,4,home,12476669,-0.7384698431124262
G4 m13_joint_composite,4,home,13343733,-0.011638514807397348
G4 m13_joint_composite,4,home,12476667,1.2809290345972684
G4 m13_joint_composite,4,home,12476662,-1.3210890527091983
G4 m13_joint_composite,4,home,12476673,-1.424403947378081
G4 m13_joint_composite,4,home,12476676,0.4190291989627116
G4 m13_joint_composite,4,home,12476668,-0.8507876946928152
G4 m13_joint_composite,4,home,12476526,-0.1474062973995384
G4 m13_joint_composite,4,home,12476497,0.5154422439346562
G4 m13_joint_composite,4,home,12476499,-3.0956823130245
G4 m13_joint_composite,4,home,12476496,-0.2812439021093576
G4 m13_joint_composite,4,home,12476498,-1.3027776724296802
G4 m13_joint_composite,4,home,12476495,1.078021979799011
G4 m13_joint_composite,4,home,13436762,-0.2289635392561559
G4 m13_joint_composite,4,home,12476490,-0.15697343165815653
G4 m13_joint_composite,4,home,12476492,-1.157581307017495
G4 m13_joint_composite,4,home,12476489,-1.1660970115594211
G4 m13_joint_composite,4,home,12476493,-0.674745278002595
G4 m13_joint_composite,4,home,12476491,-1.7720997854785216
G4 m13_joint_composite,4,home,13399583,-1.1295593889194118
G4 m13_joint_composite,4,home,13480337,1.7700700724640945
G4 m13_joint_composite,4,home,12476665,-0.4069080611155467
G4 m13_joint_composite,4,home,12476661,0.9206813433478428
G4 m13_joint_composite,4,home,12476666,-1.587961206929377
G4 m13_joint_composite,4,home,12476663,-0.8663913636731886
G4 m13_joint_composite,4,home,12476660,0.9797856959027209
G4 m13_joint_composite,4,home,12640468,-0.010445715884702406
G4 m13_joint_composite,4,home,12476657,-0.765802624838264
G4 m13_joint_composite,4,home,12476659,-1.1257623933264231
G4 m13_joint_composite,4,home,12476664,-1.6474428824936305
G4 m13_joint_composite,4,home,12476658,1.1755980614404158
G4 m13_joint_composite,4,home,13343735,-0.6933157004673222
G4 m13_joint_composite,4,home,12476485,0.241553312762354
G4 m13_joint_composite,4,home,12476487,-2.1357756690370295
G4 m13_joint_composite,4,home,12476486,0.9054193652410163
G4 m13_joint_composite,4,home,12476488,-1.565119255290428
G4 m13_joint_composite,4,home,12476494,-0.29655309428512244
G4 m13_joint_composite,4,home,12476483,2.7233721811435867
G4 m13_joint_composite,4,home,12476484,1.41729328438585
G4 m13_joint_composite,4,home,12476482,0.4516391978886437
G4 m13_joint_composite,4,home,12476478,-0.10830373889522907
G4 m13_joint_composite,4,home,12476481,-0.4446891667527805
G4 m13_joint_composite,4,home,12476656,0.7725921945397546
G4 m13_joint_composite,4,home,12476654,-0.42319788518482204
G4 m13_joint_composite,4,home,12476652,1.814134588075624
G4 m13_joint_composite,4,home,12476651,0.04957419859754083
G4 m13_joint_composite,4,home,12476655,0.8571747011379343
G4 m13_joint_composite,4,home,12476648,-0.73342685540762
G4 m13_joint_composite,4,home,12476649,-1.9325931090475594
G4 m13_joint_composite,4,home,12476653,-1.8180887900465754
G4 m13_joint_composite,4,home,12476650,-1.200144093228717
G4 m13_joint_composite,4,home,12476646,-0.06890649914631036
G4 m13_joint_composite,4,home,12476477,0.5941564062436796
G4 m13_joint_composite,4,home,12476474,1.7993690240330689
G4 m13_joint_composite,4,home,12476479,-1.6995232052210316
G4 m13_joint_composite,4,home,12476480,-0.6763986657401359
G4 m13_joint_composite,4,home,12476476,0.009627569323123752
G4 m13_joint_composite,4,home,12476469,2.4207697478671935
G4 m13_joint_composite,4,home,12476475,0.3293317893574941
G4 m13_joint_composite,4,home,12476471,-1.8105537330557002
G4 m13_joint_composite,4,home,12476470,0.264958889721621
G4 m13_joint_composite,4,home,12476473,-0.5487016874875703
G4 m13_joint_composite,4,home,12476645,-0.7296436633007278
G4 m13_joint_composite,4,home,12476642,-1.028057633630404
G4 m13_joint_composite,4,home,12476647,-0.7946445874764048
G4 m13_joint_composite,4,home,12476643,1.8308855129376644
G4 m13_joint_composite,4,home,12476644,0.4799497268422303
G4 m13_joint_composite,4,home,12476640,-0.346287157185311
G4 m13_joint_composite,4,home,12476641,2.6987063341184854
G4 m13_joint_composite,4,home,12476637,-0.42581549933885526
G4 m13_joint_composite,4,home,12476639,0.346975200611144
G4 m13_joint_composite,4,home,12476638,0.5366333321802456
G4 m13_joint_composite,4,home,12476465,-1.1429104726869996
G4 m13_joint_composite,4,home,12476472,0.3515735525669157
G4 m13_joint_composite,4,home,12476468,0.6906116940840247
G4 m13_joint_composite,4,home,12476464,1.0281904435068185
G4 m13_joint_composite,4,home,12476467,-0.33636071348061686
G4 m13_joint_composite,4,home,12476463,2.1710995443911845
G4 m13_joint_composite,4,home,12476466,0.5982048560233147
G4 m13_joint_composite,4,home,12476461,0.26046166083303035
G4 m13_joint_composite,4,home,12476460,-1.5430226509158225
G4 m13_joint_composite,4,home,12476462,0.6740835187353196
G4 m13_joint_composite,4,home,12473328,1.3073114610044918
G4 m13_joint_composite,4,home,12473336,0.29429531161981315
G4 m13_joint_composite,4,home,12473335,0.3400252379350649
G4 m13_joint_composite,4,home,12473322,0.47887524446621477
G4 m13_joint_composite,4,home,12473327,0.7672627938840076
G4 m13_joint_composite,4,home,12473331,0.4998896248238137
G4 m13_joint_composite,4,home,12473333,-1.1128337117440459
G4 m13_joint_composite,4,home,12473334,0.2269074901226141
G4 m13_joint_composite,4,home,12473337,0.9304456987374169
G4 m13_joint_composite,4,home,12473330,0.2488529259423574
G4 m13_joint_composite,4,home,12476454,1.4977935600153167
G4 m13_joint_composite,4,home,12476455,-0.4968307818940742
G4 m13_joint_composite,4,home,12476458,0.8307446648828415
G4 m13_joint_composite,4,home,12476459,-0.219454564993535
G4 m13_joint_composite,4,home,12476457,-2.824338733983861
G4 m13_joint_composite,4,home,12476452,0.825264689326082
G4 m13_joint_composite,4,home,12476567,-1.4180331631332619
G4 m13_joint_composite,4,home,12476453,2.946440060397511
G4 m13_joint_composite,4,home,12476575,-1.9942556029318435
G4 m13_joint_composite,4,home,12476570,1.3143178341961468
G4 m13_joint_composite,4,home,14035482,-0.8553681357816777
G4 m13_joint_composite,4,home,14035495,-1.3648120043780883
G4 m13_joint_composite,4,home,14035487,1.6241550225727603
G4 m13_joint_composite,4,home,14035486,0.28556822756312045
G4 m13_joint_composite,4,home,14343735,-0.11760000346462508
G4 m13_joint_composite,4,home,14035506,-0.03072304867066024
G4 m13_joint_composite,4,home,14035498,0.37324457319835336
G4 m13_joint_composite,4,home,14035502,-0.1409587308809924
G4 m13_joint_composite,4,home,14035497,-1.0400536178138169
G4 m13_joint_composite,4,home,14035501,-0.1068838944648205
G4 m13_joint_composite,4,home,14035665,-0.006692036845405859
G4 m13_joint_composite,4,home,14035666,-0.31712434759401686
G4 m13_joint_composite,4,home,14035662,1.1554544688797952
G4 m13_joint_composite,4,home,14035664,0.4733800643750531
G4 m13_joint_composite,4,home,14035663,0.04791726508202629
G4 m13_joint_composite,4,home,14035669,-1.1385427942947337
G4 m13_joint_composite,4,home,14035667,-1.5038986558060488
G4 m13_joint_composite,4,home,14035671,-0.3344368710086615
G4 m13_joint_composite,4,home,14035670,-0.48027363316642707
G4 m13_joint_composite,4,home,14035668,-1.494734050638851
G4 m13_joint_composite,4,home,14035484,-0.7451066373056473
G4 m13_joint_composite,4,home,14035485,0.8158369133942716
G4 m13_joint_composite,4,home,14035488,-0.12363460378065447
G4 m13_joint_composite,4,home,14035489,1.8445008618103484
G4 m13_joint_composite,4,home,14035494,0.7568641949689155
G4 m13_joint_composite,4,home,14035493,1.222586505758664
G4 m13_joint_composite,4,home,14035496,-0.5782254005128238
G4 m13_joint_composite,4,home,14035492,0.34724536135669004
G4 m13_joint_composite,4,home,14035491,-0.7058726173010749
G4 m13_joint_composite,4,home,14035675,0.41434876781651675
G4 m13_joint_composite,4,home,14035672,-0.06408293899826199
G4 m13_joint_composite,4,home,14035674,1.9214120109210495
G4 m13_joint_composite,4,home,14035676,-0.4083152309104813
G4 m13_joint_composite,4,home,14035673,1.2471458599819931
G4 m13_joint_composite,4,home,14035678,0.7353496612557614
G4 m13_joint_composite,4,home,14035683,0.2307616060015129
G4 m13_joint_composite,4,home,14035681,0.6277777721964971
G4 m13_joint_composite,4,home,14035679,-0.023040302184239827
G4 m13_joint_composite,4,home,14035677,1.3310018916033148
G4 m13_joint_composite,4,home,14035503,0.17907238400324457
G4 m13_joint_composite,4,home,14035505,1.1603385970394948
G4 m13_joint_composite,4,home,14035500,-0.8150554685813933
G4 m13_joint_composite,4,home,14035504,0.13919475408366688
G4 m13_joint_composite,4,home,14035499,-1.2638804864652289
G4 m13_joint_composite,4,home,14035680,-0.19613452946019677
G4 m13_joint_composite,4,home,14035682,-0.7935906231427035
G4 m13_joint_composite,4,home,14035686,-0.10119087391116181
G4 m13_joint_composite,4,home,14035684,2.5026312716599226
G4 m13_joint_composite,4,home,14035685,-0.6131031261341995
G4 m13_joint_composite,4,home,14035511,0.6403956046336567
G4 m13_joint_composite,4,home,14035510,-1.1556998549876563
G4 m13_joint_composite,4,home,14035509,0.515454598276326
G4 m13_joint_composite,4,home,14035508,-1.596038290661907
G4 m13_joint_composite,4,home,14035507,-1.8189774266119625
G4 m13_joint_composite,4,home,14035514,-1.5392536315305827
G4 m13_joint_composite,4,home,14035515,-0.8952020376456057
G4 m13_joint_composite,4,home,14035512,0.4877458343185022
G4 m13_joint_composite,4,home,14035513,-0.013281682056346989
G4 m13_joint_composite,4,home,14035516,1.2545308563002555
G4 m13_joint_composite,4,home,14035687,0.7961208363754066
G4 m13_joint_composite,4,home,14035695,0.27741364377496136
G4 m13_joint_composite,4,home,14035689,-1.296158563930994
G4 m13_joint_composite,4,home,14035692,0.9441418071478875
G4 m13_joint_composite,4,home,14035688,-1.5873805387223703
G4 m13_joint_composite,4,home,14035694,-0.8864198381442175
G4 m13_joint_composite,4,home,14035690,-0.19206045366456295
G4 m13_joint_composite,4,home,14035693,-0.10021477295510126
G4 m13_joint_composite,4,home,14035691,0.7514932001441771
G4 m13_joint_composite,4,home,14035697,-0.22033999523250056
G4 m13_joint_composite,4,home,14035517,-1.107506078935338
G4 m13_joint_composite,4,home,14035518,0.4677076143111081
G4 m13_joint_composite,4,home,14035519,1.5943481898024532
G4 m13_joint_composite,4,home,14035521,0.671309090884543
G4 m13_joint_composite,4,home,14035520,0.841909989968457
G4 m13_joint_composite,4,home,14035524,0.42166227790708544
G4 m13_joint_composite,4,home,14035522,0.9177747754318427
G4 m13_joint_composite,4,home,14035526,-0.1592055488793749
G4 m13_joint_composite,4,home,14035525,0.9110690749644307
G4 m13_joint_composite,4,home,14035523,-0.116861506720653
G4 m13_joint_composite,4,home,14035700,0.4953198659183946
G4 m13_joint_composite,4,home,14035703,1.2731192482370033
G4 m13_joint_composite,4,home,14035698,-0.6240884556930473
G4 m13_joint_composite,4,home,14035696,-0.33597872341029433
G4 m13_joint_composite,4,home,14035699,0.5706337534914561
G4 m13_joint_composite,4,home,14035706,-0.7436962149001298
G4 m13_joint_composite,4,home,14035704,0.6281326334585928
G4 m13_joint_composite,4,home,14035702,0.8052972069952871
G4 m13_joint_composite,4,home,14035701,0.6983507943407977
G4 m13_joint_composite,4,home,14035705,-1.6151162363561533
G4 m13_joint_composite,4,home,14501655,-0.9387061755357601
G4 m13_joint_composite,4,home,14035529,0.2598109873071992
G4 m13_joint_composite,4,home,14035528,-1.0569808827947602
G4 m13_joint_composite,4,home,14035531,1.1413964465475193
G4 m13_joint_composite,4,home,14035527,0.17257004143423474
G4 m13_joint_composite,4,home,14035530,-1.1146374093150755
G4 m13_joint_composite,4,home,14035709,1.0024229889575855
G4 m13_joint_composite,4,home,14035708,-0.4778642365281588
G4 m13_joint_composite,4,home,14035710,-0.17939016172136688
G4 m13_joint_composite,4,home,14035707,-0.852145134446418
G4 m13_joint_composite,4,home,14035711,-0.6663474525043713
G4 m13_joint_composite,4,home,14035532,0.02743296578862468
G4 m13_joint_composite,4,home,14035534,-1.7856254550111088
G4 m13_joint_composite,4,home,14035533,-0.7385093070913117
G4 m13_joint_composite,4,home,14035535,-2.020335389293177
G4 m13_joint_composite,4,home,14297746,-0.9222636824039898
G4 m13_joint_composite,4,home,14035538,0.09783602364235242
G4 m13_joint_composite,4,home,14035539,-0.03825296573490861
G4 m13_joint_composite,4,home,14035536,1.4214961932396502
G4 m13_joint_composite,4,home,14035540,-0.15057518073230608
G4 m13_joint_composite,4,home,14035542,-0.7345259855786048
G4 m13_joint_composite,4,home,14035713,-1.6952738848156577
G4 m13_joint_composite,4,home,14035714,0.7139268938017671
G4 m13_joint_composite,4,home,14035716,0.2913579672543627
G4 m13_joint_composite,4,home,14035715,1.2189074736465182
G4 m13_joint_composite,4,home,14035712,0.29475833694403397
G4 m13_joint_composite,4,home,14035546,-0.16502683437586368
G4 m13_joint_composite,4,home,14035541,1.2422949803775785
G4 m13_joint_composite,4,home,14035544,0.735009127412282
G4 m13_joint_composite,4,home,14035545,1.1539395457561379
G4 m13_joint_composite,4,home,14035543,-1.2702488362031994
G4 m13_joint_composite,4,home,14035548,0.3943220281989634
G4 m13_joint_composite,4,home,14035555,0.47098352612322164
G4 m13_joint_composite,4,home,14035549,-0.2537854031016552
G4 m13_joint_composite,4,home,14035554,-0.03238750881754833
G4 m13_joint_composite,4,home,14035717,-0.0762549896805191
G4 m13_joint_composite,4,home,14035718,0.1830314111944733
G4 m13_joint_composite,4,home,14035719,-0.3437032215353493
G4 m13_joint_composite,4,home,14035735,-1.170922532194606
G4 m13_joint_composite,4,home,14035720,0.4273951518466586
G4 m13_joint_composite,4,home,14035722,0.20111524274693826
G4 m13_joint_composite,4,home,14035721,-0.2929520329124073
G4 m13_joint_composite,4,home,14035725,-0.024316720025332215
G4 m13_joint_composite,4,home,14035724,-0.09709005681312337
G4 m13_joint_composite,4,home,14035723,-1.0997125002218435
G4 m13_joint_composite,4,home,14035551,1.1776777224178052
G4 m13_joint_composite,4,home,14035559,0.4053101520461436
G4 m13_joint_composite,4,home,14035550,-0.9371525475361016
G4 m13_joint_composite,4,home,14035556,-0.458832605206908
G4 m13_joint_composite,4,home,14035552,1.7662826083741545
G4 m13_joint_composite,4,home,15017622,-0.030210167151335086
G4 m13_joint_composite,4,home,14035727,-0.19296353131964353
G4 m13_joint_composite,4,home,14035729,0.14738788110179946
G4 m13_joint_composite,4,home,14035726,-0.23271119832846177
G4 m13_joint_composite,4,home,14035730,-1.0162817441584548
G4 m13_joint_composite,4,home,14035728,0.12577916614681614
G4 m13_joint_composite,4,home,14035553,0.0002636776535479585
G4 m13_joint_composite,4,home,14035562,-0.7799436326256969
G4 m13_joint_composite,4,home,14035558,-2.0819503096964076
G4 m13_joint_composite,4,home,14035560,2.151658468475707
G4 m13_joint_composite,4,home,14035563,-1.3048128283586156
G4 m13_joint_composite,4,home,14035564,1.8765010491730412
G4 m13_joint_composite,4,home,14035561,-0.6783875440042796
G4 m13_joint_composite,4,home,14035565,1.4355754067919229
G4 m13_joint_composite,4,home,14035566,0.9162639816283542
G4 m13_joint_composite,4,home,14035731,-0.33105412548536917
G4 m13_joint_composite,4,home,14035732,1.3749083663036163
G4 m13_joint_composite,4,home,14035736,0.9590554829124421
G4 m13_joint_composite,4,home,14035733,-0.07959843871563496
G4 m13_joint_composite,4,home,14035734,-1.8517183336010552
G4 m13_joint_composite,4,home,14035739,0.992056920700481
G4 m13_joint_composite,4,home,14035740,0.25208332669832306
G4 m13_joint_composite,4,home,14035737,1.460705556234335
G4 m13_joint_composite,4,home,14035738,-0.375449708812386
G4 m13_joint_composite,4,home,14035741,-0.1938816708776772
G4 m13_joint_composite,4,home,14035568,-0.19332415114408807
G4 m13_joint_composite,4,home,14035569,0.47873524303103954
G4 m13_joint_composite,4,home,14035572,0.18851392718955506
G4 m13_joint_composite,4,home,14035570,-0.5277296180705309
G4 m13_joint_composite,4,home,14035567,-1.0866462024677492
G4 m13_joint_composite,4,home,14035574,1.8311932754405702
G4 m13_joint_composite,4,home,14035575,1.0140961717585135
G4 m13_joint_composite,4,home,14035571,-0.7498175871986654
G4 m13_joint_composite,4,home,14035576,-2.2705619212751977
G4 m13_joint_composite,4,home,14035573,-1.2740262335972365
G4 m13_joint_composite,4,home,14035742,-0.3933924194888994
G4 m13_joint_composite,4,home,14035745,-0.05077801917226773
G4 m13_joint_composite,4,home,14035747,0.11977599774570044
G4 m13_joint_composite,4,home,14035744,0.8678467676130043
G4 m13_joint_composite,4,home,14035743,-0.8779235734483867
G4 m13_joint_composite,4,home,14035750,-0.2086690958970293
G4 m13_joint_composite,4,home,14035751,1.7978561052483801
G4 m13_joint_composite,4,home,14035749,0.0973467252060361
G4 m13_joint_composite,4,home,14035748,-0.12785024072657766
G4 m13_joint_composite,4,home,14035746,0.4323320694545581
G4 m13_joint_composite,4,home,14035582,0.5364029376886347
G4 m13_joint_composite,4,home,14035580,-0.4037718804556682
G4 m13_joint_composite,4,home,14035586,-1.7250736733716159
G4 m13_joint_composite,4,home,14035585,2.3501416347622057
G4 m13_joint_composite,4,home,14035583,1.2338789623599578
G4 m13_joint_composite,4,home,14035755,0.3795166459160506
G4 m13_joint_composite,4,home,14035756,-0.6950092729919903
G4 m13_joint_composite,4,home,14035752,-0.5908272631508313
G4 m13_joint_composite,4,home,14035760,-0.40565257576909525
G4 m13_joint_composite,4,home,14035761,0.39427883721588325
G4 m13_joint_composite,4,home,15363335,0.4531935860672814
G4 m13_joint_composite,4,home,15305942,-1.5730089678866894
G4 m13_joint_composite,4,home,15374710,1.9275729369489596
G4 m13_joint_composite,4,home,14035591,0.4992576499496594
G4 m13_joint_composite,4,home,14035588,1.1341082752256784
G4 m13_joint_composite,4,home,14035587,0.030530552700055835
G4 m13_joint_composite,4,home,14035590,-1.1463354909028876
G4 m13_joint_composite,4,home,14035767,0.014577533343604863
G4 m13_joint_composite,4,home,14035771,0.6956166056097856
G4 m13_joint_composite,4,home,14035768,0.4342066380500428
G4 m13_joint_composite,4,home,14035766,0.4459633425433293
G4 m13_joint_composite,4,home,14035769,-1.2847779224127411
G4 m13_joint_composite,4,home,14035770,-1.2897144038484563
G4 m13_joint_composite,4,home,14035592,0.7601127063327883
G4 m13_joint_composite,4,home,14035594,0.36920751799275164
G4 m13_joint_composite,4,home,14035595,-0.6510550146687965
G4 m13_joint_composite,4,home,14035593,0.30318019317138384
G4 m13_joint_composite,4,home,14035597,0.5343729471243991
G4 m13_joint_composite,4,home,14035598,1.01923417658942
G4 m13_joint_composite,4,home,14035596,0.18248032909065412
G4 m13_joint_composite,4,home,15399014,-0.8540080220699188
G4 m13_joint_composite,4,home,14035774,0.015090167677117749
G4 m13_joint_composite,4,home,14035773,0.8731742326493248
G4 m13_joint_composite,4,home,14035772,0.05803779057603528
G4 m13_joint_composite,4,home,14035775,1.4857897511635045
G4 m13_joint_composite,4,home,14035776,-0.020662401412736207
G4 m13_joint_composite,4,home,14035782,-0.7352812962401054
G4 m13_joint_composite,4,home,14035777,0.48721372738477364
G4 m13_joint_composite,4,home,14035781,-1.114336873162503
G4 m13_joint_composite,4,home,15456958,0.34357968146807555
G4 m13_joint_composite,4,home,14035602,0.5569347271836594
G4 m13_joint_composite,4,home,14035606,-0.7564209748641039
G4 m13_joint_composite,4,home,14035603,-2.438228712141421
G4 m13_joint_composite,4,home,14035604,0.07961080665323331
G4 m13_joint_composite,4,home,14035605,-0.3006927354178503
G4 m13_joint_composite,4,home,15332289,1.054586849907683
G4 m13_joint_composite,4,home,15368752,-0.6614233686250168
G4 m13_joint_composite,4,home,14035607,-0.8300682389155986
G4 m13_joint_composite,4,home,14035608,-0.5098931668845595
G4 m13_joint_composite,4,home,14035610,1.257518148706615
G4 m13_joint_composite,4,home,14035609,1.4395428331461417
G4 m13_joint_composite,4,home,14035611,0.8664357234116954
G4 m13_joint_composite,4,home,15336943,-0.4005858070994195
G4 m13_joint_composite,4,home,15416466,0.016769564431946195
G4 m13_joint_composite,4,home,14035787,-0.9877703247228199
G4 m13_joint_composite,4,home,14035778,0.3666224635636775
G4 m13_joint_composite,4,home,15366428,-0.39078322234478513
G4 m13_joint_composite,4,home,15547533,-0.5507233798287466
G4 m13_joint_composite,4,home,14035786,1.439284097935793
G4 m13_joint_composite,4,home,14035788,2.163377390541265
G4 m13_joint_composite,4,home,14035789,-0.364066428412282
G4 m13_joint_composite,4,home,14035790,0.6435810621668009
G4 m13_joint_composite,4,home,14035792,0.49771835143112764
G4 m13_joint_composite,4,home,14035614,-1.3063797595991666
G4 m13_joint_composite,4,home,14035616,0.17221796112420243
G4 m13_joint_composite,4,home,14035613,-0.233885085428158
G4 m13_joint_composite,4,home,14035612,-0.7211865936652996
G4 m13_joint_composite,4,home,14035615,-0.81743044198055
G4 m13_joint_composite,4,home,15490658,0.020026778778929936
G4 m13_joint_composite,4,home,15490775,-1.4817957877970918
G4 m13_joint_composite,4,home,14035620,0.8557862541529089
G4 m13_joint_composite,4,home,14035618,0.561523764839693
G4 m13_joint_composite,4,home,14035619,-2.1115925483136877
G4 m13_joint_composite,4,home,14035617,0.45341536199099736
G4 m13_joint_composite,4,home,14035621,-0.16771632365871197
G4 m13_joint_composite,4,home,15399013,-1.8669400935505078
G4 m13_joint_composite,4,home,15416481,1.1546033459837874
G4 m13_joint_composite,4,home,15395623,0.8473102958246689
G4 m13_joint_composite,4,home,14035796,1.630657046433724
G4 m13_joint_composite,4,home,14035794,-0.46350250771415646
G4 m13_joint_composite,4,home,14035791,-0.11438854662736399
G4 m13_joint_composite,4,home,14035793,-1.5296803196991857
G4 m13_joint_composite,4,home,14035795,-0.6855212244807034
G4 m13_joint_composite,4,home,15458714,0.42993019422019585
G4 m13_joint_composite,4,home,14035801,-0.41998010134381725
G4 m13_joint_composite,4,home,14035798,1.2361079005121913
G4 m13_joint_composite,4,home,14035799,0.8781723107851427
G4 m13_joint_composite,4,home,14035800,1.7020344724203926
G4 m13_joint_composite,4,home,14035797,1.0192307768208984
G4 m13_joint_composite,4,home,15530801,1.291965479674239
G4 m13_joint_composite,4,home,14035622,0.11852810253649351
G4 m13_joint_composite,4,home,14035624,-0.5004769450597969
G4 m13_joint_composite,4,home,14035626,-0.7789821213054251
G4 m13_joint_composite,4,home,14035627,-0.15522863615798704
G4 m13_joint_composite,4,home,14035623,2.273624110856859
G4 m13_joint_composite,4,home,15457468,1.2184692999496785
G4 m13_joint_composite,4,home,14035625,0.7044157527710836
G4 m13_joint_composite,4,home,14035628,-0.3185379315376457
G4 m13_joint_composite,4,home,14035631,0.7661494347358121
G4 m13_joint_composite,4,home,14035629,0.5561338499914406
G4 m13_joint_composite,4,home,14035632,-0.8756350644546503
G4 m13_joint_composite,4,home,15422405,0.463200569170138
G4 m13_joint_composite,4,home,15588942,0.8752967143664779
G4 m13_joint_composite,4,home,14035804,1.0656543376901917
G4 m13_joint_composite,4,home,14035803,-0.6463007002443872
G4 m13_joint_composite,4,home,14035805,0.4540415388041486
G4 m13_joint_composite,4,home,14035806,1.0578735247112203
G4 m13_joint_composite,4,home,14035802,-0.9122261592824751
G4 m13_joint_composite,4,home,15588903,0.20848636676521307
G4 m13_joint_composite,4,home,14035808,0.6450592369400417
G4 m13_joint_composite,4,home,14035811,1.2267208362424349
G4 m13_joint_composite,4,home,14035810,0.06587513417403591
G4 m13_joint_composite,4,home,14035809,-1.1375852443378842
G4 m13_joint_composite,4,home,14035807,0.40212524508164843
G4 m13_joint_composite,4,home,14035637,-0.7326166572596136
G4 m13_joint_composite,4,home,14035633,-0.629860694538391
G4 m13_joint_composite,4,home,14035635,0.7972086167512583
G4 m13_joint_composite,4,home,14035630,-0.3446654945794702
G4 m13_joint_composite,4,home,14035638,1.641121964104571
G4 m13_joint_composite,4,home,14035636,-0.9547791937318962
G4 m13_joint_composite,4,home,14035634,0.35607938612400314
G4 m13_joint_composite,4,home,14035645,-0.0037758730069469156
G4 m13_joint_composite,4,home,15588896,0.5131370185495071
G4 m13_joint_composite,4,home,15588927,1.547551490090244
G4 m13_joint_composite,4,home,14035814,0.834187026115808
G4 m13_joint_composite,4,home,14035816,-0.5133784924138488
G4 m13_joint_composite,4,home,14035815,0.7885084609013653
G4 m13_joint_composite,4,home,14035813,-0.7691369622763273
G4 m13_joint_composite,4,home,14035812,-0.6646219288854106
G4 m13_joint_composite,4,home,14035819,-2.0104406826490697
G4 m13_joint_composite,4,home,14035818,0.5362844758048833
G4 m13_joint_composite,4,home,14035827,0.21106972790856376
G4 m13_joint_composite,4,home,14035820,-0.0890628025706746
G4 m13_joint_composite,4,home,14035817,0.9635532654320281
G4 m13_joint_composite,4,home,15881894,0.6955019760738749
G4 m13_joint_composite,4,home,14035640,-0.7051859775776872
G4 m13_joint_composite,4,home,14035642,0.9882812425791339
G4 m13_joint_composite,4,home,14035643,0.9280194709910982
G4 m13_joint_composite,4,home,14035641,-0.02439005467976759
G4 m13_joint_composite,4,home,14035644,0.4973515397614684
G4 m13_joint_composite,4,home,15680573,-1.485599573537464
G4 m13_joint_composite,4,home,14035650,-2.483261585284614
G4 m13_joint_composite,4,home,14035647,0.9858799865011926
G4 m13_joint_composite,4,home,14035646,0.6025048967029928
G4 m13_joint_composite,4,home,14035648,-0.7805920325640183
G4 m13_joint_composite,4,home,14035651,-0.6982537532818581
G4 m13_joint_composite,4,home,14035821,0.4937790735999935
G4 m13_joint_composite,4,home,14035823,-0.025210219290785516
G4 m13_joint_composite,4,home,14035822,0.06651649688508764
G4 m13_joint_composite,4,home,14035826,-0.6892639319966796
G4 m13_joint_composite,4,home,14035824,-1.5094699504930964
G4 m13_joint_composite,4,home,14032717,0.9406460798386798
G4 m13_joint_composite,4,home,14032707,1.292441180673169
G4 m13_joint_composite,4,home,14032715,0.5382113230604038
G4 m13_joint_composite,4,home,14032721,-1.4161369260852386
G4 m13_joint_composite,4,home,14032718,-1.4306667444356846
G4 m13_joint_composite,4,home,14035653,-1.2226050291463844
G4 m13_joint_composite,4,home,14035652,-0.3677075920047652
G4 m13_joint_composite,4,home,14035654,0.4840736438895172
G4 m13_joint_composite,4,home,14035655,1.1449918360374671
G4 m13_joint_composite,4,home,14035656,0.051581771105695916
G4 m13_joint_composite,4,home,14032710,0.9294579927462975
G4 m13_joint_composite,4,home,14032708,-0.8684255250496093
G4 m13_joint_composite,4,home,14032714,-0.22853190422593522
G4 m13_joint_composite,4,home,14032719,1.5583764680761139
G4 m13_joint_composite,4,home,14032720,-0.052568582908775384
G4 m13_joint_composite,4,away,12477128,-0.13395234914417672
G4 m13_joint_composite,4,away,12477134,-0.5629642687772042
G4 m13_joint_composite,4,away,12477131,1.5681629287462484
G4 m13_joint_composite,4,away,12477135,-1.1522194798964127
G4 m13_joint_composite,4,away,12477132,-0.39498910893019296
G4 m13_joint_composite,4,away,12476800,-2.9795275748801466
G4 m13_joint_composite,4,away,12476794,-0.30899891442438937
G4 m13_joint_composite,4,away,12476797,-0.8500819325585756
G4 m13_joint_composite,4,away,12476799,-1.7243049013449472
G4 m13_joint_composite,4,away,12476798,1.0934441140431526
G4 m13_joint_composite,4,away,12477129,0.2064601264010861
G4 m13_joint_composite,4,away,12477126,0.42604208943096644
G4 m13_joint_composite,4,away,12477130,0.5368704553119955
G4 m13_joint_composite,4,away,12477123,-2.0511201865383146
G4 m13_joint_composite,4,away,12477133,-0.4856917683341041
G4 m13_joint_composite,4,away,12476632,-0.8749885176385357
G4 m13_joint_composite,4,away,12476633,-0.286443058773427
G4 m13_joint_composite,4,away,12476630,-1.0445073164307712
G4 m13_joint_composite,4,away,12476635,0.5059590401875083
G4 m13_joint_composite,4,away,12476636,-1.8921015664589957
G4 m13_joint_composite,4,away,12476793,-0.32463503113567205
G4 m13_joint_composite,4,away,12476795,-0.5493647169807075
G4 m13_joint_composite,4,away,12476796,1.5588669985480035
G4 m13_joint_composite,4,away,12476792,-0.7507896360536936
G4 m13_joint_composite,4,away,12476790,-1.5879476273272382
G4 m13_joint_composite,4,away,12476788,-1.376366465654302
G4 m13_joint_composite,4,away,12476786,1.0524673544037995
G4 m13_joint_composite,4,away,12476787,0.06227788644168834
G4 m13_joint_composite,4,away,12476791,0.9644903841245333
G4 m13_joint_composite,4,away,12476789,-0.859129765239913
G4 m13_joint_composite,4,away,12476629,0.3671675719843001
G4 m13_joint_composite,4,away,12476634,0.9311142302688973
G4 m13_joint_composite,4,away,12476623,-1.591408137728296
G4 m13_joint_composite,4,away,12476631,0.027681237932735053
G4 m13_joint_composite,4,away,12476624,-1.7470992083230747
G4 m13_joint_composite,4,away,12476627,1.2616623161367835
G4 m13_joint_composite,4,away,12476625,0.00481590958355585
G4 m13_joint_composite,4,away,12476621,-0.227675601214969
G4 m13_joint_composite,4,away,12476622,2.023642166698515
G4 m13_joint_composite,4,away,12476782,-1.1215809661620006
G4 m13_joint_composite,4,away,12476785,-0.5503107846580896
G4 m13_joint_composite,4,away,12476784,0.5439124299317876
G4 m13_joint_composite,4,away,12476781,-1.2009642028923566
G4 m13_joint_composite,4,away,12476779,0.08510458537253467
G4 m13_joint_composite,4,away,12476619,-0.1564388954535399
G4 m13_joint_composite,4,away,12476620,1.6512673308301404
G4 m13_joint_composite,4,away,12476618,-0.9625682088032894
G4 m13_joint_composite,4,away,12476626,-0.8307854867112189
G4 m13_joint_composite,4,away,12476617,-0.21601170693271413
G4 m13_joint_composite,4,away,12476780,0.9628868821108816
G4 m13_joint_composite,4,away,12476778,1.153127063303093
G4 m13_joint_composite,4,away,12476776,-0.8238816235100214
G4 m13_joint_composite,4,away,12476777,0.25175045595828055
G4 m13_joint_composite,4,away,12476783,-0.02145268690018248
G4 m13_joint_composite,4,away,12476772,0.016733803204494257
G4 m13_joint_composite,4,away,12476774,-0.9585017540550229
G4 m13_joint_composite,4,away,12476771,-0.3701762253921476
G4 m13_joint_composite,4,away,12476773,-0.6580808598709563
G4 m13_joint_composite,4,away,12476775,-1.7006631970196522
G4 m13_joint_composite,4,away,12476611,0.11882141343975319
G4 m13_joint_composite,4,away,12476616,-0.5864457597068917
G4 m13_joint_composite,4,away,12476614,0.1273182730637178
G4 m13_joint_composite,4,away,12476612,-0.4872964918615537
G4 m13_joint_composite,4,away,12476615,0.020565133436399027
G4 m13_joint_composite,4,away,12811090,0.042071356033479994
G4 m13_joint_composite,4,away,12476607,-0.9567869403994663
G4 m13_joint_composite,4,away,12476613,-0.9327091421579027
G4 m13_joint_composite,4,away,12476606,0.6155548127596923
G4 m13_joint_composite,4,away,12476603,0.13114437385809957
G4 m13_joint_composite,4,away,12476770,-0.7662373974340315
G4 m13_joint_composite,4,away,12476767,-0.9376648061857326
G4 m13_joint_composite,4,away,12476766,0.46184186862962434
G4 m13_joint_composite,4,away,12476769,-0.7155907193036319
G4 m13_joint_composite,4,away,12476768,1.7136447299675388
G4 m13_joint_composite,4,away,12476761,-0.5658059657857443
G4 m13_joint_composite,4,away,12476765,0.6855580514629326
G4 m13_joint_composite,4,away,12476764,2.4924948042973267
G4 m13_joint_composite,4,away,12476762,-0.5958745734517163
G4 m13_joint_composite,4,away,12476759,1.0253497424923572
G4 m13_joint_composite,4,away,12476604,1.1766205705604689
G4 m13_joint_composite,4,away,12476609,0.9533198485702196
G4 m13_joint_composite,4,away,12476610,1.2281876201871929
G4 m13_joint_composite,4,away,12476601,-0.1331597447769114
G4 m13_joint_composite,4,away,12476605,0.4544715536080614
G4 m13_joint_composite,4,away,12476600,-0.5791166269395919
G4 m13_joint_composite,4,away,12476598,-0.20833541007201886
G4 m13_joint_composite,4,away,12476599,0.113071506277971
G4 m13_joint_composite,4,away,12476597,0.37419266395219747
G4 m13_joint_composite,4,away,12476602,-0.2398818603780681
G4 m13_joint_composite,4,away,12476760,-0.9997216777844731
G4 m13_joint_composite,4,away,12476763,1.3914674765407355
G4 m13_joint_composite,4,away,12476758,-3.101016702132026
G4 m13_joint_composite,4,away,12476757,0.7268575511372657
G4 m13_joint_composite,4,away,12476756,-0.23065232904613128
G4 m13_joint_composite,4,away,12954858,-0.9719143931084749
G4 m13_joint_composite,4,away,12476594,-0.30453126844913697
G4 m13_joint_composite,4,away,12476592,1.8818906383453475
G4 m13_joint_composite,4,away,12476595,-1.6148082345846893
G4 m13_joint_composite,4,away,12476593,-1.5397448006704624
G4 m13_joint_composite,4,away,12476596,-0.7729777100165524
G4 m13_joint_composite,4,away,12476750,0.4204955530568663
G4 m13_joint_composite,4,away,12476753,0.31557209042587964
G4 m13_joint_composite,4,away,12476755,-0.30378154348278524
G4 m13_joint_composite,4,away,12476752,-1.1631585687668025
G4 m13_joint_composite,4,away,12476751,0.42918039721678725
G4 m13_joint_composite,4,away,12476749,1.068327698173789
G4 m13_joint_composite,4,away,12476748,-0.9102049925342872
G4 m13_joint_composite,4,away,12476739,0.5234284855443155
G4 m13_joint_composite,4,away,12476741,-0.5643147764737445
G4 m13_joint_composite,4,away,12476754,-1.3316723804222947
G4 m13_joint_composite,4,away,12476589,-0.8114168728458843
G4 m13_joint_composite,4,away,12476587,-0.25647443364856537
G4 m13_joint_composite,4,away,12476591,0.7209276591891033
G4 m13_joint_composite,4,away,12476590,-0.26330343909325576
G4 m13_joint_composite,4,away,12476588,-1.8285219418425258
G4 m13_joint_composite,4,away,12476746,0.26088230467349627
G4 m13_joint_composite,4,away,12476747,-1.3110384644484718
G4 m13_joint_composite,4,away,12476742,0.548859035298202
G4 m13_joint_composite,4,away,12476745,-0.23713195454189892
G4 m13_joint_composite,4,away,12476743,-0.28515437877674193
G4 m13_joint_composite,4,away,12476737,-0.2850366106717876
G4 m13_joint_composite,4,away,12476735,-0.6519065897567766
G4 m13_joint_composite,4,away,12476744,0.4004130716537947
G4 m13_joint_composite,4,away,12476738,-0.9200472217013997
G4 m13_joint_composite,4,away,12476740,0.9378885421358901
G4 m13_joint_composite,4,away,12476586,1.395966968621375
G4 m13_joint_composite,4,away,12476582,1.1029585776962274
G4 m13_joint_composite,4,away,12476579,1.4013428621605966
G4 m13_joint_composite,4,away,12476585,-0.446038637855559
G4 m13_joint_composite,4,away,12476583,-0.7988478521033352
G4 m13_joint_composite,4,away,12476584,1.5051710341263838
G4 m13_joint_composite,4,away,12476581,0.04200638289529981
G4 m13_joint_composite,4,away,12476580,0.3542703037283272
G4 m13_joint_composite,4,away,12476574,0.6346645681109366
G4 m13_joint_composite,4,away,12476578,-0.6096367677658743
G4 m13_joint_composite,4,away,12476731,0.38445262304446154
G4 m13_joint_composite,4,away,12476548,-0.28040325960593054
G4 m13_joint_composite,4,away,13179032,1.235046490010245
G4 m13_joint_composite,4,away,13171689,0.6668688426797384
G4 m13_joint_composite,4,away,12476727,1.1115070943411156
G4 m13_joint_composite,4,away,12476729,0.29991854781434485
G4 m13_joint_composite,4,away,12476724,-0.6335454923573561
G4 m13_joint_composite,4,away,12476730,0.147989083860954
G4 m13_joint_composite,4,away,12476728,0.9703543909394003
G4 m13_joint_composite,4,away,12476720,1.130216168273387
G4 m13_joint_composite,4,away,12476722,-1.4467217993646309
G4 m13_joint_composite,4,away,12476721,0.5450843553872915
G4 m13_joint_composite,4,away,12476725,2.424513305654197
G4 m13_joint_composite,4,away,12476723,-0.25123976776355567
G4 m13_joint_composite,4,away,13171688,-0.49690448748181343
G4 m13_joint_composite,4,away,12476562,1.4255067045611145
G4 m13_joint_composite,4,away,12476564,0.9571989918218509
G4 m13_joint_composite,4,away,12476565,0.39367815539614087
G4 m13_joint_composite,4,away,13175772,1.5409772583935233
G4 m13_joint_composite,4,away,12476563,-1.0941292343750397
G4 m13_joint_composite,4,away,12476556,-0.4955909397945756
G4 m13_joint_composite,4,away,12476558,1.1209007771870314
G4 m13_joint_composite,4,away,12476561,1.992554536047137
G4 m13_joint_composite,4,away,12476560,-0.3928910377995611
G4 m13_joint_composite,4,away,13179034,0.6916674215244994
G4 m13_joint_composite,4,away,12476726,0.26717878080885904
G4 m13_joint_composite,4,away,12476718,2.116413993946664
G4 m13_joint_composite,4,away,12476716,-0.5893655832313719
G4 m13_joint_composite,4,away,12476719,-1.441011777570638
G4 m13_joint_composite,4,away,12476717,0.3046053304971266
G4 m13_joint_composite,4,away,12476713,2.3918991145811397
G4 m13_joint_composite,4,away,12476715,0.9223766226931387
G4 m13_joint_composite,4,away,12476714,-1.4601209955778511
G4 m13_joint_composite,4,away,12476710,-0.2318753576539816
G4 m13_joint_composite,4,away,12476712,-1.2493099483113819
G4 m13_joint_composite,4,away,13175771,-0.35792999849402474
G4 m13_joint_composite,4,away,13159980,0.4687746256210715
G4 m13_joint_composite,4,away,12476551,-1.2510443640201505
G4 m13_joint_composite,4,away,12476555,-0.4671814809956747
G4 m13_joint_composite,4,away,12476557,-0.5219967525216092
G4 m13_joint_composite,4,away,12476554,-0.9917059436858491
G4 m13_joint_composite,4,away,12476550,-0.3878205151323431
G4 m13_joint_composite,4,away,12476549,-0.6422111726825981
G4 m13_joint_composite,4,away,12476547,-1.2849763293229286
G4 m13_joint_composite,4,away,12476552,-0.5665628020280062
G4 m13_joint_composite,4,away,12476553,0.4810413246071576
G4 m13_joint_composite,4,away,12476711,1.5144744666326793
G4 m13_joint_composite,4,away,12476708,-0.7421434754743096
G4 m13_joint_composite,4,away,12476707,-1.8288633348317342
G4 m13_joint_composite,4,away,12476709,-3.4157813391676357
G4 m13_joint_composite,4,away,12476706,-0.32695349667569373
G4 m13_joint_composite,4,away,12476705,-0.16162062028676286
G4 m13_joint_composite,4,away,12476701,-0.9520288240850199
G4 m13_joint_composite,4,away,12476539,-1.5774426367266183
G4 m13_joint_composite,4,away,12476545,-0.9686915997901399
G4 m13_joint_composite,4,away,12476546,-0.4395014497415837
G4 m13_joint_composite,4,away,13217663,1.5587800787015849
G4 m13_joint_composite,4,away,12476541,-0.8190617426361524
G4 m13_joint_composite,4,away,12476544,-0.24953546603549437
G4 m13_joint_composite,4,away,12476533,0.311947090216768
G4 m13_joint_composite,4,away,13324922,1.4410550057439375
G4 m13_joint_composite,4,away,13197505,0.5711543240306282
G4 m13_joint_composite,4,away,12476697,0.6932149242571848
G4 m13_joint_composite,4,away,12476698,2.518563296026965
G4 m13_joint_composite,4,away,12476700,0.5642014967854698
G4 m13_joint_composite,4,away,12476696,0.2847743216825091
G4 m13_joint_composite,4,away,13315347,-1.14212652294467
G4 m13_joint_composite,4,away,12476531,0.6739826236245263
G4 m13_joint_composite,4,away,12476529,0.7443850739333242
G4 m13_joint_composite,4,away,12476538,0.5063932091626858
G4 m13_joint_composite,4,away,13233442,0.5251453005275968
G4 m13_joint_composite,4,away,12476519,-2.044017561273182
G4 m13_joint_composite,4,away,12476525,-0.9571449817480387
G4 m13_joint_composite,4,away,12476523,0.1548572265699638
G4 m13_joint_composite,4,away,12476522,-0.8035932628285535
G4 m13_joint_composite,4,away,12476524,-0.24568441809574545
G4 m13_joint_composite,4,away,12476693,-0.494350207262154
G4 m13_joint_composite,4,away,12476695,-0.42215293105704166
G4 m13_joint_composite,4,away,12476691,1.2628533875442962
G4 m13_joint_composite,4,away,12476692,1.4223238251734591
G4 m13_joint_composite,4,away,12476699,-0.13289058276300342
G4 m13_joint_composite,4,away,12476689,-1.8648991098266705
G4 m13_joint_composite,4,away,12476685,0.94709881093755
G4 m13_joint_composite,4,away,12476686,-0.03638016751307871
G4 m13_joint_composite,4,away,12476690,-0.2827323260499215
G4 m13_joint_composite,4,away,13343736,-0.17626625826819484
G4 m13_joint_composite,4,away,12476521,1.35016801738301
G4 m13_joint_composite,4,away,12476514,0.7032798979060012
G4 m13_joint_composite,4,away,12476518,-0.8459474476012694
G4 m13_joint_composite,4,away,12476520,-0.17128187205718384
G4 m13_joint_composite,4,away,12476515,-1.262012218608376
G4 m13_joint_composite,4,away,13348881,1.4975532124612505
G4 m13_joint_composite,4,away,13255608,-1.1464266853588465
G4 m13_joint_composite,4,away,12476516,0.3216311369936817
G4 m13_joint_composite,4,away,12476512,-0.11975511383740342
G4 m13_joint_composite,4,away,12476511,-0.3412310951188096
G4 m13_joint_composite,4,away,12476517,-1.685077133118639
G4 m13_joint_composite,4,away,12476513,1.963931025688449
G4 m13_joint_composite,4,away,13391276,0.05026496567398975
G4 m13_joint_composite,4,away,12476688,-0.47222996948909046
G4 m13_joint_composite,4,away,12476684,1.4942625077560916
G4 m13_joint_composite,4,away,12476681,1.371185435583707
G4 m13_joint_composite,4,away,12476682,-1.1600229383290481
G4 m13_joint_composite,4,away,12476679,-0.12457870019641057
G4 m13_joint_composite,4,away,12476678,-0.0337902775229783
G4 m13_joint_composite,4,away,12476675,-1.1189429375238713
G4 m13_joint_composite,4,away,12476680,1.7394093158902006
G4 m13_joint_composite,4,away,12476677,1.6389423503870086
G4 m13_joint_composite,4,away,12476508,-0.23629538433022038
G4 m13_joint_composite,4,away,12476510,-1.1274881920102202
G4 m13_joint_composite,4,away,12476506,-0.31190478075700473
G4 m13_joint_composite,4,away,12476509,0.733598105044874
G4 m13_joint_composite,4,away,12476507,-0.8207831140644979
G4 m13_joint_composite,4,away,12476502,-0.8523535994481394
G4 m13_joint_composite,4,away,12476500,0.4638742053782028
G4 m13_joint_composite,4,away,12476501,-2.2520145690483573
G4 m13_joint_composite,4,away,12476505,0.4770598370977233
G4 m13_joint_composite,4,away,12476504,0.7413525583606982
G4 m13_joint_composite,4,away,13415294,-0.3172173265766904
G4 m13_joint_composite,4,away,12476674,-0.4358305045209798
G4 m13_joint_composite,4,away,12476671,-1.359982900495527
G4 m13_joint_composite,4,away,12476670,0.26289269001796006
G4 m13_joint_composite,4,away,12476672,1.0466137170125651
G4 m13_joint_composite,4,away,12476669,0.10365918487868332
G4 m13_joint_composite,4,away,13343733,0.9484234140747636
G4 m13_joint_composite,4,away,12476667,-0.42590016768052796
G4 m13_joint_composite,4,away,12476662,0.21408958018147536
G4 m13_joint_composite,4,away,12476673,0.20972087442942672
G4 m13_joint_composite,4,away,12476676,1.5401501163824312
G4 m13_joint_composite,4,away,12476668,-0.5643333417884487
G4 m13_joint_composite,4,away,12476526,-0.38522605675971683
G4 m13_joint_composite,4,away,12476497,-0.6522379005932353
G4 m13_joint_composite,4,away,12476499,0.21693944283879765
G4 m13_joint_composite,4,away,12476496,-1.0982195208469725
G4 m13_joint_composite,4,away,12476498,0.018163039060076148
G4 m13_joint_composite,4,away,12476495,-0.08375202633892684
G4 m13_joint_composite,4,away,13436762,0.7833081599828856
G4 m13_joint_composite,4,away,12476490,0.3700301394716293
G4 m13_joint_composite,4,away,12476492,0.23744555748508991
G4 m13_joint_composite,4,away,12476489,-0.8528932738376486
G4 m13_joint_composite,4,away,12476493,-1.1791569209549992
G4 m13_joint_composite,4,away,12476491,-0.37688464661316246
G4 m13_joint_composite,4,away,13399583,2.200032471428751
G4 m13_joint_composite,4,away,13480337,0.22356751128175192
G4 m13_joint_composite,4,away,12476665,-0.36854383370443305
G4 m13_joint_composite,4,away,12476661,0.8581897493930418
G4 m13_joint_composite,4,away,12476666,0.16171183402893524
G4 m13_joint_composite,4,away,12476663,-1.3526072819663324
G4 m13_joint_composite,4,away,12476660,1.0146866088608284
G4 m13_joint_composite,4,away,12640468,-0.1360799909484322
G4 m13_joint_composite,4,away,12476657,0.19160966151485
G4 m13_joint_composite,4,away,12476659,-1.1772378358356643
G4 m13_joint_composite,4,away,12476664,-1.4877931201773937
G4 m13_joint_composite,4,away,12476658,-0.08409286764576658
G4 m13_joint_composite,4,away,13343735,0.6353173621978299
G4 m13_joint_composite,4,away,12476485,-0.9509745521328284
G4 m13_joint_composite,4,away,12476487,1.2986263977894061
G4 m13_joint_composite,4,away,12476486,-1.0806104649107113
G4 m13_joint_composite,4,away,12476488,1.494128424701454
G4 m13_joint_composite,4,away,12476494,0.2296843940780963
G4 m13_joint_composite,4,away,12476483,0.28355627038221715
G4 m13_joint_composite,4,away,12476484,-0.0895316147177437
G4 m13_joint_composite,4,away,12476482,0.5599688054898025
G4 m13_joint_composite,4,away,12476478,0.5909165617822524
G4 m13_joint_composite,4,away,12476481,0.3298238855590314
G4 m13_joint_composite,4,away,12476656,1.2624288745688732
G4 m13_joint_composite,4,away,12476654,-2.072739852932512
G4 m13_joint_composite,4,away,12476652,-0.22101389404429078
G4 m13_joint_composite,4,away,12476651,1.361772723267616
G4 m13_joint_composite,4,away,12476655,0.10157517409629539
G4 m13_joint_composite,4,away,12476648,1.7011238414258851
G4 m13_joint_composite,4,away,12476649,-0.4344150296291215
G4 m13_joint_composite,4,away,12476653,0.4289673223120522
G4 m13_joint_composite,4,away,12476650,3.3893403319684605
G4 m13_joint_composite,4,away,12476646,2.184133885096169
G4 m13_joint_composite,4,away,12476477,-0.48878800425568913
G4 m13_joint_composite,4,away,12476474,0.8696108642304027
G4 m13_joint_composite,4,away,12476479,-0.15495160455024395
G4 m13_joint_composite,4,away,12476480,-0.8666897414545526
G4 m13_joint_composite,4,away,12476476,0.5071703478037953
G4 m13_joint_composite,4,away,12476469,-0.8750671129736631
G4 m13_joint_composite,4,away,12476475,-0.25729948859993335
G4 m13_joint_composite,4,away,12476471,0.9715390038826948
G4 m13_joint_composite,4,away,12476470,0.4202498423320847
G4 m13_joint_composite,4,away,12476473,-0.9310749370331898
G4 m13_joint_composite,4,away,12476645,1.0771370167493315
G4 m13_joint_composite,4,away,12476642,1.3415948327833533
G4 m13_joint_composite,4,away,12476647,-0.7914249222860968
G4 m13_joint_composite,4,away,12476643,-0.7729574700479177
G4 m13_joint_composite,4,away,12476644,0.16683068818691751
G4 m13_joint_composite,4,away,12476640,-0.4281125190482366
G4 m13_joint_composite,4,away,12476641,-0.380119815187697
G4 m13_joint_composite,4,away,12476637,0.23361452524311974
G4 m13_joint_composite,4,away,12476639,1.3632199904356934
G4 m13_joint_composite,4,away,12476638,0.4583547485372719
G4 m13_joint_composite,4,away,12476465,0.5144258642693127
G4 m13_joint_composite,4,away,12476472,0.2649322319603241
G4 m13_joint_composite,4,away,12476468,-0.8235334586902835
G4 m13_joint_composite,4,away,12476464,-0.3475700061758589
G4 m13_joint_composite,4,away,12476467,-0.797993171085461
G4 m13_joint_composite,4,away,12476463,-1.2536152430796446
G4 m13_joint_composite,4,away,12476466,-0.7858816940226845
G4 m13_joint_composite,4,away,12476461,-0.9546958211627231
G4 m13_joint_composite,4,away,12476460,0.6081374470398411
G4 m13_joint_composite,4,away,12476462,-0.786943908705853
G4 m13_joint_composite,4,away,12473328,-0.9619137897060993
G4 m13_joint_composite,4,away,12473336,0.6653018799889664
G4 m13_joint_composite,4,away,12473335,-0.8082557083130928
G4 m13_joint_composite,4,away,12473322,0.05021850311360932
G4 m13_joint_composite,4,away,12473327,-0.5560747650017132
G4 m13_joint_composite,4,away,12473331,1.6817124140597417
G4 m13_joint_composite,4,away,12473333,0.5603174040271589
G4 m13_joint_composite,4,away,12473334,-0.2911288121373482
G4 m13_joint_composite,4,away,12473337,-0.5430848733293607
G4 m13_joint_composite,4,away,12473330,0.12147632633122275
G4 m13_joint_composite,4,away,12476454,-2.0443293042954584
G4 m13_joint_composite,4,away,12476455,1.8580806176784748
G4 m13_joint_composite,4,away,12476458,-0.1884001305071539
G4 m13_joint_composite,4,away,12476459,-0.39745241703504675
G4 m13_joint_composite,4,away,12476457,-1.08273613371296
G4 m13_joint_composite,4,away,12476452,-0.6122039219389773
G4 m13_joint_composite,4,away,12476567,-0.2576800938619229
G4 m13_joint_composite,4,away,12476453,-0.4621396742687358
G4 m13_joint_composite,4,away,12476575,-1.757789401550951
G4 m13_joint_composite,4,away,12476570,-0.18923543636729084
G4 m13_joint_composite,4,away,14035482,0.9528166931844846
G4 m13_joint_composite,4,away,14035495,1.4829565782569756
G4 m13_joint_composite,4,away,14035487,0.16337074250369846
G4 m13_joint_composite,4,away,14035486,-1.6937065867840517
G4 m13_joint_composite,4,away,14343735,0.9850552746917702
G4 m13_joint_composite,4,away,14035506,-0.805163530681238
G4 m13_joint_composite,4,away,14035498,-0.9166993223519453
G4 m13_joint_composite,4,away,14035502,1.8902729907658022
G4 m13_joint_composite,4,away,14035497,-0.0345385754677481
G4 m13_joint_composite,4,away,14035501,0.6899575358191226
G4 m13_joint_composite,4,away,14035665,-0.7269352601196327
G4 m13_joint_composite,4,away,14035666,0.9738417825920999
G4 m13_joint_composite,4,away,14035662,0.4670895401041328
G4 m13_joint_composite,4,away,14035664,-0.7715118440673946
G4 m13_joint_composite,4,away,14035663,1.6588739110508575
G4 m13_joint_composite,4,away,14035669,-0.8084711329345223
G4 m13_joint_composite,4,away,14035667,-0.856732273447016
G4 m13_joint_composite,4,away,14035671,0.5999761806206515
G4 m13_joint_composite,4,away,14035670,0.451439464377338
G4 m13_joint_composite,4,away,14035668,0.3168760683579819
G4 m13_joint_composite,4,away,14035484,1.113974927611165
G4 m13_joint_composite,4,away,14035485,1.6703472872032492
G4 m13_joint_composite,4,away,14035488,1.0831173090851323
G4 m13_joint_composite,4,away,14035489,-1.1938394329226478
G4 m13_joint_composite,4,away,14035494,-0.09760118207398338
G4 m13_joint_composite,4,away,14035493,0.4063632358413646
G4 m13_joint_composite,4,away,14035496,0.28676481956619254
G4 m13_joint_composite,4,away,14035492,-1.6238753117335056
G4 m13_joint_composite,4,away,14035491,-0.9551296748478004
G4 m13_joint_composite,4,away,14035675,0.7908069617962846
G4 m13_joint_composite,4,away,14035672,-0.04599246673905809
G4 m13_joint_composite,4,away,14035674,1.3262366053145738
G4 m13_joint_composite,4,away,14035676,1.2428075225822037
G4 m13_joint_composite,4,away,14035673,-0.13294114043992214
G4 m13_joint_composite,4,away,14035678,2.259662646051225
G4 m13_joint_composite,4,away,14035683,-0.7978070486938992
G4 m13_joint_composite,4,away,14035681,1.3667522237065588
G4 m13_joint_composite,4,away,14035679,-0.2627021283789956
G4 m13_joint_composite,4,away,14035677,1.6979311938081094
G4 m13_joint_composite,4,away,14035503,0.5310067668580475
G4 m13_joint_composite,4,away,14035505,-0.349882826269079
G4 m13_joint_composite,4,away,14035500,-0.8207194349231702
G4 m13_joint_composite,4,away,14035504,-0.0815451984487364
G4 m13_joint_composite,4,away,14035499,-1.9151710593063154
G4 m13_joint_composite,4,away,14035680,0.8886769353259769
G4 m13_joint_composite,4,away,14035682,-2.1032969520785905
G4 m13_joint_composite,4,away,14035686,-1.241544988570908
G4 m13_joint_composite,4,away,14035684,-0.5879391420952799
G4 m13_joint_composite,4,away,14035685,-0.8019731300823839
G4 m13_joint_composite,4,away,14035511,1.0278239298524572
G4 m13_joint_composite,4,away,14035510,-0.5051866042067035
G4 m13_joint_composite,4,away,14035509,-0.27406160262206103
G4 m13_joint_composite,4,away,14035508,0.14089995720012258
G4 m13_joint_composite,4,away,14035507,0.18934061893350473
G4 m13_joint_composite,4,away,14035514,0.7793533466615438
G4 m13_joint_composite,4,away,14035515,1.4711230709509668
G4 m13_joint_composite,4,away,14035512,-0.5468676191412075
G4 m13_joint_composite,4,away,14035513,0.023790125250037583
G4 m13_joint_composite,4,away,14035516,0.2545231756462164
G4 m13_joint_composite,4,away,14035687,0.7884265652411282
G4 m13_joint_composite,4,away,14035695,1.4475180148391165
G4 m13_joint_composite,4,away,14035689,2.969931986230784
G4 m13_joint_composite,4,away,14035692,-0.7676821301854072
G4 m13_joint_composite,4,away,14035688,0.8273304755544221
G4 m13_joint_composite,4,away,14035694,0.20539204193067206
G4 m13_joint_composite,4,away,14035690,-1.4252063180367525
G4 m13_joint_composite,4,away,14035693,1.4416519932215437
G4 m13_joint_composite,4,away,14035691,0.1475803703127286
G4 m13_joint_composite,4,away,14035697,-0.38580584300919735
G4 m13_joint_composite,4,away,14035517,1.0629058420766289
G4 m13_joint_composite,4,away,14035518,-0.6986861524019863
G4 m13_joint_composite,4,away,14035519,0.293132470846789
G4 m13_joint_composite,4,away,14035521,-0.2814033742967341
G4 m13_joint_composite,4,away,14035520,0.13930768359253726
G4 m13_joint_composite,4,away,14035524,-0.7643870832070868
G4 m13_joint_composite,4,away,14035522,-0.014018504954671874
G4 m13_joint_composite,4,away,14035526,0.3142260732346584
G4 m13_joint_composite,4,away,14035525,-0.4095759149708251
G4 m13_joint_composite,4,away,14035523,-0.8530774342665117
G4 m13_joint_composite,4,away,14035700,1.6389687390828231
G4 m13_joint_composite,4,away,14035703,-0.6691139674985186
G4 m13_joint_composite,4,away,14035698,0.3202358751482972
G4 m13_joint_composite,4,away,14035696,-0.6367516520305259
G4 m13_joint_composite,4,away,14035699,1.670908419506473
G4 m13_joint_composite,4,away,14035706,0.020911263526348225
G4 m13_joint_composite,4,away,14035704,0.8588572721997261
G4 m13_joint_composite,4,away,14035702,0.4192261042731907
G4 m13_joint_composite,4,away,14035701,0.4556627140136917
G4 m13_joint_composite,4,away,14035705,-0.20278826411450268
G4 m13_joint_composite,4,away,14501655,0.23488621203823
G4 m13_joint_composite,4,away,14035529,0.9738598605987018
G4 m13_joint_composite,4,away,14035528,0.0766944825491832
G4 m13_joint_composite,4,away,14035531,-1.538707803242719
G4 m13_joint_composite,4,away,14035527,-0.2778511336049355
G4 m13_joint_composite,4,away,14035530,1.4203901474382072
G4 m13_joint_composite,4,away,14035709,-0.8909486114130303
G4 m13_joint_composite,4,away,14035708,0.3535303738150711
G4 m13_joint_composite,4,away,14035710,1.8673285664154848
G4 m13_joint_composite,4,away,14035707,-0.1602085679702431
G4 m13_joint_composite,4,away,14035711,-0.5606579655460094
G4 m13_joint_composite,4,away,14035532,0.8386885253791202
G4 m13_joint_composite,4,away,14035534,1.2413144018126205
G4 m13_joint_composite,4,away,14035533,1.1198812524800834
G4 m13_joint_composite,4,away,14035535,-0.4522262725658099
G4 m13_joint_composite,4,away,14297746,-1.74179770507546
G4 m13_joint_composite,4,away,14035538,0.6631445624845785
G4 m13_joint_composite,4,away,14035539,-0.2222564724502418
G4 m13_joint_composite,4,away,14035536,-0.5419729550279109
G4 m13_joint_composite,4,away,14035540,-0.6824705439877632
G4 m13_joint_composite,4,away,14035542,0.06562115955240257
G4 m13_joint_composite,4,away,14035713,-0.35724896362127356
G4 m13_joint_composite,4,away,14035714,-0.4443564253929459
G4 m13_joint_composite,4,away,14035716,-0.3728938670353904
G4 m13_joint_composite,4,away,14035715,-0.45030628677856854
G4 m13_joint_composite,4,away,14035712,-1.384780060644652
G4 m13_joint_composite,4,away,14035546,-1.1058256919629754
G4 m13_joint_composite,4,away,14035541,-0.8212842854634912
G4 m13_joint_composite,4,away,14035544,1.112410184938165
G4 m13_joint_composite,4,away,14035545,-1.2276744955138557
G4 m13_joint_composite,4,away,14035543,1.9402581538791366
G4 m13_joint_composite,4,away,14035548,-0.11781853834123944
G4 m13_joint_composite,4,away,14035555,0.07011259679918103
G4 m13_joint_composite,4,away,14035549,0.5797168954557517
G4 m13_joint_composite,4,away,14035554,-0.9086247795522907
G4 m13_joint_composite,4,away,14035717,1.6404816714178168
G4 m13_joint_composite,4,away,14035718,0.1298277061374952
G4 m13_joint_composite,4,away,14035719,-0.39241920803082975
G4 m13_joint_composite,4,away,14035735,-1.0243654081222628
G4 m13_joint_composite,4,away,14035720,-2.2301855334156895
G4 m13_joint_composite,4,away,14035722,-0.7955576742576932
G4 m13_joint_composite,4,away,14035721,-0.4390602344380674
G4 m13_joint_composite,4,away,14035725,0.15157651422008475
G4 m13_joint_composite,4,away,14035724,1.14100842147501
G4 m13_joint_composite,4,away,14035723,1.7562932515731284
G4 m13_joint_composite,4,away,14035551,0.33012643697902383
G4 m13_joint_composite,4,away,14035559,-0.5519690588744312
G4 m13_joint_composite,4,away,14035550,-0.9464960751945488
G4 m13_joint_composite,4,away,14035556,2.231285849731785
G4 m13_joint_composite,4,away,14035552,-0.5595727247501693
G4 m13_joint_composite,4,away,15017622,-0.4000242533581062
G4 m13_joint_composite,4,away,14035727,1.990622481878962
G4 m13_joint_composite,4,away,14035729,0.16546188730754818
G4 m13_joint_composite,4,away,14035726,-0.8219163405101216
G4 m13_joint_composite,4,away,14035730,2.0262463273581592
G4 m13_joint_composite,4,away,14035728,0.16047177912602772
G4 m13_joint_composite,4,away,14035553,0.21621402966103354
G4 m13_joint_composite,4,away,14035562,-1.2676597094121045
G4 m13_joint_composite,4,away,14035558,1.1228496421552376
G4 m13_joint_composite,4,away,14035560,-0.7714340568567977
G4 m13_joint_composite,4,away,14035563,-0.290913687542986
G4 m13_joint_composite,4,away,14035564,-1.054805873237127
G4 m13_joint_composite,4,away,14035561,0.9673318758213938
G4 m13_joint_composite,4,away,14035565,-1.6046108807978887
G4 m13_joint_composite,4,away,14035566,0.9209808548621282
G4 m13_joint_composite,4,away,14035731,-0.030708360456083713
G4 m13_joint_composite,4,away,14035732,1.1408928128391471
G4 m13_joint_composite,4,away,14035736,0.37522350758697226
G4 m13_joint_composite,4,away,14035733,-0.4675413030099075
G4 m13_joint_composite,4,away,14035734,1.3356313073725072
G4 m13_joint_composite,4,away,14035739,-1.1552571549735313
G4 m13_joint_composite,4,away,14035740,1.6351322280655447
G4 m13_joint_composite,4,away,14035737,0.1640082943600805
G4 m13_joint_composite,4,away,14035738,-0.46235644898436773
G4 m13_joint_composite,4,away,14035741,1.0437192303477143
G4 m13_joint_composite,4,away,14035568,-0.7427857321827114
G4 m13_joint_composite,4,away,14035569,2.2322640406748535
G4 m13_joint_composite,4,away,14035572,-2.3463099009604083
G4 m13_joint_composite,4,away,14035570,-1.3677446683998191
G4 m13_joint_composite,4,away,14035567,0.27627267125597527
G4 m13_joint_composite,4,away,14035574,-0.40280079430272137
G4 m13_joint_composite,4,away,14035575,-0.053704931763362135
G4 m13_joint_composite,4,away,14035571,-0.689965292386223
G4 m13_joint_composite,4,away,14035576,-0.29320847388434745
G4 m13_joint_composite,4,away,14035573,1.992026793007389
G4 m13_joint_composite,4,away,14035742,1.4421765943206253
G4 m13_joint_composite,4,away,14035745,0.3100764236710384
G4 m13_joint_composite,4,away,14035747,-1.1958864385575056
G4 m13_joint_composite,4,away,14035744,1.1663637688405883
G4 m13_joint_composite,4,away,14035743,0.8484678257950145
G4 m13_joint_composite,4,away,14035750,1.3781108327764366
G4 m13_joint_composite,4,away,14035751,0.27741318208295784
G4 m13_joint_composite,4,away,14035749,-0.08919493668648458
G4 m13_joint_composite,4,away,14035748,0.9173878340623497
G4 m13_joint_composite,4,away,14035746,0.3988390207628124
G4 m13_joint_composite,4,away,14035582,-0.6040259440666645
G4 m13_joint_composite,4,away,14035580,-0.4635748948818711
G4 m13_joint_composite,4,away,14035586,-1.1175343332391758
G4 m13_joint_composite,4,away,14035585,-0.60627346713757
G4 m13_joint_composite,4,away,14035583,0.39480697532533304
G4 m13_joint_composite,4,away,14035755,-0.8174745302627153
G4 m13_joint_composite,4,away,14035756,0.006901906123093761
G4 m13_joint_composite,4,away,14035752,0.08438911663778448
G4 m13_joint_composite,4,away,14035760,1.9966965645940655
G4 m13_joint_composite,4,away,14035761,1.0083954623807216
G4 m13_joint_composite,4,away,15363335,1.4754140436486332
G4 m13_joint_composite,4,away,15305942,0.7595476268620193
G4 m13_joint_composite,4,away,15374710,-0.1905107918022083
G4 m13_joint_composite,4,away,14035591,-1.6332623446201184
G4 m13_joint_composite,4,away,14035588,0.4570255374225351
G4 m13_joint_composite,4,away,14035587,2.6087344111125663
G4 m13_joint_composite,4,away,14035590,0.1585644090250983
G4 m13_joint_composite,4,away,14035767,0.09682976026862643
G4 m13_joint_composite,4,away,14035771,0.8610315219099476
G4 m13_joint_composite,4,away,14035768,0.7781748091827959
G4 m13_joint_composite,4,away,14035766,-0.531187939401047
G4 m13_joint_composite,4,away,14035769,0.9694064673328895
G4 m13_joint_composite,4,away,14035770,0.12712238427062306
G4 m13_joint_composite,4,away,14035592,0.472715722835582
G4 m13_joint_composite,4,away,14035594,0.8964740027365751
G4 m13_joint_composite,4,away,14035595,-1.7371988563434722
G4 m13_joint_composite,4,away,14035593,1.3244509861253038
G4 m13_joint_composite,4,away,14035597,0.7623733935384747
G4 m13_joint_composite,4,away,14035598,-1.0314894195020796
G4 m13_joint_composite,4,away,14035596,0.20760463545390534
G4 m13_joint_composite,4,away,15399014,2.874143322476269
G4 m13_joint_composite,4,away,14035774,0.5990972850051429
G4 m13_joint_composite,4,away,14035773,1.316648989875886
G4 m13_joint_composite,4,away,14035772,-0.10588781340410161
G4 m13_joint_composite,4,away,14035775,-0.32372832603865026
G4 m13_joint_composite,4,away,14035776,-0.01898513224633748
G4 m13_joint_composite,4,away,14035782,0.1624296050148978
G4 m13_joint_composite,4,away,14035777,-0.761889220913535
G4 m13_joint_composite,4,away,14035781,-1.9165483653421824
G4 m13_joint_composite,4,away,15456958,-0.6000799083246032
G4 m13_joint_composite,4,away,14035602,-0.4205989855854848
G4 m13_joint_composite,4,away,14035606,0.869516432365598
G4 m13_joint_composite,4,away,14035603,0.09348188026834575
G4 m13_joint_composite,4,away,14035604,1.1045002932520835
G4 m13_joint_composite,4,away,14035605,-0.24075975696597032
G4 m13_joint_composite,4,away,15332289,0.14450756110119825
G4 m13_joint_composite,4,away,15368752,-2.0714135375039207
G4 m13_joint_composite,4,away,14035607,-0.1501782715226475
G4 m13_joint_composite,4,away,14035608,0.4805164152875977
G4 m13_joint_composite,4,away,14035610,0.7946204401490211
G4 m13_joint_composite,4,away,14035609,-1.433992443312639
G4 m13_joint_composite,4,away,14035611,-0.09145612939626947
G4 m13_joint_composite,4,away,15336943,-0.905397524928886
G4 m13_joint_composite,4,away,15416466,0.09108479598236105
G4 m13_joint_composite,4,away,14035787,-0.6630936432663587
G4 m13_joint_composite,4,away,14035778,1.6185600915566012
G4 m13_joint_composite,4,away,15366428,3.031904801093055
G4 m13_joint_composite,4,away,15547533,1.140703140244824
G4 m13_joint_composite,4,away,14035786,-0.521943936012786
G4 m13_joint_composite,4,away,14035788,-1.929252893720304
G4 m13_joint_composite,4,away,14035789,-1.609471955970511
G4 m13_joint_composite,4,away,14035790,0.03238211057024068
G4 m13_joint_composite,4,away,14035792,-0.022694965808421744
G4 m13_joint_composite,4,away,14035614,-1.169497637707046
G4 m13_joint_composite,4,away,14035616,-2.1613528792220897
G4 m13_joint_composite,4,away,14035613,-0.16175160583536327
G4 m13_joint_composite,4,away,14035612,0.42204029252356823
G4 m13_joint_composite,4,away,14035615,0.8876943042858909
G4 m13_joint_composite,4,away,15490658,-0.252078449097975
G4 m13_joint_composite,4,away,15490775,0.08150744175838036
G4 m13_joint_composite,4,away,14035620,-0.19283899464217918
G4 m13_joint_composite,4,away,14035618,-0.3195482582150655
G4 m13_joint_composite,4,away,14035619,0.9700996909989766
G4 m13_joint_composite,4,away,14035617,0.11883690246255596
G4 m13_joint_composite,4,away,14035621,-0.43814559672269476
G4 m13_joint_composite,4,away,15399013,-1.6992855256739015
G4 m13_joint_composite,4,away,15416481,-1.0644974390806399
G4 m13_joint_composite,4,away,15395623,-2.000661195649019
G4 m13_joint_composite,4,away,14035796,-0.5418285665302511
G4 m13_joint_composite,4,away,14035794,-0.49017102698763476
G4 m13_joint_composite,4,away,14035791,1.3106663455914105
G4 m13_joint_composite,4,away,14035793,-1.0853272773996225
G4 m13_joint_composite,4,away,14035795,0.686170770675177
G4 m13_joint_composite,4,away,15458714,-2.17438793328041
G4 m13_joint_composite,4,away,14035801,-0.5286380923299161
G4 m13_joint_composite,4,away,14035798,-1.6298619837972406
G4 m13_joint_composite,4,away,14035799,-0.8043180336762652
G4 m13_joint_composite,4,away,14035800,-0.6612562204205528
G4 m13_joint_composite,4,away,14035797,1.1734299023406038
G4 m13_joint_composite,4,away,15530801,-0.11717396540242146
G4 m13_joint_composite,4,away,14035622,1.6955654732541623
G4 m13_joint_composite,4,away,14035624,0.11057506574610604
G4 m13_joint_composite,4,away,14035626,0.0018792413041399728
G4 m13_joint_composite,4,away,14035627,0.12127272130845376
G4 m13_joint_composite,4,away,14035623,1.7238985918335803
G4 m13_joint_composite,4,away,15457468,0.418358458508174
G4 m13_joint_composite,4,away,14035625,0.9719566752050214
G4 m13_joint_composite,4,away,14035628,-0.39621466891371954
G4 m13_joint_composite,4,away,14035631,-0.9326642934628079
G4 m13_joint_composite,4,away,14035629,0.43288964311956873
G4 m13_joint_composite,4,away,14035632,0.07082271084710111
G4 m13_joint_composite,4,away,15422405,-0.10265623547264521
G4 m13_joint_composite,4,away,15588942,-2.820652928076584
G4 m13_joint_composite,4,away,14035804,-1.3358426385434234
G4 m13_joint_composite,4,away,14035803,0.30132281956392143
G4 m13_joint_composite,4,away,14035805,-0.5337412828723702
G4 m13_joint_composite,4,away,14035806,0.10285753092302165
G4 m13_joint_composite,4,away,14035802,1.2123172603198078
G4 m13_joint_composite,4,away,15588903,-0.8983279269185556
G4 m13_joint_composite,4,away,14035808,-0.6189832503071139
G4 m13_joint_composite,4,away,14035811,0.527803699062489
G4 m13_joint_composite,4,away,14035810,-0.33065097757693884
G4 m13_joint_composite,4,away,14035809,1.2456346717074087
G4 m13_joint_composite,4,away,14035807,-0.33890656117852097
G4 m13_joint_composite,4,away,14035637,-0.10947640572622806
G4 m13_joint_composite,4,away,14035633,0.5991899121981573
G4 m13_joint_composite,4,away,14035635,0.31465072930213467
G4 m13_joint_composite,4,away,14035630,0.702468564162837
G4 m13_joint_composite,4,away,14035638,-1.3738625293906788
G4 m13_joint_composite,4,away,14035636,0.35222797203329026
G4 m13_joint_composite,4,away,14035634,-0.292591910077152
G4 m13_joint_composite,4,away,14035645,-2.1490613299353396
G4 m13_joint_composite,4,away,15588896,-1.5776369089098448
G4 m13_joint_composite,4,away,15588927,-0.13883040537673927
G4 m13_joint_composite,4,away,14035814,0.9232943811922725
G4 m13_joint_composite,4,away,14035816,0.011053627262222008
G4 m13_joint_composite,4,away,14035815,-1.1901566926370812
G4 m13_joint_composite,4,away,14035813,-1.3741719578651133
G4 m13_joint_composite,4,away,14035812,-1.510153376990921
G4 m13_joint_composite,4,away,14035819,1.2149093467137373
G4 m13_joint_composite,4,away,14035818,0.1796699687108497
G4 m13_joint_composite,4,away,14035827,0.08062388669514085
G4 m13_joint_composite,4,away,14035820,-0.4698475608899794
G4 m13_joint_composite,4,away,14035817,-0.20199498942789118
G4 m13_joint_composite,4,away,15881894,1.2696425464844259
G4 m13_joint_composite,4,away,14035640,-1.8074248715015333
G4 m13_joint_composite,4,away,14035642,0.029981208590731296
G4 m13_joint_composite,4,away,14035643,0.011224373654682837
G4 m13_joint_composite,4,away,14035641,0.38517056720959886
G4 m13_joint_composite,4,away,14035644,-0.7228588354271366
G4 m13_joint_composite,4,away,15680573,1.00342124275381
G4 m13_joint_composite,4,away,14035650,0.5362786980626666
G4 m13_joint_composite,4,away,14035647,-1.8145034681878047
G4 m13_joint_composite,4,away,14035646,-1.1249539372370507
G4 m13_joint_composite,4,away,14035648,-1.056569876311094
G4 m13_joint_composite,4,away,14035651,-0.48303104808945485
G4 m13_joint_composite,4,away,14035821,0.025364886544813878
G4 m13_joint_composite,4,away,14035823,-1.195435536399487
G4 m13_joint_composite,4,away,14035822,0.7549894328559271
G4 m13_joint_composite,4,away,14035826,0.3662112276056547
G4 m13_joint_composite,4,away,14035824,1.6560635071844698
G4 m13_joint_composite,4,away,14032717,0.5033341679296379
G4 m13_joint_composite,4,away,14032707,-0.7611051325020985
G4 m13_joint_composite,4,away,14032715,-1.7265954037786033
G4 m13_joint_composite,4,away,14032721,0.279759100141422
G4 m13_joint_composite,4,away,14032718,-0.5462495261719756
G4 m13_joint_composite,4,away,14035653,0.6896663027733712
G4 m13_joint_composite,4,away,14035652,-0.0471681599048416
G4 m13_joint_composite,4,away,14035654,0.8658954143151245
G4 m13_joint_composite,4,away,14035655,-0.23968357260965267
G4 m13_joint_composite,4,away,14035656,-0.8817450948806672
G4 m13_joint_composite,4,away,14032710,0.2377517934913303
G4 m13_joint_composite,4,away,14032708,-0.767341699512394
G4 m13_joint_composite,4,away,14032714,-0.4492389944923763
G4 m13_joint_composite,4,away,14032719,-0.7002207633748864
G4 m13_joint_composite,4,away,14032720,-0.34605278744407325
