model,container,basket,setting,t1,ratio,lambda,cap,deployable,n_directions,n_slates,n_bets,return_pct,cagr_pct,flat_roi_pct,sharpe_ann,sortino,mdd_pct,calmar,ulcer,turnover,mean_exposure,max_exposure,worst_slate,mean_k_risk,frac_k_pinned,n_capped,is_return_pct,is_sharpe,is_mdd_pct,is_calmar,is_slates,oos_return_pct,oos_cagr_pct,oos_sharpe,oos_mdd_pct,oos_calmar,oos_slates,oos_k_pinned,g3_sharpe,g3_calmar,g3_mdd,gate3
m12,raw,B0_canonical,prod,0.35,1.4,23.0,0.25,true,4,99,1127,151.52046006000467,70.70142644869935,15.042082507640986,1.5922465968934099,0.2510864226743368,-16.148567670505155,9.382903991959111,6.5888784132689135,6.809332053077652,0.0687811318492692,0.1725420274072068,-0.09205231360474161,0.9019706037337236,0.20202020202020202,0,90.87421818131148,2.692397399659749,-13.33377338350244,10.310172826481447,49,31.77288292601428,46.061440150703234,0.9414799212691509,-16.148567670505123,2.852354530168832,50,0.2,false,false,true,false
m12,raw,B0_canonical,matched,0.4,1.0,20.0,0.25,true,4,99,1127,169.35117851502497,77.61616697171814,14.340439451286342,1.4640520751832782,0.22415544626192735,-19.347393068907135,8.753178162653157,7.926265128082296,7.873807354393776,0.07953340762013913,0.20540644581029982,-0.11286406573928022,0.7733617964573227,0.010101010101010102,0,104.114171110131,2.54976214139585,-15.295828703105746,10.445098699419537,49,31.961037810400317,46.34789043324148,0.8087830971021338,-19.3473930689071,2.395562558127093,50,0.0,false,false,false,false
m12,raw,B0_canonical,tuned,0.4,1.0,18.0,0.25,true,4,99,1127,193.66124830175622,86.74099111788851,14.31012515653978,1.4418658862948577,0.21942044313942144,-21.289373858374997,9.096615503587113,8.760182408737423,8.705643625123622,0.08793579419316792,0.22715833720701561,-0.12482918555181545,0.8537276710491934,0.030303030303030304,0,118.72041949619594,2.535039449495835,-16.827805055785525,10.98970039991049,49,34.263297856770805,49.86519410322248,0.7781318883127449,-21.289373858375022,2.3422574301595076,50,0.02,false,false,false,false
m12,raw,B1_draw_promoted,prod,0.35,1.4,23.0,0.25,true,4,99,1127,154.53272904280885,71.88370326176286,14.658121287097352,1.5792766607490696,0.24166132087479644,-15.161146739344916,10.192680784612334,6.385855802034546,7.0976036929021555,0.07169296659497125,0.18097096039646138,-0.09957692680623663,0.8901846249046144,0.16161616161616163,0,90.06980876865917,2.628972895455362,-13.92727340741006,9.774740745033563,49,33.91539176672178,49.33222261286334,0.9725891077636083,-14.867335511149841,3.3181616555210156,50,0.16,false,false,true,false
m12,raw,B1_draw_promoted,matched,0.4,1.0,20.0,0.25,true,4,99,1127,169.35117851502497,77.61616697171814,14.340439451286342,1.4640520751832782,0.22415544626192735,-19.347393068907135,8.753178162653157,7.926265128082296,7.873807354393776,0.07953340762013913,0.20540644581029982,-0.11286406573928022,0.7733617964573227,0.010101010101010102,0,104.114171110131,2.54976214139585,-15.295828703105746,10.445098699419537,49,31.961037810400317,46.34789043324148,0.8087830971021338,-19.3473930689071,2.395562558127093,50,0.0,false,false,false,false
m12,raw,B1_draw_promoted,tuned,0.4,1.0,18.0,0.25,true,4,99,1127,193.66124830175622,86.74099111788851,14.31012515653978,1.4418658862948577,0.21942044313942144,-21.289373858374997,9.096615503587113,8.760182408737423,8.705643625123622,0.08793579419316792,0.22715833720701561,-0.12482918555181545,0.8537276710491934,0.030303030303030304,0,118.72041949619594,2.535039449495835,-16.827805055785525,10.98970039991049,49,34.263297856770805,49.86519410322248,0.7781318883127449,-21.289373858375022,2.3422574301595076,50,0.02,false,false,false,false
m12,raw,B2_plus_over15,prod,0.35,1.4,23.0,0.25,true,5,99,1172,157.19312535238709,72.9229937246664,14.94906187888076,1.6382801081805825,0.2590785055575127,-15.60643012820108,10.07233070350512,6.418173024763152,6.9963624501615005,0.07067032777940911,0.1725420274072068,-0.09205231360474161,0.9033790628010632,0.20202020202020202,0,94.14344227651235,2.7579738175825548,-13.274460256560948,10.767365559397811,49,32.475824234163575,47.132388930452066,0.9686535239466385,-15.606430128201051,3.0200621502340335,50,0.2,false,false,true,false
m12,raw,B2_plus_over15,matched,0.4,1.0,20.0,0.25,true,5,99,1172,176.82801979048403,80.45816572605614,14.21706974854543,1.5140552316474363,0.2322435685477804,-18.49988243002019,9.558332084507796,7.637065452885231,8.124898589174041,0.08206968271892971,0.20540644581029982,-0.11286406573928022,0.7746644040488955,0.010101010101010102,0,108.6684043609368,2.6251929155836105,-15.295828703105757,10.953967564402188,49,32.66408042860698,47.41956259312645,0.8341666583366121,-18.499882430020186,2.56323588933612,50,0.0,false,false,false,false
m12,raw,B2_plus_over15,tuned,0.4,1.0,18.0,0.25,true,5,99,1172,202.7451507341972,90.06853670672727,14.187949100097587,1.4920319314902484,0.22747707811357393,-20.32498128266903,9.97517035388744,8.433342800109928,8.983327066303529,0.0907406774374094,0.22715833720701561,-0.12482918555181545,0.8551643823048102,0.030303030303030304,0,124.11282444551826,2.6105285647720833,-16.82780505578552,11.550529976552312,49,35.086044934387274,51.127643506585805,0.8037715495647788,-20.324981282669054,2.515507532111822,50,0.02,false,false,false,false
m12,raw,B3_plus_over25,prod,0.35,1.4,23.0,0.25,true,5,99,1198,161.57734209283353,74.62589399248334,15.184011978031442,1.6295909232864974,0.25047709041613314,-17.48286324241759,9.242041183552155,6.951863492587013,7.030473544127787,0.07101488428411908,0.17271025031501985,-0.09205231360474161,0.9035134832486558,0.20202020202020202,0,99.38646926446717,2.806593091641746,-14.081328176318163,10.77655869786618,49,31.191119968063695,45.17671983003766,0.9139626281385833,-17.482863242417594,2.584057268172651,50,0.2,false,false,true,false
m12,raw,B3_plus_over25,matched,0.4,1.0,20.0,0.25,true,5,99,1198,183.92650220784765,83.12664314730603,14.54444875263507,1.5080781821120264,0.22982826510129378,-22.160000089401297,8.299932376616558,8.814978432435536,8.170847297663714,0.08253381108751225,0.20565054492126833,-0.11286406573928022,0.7703447372782216,0.0,0,115.92026842196165,2.6669438941708297,-16.465166155293705,10.935975363448053,49,31.495993536366385,45.64017641367839,0.7866399961374686,-22.160000089401294,2.0595747396006203,50,0.0,false,false,false,false
m12,raw,B3_plus_over25,tuned,0.4,1.0,18.0,0.25,true,5,99,1198,211.00738589719975,93.05883508225546,14.513737296445141,1.485266161620106,0.22496710367588868,-24.3262552463088,8.67405951967134,9.72729606448477,9.034087664888217,0.09125341075644665,0.2274283131331013,-0.12482918555181545,0.8515451169350345,0.010101010101010102,0,132.6315898412926,2.6508529406382753,-18.110077227485625,11.564596634113151,49,33.69095147799017,48.98866737124532,0.7555249287852699,-24.32625524630881,2.013818685828297,50,0.02,false,false,false,false
m12,raw,B4_minus_away,prod,0.35,1.4,23.0,0.25,false,3,99,786,83.42402360925207,42.14836788248866,17.36970313061537,1.6060031892055069,0.2863261091113755,-17.88388647711856,4.664759179498734,6.6602405062630945,3.741579384305247,0.03779373115459847,0.11544537026984303,-0.07468878243290832,0.6966508894071102,0.04040404040404041,0,37.49196519603502,1.871980662343695,-17.88388647711856,2.9696994346809555,49,33.40708553240002,48.55445623294508,1.5947992400790276,-6.8307914029800685,7.108174348840785,50,0.04,false,false,true,false
m12,raw,B4_minus_away,matched,0.4,1.0,20.0,0.25,false,3,99,786,91.79599125859221,45.87456774910943,16.220535235691624,1.5234501032799015,0.25516853298132514,-20.373919289578073,4.505563703962883,7.471155707010742,4.355337993561721,0.04399331306628002,0.1389569775042978,-0.08919759293154016,0.6495277205810553,0.030303030303030304,0,39.80872685288808,1.705167759717174,-20.37391928957807,2.7766513134243898,49,37.18456320713577,54.36065724246954,1.5745034386315795,-7.493605924456573,7.254272214269355,50,0.04,false,false,true,false
m12,raw,B4_minus_away,tuned,0.4,1.0,18.0,0.25,false,3,99,786,103.6696816052335,51.0440941976251,16.1860732068895,1.507139625437851,0.2513197253999611,-22.345919867538893,4.639311436707992,8.319716167211759,4.810446806374977,0.04859037178156542,0.15366165997530698,-0.09864419825709608,0.7150350838554921,0.030303030303030304,0,44.40088940366837,1.691860730520574,-22.34591986753889,2.8412221306138874,49,41.04461713935918,60.35572311589477,1.5526312277027738,-8.265286073074854,7.302315078060113,50,0.04,false,false,true,false
m12,raw,B5_is_keep,prod,0.35,1.4,23.0,0.25,true,3,99,680,81.2743463948695,41.18012859174065,15.125622957245293,1.168036793098118,0.1942613159213479,-25.79037101922,3.1513445981176718,9.915214573918732,4.442723117368401,0.044875991084529304,0.09093002797789705,-0.0756288827532805,0.8105523678795221,0.04040404040404041,0,93.62375354734182,2.9734104797869056,-11.859871952854634,11.97831957020128,49,-6.378043461208305,-8.652186504123382,-0.27251814740724034,-25.79037101922002,-0.33548127313389264,50,0.04,false,false,false,false
m12,raw,B5_is_keep,matched,0.4,1.0,20.0,0.25,true,3,99,680,91.53119339432108,45.75777113298827,14.899652573419731,1.1088967428186107,0.18569151381239302,-29.391340412770745,3.114223172841417,11.308177204708736,5.046975787342222,0.05097955340749719,0.10603133695630643,-0.08329784909413296,0.6835933675155197,0.010101010101010102,0,105.36363702973652,2.770769780781687,-13.144723950847832,12.316432112575603,49,-6.735585635061813,-9.130867876019732,-0.2528874633998678,-29.39134041277071,-0.31066524179524374,50,0.0,false,false,false,false
m12,raw,B5_is_keep,tuned,0.4,1.0,18.0,0.25,true,3,99,680,102.74184214110065,50.64477858094898,14.888436135690235,1.0918453600521179,0.18192717787066762,-32.045063351059454,3.2061675464811916,12.401530069410244,5.584139402843475,0.05640544851357043,0.11727608150034362,-0.09216645331213054,0.7552100352798983,0.010101010101010102,0,120.38898775867169,2.7580638459783833,-14.485446186371076,12.967807528814657,49,-8.007271959021322,-10.82785935794891,-0.27378664578077,-32.04506335105947,-0.33789477147627234,50,0.0,false,false,false,false
m12,raw,B6_flat11,prod,0.35,1.4,23.0,0.25,true,11,99,1592,111.70250368646668,54.46977815689353,9.787065500851561,1.2200695848572252,0.17830509173593356,-23.446186312036783,4.764207799079075,8.827202849016256,8.81170497630827,0.08900712097281077,0.21799250048742871,-0.10335015136238075,0.7688725630615273,0.0,0,98.71837038637929,2.6213679214952377,-13.952823984275632,10.794968935145544,49,6.533937086360719,9.079791588014373,0.20942899803456208,-23.446186312036822,0.3872609160046204,50,0.0,false,false,false,false
m12,raw,B6_flat11,matched,0.4,1.0,20.0,0.25,true,11,99,1592,131.54091370345293,62.70364210113155,9.785695096817644,1.1957620594518792,0.17364386800617948,-26.46869131046765,4.969679541784979,10.039977330093377,10.07817930739009,0.10179979098373827,0.24954041022052725,-0.11817322548247645,0.7693947336752077,0.0,0,117.56679891813233,2.6017390582966184,-15.85928670038037,11.53416618212789,49,6.422907748244588,8.923722032466985,0.18016566277962087,-26.468691310467676,0.33714254806915545,50,0.0,false,false,false,false
m12,raw,B6_flat11,tuned,0.4,1.0,18.0,0.25,true,11,99,1592,147.76340380506022,69.21845819110577,9.783932809199646,1.1703087297803456,0.16894627311400945,-28.959442635720258,5.102425680762249,11.059824941648294,11.10010890975438,0.11212231221974117,0.25,-0.13066610085079938,0.8508659022032186,0.0,2,133.50201896833127,2.575341187320053,-17.44789639876314,12.092332066577834,49,6.107606649286956,8.480847033734218,0.15517709249207243,-28.959442635720233,0.29285256420209743,50,0.0,false,false,false,false
m12,raw,B7_x1x2_ou25,prod,0.35,1.4,23.0,0.25,true,5,99,1221,145.19605240728768,68.19964449547517,13.65111814433594,1.4982163933807866,0.22542913335361414,-17.753958195345685,8.178235569201226,7.32913286908501,7.362224217645578,0.07436590118833916,0.1838812344807424,-0.09719882513384984,0.7616948549625573,0.0,0,90.88942739429851,2.5489148952642915,-14.683553834210892,9.364138022845406,49,28.449257643176896,41.026772036490875,0.8394806664907777,-17.75395819534568,2.3108521257668793,50,0.0,false,false,true,false
m12,raw,B7_x1x2_ou25,matched,0.4,1.0,20.0,0.25,true,5,99,1221,174.10948862552394,79.42860995086455,13.649040778845338,1.4749649925457327,0.22046814305084908,-20.160614579320672,8.636120091503217,8.363932305060848,8.421122481379927,0.08506184324626187,0.21028220550154503,-0.11117070369484805,0.7622684448774232,0.0,0,107.89921444101722,2.5294954085178443,-16.683901919230244,9.96357654265782,49,31.847294066275154,46.17470674001603,0.8111786983767362,-20.16061457932065,2.2903422193973597,50,0.0,false,false,false,false
m12,raw,B7_x1x2_ou25,tuned,0.4,1.0,18.0,0.25,true,5,99,1221,200.12299808474506,89.112370071377,13.647324928151185,1.455283545417974,0.2163243438098047,-22.160508054930197,9.030614171330894,9.23245819146677,9.314175604001049,0.0940825818585964,0.23253858676748457,-0.12295254067480522,0.8430379990649765,0.0,0,123.09769131736705,2.5130324891515206,-18.34956103439539,10.495482926399166,49,34.52537151440347,50.26701589405997,0.7872609351447782,-22.160508054930197,2.268315138329003,50,0.0,false,false,false,false
m12,inv,B0_canonical,prod,0.35,1.4,23.0,0.25,true,4,99,975,65.64313989752613,33.988775853373944,17.436264685978845,1.7718280471304764,0.2858393371009362,-7.760690932994596,8.458414394322052,2.972702804849874,3.036509302260567,0.03067181113394512,0.07601711548024787,-0.04577180070247083,0.8926727929449609,0.2828282828282828,0,43.76795676743947,2.968651595667811,-6.114183868265224,10.227314633080335,49,15.21561801526634,21.46816997951806,1.0104025474465381,-7.760690932994582,2.766270447421907,50,0.2,false,false,true,false
m12,inv,B0_canonical,matched,1.0,1.4,8.0,0.25,true,4,99,975,250.12725450180335,106.78615358924195,17.410156413826623,1.6485529937391885,0.2538568089702319,-20.451580635552112,12.230216282989558,8.076712178712242,8.216947117093502,0.08299946582922729,0.20408283686815837,-0.1231116048611494,0.8485952950068804,0.0707070707070707,0,153.69119502723441,2.884672167802635,-15.863860047550467,15.599999485785755,49,38.01316772709284,55.64232585316411,0.8546970663383356,-20.451580635552116,2.7206858406062744,50,0.06,false,false,false,false
m12,inv,B0_canonical,tuned,1.0,1.4,8.0,0.25,true,4,99,975,250.12725450180335,106.78615358924195,17.410156413826623,1.6485529937391885,0.2538568089702319,-20.451580635552112,12.230216282989558,8.076712178712242,8.216947117093502,0.08299946582922729,0.20408283686815837,-0.1231116048611494,0.8485952950068804,0.0707070707070707,0,153.69119502723441,2.884672167802635,-15.863860047550467,15.599999485785755,49,38.01316772709284,55.64232585316411,0.8546970663383356,-20.451580635552116,2.7206858406062744,50,0.06,false,false,false,false
m12,inv,B1_draw_promoted,prod,0.35,1.4,23.0,0.25,true,4,99,975,68.97063527947415,35.54274498186572,17.76203187509152,1.7715904685797277,0.28039247672244466,-7.178905146471548,9.607403061088418,2.837935749713685,3.1040980048515836,0.03135452530153116,0.07814133030805312,-0.04834573090701309,0.8813264411866384,0.24242424242424243,0,45.084146283508986,3.0068325506842077,-6.396151911319822,10.088179584149142,49,16.463886377556804,23.278853855055658,1.0254302284203194,-7.178905146471544,3.2426746669716473,50,0.14,false,false,true,false
m12,inv,B1_draw_promoted,matched,1.0,1.4,8.0,0.25,true,4,99,975,268.08245642706055,112.86949013118574,17.836679825357898,1.6573855391791126,0.25121504420545143,-18.898540843543255,14.185352120380857,7.639959518602233,8.371863172523991,0.08456427446993929,0.20930403584452084,-0.12983677574377064,0.83563313915823,0.0707070707070707,0,159.38762273286545,2.9177907403164713,-16.552914140377705,15.583624536275845,49,41.904402588297884,61.699476642437176,0.8836400610203027,-18.898540843543255,3.264774627482258,50,0.06,false,false,false,false
m12,inv,B1_draw_promoted,tuned,1.0,1.4,8.0,0.25,true,4,99,975,268.08245642706055,112.86949013118574,17.836679825357898,1.6573855391791126,0.25121504420545143,-18.898540843543255,14.185352120380857,7.639959518602233,8.371863172523991,0.08456427446993929,0.20930403584452084,-0.12983677574377064,0.83563313915823,0.0707070707070707,0,159.38762273286545,2.9177907403164713,-16.552914140377705,15.583624536275845,49,41.904402588297884,61.699476642437176,0.8836400610203027,-18.898540843543255,3.264774627482258,50,0.06,false,false,false,false
m12,inv,B2_plus_over15,prod,0.35,1.4,23.0,0.25,true,5,99,1009,68.0867809084432,35.13124134125945,17.34526695549127,1.8220089306080671,0.29689301524285716,-7.059193969897852,9.645121128386904,2.7688209098046697,3.13756632020057,0.031692589092935056,0.07647254613318152,-0.04577180070247083,0.8937042342154229,0.29292929292929293,0,44.448399359074344,3.0023276182804777,-6.1141838682652185,10.395777151130009,49,16.36458531506999,23.134545760260504,1.0807515436332207,-7.059193969897836,3.2772219971447134,50,0.22,false,false,true,false
m12,inv,B2_plus_over15,matched,1.0,1.4,8.0,0.25,true,5,99,1009,264.98553736474094,111.82928737977123,17.341492471156954,1.703463978093486,0.2647874387233129,-18.94300978875796,13.988565720005116,7.532029331293997,8.493209048063086,0.0857899903844756,0.2071055523566363,-0.1231116048611494,0.8498516992953707,0.0707070707070707,0,156.9026883642727,2.918519148819986,-15.863860047550467,15.97176639010987,49,42.07151341569977,61.96100651494738,0.9324934516970995,-18.943009788757976,3.270916670893508,50,0.06,false,false,false,false
m12,inv,B2_plus_over15,tuned,1.0,1.4,8.0,0.25,true,5,99,1009,264.98553736474094,111.82928737977123,17.341492471156954,1.703463978093486,0.2647874387233129,-18.94300978875796,13.988565720005116,7.532029331293997,8.493209048063086,0.0857899903844756,0.2071055523566363,-0.1231116048611494,0.8498516992953707,0.0707070707070707,0,156.9026883642727,2.918519148819986,-15.863860047550467,15.97176639010987,49,42.07151341569977,61.96100651494738,0.9324934516970995,-18.943009788757976,3.270916670893508,50,0.06,false,false,false,false
m12,inv,B3_plus_over25,prod,0.35,1.4,23.0,0.25,true,5,99,1017,66.57342886896124,34.42453957290817,17.259992553235,1.7649439750173546,0.282510023915205,-8.747364693100783,7.610684040813916,3.2155450421553655,3.1042415186301264,0.03135597493565783,0.07601711548024787,-0.04577180070247083,0.8907508618517155,0.29292929292929293,0,45.54999330605938,3.0092588534091886,-6.3816429053523525,10.221927680804578,49,14.444133651517422,20.352737655281338,0.9529880056318608,-8.74736469310075,2.326727919705236,50,0.22,false,false,true,false
m12,inv,B3_plus_over25,matched,1.0,1.4,8.0,0.25,true,5,99,1017,254.11139291093522,108.14711424472053,17.228773730304447,1.638267653568968,0.25028975622591326,-22.961399535549614,11.066894790864616,8.720712198042662,8.400016253112426,0.08484864902133764,0.20408283686815837,-0.1231116048611494,0.8467723800917223,0.0707070707070707,0,161.6836622649223,2.9213812568240973,-16.53700757218999,15.85534383881358,49,35.32040550259556,51.48777992872131,0.7941704509656178,-22.961399535549575,2.2423624417582335,50,0.06,false,false,false,false
m12,inv,B3_plus_over25,tuned,1.0,1.4,8.0,0.25,true,5,99,1017,254.11139291093522,108.14711424472053,17.228773730304447,1.638267653568968,0.25028975622591326,-22.961399535549614,11.066894790864616,8.720712198042662,8.400016253112426,0.08484864902133764,0.20408283686815837,-0.1231116048611494,0.8467723800917223,0.0707070707070707,0,161.6836622649223,2.9213812568240973,-16.53700757218999,15.85534383881358,49,35.32040550259556,51.48777992872131,0.7941704509656178,-22.961399535549575,2.2423624417582335,50,0.06,false,false,false,false
m12,inv,B4_minus_away,prod,0.35,1.4,23.0,0.25,false,3,99,620,44.771362243843214,23.924645600481465,23.653601866777016,1.9326774244491494,0.4143726857559808,-7.2776806859090035,6.151872303291518,2.3076659216542263,1.6120721068576145,0.016283556634925405,0.057438615649021925,-0.028368197462735202,0.6566281267645707,0.030303030303030304,0,20.03441179841705,2.2151624078288212,-7.277680685909004,3.802653007297355,49,20.608215656497553,29.34220572036208,1.9738929003448398,-3.639804919578786,8.061477570550043,50,0.02,true,true,true,true
m12,inv,B4_minus_away,matched,1.0,1.4,8.0,0.25,false,3,99,620,157.522751281101,73.05144769532734,23.68727074254111,1.8809576072913994,0.3889757459435759,-18.712233204460656,8.418169523643519,6.191141030789165,4.327727744854738,0.04371442166519938,0.1542690702352799,-0.07602955068383416,0.6177768081393684,0.030303030303030304,0,59.59320933978549,2.155524626423906,-18.712233204460656,4.6441617576695435,49,61.36197294761867,92.9016932345468,1.920728360089541,-9.511988426033591,9.766800491502062,50,0.02,true,true,true,true
m12,inv,B4_minus_away,tuned,1.0,1.4,8.0,0.25,false,3,99,620,157.522751281101,73.05144769532734,23.68727074254111,1.8809576072913994,0.3889757459435759,-18.712233204460656,8.418169523643519,6.191141030789165,4.327727744854738,0.04371442166519938,0.1542690702352799,-0.07602955068383416,0.6177768081393684,0.030303030303030304,0,59.59320933978549,2.155524626423906,-18.712233204460656,4.6441617576695435,49,61.36197294761867,92.9016932345468,1.920728360089541,-9.511988426033591,9.766800491502062,50,0.02,true,true,true,true
m12,inv,B5_is_keep,prod,0.35,1.4,23.0,0.25,true,3,99,810,42.01430574306788,22.55085500955363,14.960591007972347,1.1653502860611828,0.17663527030696619,-13.377492095820612,3.1406713188187165,4.5538747436896,2.5235972293145337,0.02549088110418719,0.057142620669208874,-0.056015782938464626,0.8863243711694708,0.2828282828282828,0,45.730805792199526,3.055307190991039,-5.497942379486541,11.914889277894423,49,-2.5502501196838168,-3.485049801503992,-0.171828277976183,-13.37749209582064,-0.26051593053026595,50,0.22,false,false,true,false
m12,inv,B5_is_keep,matched,1.0,1.4,8.0,0.25,true,3,99,810,127.69936560379782,61.13310272838053,14.886036867399605,1.0160329369749777,0.1474479474337755,-33.939237500055185,3.762587936855982,12.145534483025937,6.832762098288499,0.0690177989726111,0.16005752900646053,-0.15690123584625976,0.8443319128513698,0.10101010101010101,0,163.3134314748131,2.9583376007208466,-14.354697376783443,18.47626242326227,49,-13.525351012875287,-18.089280490481652,-0.35670755646057584,-33.93923750005521,-0.5329901854881751,50,0.08,false,false,false,false
m12,inv,B5_is_keep,tuned,1.0,1.4,8.0,0.25,true,3,99,810,127.69936560379782,61.13310272838053,14.886036867399605,1.0160329369749777,0.1474479474337755,-33.939237500055185,3.762587936855982,12.145534483025937,6.832762098288499,0.0690177989726111,0.16005752900646053,-0.15690123584625976,0.8443319128513698,0.10101010101010101,0,163.3134314748131,2.9583376007208466,-14.354697376783443,18.47626242326227,49,-13.525351012875287,-18.089280490481652,-0.35670755646057584,-33.93923750005521,-0.5329901854881751,50,0.08,false,false,false,false
m12,inv,B6_flat11,prod,0.35,1.4,23.0,0.25,true,11,99,1318,41.132476660008656,22.109095123438326,9.204465460414625,1.0872367317654872,0.1644530152511259,-14.399550470046641,2.8565111630096203,4.691979183123654,4.06460795604597,0.04105664602066637,0.12058666597855591,-0.06140850364117213,0.7659735984848312,0.010101010101010102,0,40.97942169262867,2.563307460330474,-6.488245564953234,8.989768482289422,49,0.10856546689039792,0.14910363302194085,0.006940174233748312,-14.399550470046591,0.010354742207550206,50,0.0,false,false,true,false
m12,inv,B6_flat11,matched,1.0,1.4,8.0,0.25,true,11,99,1318,128.03392434335655,61.270320700650906,9.594519838621832,0.98991156969556,0.14515442390823952,-32.27983678754761,3.966374588137552,11.80460656770193,10.730382889800572,0.10838770595758154,0.25,-0.16394256459057985,0.7194484011611937,0.010101010101010102,5,134.66783292662507,2.4350251857393044,-16.782371097902068,12.695753299893495,49,-2.8269356309021054,-3.861128406478642,-0.0694946801351171,-32.279836787547616,-0.11961424811070064,50,0.0,false,false,false,false
m12,inv,B6_flat11,tuned,1.0,1.4,8.0,0.25,true,11,99,1318,128.03392434335655,61.270320700650906,9.594519838621832,0.98991156969556,0.14515442390823952,-32.27983678754761,3.966374588137552,11.80460656770193,10.730382889800572,0.10838770595758154,0.25,-0.16394256459057985,0.7194484011611937,0.010101010101010102,5,134.66783292662507,2.4350251857393044,-16.782371097902068,12.695753299893495,49,-2.8269356309021054,-3.861128406478642,-0.0694946801351171,-32.279836787547616,-0.11961424811070064,50,0.0,false,false,false,false
m12,inv,B7_x1x2_ou25,prod,0.35,1.4,23.0,0.25,true,5,99,1049,65.50974855557645,33.92620878740633,16.643452499172394,1.7087141524153013,0.27990335608232847,-8.836403792669635,7.413620981187052,3.4028978244600245,3.186335045008873,0.03218520247483711,0.08078775210773316,-0.046696092601342234,0.7596324802933935,0.010101010101010102,0,41.01918350686642,2.6782204905309777,-6.6967943643566565,8.71873456047519,49,17.366832256206898,24.59315327347893,1.111016090920458,-8.836403792669625,2.783163134065983,50,0.0,false,false,true,false
m12,inv,B7_x1x2_ou25,matched,1.0,1.4,8.0,0.25,true,5,99,1049,244.2207976033198,104.75650288503932,16.60986832333194,1.5821070247395836,0.24842144609905675,-22.706887463947712,10.755362133673108,8.965118992451147,8.565257878321228,0.08651775634667908,0.21646589820686693,-0.12524537413816647,0.7141485674025138,0.010101010101010102,0,138.38709011435216,2.570319987341977,-17.306604242192485,12.69578778227085,49,44.39573780534849,65.61030241754648,0.9578744641198887,-22.706887463947698,2.889444998647112,50,0.0,false,false,false,false
m12,inv,B7_x1x2_ou25,tuned,1.0,1.4,8.0,0.25,true,5,99,1049,244.2207976033198,104.75650288503932,16.60986832333194,1.5821070247395836,0.24842144609905675,-22.706887463947712,10.755362133673108,8.965118992451147,8.565257878321228,0.08651775634667908,0.21646589820686693,-0.12524537413816647,0.7141485674025138,0.010101010101010102,0,138.38709011435216,2.570319987341977,-17.306604242192485,12.69578778227085,49,44.39573780534849,65.61030241754648,0.9578744641198887,-22.706887463947698,2.889444998647112,50,0.0,false,false,false,false
m12,std,B0_canonical,prod,0.35,1.4,23.0,0.25,true,4,99,1103,72.85353709998623,37.33992537381272,13.616918961066057,1.6062981211761567,0.24597301834902058,-11.35796612589611,6.414311884051186,4.581457548715043,4.27686614254212,0.043200668106486075,0.09632747830369823,-0.04919011526778145,0.8964850779351873,0.20202020202020202,0,38.696745879096994,2.322431692193086,-9.58713839670268,5.727194494718233,49,24.62695934529271,35.29656703635662,1.2691808750269442,-8.607005712330727,4.100911305982916,50,0.2,false,false,true,false
m12,std,B0_canonical,matched,0.8,1.0,12.0,0.2,true,4,99,1103,156.53366314234947,72.6657959653719,13.317974024651802,1.4794265543353409,0.22913058520345667,-18.70953586840412,8.366517707512827,8.10467118892058,7.993520508642036,0.08074263140042459,0.18058959272515634,-0.09545148034141976,0.6281471347426314,0.010101010101010102,0,78.74660210479149,2.1864060408860246,-14.757636079075391,7.962411900419094,49,43.51806418784674,64.22965994841397,1.1212730092220686,-17.120217022225987,3.751684915268835,50,0.0,false,false,true,false
m12,std,B0_canonical,tuned,0.8,1.0,8.0,0.2,true,4,99,1103,259.31737037839497,109.9157894788719,13.371924656422534,1.3964375119952839,0.2116576385717411,-26.95864941619491,9.619078699937203,11.77185047491493,11.46065256919578,0.1157641673656139,0.20000000000000004,-0.1383185256682862,0.9045222311169371,0.030303030303030304,6,125.389243104126,2.1320146913571048,-20.90574213201615,9.404847540173266,49,59.42081593148458,89.7224346401164,1.0050771022893878,-24.204709510950845,3.7068172456076627,50,0.02,false,false,false,false
m12,std,B1_draw_promoted,prod,0.35,1.4,23.0,0.25,true,4,99,1103,74.08351048691375,37.9056645956527,13.353483079810113,1.6112147588508694,0.23896442728594602,-11.260687946193373,6.578950668103485,4.458525323893238,4.4194633950851845,0.04464104439479982,0.10023853243803746,-0.054034099366546164,0.8867430047105349,0.15151515151515152,0,39.05411249259425,2.308224890586146,-9.573151751747476,5.7913681570466595,49,25.191198855183107,36.138375290823824,1.2859145278794166,-7.909073897870524,4.569229692057105,50,0.14,false,false,true,false
m12,std,B1_draw_promoted,matched,0.8,1.0,12.0,0.2,true,4,99,1103,156.53366314234947,72.6657959653719,13.317974024651802,1.4794265543353409,0.22913058520345667,-18.70953586840412,8.366517707512827,8.10467118892058,7.993520508642036,0.08074263140042459,0.18058959272515634,-0.09545148034141976,0.6281471347426314,0.010101010101010102,0,78.74660210479149,2.1864060408860246,-14.757636079075391,7.962411900419094,49,43.51806418784674,64.22965994841397,1.1212730092220686,-17.120217022225987,3.751684915268835,50,0.0,false,false,true,false
m12,std,B1_draw_promoted,tuned,0.8,1.0,8.0,0.2,true,4,99,1103,259.31737037839497,109.9157894788719,13.371924656422534,1.3964375119952839,0.2116576385717411,-26.95864941619491,9.619078699937203,11.77185047491493,11.46065256919578,0.1157641673656139,0.20000000000000004,-0.1383185256682862,0.9045222311169371,0.030303030303030304,6,125.389243104126,2.1320146913571048,-20.90574213201615,9.404847540173266,49,59.42081593148458,89.7224346401164,1.0050771022893878,-24.204709510950845,3.7068172456076627,50,0.02,false,false,false,false
m12,std,B2_plus_over15,prod,0.35,1.4,23.0,0.25,true,5,99,1142,76.67685015894196,39.09302219105286,13.658938136807175,1.68811481467891,0.2598553555918701,-11.045874332020029,6.941673230580705,4.340584320082179,4.419666473611411,0.04464309569304456,0.09632747830369823,-0.04919011526778145,0.8983410931796865,0.20202020202020202,0,40.31649511147264,2.3997016109985374,-9.265463994763731,6.1877674976378625,49,25.91310096406223,37.21747122585495,1.3536415452018613,-7.861846469240146,4.733935134891034,50,0.2,false,false,true,false
m12,std,B2_plus_over15,matched,0.8,1.0,12.0,0.2,true,5,99,1142,167.9175335127764,77.06745861601334,13.305235540714659,1.5692136254384401,0.24130248107398158,-18.10707880123816,9.273584952935325,7.625416150252121,8.306178011859345,0.08390078799857922,0.18058959272515634,-0.09545148034141976,0.6294847748050527,0.010101010101010102,0,83.1624233320513,2.2730094232951226,-14.119447854736169,8.833582050518013,49,46.273197656417906,68.57418892783329,1.210193823978237,-15.808088053646145,4.337917950299917,50,0.0,false,false,true,false
m12,std,B2_plus_over15,tuned,0.8,1.0,8.0,0.2,true,5,99,1142,279.0761269510931,116.53272437919804,13.361110377112263,1.4804929785022434,0.22269602932838417,-26.189781041719463,10.655916767938379,11.090425983189142,11.812037984308718,0.11931351499301737,0.20000000000000007,-0.1383185256682862,0.9060539388646117,0.04040404040404041,10,133.42483646976925,2.2187786330544252,-20.062740954287502,10.509443133922302,49,62.39751205745707,94.60357306333196,1.0780545272540036,-22.26794428526074,4.248419694760532,50,0.04,false,false,false,false
m12,std,B3_plus_over25,prod,0.35,1.4,23.0,0.25,true,5,99,1156,78.70248112171939,40.01536815283029,13.992437872184261,1.678906007869183,0.25929791375080824,-10.778160081614114,7.302033048847895,4.46035607177775,4.408502203865371,0.04453032529156942,0.09632747830369823,-0.05129652882359872,0.8972748128551188,0.20202020202020202,0,42.955149150396466,2.5114112871683645,-9.527598611619434,6.434303745036325,49,25.005977177999196,35.86188031842612,1.2650265514169263,-9.130846010143339,3.927552855298142,50,0.2,false,false,true,false
m12,std,B3_plus_over25,matched,0.8,1.0,12.0,0.2,true,5,99,1156,174.54880255374297,79.59527560285014,13.744238125550636,1.5599679211855897,0.2317286814218066,-17.981032754597535,9.707384716771228,7.993477906531135,8.273117608897929,0.08356684453432249,0.18058959272515634,-0.0958412622987193,0.6226694321452688,0.0,0,89.9806589878725,2.388599994853452,-14.636344677587592,9.291070919887963,49,44.51408054715134,65.79670399269737,1.121168243759459,-17.981032754597532,3.659228304106946,50,0.0,false,false,true,false
m12,std,B3_plus_over25,tuned,0.8,1.0,8.0,0.2,true,5,99,1156,303.8345492221484,124.62271861865855,14.018210039967052,1.5091990623473814,0.221845311073761,-25.095861516024232,12.106958313750004,11.059357719166798,11.812640330455707,0.1193195992975324,0.20000000000000004,-0.1383185256682862,0.9019386559997429,0.020202020202020204,7,150.7774761422898,2.422632947786603,-19.185066831839084,12.62164829579689,49,61.03302235684638,92.36192312569366,1.0089551717284393,-25.09586151602424,3.6803647113974796,50,0.04,false,false,false,false
m12,std,B4_minus_away,prod,0.35,1.4,23.0,0.25,false,3,99,759,41.98070898330932,22.534045582549677,15.511284140711753,1.599740827537259,0.26138726580684,-11.554644064879197,3.63323255546325,5.083568726179493,2.35300839487738,0.023767761564417976,0.05869346178980269,-0.04934533859743383,0.6843018532016918,0.020202020202020204,0,19.5983102795382,1.8868452565697973,-11.293569804586433,2.3955466272346952,49,18.714644589423134,26.562009634035142,1.585170580109846,-4.574914200808701,5.806012630649951,50,0.0,false,false,true,false
m12,std,B4_minus_away,matched,0.8,1.0,12.0,0.2,false,3,99,758,86.4378983713831,43.49785930566621,15.156633971186817,1.550191164210792,0.2429950996065962,-20.14284980885396,4.291244743997872,8.919148189449379,4.430710965277564,0.04475465621492489,0.1121291446325963,-0.0960050652243389,0.5263198946796639,0.010101010101010102,0,36.40856183900969,1.733545696304663,-20.14284980885396,2.556627927112948,49,36.67609705570995,53.57559991905394,1.6107854540500903,-8.095162148913353,6.6182244325082005,50,0.0,false,false,true,false
m12,std,B4_minus_away,tuned,0.8,1.0,8.0,0.2,false,3,99,758,138.77845632943894,65.63311993198131,15.157898032007374,1.4992709274822624,0.23138493213930775,-28.213282291849108,4.918905035361036,12.792521063891993,6.411047475130703,0.06475805530435055,0.16244042996698008,-0.1390684756708178,0.756880383900346,0.020202020202020204,0,54.434978565359124,1.6716367221067547,-28.195895489557632,2.797034654713517,49,54.61423218211174,81.9123928344677,1.5613045991993026,-11.561734081759429,7.084784363246877,50,0.02,false,false,true,false
m12,std,B5_is_keep,prod,0.35,1.4,23.0,0.25,true,3,99,675,47.03670714796857,25.045216350920697,13.921924698410166,1.2383788159124791,0.20537727604168357,-13.435287360410925,3.5009825905599334,5.331411498660711,2.9759223911490174,0.030059822132818357,0.062291860124165536,-0.04189909176410704,0.8394878813935535,0.0707070707070707,0,39.01799788341056,2.467953828697455,-7.850249463067935,7.0555256081233475,49,5.768108724514165,8.0045336611406,0.3665998951086531,-13.435287360410932,0.5957843287168644,50,0.06,false,false,true,false
m12,std,B5_is_keep,matched,0.8,1.0,12.0,0.2,true,3,99,675,93.04655189420853,46.42524978889326,13.748700773491084,1.1368009037228541,0.1869405829069336,-25.442171367875183,3.6571780980806814,9.884970485995327,5.50900859723839,0.055646551487256474,0.11827582362943609,-0.07798427970569616,0.5791363618041532,0.010101010101010102,0,77.34038864713708,2.271253403920634,-13.550139276356877,8.503238873126412,49,8.856506612446214,12.358391979561612,0.30196328007450185,-25.44217136787516,0.48574438875001336,50,0.0,false,false,false,false
m12,std,B5_is_keep,tuned,0.8,1.0,8.0,0.2,true,3,99,675,143.34630040641096,67.46281820118121,13.724025282503268,1.0672628217688673,0.1720255884531687,-35.093999323992264,4.08463848998855,14.06982096656215,7.989463079235205,0.08070164726500206,0.17140196363517546,-0.11319324381164814,0.8352824024510108,0.010101010101010102,0,122.84839931471083,2.2129824119329626,-19.275328449735618,9.968710503400292,49,9.198137009165762,12.842865729223485,0.21695042174612525,-35.09399932399231,0.3659561741782833,50,0.0,false,false,false,false
m12,std,B6_flat11,prod,0.35,1.4,23.0,0.25,true,11,99,1503,63.34625157670168,32.90844594777285,9.628370786011125,1.3962476311593306,0.20448216018224963,-12.104950278779508,5.233086474361679,4.596154106806034,5.4795136914317375,0.05534862314577514,0.1175825219337738,-0.054316804986301995,0.7685044402137625,0.0,0,45.15722101450628,2.45879960556671,-7.627450213853474,8.4741827533917,49,12.53057232363075,17.59818051764581,0.6838770713966474,-11.26012026855372,1.5628767808806157,50,0.0,false,false,true,false
m12,std,B6_flat11,matched,0.8,1.0,12.0,0.2,true,11,99,1503,133.7387274975697,63.59724984854862,9.622435837292365,1.3119855627862251,0.18809917314352143,-22.21512514831005,6.020165387532983,8.578759938779315,10.123419423272724,0.10225676185123965,0.2,-0.10053927265710666,0.6225046889331469,0.0,2,94.30036848901426,2.3885955640921264,-13.886158411401464,10.311974832687406,49,20.297624402490676,28.885062409345586,0.580047107870477,-20.158526326325013,1.4328955371913568,50,0.0,false,false,false,false
m12,std,B6_flat11,tuned,0.8,1.0,8.0,0.2,true,11,99,1503,220.99283328908368,96.62860624754335,10.312278434708128,1.3178967944125748,0.19155334818480835,-27.137373745673283,8.143486372712033,11.453029088080044,13.590577046271003,0.13727855602293948,0.20000000000000007,-0.12367293426229548,0.9016273999551445,0.0,28,152.8538046817833,2.3841196182255024,-17.65988567729125,13.926621050919563,49,26.94799419492748,38.76845375786413,0.5580063229105762,-24.51158310261965,1.58163810128285,50,0.0,false,false,false,false
m12,std,B7_x1x2_ou25,prod,0.35,1.4,23.0,0.25,true,5,99,1177,71.93615922392553,36.91686560379368,12.682810083900257,1.540385472678884,0.2372849598997326,-10.193437080034773,7.05710533739618,4.353585608191125,4.5669307200649225,0.0461306133339891,0.09818938208792723,-0.05363993784393328,0.7659665443282723,0.0,0,40.2522290062004,2.2902688663569966,-8.021615801089403,7.135237642727169,49,22.59067855265553,32.27041582518901,1.1494741177629073,-10.193437080034787,3.1658032096352415,50,0.0,false,false,true,false
m12,std,B7_x1x2_ou25,matched,0.8,1.0,12.0,0.2,true,5,99,1177,157.48039496376472,73.0349454700408,12.675974096486335,1.4594435216382526,0.2198044199374837,-18.413348365354462,8.552512657614795,8.109385555229204,8.458971114874979,0.08544415267550486,0.1818296193114755,-0.09929583782850977,0.6205743141115498,0.0,0,82.5825609603952,2.2177928005768224,-14.607564488967125,8.473278460123733,49,41.02135144200114,60.31940366739741,1.0518469052103094,-18.41334836535443,3.2758519781709645,50,0.0,false,false,false,false
m12,std,B7_x1x2_ou25,tuned,0.8,1.0,8.0,0.2,true,5,99,1177,269.44358806228087,113.32550721899284,12.968223711098824,1.4103861173061423,0.210458425015307,-25.35306253467497,10.627654457672215,11.217597140530739,12.075376000840212,0.12197349495798193,0.20000000000000004,-0.14010544768105987,0.8990139861155108,0.0,8,136.08171962897538,2.235869198325035,-19.35192205710263,11.14054832091662,49,56.48970561672297,84.9491603041828,0.9524985568715355,-25.35306253467497,3.350646896721026,50,0.0,false,false,false,false
m12,inv_anch,B0_canonical,prod,0.35,1.4,23.0,0.25,true,4,99,984,66.81995497964535,34.53984518643396,17.3378261204838,1.7746931870539568,0.2896870463199279,-7.9541308363420775,8.400660782991887,3.0205250127811456,3.0981820177648203,0.031294767856210305,0.07743363346772271,-0.04624228618145758,0.9035468607390431,0.29292929292929293,0,44.58035327345886,2.9786942820855304,-6.128873097201983,10.403482910888352,49,15.382174135459792,21.709347814976464,1.0081247861678306,-7.954130836342095,2.72931741527149,50,0.2,false,false,true,false
m12,inv_anch,B0_canonical,matched,1.0,1.4,8.0,0.25,true,4,99,984,255.2589575550459,108.53792090559891,17.292045081358015,1.6477646973959026,0.2564184472616018,-20.78952250893433,12.278250135150914,8.16368344690045,8.382219398378512,0.08466888281190416,0.20787087938214605,-0.1246153222869517,0.8594267164080676,0.09090909090909091,0,156.97540007139946,2.893512310002665,-15.900264512091121,15.943614380942602,49,38.24629028939683,56.0034336545598,0.8481894164127206,-20.78952250893434,2.6938297226640104,50,0.08,false,false,false,false
m12,inv_anch,B0_canonical,tuned,1.0,1.4,8.0,0.25,true,4,99,984,255.2589575550459,108.53792090559891,17.292045081358015,1.6477646973959026,0.2564184472616018,-20.78952250893433,12.278250135150914,8.16368344690045,8.382219398378512,0.08466888281190416,0.20787087938214605,-0.1246153222869517,0.8594267164080676,0.09090909090909091,0,156.97540007139946,2.893512310002665,-15.900264512091121,15.943614380942602,49,38.24629028939683,56.0034336545598,0.8481894164127206,-20.78952250893434,2.6938297226640104,50,0.08,false,false,false,false
m12,inv_anch,B1_draw_promoted,prod,0.35,1.4,23.0,0.25,true,4,99,984,70.17409667286903,36.10159933750292,17.663604939258786,1.7750807998093219,0.284361533761951,-7.259151445546238,9.666983420758285,2.8812397141899004,3.1651354836900407,0.031971065491818586,0.07957975352314194,-0.04881841477661763,0.8921530585598154,0.25252525252525254,0,45.954660622975396,3.020378984156491,-6.406251761629009,10.2786476751214,49,16.59380793084533,23.467730150346156,1.0213195367885677,-7.259151445546219,3.232847575420754,50,0.14,false,false,true,false
m12,inv_anch,B1_draw_promoted,matched,1.0,1.4,8.0,0.25,true,4,99,984,273.71478901339617,114.75191533026377,17.72263081336683,1.6576931175257783,0.2540314310603436,-19.15027334200909,14.292996456241719,7.737289034723402,8.536232304400801,0.08622456873132123,0.21315524162841087,-0.13130210163160566,0.8464977951306869,0.09090909090909091,0,163.02557762242324,2.9300556927350714,-16.577825693967075,15.966332712716824,49,42.08305990296832,61.97908110741557,0.8762806921982593,-19.15027334200909,3.2364593444969194,50,0.08,false,false,false,false
m12,inv_anch,B1_draw_promoted,tuned,1.0,1.4,8.0,0.25,true,4,99,984,273.71478901339617,114.75191533026377,17.72263081336683,1.6576931175257783,0.2540314310603436,-19.15027334200909,14.292996456241719,7.737289034723402,8.536232304400801,0.08622456873132123,0.21315524162841087,-0.13130210163160566,0.8464977951306869,0.09090909090909091,0,163.02557762242324,2.9300556927350714,-16.577825693967075,15.966332712716824,49,42.08305990296832,61.97908110741557,0.8762806921982593,-19.15027334200909,3.2364593444969194,50,0.08,false,false,false,false
m12,inv_anch,B2_plus_over15,prod,0.35,1.4,23.0,0.25,true,5,99,1013,68.92340176148421,35.520776981879564,17.236888398634672,1.8180649222225127,0.2995115023944152,-7.135574608705604,9.659124252922211,2.8174477448790145,3.18948524619578,0.03221702268884625,0.07743363346772271,-0.04624228618145758,0.9044262503584494,0.30303030303030304,0,45.098490961030535,3.0038009573694033,-6.128873097201994,10.531673950059654,49,16.419819835929527,23.214809006079108,1.071646606360539,-7.135574608705595,3.2533902704564825,50,0.22,false,false,true,false
m12,inv_anch,B2_plus_over15,matched,1.0,1.4,8.0,0.25,true,5,99,1013,268.30699669281574,112.94476613476081,17.214597158235208,1.6958463838510631,0.2662044158068191,-19.179655617673493,13.989145688600304,7.660521478639872,8.631967395327077,0.08719158985178868,0.2095544335753416,-0.1246153222869517,0.8605224570318627,0.09090909090909091,0,159.42642252445626,2.9187059822594783,-15.900264512091137,16.227782703548126,49,41.96973196055056,61.801703994835044,0.9192991434190617,-19.179655617673486,3.2222530595328625,50,0.08,false,false,false,false
m12,inv_anch,B2_plus_over15,tuned,1.0,1.4,8.0,0.25,true,5,99,1013,268.30699669281574,112.94476613476081,17.214597158235208,1.6958463838510631,0.2662044158068191,-19.179655617673493,13.989145688600304,7.660521478639872,8.631967395327077,0.08719158985178868,0.2095544335753416,-0.1246153222869517,0.8605224570318627,0.09090909090909091,0,159.42642252445626,2.9187059822594783,-15.900264512091137,16.227782703548126,49,41.96973196055056,61.801703994835044,0.9192991434190617,-19.179655617673486,3.2222530595328625,50,0.08,false,false,false,false
m12,inv_anch,B3_plus_over25,prod,0.35,1.4,23.0,0.25,true,5,99,1022,67.83012729206506,35.01157867258746,17.196791244699313,1.7703307176149332,0.28686054733334226,-8.870224480750139,7.646945963911929,3.241535139196987,3.1628923283311434,0.03194840735688023,0.07743363346772271,-0.04624228618145758,0.9013232917887324,0.29292929292929293,0,46.445401446314264,3.02711749949316,-6.364650336458853,10.463117379037342,49,14.602524650519811,20.58151531420269,0.9509264484672756,-8.870224480750151,2.3202924975425336,50,0.2,false,false,true,false
m12,inv_anch,B3_plus_over25,matched,1.0,1.4,8.0,0.25,true,5,99,1022,259.82170256308797,110.08655698553085,17.14898026175918,1.6404173981213055,0.2534081060067447,-23.260222632223712,11.170215636850447,8.786562345196433,8.556878665278742,0.0864331178310984,0.20787087938214605,-0.1246153222869517,0.8572996906782235,0.09090909090909091,0,165.45602985547555,2.938534231199639,-16.493411096777024,16.32183030041301,49,35.54851353687041,51.83853179364362,0.788448689843916,-23.260222632223698,2.2286343778080946,50,0.08,false,false,false,false
m12,inv_anch,B3_plus_over25,tuned,1.0,1.4,8.0,0.25,true,5,99,1022,259.82170256308797,110.08655698553085,17.14898026175918,1.6404173981213055,0.2534081060067447,-23.260222632223712,11.170215636850447,8.786562345196433,8.556878665278742,0.0864331178310984,0.20787087938214605,-0.1246153222869517,0.8572996906782235,0.09090909090909091,0,165.45602985547555,2.938534231199639,-16.493411096777024,16.32183030041301,49,35.54851353687041,51.83853179364362,0.788448689843916,-23.260222632223698,2.2286343778080946,50,0.08,false,false,false,false
m12,inv_anch,B4_minus_away,prod,0.35,1.4,23.0,0.25,false,3,99,627,45.10375600376526,24.089525692646617,23.379871117478707,1.9292750055684509,0.41375240605071845,-7.286995613986457,6.189623048104265,2.311647494799486,1.6415237540665524,0.016581048020874265,0.058424448202593994,-0.0282998767554325,0.6789547753520253,0.050505050505050504,0,20.191119832927427,2.216430738630564,-7.286995613986458,3.82840217623402,49,20.72751814399254,29.517917783623982,1.9666012736610394,-3.6553911298445687,8.075173554650256,50,0.02,true,true,true,true
m12,inv_anch,B4_minus_away,matched,1.0,1.4,8.0,0.25,false,3,99,627,158.93002148923802,73.59908009546186,23.41386134868847,1.8770732850979022,0.38821992766969377,-18.736024190053577,8.482590536663027,6.203275555046643,4.406838308293256,0.04451351826558845,0.15690518143653165,-0.0758505476378002,0.6399796714306576,0.050505050505050504,0,60.10135272100668,2.1565535072600914,-18.736024190053577,4.680782410806254,49,61.72881558374501,93.50412422976795,1.9126970106393189,-9.55229994777055,9.78865035028462,50,0.02,true,true,true,true
m12,inv_anch,B4_minus_away,tuned,1.0,1.4,8.0,0.25,false,3,99,627,158.93002148923802,73.59908009546186,23.41386134868847,1.8770732850979022,0.38821992766969377,-18.736024190053577,8.482590536663027,6.203275555046643,4.406838308293256,0.04451351826558845,0.15690518143653165,-0.0758505476378002,0.6399796714306576,0.050505050505050504,0,60.10135272100668,2.1565535072600914,-18.736024190053577,4.680782410806254,49,61.72881558374501,93.50412422976795,1.9126970106393189,-9.55229994777055,9.78865035028462,50,0.02,true,true,true,true
m12,inv_anch,B5_is_keep,prod,0.35,1.4,23.0,0.25,true,3,99,811,42.59593953391616,22.841598754296257,14.946016725375445,1.168978392439732,0.17734969184215937,-13.49268334451548,3.156965775175521,4.590817565416551,2.5565115529786033,0.025823349019985883,0.05745567106334474,-0.05621985498294535,0.8964728534531083,0.2828282828282828,0,46.29650853753064,3.0577986113490794,-5.51361582904129,12.037020935902037,49,-2.5294991935266187,-3.456828490370023,-0.16908378701027,-13.49268334451546,-0.25620022364010814,50,0.22,false,false,true,false
m12,inv_anch,B5_is_keep,matched,1.0,1.4,8.0,0.25,true,3,99,811,129.4947279627146,61.86847509378759,14.854326858341665,1.0171432546896608,0.147629257446215,-34.20597114530944,3.7857345845440733,12.23956392112653,6.922642393835552,0.06992568074581368,0.16128645552766493,-0.15781733939686632,0.854722095943174,0.10101010101010101,0,165.65055267914707,2.9589570569360824,-14.396052909167043,18.72490130880071,49,-13.610295311563492,-18.199743060743934,-0.35622620771093794,-34.205971145309455,-0.532063334305876,50,0.06,false,false,false,false
m12,inv_anch,B5_is_keep,tuned,1.0,1.4,8.0,0.25,true,3,99,811,129.4947279627146,61.86847509378759,14.854326858341665,1.0171432546896608,0.147629257446215,-34.20597114530944,3.7857345845440733,12.23956392112653,6.922642393835552,0.06992568074581368,0.16128645552766493,-0.15781733939686632,0.854722095943174,0.10101010101010101,0,165.65055267914707,2.9589570569360824,-14.396052909167043,18.72490130880071,49,-13.610295311563492,-18.199743060743934,-0.35622620771093794,-34.205971145309455,-0.532063334305876,50,0.06,false,false,false,false
m12,inv_anch,B6_flat11,prod,0.35,1.4,23.0,0.25,true,11,99,1328,41.765342270504014,22.42625168284289,9.205761964949936,1.0930447611924277,0.1657713642306057,-14.686507606881532,2.8437899185054984,4.7620361217669105,4.117647405557727,0.04159239803593663,0.12014445202405426,-0.06166529177457049,0.7757471460285525,0.020202020202020204,0,41.67638211888074,2.581852355688422,-6.424220164610923,9.242509753908404,49,0.06279109495366253,0.08622982591384165,0.0039842965314366985,-14.686507606881566,0.0058713635822744865,50,0.0,false,false,true,false
m12,inv_anch,B6_flat11,matched,1.0,1.4,8.0,0.25,true,11,99,1328,131.07155234245513,62.512343558346785,9.619390411516623,1.0000610067779028,0.14737015289212466,-32.88222931689743,3.986090817604646,11.883329124543183,10.86668968766542,0.1097645422996507,0.25000000000000006,-0.16160511019764595,0.729288766866466,0.020202020202020204,5,137.45224675847015,2.452506526602587,-16.62105942985244,13.11857512993325,49,-2.6871484701111448,-3.6711756953014207,-0.06568752298297337,-32.882229316897416,-0.11164619223109938,50,0.0,false,false,false,false
m12,inv_anch,B6_flat11,tuned,1.0,1.4,8.0,0.25,true,11,99,1328,131.07155234245513,62.512343558346785,9.619390411516623,1.0000610067779028,0.14737015289212466,-32.88222931689743,3.986090817604646,11.883329124543183,10.86668968766542,0.1097645422996507,0.25000000000000006,-0.16160511019764595,0.729288766866466,0.020202020202020204,5,137.45224675847015,2.452506526602587,-16.62105942985244,13.11857512993325,49,-2.6871484701111448,-3.6711756953014207,-0.06568752298297337,-32.882229316897416,-0.11164619223109938,50,0.0,false,false,false,false
m12,inv_anch,B7_x1x2_ou25,prod,0.35,1.4,23.0,0.25,true,5,99,1053,66.39963079612627,34.3432073370187,16.498321094420266,1.7121851594719817,0.2774095067775873,-9.064754308636028,7.325033700347188,3.4493585790982486,3.249682742045302,0.032825078202477806,0.08206407810296917,-0.04703003588962924,0.7695934934925558,0.020202020202020204,0,41.55103751823859,2.6859357894103355,-6.682813021527136,8.856643876615154,49,17.554511583629996,24.866808230274273,1.1121218920799034,-9.064754308636022,2.7432412819599072,50,0.0,false,false,true,false
m12,inv_anch,B7_x1x2_ou25,matched,1.0,1.4,8.0,0.25,true,5,99,1053,248.54126452265035,106.2425783092149,16.465769111444374,1.5846941705252193,0.24600944083130788,-23.24809525945665,10.69082269961669,9.076105018857163,8.735592972034208,0.08823831284883037,0.2198890153167254,-0.12614880326119743,0.7241451549015591,0.020202020202020204,0,140.61532044193567,2.5781403196858874,-17.271006969546033,12.953823866461908,49,44.85414473296559,66.33265579381997,0.9575262436594458,-23.248095259456665,2.8532512041750056,50,0.0,false,false,false,false
m12,inv_anch,B7_x1x2_ou25,tuned,1.0,1.4,8.0,0.25,true,5,99,1053,248.54126452265035,106.2425783092149,16.465769111444374,1.5846941705252193,0.24600944083130788,-23.24809525945665,10.69082269961669,9.076105018857163,8.735592972034208,0.08823831284883037,0.2198890153167254,-0.12614880326119743,0.7241451549015591,0.020202020202020204,0,140.61532044193567,2.5781403196858874,-17.271006969546033,12.953823866461908,49,44.85414473296559,66.33265579381997,0.9575262436594458,-23.248095259456665,2.8532512041750056,50,0.0,false,false,false,false
m05,raw,B0_canonical,prod,0.35,1.4,23.0,0.25,true,4,99,1113,130.15276802337246,62.13739948354409,14.66887912841222,1.5444444505204973,0.25835774669475375,-16.0657856083645,8.101238943186797,5.944840520627219,6.285170892183775,0.06348657466852299,0.18017802941094388,-0.07494406883641044,0.899757178463398,0.1919191919191919,0,76.91731498223697,2.6267769017700395,-11.940263970214492,9.59220068668493,49,30.09058386765606,43.507075321132625,0.944673727804912,-16.0657856083645,2.7080577558859664,50,0.2,false,false,true,false
m05,raw,B0_canonical,matched,0.5,1.4,18.0,0.25,true,4,99,1113,177.0964533182515,80.55959526977637,14.540044449895726,1.4866418341568057,0.24402323477418517,-20.717595533827694,8.548118097444675,7.714177273007384,7.990413759986177,0.08071125010087048,0.22791182307598262,-0.10291730804827708,0.8059913877058669,0.030303030303030304,0,103.13148982761375,2.5899333226772443,-14.963975725242417,10.565012736850925,49,36.41235711578137,53.16882168581727,0.873814760080358,-20.71759553382769,2.5663606377006065,50,0.02,false,false,false,false
m05,raw,B0_canonical,tuned,0.7,1.4,15.0,0.25,true,4,99,1113,224.25757325556157,97.78558391480423,14.518056981713842,1.448862130982038,0.23523023582704122,-24.27185926659065,9.23940645800646,9.190648985860246,9.481572098527106,0.09577345554067786,0.24999999999999997,-0.1223688601925362,0.6862904734789632,0.010101010101010102,1,128.2887334212457,2.551469761593302,-17.64268601300059,11.43428757483072,49,42.03836010480258,61.909112168585764,0.833093854657907,-24.271859266590628,2.550653886404224,50,0.0,false,false,false,false
m05,raw,B1_draw_promoted,prod,0.35,1.4,23.0,0.25,true,4,99,1113,131.8519331014918,62.8303151334888,14.278676618316162,1.5267917881370798,0.2542024854710114,-16.452317806454918,8.014185882657875,5.767259203540376,6.533077293672024,0.06599067973406086,0.1892072822097813,-0.08245783128992236,0.8898262158784072,0.15151515151515152,0,75.41058100974519,2.548281821590567,-12.571343160263645,8.916504639320037,49,32.17670893445752,46.676419414798055,0.977926173553483,-16.452317806454918,2.8370725610761656,50,0.16,false,false,true,false
m05,raw,B1_draw_promoted,matched,0.5,1.4,18.0,0.25,true,4,99,1113,181.2149300744167,82.11064944358736,14.257661783003982,1.4853385788272844,0.24384713619682952,-20.782315382347612,8.719669908788878,7.318522979751352,8.28236951817542,0.08366029816338806,0.2392180957982596,-0.107710280690583,0.7946612048119956,0.020202020202020204,0,100.9469095941768,2.511253383415954,-15.742160993326145,9.80727741546627,49,39.944889245794045,58.64141629797075,0.9306729699998383,-20.78231538234761,2.8216979301440333,50,0.0,false,false,false,false
m05,raw,B1_draw_promoted,tuned,0.7,1.4,15.0,0.25,true,4,99,1113,228.74642406928837,99.36840738073141,14.228215292965592,1.443942049418551,0.23441042860648276,-24.34657754688158,9.395424208138332,8.719005568520409,9.81272609463194,0.09911844540032265,0.25,-0.1280148695515362,0.6763928259639262,0.010101010101010102,1,124.70723374601408,2.464808313352216,-18.54669478459089,10.536384676012576,49,46.29988478291236,68.61642188644561,0.8890060963590481,-24.346577546881594,2.8183189918303024,50,0.0,false,false,false,false
m05,raw,B2_plus_over15,prod,0.35,1.4,23.0,0.25,true,5,99,1164,140.047557730164,66.14293653796794,14.798390977505367,1.6320040709651447,0.27673876409134995,-16.065785608364493,8.71713099776768,5.6602671413962105,6.510578557453599,0.06576341977225854,0.18017802941094388,-0.07494406883641044,0.9024762153033317,0.21212121212121213,0,80.27796627232607,2.703049678759145,-11.9402639702145,10.050287211646518,49,33.154130087950165,48.16781720398182,1.0403150792360314,-16.065785608364497,2.9981613335424884,50,0.22,false,false,true,false
m05,raw,B2_plus_over15,matched,0.5,1.4,18.0,0.25,true,5,99,1164,192.01441224693298,86.13312789851267,14.650655737598608,1.5721610626676477,0.26143398940329043,-20.717595533827698,9.268180370323948,7.352297096426708,8.281492754789081,0.08365144196756648,0.22791182307598262,-0.10291730804827708,0.8088037713602138,0.030303030303030304,0,107.95935842080544,2.665544400309971,-14.963975725242399,11.115654468295224,49,40.41898112420703,59.37983865513963,0.9661559252492559,-20.71759553382771,2.8661549337703875,50,0.02,false,false,false,false
m05,raw,B2_plus_over15,tuned,0.7,1.4,15.0,0.25,true,5,99,1164,245.20113727670307,105.09438657853849,14.629670152129485,1.5349258715437495,0.25244719203357757,-24.27185926659063,10.10228077641394,8.74667647444469,9.827638941841212,0.09926908022061835,0.24999999999999997,-0.1223688601925362,0.6886721212218849,0.010101010101010102,1,134.71792242927972,2.627287738388392,-17.642686013000592,12.081734602021484,49,47.07063427621803,69.83738878516232,0.9262780513209106,-24.271859266590628,2.877298686437716,50,0.0,false,false,false,false
m05,raw,B3_plus_over25,prod,0.35,1.4,23.0,0.25,true,5,99,1195,134.86782176746078,64.05495434230208,14.415702984931368,1.5505906681020452,0.25248128325611235,-16.281594617367595,8.283452876513527,6.8974795865221195,6.561523058790062,0.06627801069484911,0.18017802941094388,-0.08155734545560031,0.9025673739855202,0.2222222222222222,0,82.80552833316494,2.6837256971581827,-12.88276777410492,9.63610072337447,49,28.479605572656318,41.07252579358578,0.8908459208072876,-16.281594617367595,2.522635328960572,50,0.22,false,false,true,false
m05,raw,B3_plus_over25,matched,0.5,1.4,18.0,0.25,true,5,99,1195,183.75091431674383,83.06097628176002,14.273152972401599,1.490728410097572,0.2380227167294205,-20.7719631976743,8.846102439528547,8.909761339660768,8.347555775559007,0.08431874520766676,0.22791182307598262,-0.10316969761943982,0.8095706408146732,0.020202020202020204,0,111.75162726166876,2.6485628799725776,-16.138896332557852,10.710290027274247,49,34.00176328567388,49.46449050264139,0.8150497901207752,-20.771963197674307,2.381310328345834,50,0.02,false,false,false,false
m05,raw,B3_plus_over25,tuned,0.7,1.4,15.0,0.25,true,5,99,1195,233.15288836346247,100.91337036963526,14.252548925741731,1.4523667948411678,0.22934542221732734,-24.419323459966268,9.547884843972026,10.579279440430614,9.906433847580773,0.1000649883594018,0.24999999999999997,-0.12267308863208447,0.6879097271790411,0.0,1,139.66212524265725,2.6086597324661223,-19.09769049131878,11.625015370360734,49,39.00940251871086,57.187086007062284,0.7738734316614861,-24.419323459966254,2.3418783940028662,50,0.0,false,false,false,false
m05,raw,B4_minus_away,prod,0.35,1.4,23.0,0.25,false,3,99,765,73.38204454236208,37.583224540010285,16.79256752142195,1.5158267459690167,0.28427755618590295,-16.739968913823844,4.383642820373656,6.575474003371335,3.5143783754718325,0.03549877146941245,0.11322507924246122,-0.07086890833793985,0.7039837693979283,0.020202020202020204,0,32.89293299725728,1.8409842094617952,-15.82250119741264,2.9260068039127067,49,30.46746778170686,44.07826212184358,1.4646639614715329,-9.960076140115849,4.425494494395592,50,0.02,false,false,true,false
m05,raw,B4_minus_away,matched,0.5,1.4,18.0,0.25,false,3,99,765,98.01907106279879,48.60021110659951,16.796139975173887,1.4929849330503995,0.2747049653307379,-20.954668300381407,4.677672280835612,8.313988334759093,4.444886004189571,0.044897838426157265,0.14324500830051703,-0.08965576401869069,0.6254829377363808,0.020202020202020204,0,42.472376126686285,1.8150985390477943,-19.70672362168852,3.0738275176139664,49,38.98769462981391,57.153381637256054,1.4401478705751336,-12.467224068649399,4.584290883242913,50,0.02,false,false,true,false
m05,raw,B4_minus_away,tuned,0.7,1.4,15.0,0.25,false,3,99,765,122.23515712622874,58.879852857490064,16.799398402792946,1.4722581780359756,0.27135073398592846,-24.667781277755456,4.955255430145075,9.87820039725967,5.284302045954951,0.053376788342979306,0.17033865329167092,-0.10661188655692293,0.5341195535231753,0.020202020202020204,0,51.400598986263525,1.7915167095657856,-23.104526902243535,3.2105671769693953,49,46.786180909622544,69.38649919775321,1.4179894077725859,-14.683554935806919,4.725456437565345,50,0.02,false,false,true,false
m05,raw,B5_is_keep,prod,0.35,1.4,23.0,0.25,true,3,99,703,62.45368507333884,32.486911271369934,13.207906029223247,0.9915299972449638,0.17049313947952388,-24.649629660710183,2.533656121125654,9.986453272944374,4.210098874803317,0.04252625126063955,0.08908363830139572,-0.06864911463878334,0.8147744416741314,0.08080808080808081,0,78.48874017130211,2.750492891372284,-11.613195640968751,10.082209647954343,49,-8.983790844494555,-12.125044881370972,-0.39968464278239924,-24.64962966071015,-0.4918956206752865,50,0.04,false,false,false,false
m05,raw,B5_is_keep,matched,0.5,1.4,18.0,0.25,true,3,99,703,80.3416164674744,40.758516322267056,13.175389440945294,0.9557442614721313,0.16252264956984847,-30.340051122498235,2.6480382693850575,12.457783457636559,5.331823349741206,0.05385680151253743,0.11280353340491943,-0.08684865712041441,0.7234955089832903,0.0,0,105.90426342087449,2.7254148667920117,-14.568419887814274,11.17615601807148,49,-12.414821591697322,-16.64141879080142,-0.44585841280346883,-30.340051122498245,-0.548496728750111,50,0.0,false,false,false,false
m05,raw,B5_is_keep,tuned,0.7,1.4,15.0,0.25,true,3,99,703,96.57749803583873,47.97205896886509,13.15763118670253,0.9239974307540924,0.15560140065897463,-35.14649121287147,2.7478560363507865,14.613128362512025,6.343601325343478,0.06407678106407555,0.13424851308516367,-0.10327527842750638,0.6147469995659015,0.0,0,133.33810516885714,2.701886270725389,-17.191343852459998,12.25580266059794,49,-15.754223728874672,-20.974248469238177,-0.48582155582514575,-35.146491212871474,-0.5967664977480572,50,0.0,false,false,false,false
m05,raw,B6_flat11,prod,0.35,1.4,23.0,0.25,true,11,99,1595,93.23398562246048,46.50765653670517,9.023408780998382,1.1325702219683607,0.17342158203839741,-22.731795917201396,4.101479089556198,8.998889562597109,8.412560664202697,0.08497536024447169,0.21788670061182422,-0.09437458201431426,0.769870899225345,0.0,0,76.70985098870955,2.373716132781271,-13.432294115402138,8.50166686822911,49,9.350998001128264,13.059824649071118,0.30400090217265685,-22.731795917201385,0.5745179437929325,50,0.0,false,false,false,false
m05,raw,B6_flat11,matched,0.5,1.4,18.0,0.25,true,11,99,1595,121.72508704825673,58.66833589174778,9.00446087147331,1.0859888956455273,0.16429002987287802,-28.060869466818538,4.337894347578731,11.28875694436105,10.615080669498205,0.10722303706563842,0.25000000000000006,-0.1193010708539894,0.6815255774702962,0.0,1,101.86984400183805,2.328286726966835,-16.817989568901822,9.27293637141755,49,9.835665720451958,13.748471977517829,0.2527481158074951,-28.060869466818545,0.4899517455713602,50,0.0,false,false,false,false
m05,raw,B6_flat11,tuned,0.7,1.4,15.0,0.25,true,11,99,1595,152.9209092381437,71.25182059329869,9.209323509227719,1.0751015913385646,0.16265540566644246,-31.594522166951062,4.840108308335302,13.07056328920097,12.481790199612014,0.12607868888496987,0.25000000000000006,-0.1306805758189847,0.5786797179826226,0.0,5,125.53875397180877,2.2790382535411196,-19.811780391939394,9.93745077083086,49,12.140776156703147,17.039201792056357,0.26294823404771994,-31.594522166951073,0.5393087352933583,50,0.0,false,false,false,false
m05,raw,B7_x1x2_ou25,prod,0.35,1.4,23.0,0.25,true,5,99,1230,130.41760131266707,62.24553896700655,13.451987583693873,1.4881748045565162,0.24343418734930103,-16.7386721911257,7.79139467118606,7.048490030949817,6.912466162824889,0.06982289053358473,0.18957420522783353,-0.08838087681719736,0.7627578534849689,0.0,0,74.83909091180973,2.416314928786784,-13.719949064939552,8.102686895121382,49,31.7883775939396,46.08502374084586,0.9670413929113549,-16.738672191125694,2.7532066590848623,50,0.0,false,false,true,false
m05,raw,B7_x1x2_ou25,matched,0.5,1.4,18.0,0.25,true,5,99,1230,178.7260347903823,81.17446039819689,13.451485882037831,1.4503205191677022,0.2343822547419092,-20.819803327099947,8.584424741310828,8.876373562856061,8.744734408640713,0.08833065059233045,0.23976676350480122,-0.11176769879584086,0.6753236783596978,0.0,0,100.15782532911915,2.3830861904631253,-17.172969646619638,8.912386169895067,49,39.25312904058267,57.5656384442486,0.9204348916324915,-20.819803327099937,2.764946312884653,50,0.0,false,false,false,false
m05,raw,B7_x1x2_ou25,tuned,0.7,1.4,15.0,0.25,true,5,99,1230,225.84360923734312,98.34588526836127,13.448169333248254,1.410596112004444,0.22544375697064742,-24.380392362792044,9.263329559126074,10.523567451732418,10.363287113914213,0.1046796678173153,0.24999999999999994,-0.13286034041315822,0.5734876479963925,0.0,1,124.05335943790044,2.3402725276729406,-20.224416193386563,9.605497119681543,49,45.431253543714575,67.2432718375782,0.8782425409076756,-24.380392362792037,2.7580881733552842,50,0.0,false,false,false,false
m05,inv,B0_canonical,prod,0.35,1.4,23.0,0.25,true,4,99,944,63.905023613587005,33.17184607508632,18.28475857794648,1.9432558790864105,0.3594347546244623,-6.860429425122247,9.315018004495874,2.434127818556576,2.811573436670826,0.0283997316835437,0.079387708781542,-0.03479416786622753,0.8913239639864352,0.26262626262626265,0,37.92029758053326,3.013888699190395,-5.0283457782507535,10.689056042534366,49,18.840392958027774,26.746127447232038,1.3514361647291524,-6.860429425122254,3.898608350854862,50,0.24,false,false,true,false
m05,inv,B0_canonical,matched,1.0,1.4,8.0,0.25,true,4,99,944,247.46682440460498,105.87373862373907,18.252345947470968,1.835458845879963,0.3255715600316145,-18.27006470866592,13.544934205253561,6.624564242883136,7.608690557325817,0.07685546017500824,0.2130866931253391,-0.09941190818922152,0.8486054473950378,0.1111111111111111,0,129.0318532577522,2.9451858657385563,-13.152925499063466,15.437352724278481,49,51.711135137856076,77.23877763805898,1.2137739745396767,-18.270064708665924,4.227613797198146,50,0.12,false,false,false,false
m05,inv,B0_canonical,tuned,1.0,1.4,8.0,0.25,true,4,99,944,247.46682440460498,105.87373862373907,18.252345947470968,1.835458845879963,0.3255715600316145,-18.27006470866592,13.544934205253561,6.624564242883136,7.608690557325817,0.07685546017500824,0.2130866931253391,-0.09941190818922152,0.8486054473950378,0.1111111111111111,0,129.0318532577522,2.9451858657385563,-13.152925499063466,15.437352724278481,49,51.711135137856076,77.23877763805898,1.2137739745396767,-18.270064708665924,4.227613797198146,50,0.12,false,false,false,false
m05,inv,B1_draw_promoted,prod,0.35,1.4,23.0,0.25,true,4,99,944,66.41849424063663,34.35203658437316,18.52048016840289,1.914751581364359,0.34831799142495096,-7.141772029427923,9.30000201167958,2.3840035708631797,2.868020809439036,0.028969907166050867,0.08166211253947087,-0.03933672660064637,0.8802774728411357,0.23232323232323232,0,38.69442794413971,3.0443396124427573,-5.26715496047913,10.423832792388097,49,19.989315149461472,28.431713191623032,1.3303080239542786,-7.141772029427914,3.981044630725987,50,0.2,false,false,true,false
m05,inv,B1_draw_promoted,matched,1.0,1.4,8.0,0.25,true,4,99,944,260.76886531758777,110.40699587749967,18.595639767599746,1.8193861164408753,0.3179327350834157,-18.730988324314225,13.921788898831903,6.424667667737455,7.7326238053352006,0.07810731116500202,0.2187301944329825,-0.10852285438476124,0.835444088362351,0.10101010101010101,0,131.8123963007801,2.9684027092616865,-13.745851310727204,15.130292136961502,49,55.62966910944866,83.55489300231724,1.2141852159515578,-18.730988324314225,4.460783998987215,50,0.08,false,false,false,false
m05,inv,B1_draw_promoted,tuned,1.0,1.4,8.0,0.25,true,4,99,944,260.76886531758777,110.40699587749967,18.595639767599746,1.8193861164408753,0.3179327350834157,-18.730988324314225,13.921788898831903,6.424667667737455,7.7326238053352006,0.07810731116500202,0.2187301944329825,-0.10852285438476124,0.835444088362351,0.10101010101010101,0,131.8123963007801,2.9684027092616865,-13.745851310727204,15.130292136961502,49,55.62966910944866,83.55489300231724,1.2141852159515578,-18.730988324314225,4.460783998987215,50,0.08,false,false,false,false
m05,inv,B2_plus_over15,prod,0.35,1.4,23.0,0.25,true,5,99,985,69.15153450129823,35.62685616780068,18.526324224659405,2.0614667007917933,0.3868728070285936,-6.860429425122273,10.079767637878694,2.25410002928545,2.9464784485300557,0.02976240857101066,0.079387708781542,-0.03479416786622753,0.8934718716084519,0.26262626262626265,0,38.84405313527621,3.0601228256696955,-5.028345778250734,10.963359962911618,49,21.8284331821496,31.142429267033812,1.5424158200697116,-6.860429425122251,4.539428560112163,50,0.24,false,false,true,false
m05,inv,B2_plus_over15,matched,1.0,1.4,8.0,0.25,true,5,99,985,277.9471163809243,116.15859925886163,18.491543362072644,1.9564573759566228,0.35167094517091935,-18.27006470866593,15.213252980384206,6.153513865006122,7.974162481616197,0.08054709577390098,0.2130866931253391,-0.09941190818922152,0.8506357536684331,0.13131313131313133,0,133.09420156967718,2.9926156153522183,-13.152925499063453,15.985743375698608,49,62.14350843384124,94.18574928372216,1.4068586259570794,-18.27006470866594,5.155195166826505,50,0.16,false,false,false,false
m05,inv,B2_plus_over15,tuned,1.0,1.4,8.0,0.25,true,5,99,985,277.9471163809243,116.15859925886163,18.491543362072644,1.9564573759566228,0.35167094517091935,-18.27006470866593,15.213252980384206,6.153513865006122,7.974162481616197,0.08054709577390098,0.2130866931253391,-0.09941190818922152,0.8506357536684331,0.13131313131313133,0,133.09420156967718,2.9926156153522183,-13.152925499063453,15.985743375698608,49,62.14350843384124,94.18574928372216,1.4068586259570794,-18.27006470866594,5.155195166826505,50,0.16,false,false,false,false
m05,inv,B3_plus_over25,prod,0.35,1.4,23.0,0.25,true,5,99,991,64.42369956611054,33.41600775747635,17.913514300051062,1.929256751456976,0.3517035810623145,-6.860429425122279,9.39062201123981,2.6617585112528293,2.890449613960102,0.029196460747071742,0.079387708781542,-0.03479416786622753,0.8893035159423822,0.26262626262626265,0,39.48975426104624,3.047569924621278,-5.232327044427426,10.720570352476164,49,17.87510877566112,25.334647630996066,1.280543200052771,-6.860429425122264,3.692866154737035,50,0.24,false,false,true,false
m05,inv,B3_plus_over25,matched,1.0,1.4,8.0,0.25,true,5,99,991,249.4000051990531,106.53702807204834,17.873447360173042,1.818888076219802,0.31785042026143767,-18.27006470866592,13.6507455871657,7.2108574862063834,7.822109178839161,0.07901120382665819,0.2130866931253391,-0.09941190818922152,0.8466493304586162,0.12121212121212122,0,135.668679953574,2.976490517320112,-13.674232132335751,15.71221814406195,49,48.2589902348856,71.72457846841651,1.1402368512698047,-18.27006470866593,3.92579772497444,50,0.14,false,false,false,false
m05,inv,B3_plus_over25,tuned,1.0,1.4,8.0,0.25,true,5,99,991,249.4000051990531,106.53702807204834,17.873447360173042,1.818888076219802,0.31785042026143767,-18.27006470866592,13.6507455871657,7.2108574862063834,7.822109178839161,0.07901120382665819,0.2130866931253391,-0.09941190818922152,0.8466493304586162,0.12121212121212122,0,135.668679953574,2.976490517320112,-13.674232132335751,15.71221814406195,49,48.2589902348856,71.72457846841651,1.1402368512698047,-18.27006470866593,3.92579772497444,50,0.14,false,false,false,false
m05,inv,B4_minus_away,prod,0.35,1.4,23.0,0.25,false,3,99,585,42.058589347507436,22.573008820059968,23.64521265026212,1.9617573352762265,0.4177904827123119,-6.033795808073253,6.970502596596458,1.9425234867374899,1.5266509262820112,0.015420716427091018,0.05713187198387902,-0.02554094445388627,0.6539911639699076,0.050505050505050504,0,17.86466845411143,2.2207657177476685,-6.033795808073254,4.076416991621227,49,20.526864590312233,29.22242675796909,2.046804346720431,-4.2266681934612995,6.913820867977404,50,0.06,true,false,true,false
m05,inv,B4_minus_away,matched,1.0,1.4,8.0,0.25,false,3,99,581,146.52964203578676,68.72941546887412,23.6921086698712,1.9143610395489765,0.38994230170223393,-15.655130125313399,9.359848232679791,5.167712562805422,4.102265552316373,0.04143702578097347,0.15338675092618115,-0.06841832179052293,0.6163123047588511,0.04040404040404041,0,52.56572927033365,2.1756440873073477,-15.655130125313399,4.852999030617152,49,61.589134869835064,93.27467962026503,1.9923767450914314,-11.030977532466165,8.45570388895642,50,0.04,true,true,true,true
m05,inv,B4_minus_away,tuned,1.0,1.4,8.0,0.25,false,3,99,581,146.52964203578676,68.72941546887412,23.6921086698712,1.9143610395489765,0.38994230170223393,-15.655130125313399,9.359848232679791,5.167712562805422,4.102265552316373,0.04143702578097347,0.15338675092618115,-0.06841832179052293,0.6163123047588511,0.04040404040404041,0,52.56572927033365,2.1756440873073477,-15.655130125313399,4.852999030617152,49,61.589134869835064,93.27467962026503,1.9923767450914314,-11.030977532466165,8.45570388895642,50,0.04,true,true,true,true
m05,inv,B5_is_keep,prod,0.35,1.4,23.0,0.25,true,3,99,785,36.75015529757219,19.896298788647982,14.622125312500724,1.1094701724201874,0.1778231465696382,-12.018106241961407,3.0578990198354585,4.360111893457021,2.301257937596086,0.023245029672687736,0.05696200536528351,-0.05311192729525742,0.8864545345432318,0.24242424242424243,0,38.23585309180852,2.9592311494856065,-4.787700635700958,11.324661265549043,49,-1.07475576054048,-1.4728032644580225,-0.07382485124008785,-12.018106241961489,-0.12254869734099177,50,0.22,false,false,true,false
m05,inv,B5_is_keep,matched,1.0,1.4,8.0,0.25,true,3,99,785,107.74843234433078,52.79047950550486,14.463752649346436,0.9658028886185638,0.14744130150996118,-30.774946458993853,3.501173673458715,11.664085736171007,6.230003231651776,0.06292932557224017,0.15487265859686764,-0.1517483637007355,0.8449053005667027,0.1414141414141414,0,130.14307841850763,2.881995012419108,-12.564750625520528,16.316689557437737,49,-9.730749335616718,-13.113791102143724,-0.2589624810137426,-30.774946458993856,-0.426119054979258,50,0.12,false,false,false,false
m05,inv,B5_is_keep,tuned,1.0,1.4,8.0,0.25,true,3,99,785,107.74843234433078,52.79047950550486,14.463752649346436,0.9658028886185638,0.14744130150996118,-30.774946458993853,3.501173673458715,11.664085736171007,6.230003231651776,0.06292932557224017,0.15487265859686764,-0.1517483637007355,0.8449053005667027,0.1414141414141414,0,130.14307841850763,2.881995012419108,-12.564750625520528,16.316689557437737,49,-9.730749335616718,-13.113791102143724,-0.2589624810137426,-30.774946458993856,-0.426119054979258,50,0.12,false,false,false,false
m05,inv,B6_flat11,prod,0.35,1.4,23.0,0.25,true,11,99,1313,41.47534330559688,22.280994567056634,9.541324358037036,1.199796610916458,0.18665731564074078,-12.378978664815994,3.3504656909604087,4.34085698105696,3.8957685361122305,0.03935119733446697,0.1050644630949851,-0.05941590344203006,0.768851316526039,0.010101010101010102,0,33.22114633710673,2.431187601903833,-5.486747137112531,8.526064289473043,49,6.195860939076092,8.604760450925152,0.4080009616002187,-12.37897866481599,0.6951106940172643,50,0.0,false,false,true,false
m05,inv,B6_flat11,matched,1.0,1.4,8.0,0.25,true,11,99,1313,130.3586195310927,62.22145943533555,9.720399365931254,1.099888888486748,0.16648682948278073,-29.850511954624775,4.367048033522791,11.0166519245295,10.34507874310648,0.10449574487986348,0.25,-0.14757616108468888,0.721646994177107,0.010101010101010102,4,103.98429606301156,2.3186678645238734,-14.301543044419056,11.155812059880235,49,12.92958525588357,18.171125098930595,0.3132011540180383,-29.850511954624785,0.6087374691111559,50,0.0,false,false,false,false
m05,inv,B6_flat11,tuned,1.0,1.4,8.0,0.25,true,11,99,1313,130.3586195310927,62.22145943533555,9.720399365931254,1.099888888486748,0.16648682948278073,-29.850511954624775,4.367048033522791,11.0166519245295,10.34507874310648,0.10449574487986348,0.25,-0.14757616108468888,0.721646994177107,0.010101010101010102,4,103.98429606301156,2.3186678645238734,-14.301543044419056,11.155812059880235,49,12.92958525588357,18.171125098930595,0.3132011540180383,-29.850511954624785,0.6087374691111559,50,0.0,false,false,false,false
m05,inv,B7_x1x2_ou25,prod,0.35,1.4,23.0,0.25,true,5,99,1026,63.78710730487593,33.11629283767192,17.213718030266044,1.851444336220043,0.3321402920513718,-7.341796653596087,8.688214930827913,2.8988070353553406,2.9930068748881125,0.030232392675637494,0.08308884761977817,-0.039445239122224245,0.7625710134858577,0.010101010101010102,0,35.102545056003564,2.6756711994095355,-5.536582800375354,8.951423289813814,49,21.231696439901903,30.261200869988315,1.4399575299723846,-7.3417966535960675,4.121770500844115,50,0.0,false,false,true,false
m05,inv,B7_x1x2_ou25,matched,1.0,1.4,8.0,0.25,true,5,99,1026,242.50170049906941,104.16302128735025,17.222592579036384,1.74849157074126,0.30186235241323156,-18.926729792933635,12.8126571865367,7.680028529911936,8.038805149917847,0.0812000520193722,0.2226907101397995,-0.10577183898999024,0.7164180837880364,0.010101010101010102,0,115.04597473356833,2.588237234323041,-14.428808852530368,12.374304672528034,49,59.269059057446924,89.47449071475558,1.3139993969640804,-18.92672979293364,4.727414175277189,50,0.0,false,false,false,false
m05,inv,B7_x1x2_ou25,tuned,1.0,1.4,8.0,0.25,true,5,99,1026,242.50170049906941,104.16302128735025,17.222592579036384,1.74849157074126,0.30186235241323156,-18.926729792933635,12.8126571865367,7.680028529911936,8.038805149917847,0.0812000520193722,0.2226907101397995,-0.10577183898999024,0.7164180837880364,0.010101010101010102,0,115.04597473356833,2.588237234323041,-14.428808852530368,12.374304672528034,49,59.269059057446924,89.47449071475558,1.3139993969640804,-18.92672979293364,4.727414175277189,50,0.0,false,false,false,false
m05,std,B0_canonical,prod,0.35,1.4,23.0,0.25,true,4,99,1078,63.011300759544795,32.75037160456375,12.916433000914441,1.4841650866716536,0.24254794673091418,-10.835585223383786,5.815218971612438,4.21476232041454,4.035707388484694,0.040764721095804986,0.10048137722390703,-0.04790486420443582,0.8943259840789995,0.20202020202020202,0,35.85713078930917,2.272525473393607,-8.204345649388548,6.177086916147799,49,19.987298283479117,28.428748947494633,1.0813064690218208,-9.078704520775085,3.131366251918457,50,0.18,false,false,true,false
m05,std,B0_canonical,matched,1.0,1.0,10.0,0.2,true,4,99,1078,160.0137289020505,74.01994759787205,12.518449030806185,1.3099154858815836,0.2186494066655934,-22.527542022836904,7.103026541459311,9.097651620121576,8.913388103231473,0.09003422326496437,0.2,-0.1081181461013722,0.5953208368813234,0.010101010101010102,1,85.88640850495813,2.067673986322543,-15.665642073927092,8.247855048233385,49,39.87775168355849,58.53692146496723,0.9009724416343661,-19.47430647082205,3.0058539723954683,50,0.0,false,false,false,false
m05,std,B0_canonical,tuned,0.8,1.0,10.0,0.25,true,4,99,1078,159.65367160876625,73.8801980310319,12.472693913596757,1.3078794179656985,0.21829002956998653,-22.634822986965514,7.053453508370902,9.131414581495184,8.935123513489078,0.09025377286352604,0.22173541025760748,-0.10811814610137163,0.7416257935764099,0.010101010101010102,0,85.62899995431255,2.062422037837752,-15.665642073927053,8.2207542098679,49,39.87775168355834,58.53692146496699,0.900972441634363,-19.47430647082201,3.0058539723954616,50,0.0,false,false,false,false
m05,std,B1_draw_promoted,prod,0.35,1.4,23.0,0.25,true,4,99,1078,63.53992851877719,32.999786335582826,12.6068346644407,1.4833925992426529,0.24173077960772735,-10.734377458798761,5.919293295084825,4.090187769034492,4.164050145020825,0.04206111257596793,0.10482348371372857,-0.05091904302351954,0.8869690456716781,0.15151515151515152,0,35.497465197593,2.2233489523002556,-8.263085114034821,6.068616628259476,49,20.69593204588034,29.4713905801991,1.112221803532251,-9.08923433416051,3.2424502985290347,50,0.12,false,false,true,false
m05,std,B1_draw_promoted,matched,1.0,1.0,10.0,0.2,true,4,99,1078,160.0137289020505,74.01994759787205,12.518449030806185,1.3099154858815836,0.2186494066655934,-22.527542022836904,7.103026541459311,9.097651620121576,8.913388103231473,0.09003422326496437,0.2,-0.1081181461013722,0.5953208368813234,0.010101010101010102,1,85.88640850495813,2.067673986322543,-15.665642073927092,8.247855048233385,49,39.87775168355849,58.53692146496723,0.9009724416343661,-19.47430647082205,3.0058539723954683,50,0.0,false,false,false,false
m05,std,B1_draw_promoted,tuned,0.8,1.0,10.0,0.25,true,4,99,1078,159.65367160876625,73.8801980310319,12.472693913596757,1.3078794179656985,0.21829002956998653,-22.634822986965514,7.053453508370902,9.131414581495184,8.935123513489078,0.09025377286352604,0.22173541025760748,-0.10811814610137163,0.7416257935764099,0.010101010101010102,0,85.62899995431255,2.062422037837752,-15.665642073927053,8.2207542098679,49,39.87775168355834,58.53692146496699,0.900972441634363,-19.47430647082201,3.0058539723954616,50,0.0,false,false,false,false
m05,std,B2_plus_over15,prod,0.35,1.4,23.0,0.25,true,5,99,1120,68.68588798870508,35.410271732055044,13.182081307467056,1.5990390270308352,0.26584873977320034,-10.163143853790007,6.758330785910401,3.8703243861712324,4.2121012317275595,0.04254647708815717,0.10048137722390703,-0.04790486420443582,0.8972670985826163,0.21212121212121213,0,37.55150447152149,2.3517943041308302,-7.92313677121858,6.714320646401723,49,22.634709548836373,32.33565394962537,1.2283419385753518,-9.078704520775084,3.5617035311184186,50,0.18,false,false,true,false
m05,std,B2_plus_over15,matched,1.0,1.0,10.0,0.2,true,5,99,1120,182.40229308243835,82.5560445694647,12.759168346667622,1.4404510350388597,0.24195184560312832,-20.79363615674716,8.772024849691915,8.16786497240375,9.370334028650342,0.09464983867323579,0.2,-0.1081181461013722,0.5974857668441598,0.010101010101010102,1,91.6121357767052,2.1559672958566427,-15.665642073927087,8.85393690426016,49,47.38225840326491,70.33172060559656,1.0660797465153262,-19.474306470822064,3.611513493996465,50,0.0,false,false,false,false
m05,std,B2_plus_over15,tuned,0.8,1.0,10.0,0.25,true,5,99,1120,182.0112329422916,82.40943995025414,12.715082241957603,1.438368997990867,0.24157931628875806,-20.903318168911085,8.707289028064059,8.200244475854566,9.39206943890795,0.09486938827179749,0.22173541025760748,-0.10811814610137163,0.7443319560299549,0.010101010101010102,0,91.34679845294377,2.1507081396727226,-15.66564207392705,8.825713446499831,49,47.38225840326473,70.33172060559627,1.0660797465153256,-19.474306470822015,3.6115134939964597,50,0.0,false,false,false,false
m05,std,B3_plus_over25,prod,0.35,1.4,23.0,0.25,true,5,99,1138,66.67836311842483,34.47362835928354,12.97590538288291,1.516643060594355,0.24576732277087868,-10.663923117297983,6.2527047865025995,4.269084072089245,4.200847764405425,0.0424328057010649,0.10048137722390703,-0.052803650333824316,0.8964520590883029,0.21212121212121213,0,40.0526907483828,2.4253530393158518,-8.500419068576285,6.698130254003999,49,19.011182311289907,26.996309637636216,1.0151233172157974,-9.004044194620564,2.9982426845222587,50,0.18,false,false,true,false
m05,std,B3_plus_over25,matched,1.0,1.0,10.0,0.2,true,5,99,1138,172.0218107725708,78.6350536444544,12.536816116575368,1.3354935956172675,0.21117187705734097,-22.342662953271287,7.699252821042281,10.096695161966172,9.332042505664488,0.09426305561277262,0.2,-0.12072876744362847,0.5914023216183995,0.0,1,99.11986914685946,2.216446886525996,-16.85807428823795,8.97480933844927,49,36.61208795388622,53.47684880063495,0.8212809526301285,-21.854706666378945,2.446925946752842,50,0.0,false,false,false,false
m05,std,B3_plus_over25,tuned,0.8,1.0,10.0,0.25,true,5,99,1138,171.64512513633667,78.49159784117505,12.49306621750109,1.3335097895250525,0.2108416216725825,-22.45019993102532,7.645594500881467,10.125025250984338,9.353777915922096,0.09448260521133432,0.22173541025760748,-0.12072876744362847,0.7392529020230076,0.0,0,98.8441353945424,2.2113241823260967,-16.858074288237972,8.947198326026005,49,36.61208795388604,53.47684880063468,0.8212809526301249,-21.85470666637896,2.446925946752828,50,0.0,false,false,false,false
m05,std,B4_minus_away,prod,0.35,1.4,23.0,0.25,false,3,99,727,36.14364441206352,19.58771606234384,14.606500492560098,1.4484462912905476,0.2454333857781489,-12.221214300573157,2.9574511601820483,5.143183570722087,2.205259477690076,0.022275348259495713,0.06546210929533526,-0.04741870481606213,0.684127509376717,0.010101010101010102,0,17.798509432161037,1.8498023881366217,-10.093411606640293,2.427594086150773,49,15.573316732388044,21.98628765796311,1.3374522213951046,-6.0376968651859055,3.641502405451774,50,0.0,false,false,true,false
m05,std,B4_minus_away,matched,1.0,1.0,10.0,0.2,false,3,99,726,88.60878870745748,44.46422332805962,14.218903027027602,1.3728189881353745,0.2243789497495231,-25.0606163546577,3.5357785081366875,10.801311149098098,4.911906401543294,0.04961521617720498,0.14892119044197316,-0.10984957373231798,0.5001196240786061,0.010101010101010102,0,38.71086882956529,1.6523322373684415,-21.404997173309013,2.5661535892552907,49,35.97261000448493,52.491231980812984,1.335958191157163,-12.06654259023207,4.350146828579126,50,0.0,false,false,true,false
m05,std,B4_minus_away,tuned,0.8,1.0,10.0,0.25,false,3,99,726,88.60878870745876,44.46422332806019,14.21890302702773,1.372818988135389,0.22437894974952577,-25.060616354657544,3.5357785081367608,10.801311149098014,4.911906401543303,0.04961521617720506,0.14892119044197313,-0.10984957373231798,0.6226242775730152,0.010101010101010102,0,38.710868829565406,1.6523322373684508,-21.404997173308995,2.5661535892553,49,35.97261000448573,52.49123198081422,1.3359581911571854,-12.066542590232043,4.350146828579238,50,0.0,false,false,true,false
m05,std,B5_is_keep,prod,0.35,1.4,23.0,0.25,true,3,99,688,37.94385816557839,20.501960125142602,12.108984926331559,1.0271687466476187,0.17851075360860666,-14.2443316272138,2.6637864912585045,5.7485130797852975,2.8953436517778695,0.02924589547250373,0.05969571686866526,-0.044053167957044864,0.8415143278377943,0.09090909090909091,0,36.870785215630605,2.3259904382300043,-7.62400323063153,6.8448275190134575,49,0.7840043792086249,1.0781043365751808,0.05107947772248487,-14.244331627213823,0.07568655130967748,50,0.06,false,false,true,false
m05,std,B5_is_keep,matched,1.0,1.0,10.0,0.2,true,3,99,688,85.55938952935584,43.10545137382202,11.975705945825727,0.8947318862708488,0.1557240027980676,-30.49966102182717,2.8052570639432686,12.423625540006405,6.342930280935806,0.06407000283773542,0.13460315388652955,-0.0935923822116565,0.5483984806344989,0.0,0,88.12216699494073,2.106487484522138,-16.117525985845532,8.245917565760179,49,-1.3622942508704439,-1.8658261716448576,-0.04084701514473409,-30.499661021827183,-0.06117530848325078,50,0.0,false,false,false,false
m05,std,B5_is_keep,tuned,0.8,1.0,10.0,0.25,true,3,99,688,85.55938952935537,43.10545137382182,11.975705945825693,0.8947318862708452,0.1557240027980671,-30.49966102182722,2.8052570639432486,12.423625540006423,6.342930280935808,0.06407000283773544,0.1346031538865295,-0.09359238221165649,0.6854981007931306,0.0,0,88.12216699494083,2.1064874845221393,-16.1175259858455,8.245917565760204,49,-1.3622942508706881,-1.8658261716451907,-0.04084701514474187,-30.49966102182722,-0.06117530848326163,50,0.0,false,false,false,false
m05,std,B6_flat11,prod,0.35,1.4,23.0,0.25,true,11,99,1497,52.78645136073319,27.857256057843305,8.583474816176466,1.2056956779779429,0.18352756646302196,-13.685827059516772,3.8570158114066517,5.325563920272413,5.365064351260732,0.05419256920465386,0.1085376716895851,-0.05480573847634738,0.769722939858165,0.0,0,40.33546493658211,2.2782148466055077,-7.745466526205614,7.405750857471849,49,8.87230211534753,12.380779444768365,0.48544832157894613,-13.685827059516765,0.9046424005598621,50,0.0,false,false,true,false
m05,std,B6_flat11,matched,1.0,1.0,10.0,0.2,true,11,99,1497,132.68734612632446,63.17021194334102,8.81642721650714,1.1172183009855008,0.16636858273799476,-27.296502449327807,4.8609651134844185,11.254715377677998,11.506936829805655,0.11623168514955211,0.20000000000000007,-0.12002672840989936,0.5900440531180119,0.0,11,100.64732225395798,2.1701783714127,-16.591248890538722,9.274796059039055,49,15.968328663670661,22.559148154290874,0.3944106761296542,-27.29650244932782,0.8264483039967779,50,0.0,false,false,false,false
m05,std,B6_flat11,tuned,0.8,1.0,10.0,0.25,true,11,99,1497,130.44481078257712,62.2566464611763,8.576695676205423,1.0929283461016535,0.1610397901402083,-28.11570887102982,4.639570404607024,11.463908396661116,11.754034435377411,0.11872762055936782,0.23784854855330095,-0.12002672840989954,0.7375550663975246,0.0,0,101.81356186190169,2.18483931080982,-16.59124889053872,9.393908717035664,49,14.186979634335684,19.981559712917818,0.34751469978675165,-28.115708871029824,0.7106902338680366,50,0.0,false,false,false,false
m05,std,B7_x1x2_ou25,prod,0.35,1.4,23.0,0.25,true,5,99,1174,60.78553092760743,31.696469536273163,11.64822745602078,1.37324831906883,0.22868442851987317,-10.825778109587253,5.614887938057412,4.505055899494314,4.384121660405055,0.044284057175808626,0.10163076914712617,-0.05654341408592225,0.7670828708660099,0.0,0,36.403674227023444,2.1659222173264494,-8.035884515620968,6.407572153445932,49,17.87478001509255,25.334167635543725,0.9366731468941883,-10.82577810958726,2.340170598278557,50,0.0,false,false,true,false
m05,std,B7_x1x2_ou25,matched,1.0,1.0,10.0,0.2,true,5,99,1174,158.95140301346257,73.60739095253696,11.68601439457096,1.2691645427252125,0.20435588800358948,-22.853778338245395,6.955147663590497,9.934026630992403,9.585479346771352,0.09682302370476115,0.2,-0.12383541809875392,0.588200062275452,0.0,1,90.4485270271153,2.0745016361147273,-17.195159415390595,7.953703124624512,49,35.96923381643911,52.48603289910039,0.8072564925493616,-22.853778338245405,2.2966019938710054,50,0.0,false,false,false,false
m05,std,B7_x1x2_ou25,tuned,0.8,1.0,10.0,0.25,true,5,99,1174,158.59935282932165,73.4705146338281,11.64436878518705,1.2672313638462256,0.20403084636369387,-22.85377833824552,6.939743200532735,9.956570132700564,9.60822398626701,0.09705276753805066,0.22274463949565165,-0.12383541809875397,0.7352500778443254,0.0,0,90.18960802444167,2.0695483242489803,-17.1951594153906,7.9286636197488285,49,35.96923381643891,52.486032899100074,0.8072564925493568,-22.853778338245476,2.2966019938709845,50,0.0,false,false,false,false
m05,inv_anch,B0_canonical,prod,0.35,1.4,23.0,0.25,true,4,99,956,65.40298794046278,33.87611756677074,18.08552797818943,1.9435550821063805,0.3587035032259127,-6.921139523504287,9.449742736489174,2.4813389784693474,2.8969323133599225,0.02926194255919114,0.08115386360405746,-0.03518038175314771,0.8827279614157582,0.23232323232323232,0,38.68664022297743,3.015588645237795,-5.046702380701672,10.876866032236952,49,19.26382214936593,27.366636861038973,1.3530489879078365,-6.921139523504275,3.9540651894245937,50,0.22,false,false,true,false
m05,inv_anch,B0_canonical,matched,1.0,1.4,8.0,0.25,true,4,99,956,254.6038052014425,108.31487185295208,18.041283836418092,1.8326021274265345,0.32410977096991667,-18.429439516516023,13.815059593823928,6.758880042663122,7.839124677737763,0.07918307755290668,0.21781140319427822,-0.10051537643756489,0.8398629250342097,0.12121212121212122,0,132.02151663660842,2.944707901743879,-13.198427373510244,15.786010704827321,49,52.832293462171556,79.03977986155377,1.2117990237365837,-18.429439516516,4.28877827731659,50,0.16,false,false,false,false
m05,inv_anch,B0_canonical,tuned,1.0,1.4,8.0,0.25,true,4,99,956,254.6038052014425,108.31487185295208,18.041283836418092,1.8326021274265345,0.32410977096991667,-18.429439516516023,13.815059593823928,6.758880042663122,7.839124677737763,0.07918307755290668,0.21781140319427822,-0.10051537643756489,0.8398629250342097,0.12121212121212122,0,132.02151663660842,2.944707901743879,-13.198427373510244,15.786010704827321,49,52.832293462171556,79.03977986155377,1.2117990237365837,-18.429439516516,4.28877827731659,50,0.16,false,false,false,false
m05,inv_anch,B1_draw_promoted,prod,0.35,1.4,23.0,0.25,true,4,99,956,68.00707227370026,35.0940860617204,18.33245391626254,1.9173915148301686,0.34403212082790263,-7.205125920851187,9.43870697344678,2.426925339393936,2.953434321760223,0.029832669916769926,0.08343329285721562,-0.03972230543300091,0.8717801762916627,0.20202020202020202,0,39.55781793726234,3.0512075722810508,-5.2770762920075365,10.64897267915723,49,20.385281711144998,29.014036145483235,1.3309771729657736,-7.205125920851194,4.026860385814825,50,0.18,false,false,true,false
m05,inv_anch,B1_draw_promoted,matched,1.0,1.4,8.0,0.25,true,4,99,956,268.6392307582487,113.05611057803766,18.396453012674804,1.8183320222090635,0.313071861820948,-18.941297902594492,14.182725605168361,6.5456560836292,7.9632876405776445,0.08043724889472369,0.22347325449548147,-0.11010541846680488,0.8268151124931873,0.09090909090909091,0,135.27113885234107,2.973296575294135,-13.769833894636896,15.55154109207969,49,56.68697510305809,85.26937199866644,1.2106795899061977,-18.941297902594492,4.501770281908012,50,0.08,false,false,false,false
m05,inv_anch,B1_draw_promoted,tuned,1.0,1.4,8.0,0.25,true,4,99,956,268.6392307582487,113.05611057803766,18.396453012674804,1.8183320222090635,0.313071861820948,-18.941297902594492,14.182725605168361,6.5456560836292,7.9632876405776445,0.08043724889472369,0.22347325449548147,-0.11010541846680488,0.8268151124931873,0.09090909090909091,0,135.27113885234107,2.973296575294135,-13.769833894636896,15.55154109207969,49,56.68697510305809,85.26937199866644,1.2106795899061977,-18.941297902594492,4.501770281908012,50,0.08,false,false,false,false
m05,inv_anch,B2_plus_over15,prod,0.35,1.4,23.0,0.25,true,5,99,989,70.47359665073314,36.240420522002424,18.37537317133924,2.0554172881203963,0.38867617372841573,-6.921139523504278,10.18236901761681,2.2944536388695456,3.0169711977614475,0.03047445654304492,0.08115386360405746,-0.03518038175314771,0.8846247076689202,0.23232323232323232,0,39.407349748244826,3.04869571907807,-5.046702380701669,11.090443815505676,49,22.28451151147388,31.817028064860242,1.5422084698906595,-6.92113952350429,4.597079419770278,50,0.22,false,false,true,false
m05,inv_anch,B2_plus_over15,matched,1.0,1.4,8.0,0.25,true,5,99,989,284.3936775587275,118.28856423461538,18.331179746428305,1.9472978001281327,0.3524946395517464,-18.429439516516,15.431488152629985,6.270505222837539,8.163695506704329,0.08246157077479119,0.21781140319427822,-0.10051537643756489,0.8416142072748374,0.12121212121212122,0,135.18670602567923,2.978883150271945,-13.198427373510224,16.213394801301547,49,63.44192410125294,96.32414152265112,1.4032656254843854,-18.429439516516023,5.22664519647099,50,0.16,false,false,false,false
m05,inv_anch,B2_plus_over15,tuned,1.0,1.4,8.0,0.25,true,5,99,989,284.3936775587275,118.28856423461538,18.331179746428305,1.9472978001281327,0.3524946395517464,-18.429439516516,15.431488152629985,6.270505222837539,8.163695506704329,0.08246157077479119,0.21781140319427822,-0.10051537643756489,0.8416142072748374,0.12121212121212122,0,135.18670602567923,2.978883150271945,-13.198427373510224,16.213394801301547,49,63.44192410125294,96.32414152265112,1.4032656254843854,-18.429439516516023,5.22664519647099,50,0.16,false,false,false,false
m05,inv_anch,B3_plus_over25,prod,0.35,1.4,23.0,0.25,true,5,99,998,65.9586362437808,34.136674870453135,17.768658501015874,1.9319567084012206,0.35134830401678363,-6.941281112530347,9.50237213771861,2.710630865717314,2.970357133831943,0.030003607412443876,0.08115386360405746,-0.03518038175314771,0.8800062201148527,0.24242424242424243,0,40.343687158366826,3.0626880817250335,-5.210329477211951,11.011459245985707,49,18.25158623380716,25.884638054635477,1.2797342070536948,-6.941281112530355,3.729086552611837,50,0.24,false,false,true,false
m05,inv_anch,B3_plus_over25,matched,1.0,1.4,8.0,0.25,true,5,99,998,256.96004087917447,109.11625538458244,17.72399011772676,1.8194986943526759,0.3170815508042972,-18.429439516516005,13.942911321252785,7.344972999379987,8.03709531752871,0.08118278098513848,0.21781140319427822,-0.10051537643756489,0.8371734265874261,0.12121212121212122,0,139.1270004174895,2.9899479947850187,-13.616306370099725,16.23416435078759,49,49.2763428035986,73.34469524201224,1.1376171917640778,-18.429439516516,3.979757234411962,50,0.16,false,false,false,false
m05,inv_anch,B3_plus_over25,tuned,1.0,1.4,8.0,0.25,true,5,99,998,256.96004087917447,109.11625538458244,17.72399011772676,1.8194986943526759,0.3170815508042972,-18.429439516516005,13.942911321252785,7.344972999379987,8.03709531752871,0.08118278098513848,0.21781140319427822,-0.10051537643756489,0.8371734265874261,0.12121212121212122,0,139.1270004174895,2.9899479947850187,-13.616306370099725,16.23416435078759,49,49.2763428035986,73.34469524201224,1.1376171917640778,-18.429439516516,3.979757234411962,50,0.16,false,false,false,false
m05,inv_anch,B4_minus_away,prod,0.35,1.4,23.0,0.25,false,3,99,594,42.404512786162215,22.745964569473486,23.240703440432004,1.9560597110858151,0.4222075983721697,-6.084328455453844,6.969464764538121,1.9560459815258664,1.5645191146116832,0.015803223379916,0.05840214002818141,-0.02537847476040071,0.6453877009396969,0.04040404040404041,0,17.930214104071716,2.2081597003777014,-6.084328455453844,4.057798563097036,49,20.753204654145986,29.55575807834492,2.0462509452291906,-4.235391872430756,6.978281813952298,50,0.04,true,false,true,false
m05,inv_anch,B4_minus_away,matched,1.0,1.4,8.0,0.25,false,3,99,594,147.94279093451297,69.28947897771474,23.286639242795165,1.9079374990299078,0.403001280959526,-15.779802741117102,9.375452492129165,5.218087040097777,4.203999658944694,0.04246464301964337,0.15678453033160925,-0.06798730504658942,0.607639150767586,0.030303030303030304,0,52.74061903172851,2.162047250858688,-15.779802741117102,4.831763316707831,49,62.329308671328775,94.49135780038722,1.9911412862373394,-11.053274522561837,8.54872079830392,50,0.02,true,true,true,true
m05,inv_anch,B4_minus_away,tuned,1.0,1.4,8.0,0.25,false,3,99,594,147.94279093451297,69.28947897771474,23.286639242795165,1.9079374990299078,0.403001280959526,-15.779802741117102,9.375452492129165,5.218087040097777,4.203999658944694,0.04246464301964337,0.15678453033160925,-0.06798730504658942,0.607639150767586,0.030303030303030304,0,52.74061903172851,2.162047250858688,-15.779802741117102,4.831763316707831,49,62.329308671328775,94.49135780038722,1.9911412862373394,-11.053274522561837,8.54872079830392,50,0.02,true,true,true,true
m05,inv_anch,B5_is_keep,prod,0.35,1.4,23.0,0.25,true,3,99,789,37.56465205301187,20.30979797190584,14.591399614797979,1.1149404270798238,0.1788775970811378,-12.199594594682662,3.0791721611294256,4.414397028239767,2.3513888949450523,0.02375140297924295,0.05732838579024883,-0.05340633233788175,0.8767622416971906,0.23232323232323232,0,39.0396386474853,2.9646757673482753,-4.802247769703748,11.540429063453255,49,-1.0608389153060505,-1.4537701535332848,-0.07194778484138707,-12.199594594682708,-0.11916544785569533,50,0.22,false,false,true,false
m05,inv_anch,B5_is_keep,matched,1.0,1.4,8.0,0.25,true,3,99,789,110.32002187191918,53.88414725769142,14.422330711653375,0.9687558626646808,0.14796861364392133,-31.211894266658945,3.5345506725544955,11.805153477287245,6.3661809910319285,0.064304858495272,0.15618625588337434,-0.15258952096537642,0.8352589708868713,0.12121212121212122,0,133.3530790413189,2.8852855629824212,-12.60307367735545,16.71976207240005,49,-9.87047493181844,-13.298407426187609,-0.2595829271023851,-31.211894266658962,-0.42606857861854214,50,0.1,false,false,false,false
m05,inv_anch,B5_is_keep,tuned,1.0,1.4,8.0,0.25,true,3,99,789,110.32002187191918,53.88414725769142,14.422330711653375,0.9687558626646808,0.14796861364392133,-31.211894266658945,3.5345506725544955,11.805153477287245,6.3661809910319285,0.064304858495272,0.15618625588337434,-0.15258952096537642,0.8352589708868713,0.12121212121212122,0,133.3530790413189,2.8852855629824212,-12.60307367735545,16.71976207240005,49,-9.87047493181844,-13.298407426187609,-0.2595829271023851,-31.211894266658962,-0.42606857861854214,50,0.1,false,false,false,false
m05,inv_anch,B6_flat11,prod,0.35,1.4,23.0,0.25,true,11,99,1330,42.478513910106884,22.782940920466466,9.564571069721088,1.2086052012494481,0.1889685696360826,-12.525636600016336,3.39132574787069,4.4192269856149835,3.9670563185856977,0.04007127594531008,0.10596085397169937,-0.05894836691215362,0.7583711910901828,0.0,0,33.957075050328456,2.450336551777421,-5.406052611304708,8.854185223624931,49,6.36132048760909,8.837177441069976,0.4128299788764932,-12.52563660001635,0.705527209775385,50,0.0,false,false,true,false
m05,inv_anch,B6_flat11,matched,1.0,1.4,8.0,0.25,true,11,99,1330,134.42467756774096,63.87542606236851,9.75284214077958,1.1100036795358237,0.16909542154727142,-29.96002611864525,4.48680108072681,11.14701606829302,10.533143359087742,0.10639538746553275,0.25000000000000006,-0.14381295511852196,0.7112644039811411,0.0,4,106.6774229683606,2.336207230583917,-14.094235870373037,11.64590396063559,49,13.425392188883611,18.88410956730184,0.32058580786808116,-29.960026118645256,0.6303101837267607,50,0.0,false,false,false,false
m05,inv_anch,B6_flat11,tuned,1.0,1.4,8.0,0.25,true,11,99,1330,134.42467756774096,63.87542606236851,9.75284214077958,1.1100036795358237,0.16909542154727142,-29.96002611864525,4.48680108072681,11.14701606829302,10.533143359087742,0.10639538746553275,0.25000000000000006,-0.14381295511852196,0.7112644039811411,0.0,4,106.6774229683606,2.336207230583917,-14.094235870373037,11.64590396063559,49,13.425392188883611,18.88410956730184,0.32058580786808116,-29.960026118645256,0.6303101837267607,50,0.0,false,false,false,false
m05,inv_anch,B7_x1x2_ou25,prod,0.35,1.4,23.0,0.25,true,5,99,1038,65.4054214983197,33.87725952381291,17.07715252987474,1.8612757002209808,0.3347704079063846,-7.3159851574207915,8.940070283217743,2.936788967622749,3.0783561661667185,0.031094506728956743,0.08465493682035553,-0.03971136799153,0.7523538421765648,0.0,0,35.6824229138575,2.6796867746142885,-5.5134642446851805,9.144843490326137,49,21.90629998060465,31.25753772803734,1.4582345063860167,-7.315985157420783,4.272498789357447,50,0.0,false,false,true,false
m05,inv_anch,B7_x1x2_ou25,matched,1.0,1.4,8.0,0.25,true,5,99,1038,250.7060989931853,106.984286374309,17.085842929827304,1.7570233965835391,0.30393094228747974,-18.86837800050591,13.28710390402732,7.77643239817352,8.268281752778558,0.08351799750281369,0.22689437150605576,-0.1064939378296894,0.7062514689036642,0.0,0,117.32906593720047,2.5921791775914844,-14.368300993941657,12.702275119417333,49,61.37100552142702,92.9165204461926,1.3300276650173666,-18.86837800050589,4.924457229111129,50,0.0,false,false,false,false
m05,inv_anch,B7_x1x2_ou25,tuned,1.0,1.4,8.0,0.25,true,5,99,1038,250.7060989931853,106.984286374309,17.085842929827304,1.7570233965835391,0.30393094228747974,-18.86837800050591,13.28710390402732,7.77643239817352,8.268281752778558,0.08351799750281369,0.22689437150605576,-0.1064939378296894,0.7062514689036642,0.0,0,117.32906593720047,2.5921791775914844,-14.368300993941657,12.702275119417333,49,61.37100552142702,92.9165204461926,1.3300276650173666,-18.86837800050589,4.924457229111129,50,0.0,false,false,false,false
