scope,window,model,container,trust,book_kelly_roi_pct,book_turnover_units,anchor_book_roi_pct,market_key,direction,n_bets,n_matches,win_rate_pct,push_rate_pct,mean_odds,mean_p_model,mean_p_market,mean_edge,calib_bias,flat_roi_pct,kelly_roi_pct,total_pnl_units,turnover_units,capital_share_pct,capital_efficiency,capital_efficiency_anchored,mean_stake_frac,max_stake_frac,standalone_dd_units,standalone_dd_pct_turnover,max_win_streak,max_loss_streak
POOLED,full,POOLED,raw,flat_1.00,5.652690794793004,31583.815283439566,14.687462732801464,1X2,ALL,1854,543,28.640776699029125,0.0,4.048933660595152,0.31955123331845786,0.27315428879214615,0.04639694452631117,-0.033143466328166615,5.015357968016538,8.130088092628625,1636.9902056881745,20134.96270935118,63.75088800594843,1.4382686737646582,0.5535393172077111,0.006111881267935067,0.02438893071602662,-1189.2838000877218,-5.906560728495368,4,35
POOLED,full,POOLED,raw,flat_1.00,5.652690794793004,31583.815283439566,14.687462732801464,1X2,away,690,366,26.3768115942029,0.0,4.517061818588212,0.3240861533489913,0.25626614665545816,0.06782000669353344,-0.060318037406962344,3.7663107141850274,6.993546937627275,617.949709922703,8835.998606057216,27.976349680243416,1.2372067023495086,0.4761575954169816,0.007267344518832121,0.022756793269377247,-1438.1989396115848,-16.276586311655553,11,24
POOLED,full,POOLED,raw,flat_1.00,5.652690794793004,31583.815283439566,14.687462732801464,1X2,draw,623,342,26.163723916532906,0.0,4.142170843313926,0.2535575419506086,0.24666330158055538,0.006894240370052869,0.00807969721472046,5.716083889775942,7.868711086553476,306.53749167143224,3895.6506129099316,12.334325596668968,1.3920292781274657,0.5357433907886832,0.0034622933290238303,0.012839309218744672,-332.6269052431505,-8.53841728364568,8,29
POOLED,full,POOLED,raw,flat_1.00,5.652690794793004,31583.815283439566,14.687462732801464,1X2,home,541,292,34.380776340110906,0.0,3.3445063152180685,0.3897637562410115,0.32519995072770314,0.06456380551330845,-0.045955992839902426,5.8014769252949625,9.6241095965947,712.5030040940377,7403.313490384013,23.44021272903598,1.7025713851994138,0.655260188344254,0.007689374138217397,0.02438893071602662,-698.5882385103264,-9.436156383458659,11,20
POOLED,full,POOLED,raw,flat_1.00,5.652690794793004,31583.815283439566,14.687462732801464,BTTS,ALL,276,159,50.36231884057971,0.0,2.1162531960595885,0.5067638115785251,0.4825897736683185,0.024174037910206597,-0.0031406231727280076,1.923883380821582,-8.937939415732668,-183.29438200555686,2050.7454065186425,6.493026216480932,-1.5811831462576873,-0.6085421000437057,0.003886243601413347,0.020268499227834257,-273.2450726867847,-13.324183090608365,22,10
POOLED,full,POOLED,raw,flat_1.00,5.652690794793004,31583.815283439566,14.687462732801464,BTTS,btts_no,136,81,43.38235294117647,0.0,2.376973526594445,0.45843630960684434,0.42286555389504293,0.035570755711801516,-0.02461278019507962,0.18290396841111906,7.313878629807344,55.66662218720617,761.1094605855184,2.4098084849951396,1.2938755886921234,0.49796746809598924,0.003141893535355108,0.011690967113009222,-141.71503169945706,-18.619533593819245,8,11
POOLED,full,POOLED,raw,flat_1.00,5.652690794793004,31583.815283439566,14.687462732801464,BTTS,btts_yes,140,78,57.14285714285714,0.0,1.8629820178257255,0.5537105277795862,0.5406075871623579,0.013102940617228656,0.017718043648985216,3.615120524306032,-18.52933806213515,-238.96100419276294,1289.6359459331236,4.083217731485791,-3.2779677386924324,-1.261575154213235,0.004609326522727069,0.020268499227834257,-274.8399968192317,-21.311440463949673,17,8
POOLED,full,POOLED,raw,flat_1.00,5.652690794793004,31583.815283439566,14.687462732801464,OU0.5,ALL,109,60,26.605504587155966,0.0,12.437197437211381,0.35180329648599296,0.33845938170858136,0.013343914777411618,-0.08574825061443331,-71.26898897229172,-27.64628010241058,-204.3443023722244,739.1385083825686,2.340244526348035,-4.890817684186272,-1.8823046979154696,0.0034863360140997978,0.024202544040015865,-204.6169502840346,-27.683167358143873,6,17
POOLED,full,POOLED,raw,flat_1.00,5.652690794793004,31583.815283439566,14.687462732801464,OU0.5,over_05,35,20,82.85714285714286,0.0,1.0818309626881053,0.9346414050885512,0.9237518175461732,0.010889587542378001,-0.10606997651712258,-10.523422799422805,-14.101176189807253,-87.7919742056479,622.5861802159918,1.9712190393363727,-2.4945953532071137,-0.9600825170650572,0.00908109192854676,0.024202544040015865,-116.82601170198075,-18.764632980039924,12,2
POOLED,full,POOLED,raw,flat_1.00,5.652690794793004,31583.815283439566,14.687462732801464,OU0.5,under_05,74,40,0.0,0.0,17.807978877864286,0.07613662349829656,0.061631878271882545,0.014504745226414014,-0.07613662349829656,-100.0,-100.0,-116.55232816657643,116.55232816657643,0.3690254870116615,-17.690689908621106,-6.808527913856103,0.0008401676761856926,0.004410169288023989,-115.93833607448236,-99.47320478127506,0,74
POOLED,full,POOLED,raw,flat_1.00,5.652690794793004,31583.815283439566,14.687462732801464,OU1.5,ALL,247,138,44.534412955465584,0.0,3.395462165340342,0.45451508647549627,0.41831961921846966,0.03619546725702657,-0.009170956920840412,-1.7477129921913432,2.063407306383441,31.501565603747615,1526.677040751629,4.833732172794577,0.365030988124126,0.14048766243166289,0.0032033727205766304,0.014262761715791314,-174.14346751857806,-11.406699836976786,8,10
POOLED,full,POOLED,raw,flat_1.00,5.652690794793004,31583.815283439566,14.687462732801464,OU1.5,over_15,96,56,82.29166666666666,0.0,1.3646364069611676,0.7618057583955021,0.7314297064022233,0.03037605199327904,0.0611109082711645,11.543911549903022,11.988256951571785,103.79508135133905,865.8062783491677,2.741297308698289,2.1208053627512777,0.8162238209325596,0.004537101639831116,0.014262761715791314,-69.99677216697808,-8.084576644609333,22,4
POOLED,full,POOLED,raw,flat_1.00,5.652690794793004,31583.815283439566,14.687462732801464,OU1.5,under_15,151,85,20.52980132450331,0.0,4.686583177290018,0.25915148048661824,0.21925625253210965,0.03989522795450845,-0.05385346724158513,-10.198017336834116,-10.939130592611336,-72.29351574759146,660.8707624024617,2.092434864096289,-1.9352076718379778,-0.7447937599311153,0.0023554391030373586,0.008305327315058562,-212.1327617852697,-32.09897817450784,3,20
POOLED,full,POOLED,raw,flat_1.00,5.652690794793004,31583.815283439566,14.687462732801464,OU2.5,ALL,537,292,51.955307262569825,0.0,2.1813514927603515,0.5061844422283701,0.46272621542381975,0.043458226804550505,0.013368630397328163,11.799469682593633,22.41209115127429,993.9978317017403,4435.096328105128,14.042307075011912,3.964853547609444,1.5259334821133834,0.004603688941005287,0.020200159058198424,-323.27465431570033,-7.289010889506834,12,16
POOLED,full,POOLED,raw,flat_1.00,5.652690794793004,31583.815283439566,14.687462732801464,OU2.5,over_25,152,89,53.289473684210535,0.0,2.0576297939158104,0.5260824652170195,0.48704068965532477,0.039041775561695156,0.006812271625085797,9.947368984138272,5.991755506737245,63.303536803406736,1056.510679252967,3.3451015014228838,1.0599828867796153,0.4079503462062155,0.0038862738818672424,0.01870576243194452,-235.15617289749318,-22.25781314995949,14,12
POOLED,full,POOLED,raw,flat_1.00,5.652690794793004,31583.815283439566,14.687462732801464,OU2.5,under_25,385,211,51.42857142857142,0.0,2.230197462174298,0.49832859938609797,0.4531267346882648,0.04520186469783364,0.015957114899616265,12.530688659646144,27.54686107231077,930.6942948983337,3378.5856488521595,10.697205573589025,4.873229771861157,1.8755357254994391,0.004886928133184463,0.020200159058198424,-302.5924897124737,-8.956188214890352,12,18
POOLED,full,POOLED,raw,flat_1.00,5.652690794793004,31583.815283439566,14.687462732801464,OU3.5,ALL,269,153,46.468401486988846,0.0,2.2062199288407447,0.5761789883523208,0.5297186069088136,0.04646038144350792,-0.11149497348243237,-13.311367979707867,-18.14905658479382,-489.51549944446685,2697.1952903304473,8.53980200341621,-3.2106933217560543,-1.2356835836772262,0.00554678497455754,0.02322672074847048,-534.1881738479467,-19.80532057738024,10,8
POOLED,full,POOLED,raw,flat_1.00,5.652690794793004,31583.815283439566,14.687462732801464,OU3.5,over_35,89,57,23.595505617977526,0.0,3.54102699214373,0.3141653062209347,0.28815980032888655,0.026005505892048215,-0.07821025004115942,-14.510582283916525,6.8501585086411785,24.252660635321686,354.04524734322575,1.1209704849333493,1.211840300012735,0.4663949542042235,0.0022374808610985566,0.0059810738101388344,-46.541076399044734,-13.145516497761633,3,16
POOLED,full,POOLED,raw,flat_1.00,5.652690794793004,31583.815283439566,14.687462732801464,OU3.5,under_35,180,100,57.77777777777777,0.0,1.5462319919853817,0.7057301978506179,0.6491560168288881,0.05657418102172972,-0.12795242007284013,-12.71842312929358,-21.926387583135668,-513.7681600797886,2343.150042987223,7.418831518482866,-3.8789292354949323,-1.4928642190980703,0.007183052008434478,0.02322672074847048,-568.329353229892,-24.254927887816503,11,10
POOLED,selection,POOLED,raw,flat_1.00,14.687462732801464,11176.208856860945,14.687462732801464,1X2,ALL,968,285,29.75206611570248,0.0,3.7822319468429586,0.32190388133481224,0.2817640640494269,0.040139817285385404,-0.024383220177787435,7.32543813806278,21.198291145758045,1656.2620880787224,7813.186811570678,69.90909808180842,1.443291569919423,1.443291569919423,0.0054156999108292535,0.02438893071602662,-458.2666325658738,-5.865297267527503,4,35
POOLED,selection,POOLED,raw,flat_1.00,14.687462732801464,11176.208856860945,14.687462732801464,1X2,away,375,199,27.200000000000003,0.0,4.128310675890575,0.3223913080208864,0.26329353366482605,0.05909777435606064,-0.05039130802088637,8.64771592035429,24.926331980965124,875.8801369357094,3513.8749560287138,31.440670096922773,1.6971162708244512,1.6971162708244512,0.006402034345609517,0.018538718551017592,-363.56686744276,-10.346608003764976,6,24
POOLED,selection,POOLED,raw,flat_1.00,14.687462732801464,11176.208856860945,14.687462732801464,1X2,draw,305,169,24.91803278688525,0.0,3.95193474431006,0.25546742080122176,0.2545725699373819,0.0008948508638398598,-0.006287092932369287,-2.3802682658458156,-2.4262093559251223,-31.172068753531647,1284.8053972508744,11.495896450272108,-0.1651891412467503,-0.1651891412467503,0.0028106628415861174,0.010073387261497887,-332.6269052431505,-25.88928299607702,6,28
POOLED,selection,POOLED,raw,flat_1.00,14.687462732801464,11176.208856860945,14.687462732801464,1X2,home,288,157,38.19444444444444,0.0,3.1518886252446072,0.39162726833296246,0.3346107814049797,0.057016486927983195,-0.009682823888518044,15.882334960398895,26.921621536568583,811.5540198965426,3014.5064582910813,26.972531534613463,1.832966117179968,1.832966117179968,0.006890216900678413,0.02438893071602662,-619.6491268532066,-20.555574699431382,11,18
POOLED,selection,POOLED,raw,flat_1.00,14.687462732801464,11176.208856860945,14.687462732801464,BTTS,ALL,76,44,53.94736842105263,0.0,2.075142848902397,0.5132942321300925,0.4857761662694527,0.027518065860639925,0.026179452080433818,10.04966972610831,8.230379154470157,35.711850023525706,433.9028537236899,3.8823796090507194,0.5603676621482945,0.5603676621482945,0.0037100815972030306,0.01536112651600628,-83.66433550160401,-19.281812687703972,22,9
POOLED,selection,POOLED,raw,flat_1.00,14.687462732801464,11176.208856860945,14.687462732801464,BTTS,btts_no,39,25,51.28205128205128,0.0,2.247697501161232,0.47858339532547634,0.44487604655575363,0.03370734876972294,0.03423711749503644,15.412788688034734,40.7604355641742,84.05329506438068,206.21294620869583,1.8451064117516387,2.7751856331961307,2.7751856331961307,0.0034685274848175332,0.011690967113009222,-28.175664695015172,-13.663383028580686,8,5
POOLED,selection,POOLED,raw,flat_1.00,14.687462732801464,11176.208856860945,14.687462732801464,BTTS,btts_yes,37,19,56.75675675675676,0.0,1.8932609181430844,0.5498813303836063,0.5288871032649729,0.020994227118633503,0.01768623718396123,4.396652441915598,-21.23126385725796,-48.34144504085497,227.68990751499385,2.037273197299079,-1.4455365261858502,-1.4455365261858502,0.003964692688636394,0.01536112651600628,-81.2478179991873,-35.68353946203652,17,8
POOLED,selection,POOLED,raw,flat_1.00,14.687462732801464,11176.208856860945,14.687462732801464,OU0.5,ALL,47,25,17.02127659574468,0.0,12.161932248169332,0.2943784802463086,0.28400326780105073,0.01037521244525785,-0.12416571428886178,-81.5608510638298,-62.64476400971131,-150.49074872206776,240.22877426553703,2.149465685030245,-4.265186244170476,-4.265186244170476,0.003154990834474417,0.021936114766325912,-150.76339663387796,-62.75825911979701,2,14
POOLED,selection,POOLED,raw,flat_1.00,14.687462732801464,11176.208856860945,14.687462732801464,OU0.5,over_05,12,6,66.66666666666666,0.0,1.085,0.9288767566251256,0.9208057384317025,0.008071018193422957,-0.26221008995845896,-27.779999999999998,-54.25154193538917,-106.41727529034618,196.1553008338155,1.755114845705465,-3.6937313763683206,-3.6937313763683206,0.01017210854122144,0.021936114766325912,-109.26985862583025,-55.70578932169906,4,2
POOLED,selection,POOLED,raw,flat_1.00,14.687462732801464,11176.208856860945,14.687462732801464,OU0.5,under_05,35,19,0.0,0.0,15.959737590398818,0.07683621405928555,0.06567099215625576,0.011165221903029812,-0.07683621405928555,-100.0,-100.0,-44.07347343172155,44.07347343172155,0.3943508393247801,-6.808527913856103,-6.808527913856103,0.0007491219064468654,0.00176860801261648,-43.45948133962745,-98.60688971327549,0,35
POOLED,selection,POOLED,raw,flat_1.00,14.687462732801464,11176.208856860945,14.687462732801464,OU1.5,ALL,90,52,47.77777777777778,0.0,3.3022958066912684,0.44006804967516755,0.410617643769963,0.029450405905204303,0.03770972810261025,2.1095279672706675,23.615111582114725,93.05106426028924,394.03186360873656,3.5256308168117756,1.6078414639565466,1.6078414639565466,0.0028139855927567883,0.011512097311200564,-29.99408714316502,-7.612096866599695,7,9
POOLED,selection,POOLED,raw,flat_1.00,14.687462732801464,11176.208856860945,14.687462732801464,OU1.5,over_15,32,20,93.75,0.0,1.363059879327725,0.7580399394639223,0.732903780435016,0.025136159028906396,0.17946006053607766,27.285199056470038,34.44259974306308,64.61164245765269,187.5922344412048,1.6784961416146413,2.34503401776418,2.34503401776418,0.0037220581591213184,0.011512097311200564,-0.58243727897014,-0.31048048481595736,22,1
POOLED,selection,POOLED,raw,flat_1.00,14.687462732801464,11176.208856860945,14.687462732801464,OU1.5,under_15,58,34,22.413793103448278,0.0,4.372219076960809,0.26463528289516475,0.23280460285131324,0.031830680043851436,-0.040497351860681985,-11.780497461253118,13.776144588768457,28.439421802636588,206.4396291675317,1.8471346751971338,0.9379526497794773,0.9379526497794773,0.0023129800389004953,0.006960680799313704,-46.940014206691174,-22.73788922988134,2,19
POOLED,selection,POOLED,raw,flat_1.00,14.687462732801464,11176.208856860945,14.687462732801464,OU2.5,ALL,263,147,49.42965779467681,0.0,2.0825553876061402,0.5176943824769035,0.4816656184433088,0.03602876403359512,-0.023397804530135402,1.7141762665346088,4.341654071141809,71.2397688052528,1640.8439649480754,14.681579290107667,0.29560272935675996,0.29560272935675996,0.004186654588064472,0.01870576243194452,-310.5899982174484,-18.9286735882456,8,12
POOLED,selection,POOLED,raw,flat_1.00,14.687462732801464,11176.208856860945,14.687462732801464,OU2.5,over_25,85,50,54.11764705882353,0.0,2.047921880955763,0.5240669671383891,0.4889266969964219,0.035140270141967196,0.017109503449846186,12.169374173985677,27.575573765386668,136.561249432522,495.22541432641384,4.431068000508962,1.8774906372223317,1.8774906372223317,0.003851621265979391,0.01870576243194452,-72.99940374806833,-14.740641662617262,14,8
POOLED,selection,POOLED,raw,flat_1.00,14.687462732801464,11176.208856860945,14.687462732801464,OU2.5,under_25,178,101,47.19101123595505,0.0,2.099093859883003,0.5146512942958579,0.47819824947131706,0.03645304482454104,-0.042741181936307326,-3.278474419607752,-5.7018525574522965,-65.3214806272692,1145.6185506216625,10.250511289598714,-0.3882122229810577,-0.3882122229810577,0.0043466424104084715,0.017350926138102463,-302.5924897124738,-26.413022864222473,10,13
POOLED,selection,POOLED,raw,flat_1.00,14.687462732801464,11176.208856860945,14.687462732801464,OU3.5,ALL,101,58,47.524752475247524,0.0,2.463538079800626,0.5302903469096694,0.4946044818812883,0.035685865028380906,-0.05504282215719414,-10.905288962209854,-9.82738195146713,-64.27251165421283,654.0145887442341,5.8518465171912215,-0.6691000433668961,-0.6691000433668961,0.0044931690161102425,0.014390839068430855,-150.58077182026187,-23.024069250410818,8,8
POOLED,selection,POOLED,raw,flat_1.00,14.687462732801464,11176.208856860945,14.687462732801464,OU3.5,over_35,47,29,21.27659574468085,0.0,3.603722859002614,0.3084303667419638,0.2835390908503209,0.024891275891642913,-0.09566440929515527,-26.535834581959843,-0.501285684555935,-0.7961969675059457,158.83098042411854,1.4211525791826451,-0.034130175761155485,-0.034130175761155485,0.002180738788911416,0.0059810738101388344,-46.541076399044734,-29.302266015589904,2,16
POOLED,selection,POOLED,raw,flat_1.00,14.687462732801464,11176.208856860945,14.687462732801464,OU3.5,under_35,54,30,70.37037037037037,0.0,1.471155031235934,0.7233907000185984,0.6783095444452788,0.04508115557331956,-0.019686996314894678,2.699074817942915,-12.818743112690466,-63.47631468670689,495.1836083201151,4.430693938008574,-0.872767703033037,-0.872767703033037,0.006505839769412925,0.014390839068430855,-142.13335013343297,-28.70316136182557,11,4
POOLED,evaluation,POOLED,raw,flat_1.00,0.7048053817452054,20407.60642657862,14.687462732801464,1X2,ALL,886,258,27.42663656884876,0.0,4.34031882866754,0.31698084586943803,0.26374767203249894,0.05323317383693889,-0.04271448018095042,2.491478053112747,-0.15640507139898852,-19.271882390546892,12321.775897780464,60.3783493282815,-0.22191242497568017,-0.0106488829448867,0.006872494759671455,0.024146873931940045,-1189.283800087722,-9.651886302379086,4,26
POOLED,evaluation,POOLED,raw,flat_1.00,0.7048053817452054,20407.60642657862,14.687462732801464,1X2,away,315,167,25.396825396825395,0.0,4.979860797990166,0.3261038263586401,0.24790020973954366,0.07820361661909628,-0.07213557239038615,-2.0448859598259967,-4.846381707264985,-257.9304270130054,5322.123650028513,26.07911745640608,-6.876198497895414,-0.32996725135115246,0.008297475677430454,0.022756793269377247,-1438.1989396115846,-27.023027539089238,11,20
POOLED,evaluation,POOLED,raw,flat_1.00,0.7048053817452054,20407.60642657862,14.687462732801464,1X2,draw,318,173,27.358490566037734,0.0,4.324629994874241,0.2517257399083532,0.2390773680936624,0.012648371814691126,0.02185916575202418,13.481453095639576,12.934874821359921,337.7095604249637,2610.845215659059,12.793490628370439,18.35240643215749,0.8806745628346349,0.004087284834270697,0.012839309218744672,-289.84544856046307,-11.10159448833114,8,29
POOLED,evaluation,POOLED,raw,flat_1.00,0.7048053817452054,20407.60642657862,14.687462732801464,1X2,home,253,135,30.039525691699602,0.0,3.5637707211957665,0.3876424460335735,0.3144872264784722,0.07315521955510154,-0.08724718911657747,-5.673966213479472,-2.256900681169158,-99.05101580250502,4388.807032092921,21.505741243505128,-3.202161532281051,-0.15366171286541064,0.00859908672482304,0.024146873931940045,-584.5417603221352,-13.31892143007665,8,20
POOLED,evaluation,POOLED,raw,flat_1.00,0.7048053817452054,20407.60642657862,14.687462732801464,BTTS,ALL,200,115,49.0,0.0,2.131875127979321,0.5042822517689295,0.48137894447988777,0.022903307289041937,-0.0142822517689295,-1.1639154303873755,-13.545303570251631,-219.00623202908238,1616.842552794953,7.9227446815575435,-19.218501902910273,-0.9222357745971296,0.003953185163013269,0.020268499227834257,-273.2450726867847,-16.899918437601738,10,10
POOLED,evaluation,POOLED,raw,flat_1.00,0.7048053817452054,20407.60642657862,14.687462732801464,BTTS,btts_no,97,56,40.20618556701031,0.0,2.4289504852737793,0.45033593493646656,0.41401597437166415,0.03631996056480217,-0.04827407926636346,-5.940451743602503,-5.115669704477093,-28.386672877174487,554.8965143768226,2.7190671104580497,-7.258272761496112,-0.34830179981000287,0.003010566483509391,0.010838480254683014,-141.71503169945703,-25.539001963025544,6,11
POOLED,evaluation,POOLED,raw,flat_1.00,0.7048053817452054,20407.60642657862,14.687462732801464,BTTS,btts_yes,103,59,57.28155339805825,0.0,1.8521051313039563,0.555086064708239,0.544817858076952,0.010268206631287115,0.017729469272343534,3.3343760490482266,-17.950023094945028,-190.61955915190805,1061.9460384181295,5.203677571099489,-25.468056232059464,-1.2221323329629492,0.0048408940165266265,0.020268499227834257,-246.3944348185659,-23.202161494532625,10,8
POOLED,evaluation,POOLED,raw,flat_1.00,0.7048053817452054,20407.60642657862,14.687462732801464,OU0.5,ALL,62,35,33.87096774193548,0.0,12.645866209549725,0.395335012022528,0.3797406293481611,0.0155943826743669,-0.056625334603173205,-63.4670935158032,-10.794247930533261,-53.85355365015662,498.909734117031,2.4447244017174747,-15.31521780353757,-0.7349293834411917,0.003737517037364197,0.024202544040015865,-53.654147357439165,-10.754279519600093,6,14
POOLED,evaluation,POOLED,raw,flat_1.00,0.7048053817452054,20407.60642657862,14.687462732801464,OU0.5,over_05,23,14,91.30434782608695,0.0,1.0801775519166823,0.9376490477651209,0.9252889023015491,0.012360145463571936,-0.024605569504251412,-1.5199912165129583,4.367718658574419,18.625301084698282,426.43087938217616,2.089568323048399,6.197056338814104,0.29737734406774063,0.008511865869759971,0.024202544040015865,-15.741565737195279,-3.6914694733181745,12,2
POOLED,evaluation,POOLED,raw,flat_1.00,0.7048053817452054,20407.60642657862,14.687462732801464,OU0.5,under_05,39,21,0.0,0.0,19.46665695635895,0.07550878581535772,0.05800703247821431,0.017501753337143423,-0.07550878581535772,-100.0,-100.0,-72.4788547348549,72.4788547348549,0.35515607866907567,-141.8831390764707,-6.808527913856103,0.0009218754182589989,0.004410169288023989,-71.91883300570865,-99.22733087988908,0,39
POOLED,evaluation,POOLED,raw,flat_1.00,0.7048053817452054,20407.60642657862,14.687462732801464,OU1.5,ALL,157,86,42.675159235668794,0.0,3.44886963208185,0.46279682731644894,0.4227347643800338,0.04006206293641512,-0.03604523495976103,-3.9588702300995005,-5.4341377069031305,-61.54949865654168,1132.6451771428926,5.550112803369969,-7.710125160292304,-0.36998478265187956,0.0034265882715561603,0.014262761715791314,-174.1434675185781,-15.374935684435307,8,9
POOLED,evaluation,POOLED,raw,flat_1.00,0.7048053817452054,20407.60642657862,14.687462732801464,OU1.5,over_15,64,36,76.5625,0.0,1.3654246707778885,0.7636886678612921,0.7306926693858268,0.03299599847546536,0.001936332138707919,3.673267796619516,5.777444340123952,39.183438893686365,678.2140439079627,3.323339492791595,8.197219388163752,0.3933589106048388,0.004944623380186014,0.014262761715791314,-69.99677216697808,-10.320749444179459,18,4
POOLED,evaluation,POOLED,raw,flat_1.00,0.7048053817452054,20407.60642657862,14.687462732801464,OU1.5,under_15,93,51,19.35483870967742,0.0,4.882638207602854,0.25573147468343843,0.21080674373088584,0.044924730952552575,-0.06218308758666424,-9.21109424848678,-22.166821369202182,-100.73293755022804,454.4311332349298,2.2267733105783742,-31.45098199209796,-1.5092342205367502,0.0023819189494883037,0.008305327315058562,-212.1327617852697,-46.68094817253692,3,20
POOLED,evaluation,POOLED,raw,flat_1.00,0.7048053817452054,20407.60642657862,14.687462732801464,OU2.5,ALL,274,145,54.379562043795616,0.0,2.2761813309193197,0.49513657987302584,0.44454715340146334,0.050589426471562414,0.04865904056493031,21.479879056402115,33.02343321109058,922.7580628964879,2794.252363157048,13.692210172761113,46.85468367071706,2.2484096682907286,0.00500398103890103,0.020200159058198424,-323.27465431570033,-11.569271930415505,12,16
POOLED,evaluation,POOLED,raw,flat_1.00,0.7048053817452054,20407.60642657862,14.687462732801464,OU2.5,over_25,67,39,52.23880597014925,0.0,2.0699458028949738,0.5286394403914013,0.4846479937748274,0.043991446616573913,-0.006251380689908825,7.128407176122916,-13.051779051905351,-73.2577126291153,561.285264926553,2.7503728423316804,-18.51827382416854,-0.8886340200037992,0.003930236155754815,0.014465349820454682,-235.1561728974932,-41.896017514064724,8,12
POOLED,evaluation,POOLED,raw,flat_1.00,0.7048053817452054,20407.60642657862,14.687462732801464,OU2.5,under_25,207,110,55.072463768115945,0.0,2.342933893130099,0.4842926588356771,0.4315676543434179,0.0527250044922592,0.0664319788454823,26.125041452434505,44.60503588767123,996.0157755256032,2232.967098230495,10.941837330429433,63.28702510361424,3.036946319397628,0.005351521653252705,0.020200159058198424,-189.10838677972492,-8.468928491135541,12,18
POOLED,evaluation,POOLED,raw,flat_1.00,0.7048053817452054,20407.60642657862,14.687462732801464,OU3.5,ALL,168,95,45.83333333333333,0.0,2.0515227071327224,0.6037668025529631,0.5508288844551228,0.05293791809784027,-0.1454334692196298,-14.757879769989405,-20.81279386889856,-425.2429877902541,2043.180701586214,10.01185861231232,-29.529845270708513,-1.41704488021729,0.00618020885433835,0.02322672074847048,-507.01072821483905,-24.814776677423765,8,8
POOLED,evaluation,POOLED,raw,flat_1.00,0.7048053817452054,20407.60642657862,14.687462732801464,OU3.5,over_35,42,28,26.190476190476193,0.0,3.470867331611169,0.32058297659025947,0.2933305942691864,0.027252382321073198,-0.058678214685497554,-1.0537523313442356,12.831468723137615,25.048857602827635,195.2142669191073,0.9565760081734161,18.20569061400318,0.8736341297725397,0.0023009779418794027,0.005955910828562076,-44.181601921433675,-22.632363207214567,3,8
POOLED,evaluation,POOLED,raw,flat_1.00,0.7048053817452054,20407.60642657862,14.687462732801464,OU3.5,under_35,126,70,52.38095238095239,0.0,1.5784078323065733,0.6981614112071979,0.636661647850435,0.06149976335676262,-0.17435188739767404,-19.325922249537793,-24.366884427432662,-450.29184539308164,1847.9664346671061,9.0552826041389,-34.57250052077717,-1.6590261279788086,0.007473285825157998,0.02322672074847048,-533.9382973008734,-28.89328979598362,11,10
m12,full,m12,raw,flat_1.00,5.811627323348376,16892.852183048322,15.342402208041388,1X2,ALL,929,538,28.74058127018299,0.0,4.047581316888312,0.3212936736796809,0.27339663845045586,0.04789703522922446,-0.033887860977851014,5.044833250016274,8.323495293867035,913.2522961760754,10971.98068759627,64.9504332880297,1.4322142200046377,0.5425157795370829,0.006361532138434338,0.02438893071602662,-673.8246636520586,-6.141321998623379,4,17
m12,full,m12,raw,flat_1.00,5.811627323348376,16892.852183048322,15.342402208041388,1X2,away,343,343,26.82215743440233,0.0,4.516580162765642,0.32757766801961846,0.2567811762363527,0.07079649178326625,-0.059356093675595134,4.523107400425187,6.644722308002619,320.27087116635175,4819.928603797803,28.532355291870225,1.1433496916272075,0.4330953013681216,0.007626157335745802,0.02264450204422955,-784.8366747829557,-16.283159758104148,5,12
m12,full,m12,raw,flat_1.00,5.811627323348376,16892.852183048322,15.342402208041388,1X2,draw,318,318,25.78616352201258,0.0,4.134957990017839,0.2537441971311827,0.24700011638031635,0.00674408075086638,0.004117438088943104,4.299632853975928,7.803318688544931,167.89921127009706,2151.638526779237,12.736975991173168,1.3427080324292096,0.5086112710860227,0.003594416951039069,0.012839309218744672,-190.52432303153222,-8.854848091827298,4,14
m12,full,m12,raw,flat_1.00,5.811627323348376,16892.852183048322,15.342402208041388,1X2,home,268,268,34.701492537313435,0.0,3.343654502742371,0.39340308966409715,0.325983196501733,0.06741989316236442,-0.04638816429096282,6.596794788637805,10.625956733742328,425.0822137396258,4000.4135570192293,23.681102004986304,1.8283961001856137,0.692587548524374,0.008026368656769627,0.02438893071602662,-352.1627129258258,-8.803157671234066,5,10
m12,full,m12,raw,flat_1.00,5.811627323348376,16892.852183048322,15.342402208041388,BTTS,ALL,135,135,48.148148148148145,0.0,2.1511844790670693,0.49967940003288375,0.474803276407308,0.024876123625575657,-0.018197918551402292,-2.1401812304832206,-10.570940570255065,-111.28614827781279,1052.755405615979,6.231957719208604,-1.818929532488433,-0.6890016587307648,0.0038593070917704703,0.020268499227834257,-153.214229513354,-14.553639781474844,12,7
m12,full,m12,raw,flat_1.00,5.811627323348376,16892.852183048322,15.342402208041388,BTTS,btts_no,71,71,39.436619718309856,0.0,2.4013911834796304,0.4543675372766239,0.41819572414613165,0.03617181313049219,-0.06000134009352531,-8.584751222223634,4.578875364401629,18.481534421339298,403.6260642738521,2.389330468888396,0.787881794485663,0.2984457911031501,0.0030154261416444716,0.011690967113009222,-83.61825076716141,-20.716761916155182,4,6
m12,full,m12,raw,flat_1.00,5.811627323348376,16892.852183048322,15.342402208041388,BTTS,btts_yes,64,64,57.8125,0.0,1.8736114163593829,0.5499472477781092,0.5376022796970504,0.012344968081058895,0.028177752221890784,5.009263604103802,-19.991036367397435,-129.7676826991521,649.1293413421272,3.8426272503202092,-3.4398345343107057,-1.302992588534771,0.004795487520816503,0.020268499227834257,-148.45051985102424,-22.869174199411603,9,4
m12,full,m12,raw,flat_1.00,5.811627323348376,16892.852183048322,15.342402208041388,OU0.5,ALL,52,52,25.0,0.0,12.7925053802851,0.33899664472823854,0.32560750780423686,0.013389136924001479,-0.08899664472823854,-72.91174825174826,-28.58258639439402,-103.59080619615794,362.4262855949085,2.145441644002526,-4.9181726225910385,-1.8629798650053038,0.0034148021396744927,0.024202544040015865,-104.05621642645855,-28.711001536672306,3,14
m12,full,m12,raw,flat_1.00,5.811627323348376,16892.852183048322,15.342402208041388,OU0.5,over_05,16,16,81.25,0.0,1.0848782467532467,0.932557059632629,0.921557124469432,0.010999935163196611,-0.12005705963262903,-11.963181818181827,-14.789459784395929,-44.92445305072315,303.7599324494737,1.7981565762724865,-2.544805260478224,-0.9639598534735553,0.009251027435527547,0.024202544040015865,-59.96397595854668,-19.74058114742334,6,1
m12,full,m12,raw,flat_1.00,5.811627323348376,16892.852183048322,15.342402208041388,OU0.5,under_05,36,36,0.0,0.0,17.995895217410364,0.07519201588184282,0.060741011508594726,0.014451004373248082,-0.07519201588184282,-100.0,-100.0,-58.666353145434805,58.666353145434805,0.3472850677300394,-17.20688448108969,-6.517884138612085,0.0008209242304064669,0.0036612884207851623,-58.23719703563731,-99.26847999442948,0,36
m12,full,m12,raw,flat_1.00,5.811627323348376,16892.852183048322,15.342402208041388,OU1.5,ALL,125,125,41.6,0.0,3.517269800764159,0.43403201326212876,0.3996563519713795,0.034375661290749475,-0.018032013262128777,-6.095520921751034,-0.609170313136897,-4.622605094302735,758.8362391625461,4.49205516593595,-0.1048192320745582,-0.039705015217083375,0.002968141038708893,0.013713520428536106,-103.09065351885158,-13.585362453514696,5,6
m12,full,m12,raw,flat_1.00,5.811627323348376,16892.852183048322,15.342402208041388,OU1.5,over_15,45,45,82.22222222222221,0.0,1.3776403139495554,0.7544943457802664,0.7246820932665787,0.029812252513687944,0.06772787644195577,12.313950097674336,8.458956712053093,35.29746016407271,417.2791204118313,2.4701519665847993,1.4555229097483584,0.5513449978269709,0.0043584488879831055,0.013713520428536106,-42.698181665863146,-10.23252292703321,12,2
m12,full,m12,raw,flat_1.00,5.811627323348376,16892.852183048322,15.342402208041388,OU1.5,under_15,80,80,18.75,0.0,4.720811387097376,0.2537719512206763,0.21682937249282963,0.03694257872784659,-0.0662719512206763,-16.450848370177805,-11.68766893349719,-39.920065258375466,341.5571187507154,2.0219031993511547,-2.011083691919069,-0.7617887195899056,0.0021860928734921503,0.006960680799313704,-117.5875253730654,-34.42689931428025,1,11
m12,full,m12,raw,flat_1.00,5.811627323348376,16892.852183048322,15.342402208041388,OU2.5,ALL,269,269,51.6728624535316,0.0,2.193365805544233,0.5029980626397406,0.4600422303980383,0.04295583224170234,0.013730561895575422,11.626070502235255,22.569289819655108,524.0556097232593,2321.985378852597,13.745372028902663,3.8834716274703904,1.4710401613526924,0.0045761527770108515,0.018158034234023988,-182.46777081026477,-7.858265279018714,6,8
m12,full,m12,raw,flat_1.00,5.811627323348376,16892.852183048322,15.342402208041388,OU2.5,over_25,71,71,53.52112676056338,0.0,2.0771968905519906,0.5200924945908978,0.4823245389245929,0.03776795566630511,0.015118773014735964,11.037178697778124,11.035861318212108,55.93215493123406,506.8218358174828,3.000214708124123,1.8989279085180195,0.7193046544189736,0.003760041556845083,0.012414781106987821,-114.52368595203399,-22.596438799309432,8,6
m12,full,m12,raw,flat_1.00,5.811627323348376,16892.852183048322,15.342402208041388,OU2.5,under_25,198,198,51.010101010101,0.0,2.235022335667713,0.4968682410814975,0.452052109663769,0.04481613141772862,0.013232769019512536,11.837238775550688,25.789602076806887,468.1234547920254,1815.1635430351148,10.745157320778542,4.4375870374888695,1.680936383175369,0.004868798719595546,0.018158034234023988,-173.02309257214046,-9.532093856558534,6,9
m12,full,m12,raw,flat_1.00,5.811627323348376,16892.852183048322,15.342402208041388,OU3.5,ALL,133,133,51.127819548872175,0.0,2.1226530449298417,0.596822975200388,0.5495129450989145,0.04731003010147341,-0.08554477971166619,-6.178405056746939,-16.567057602248102,-236.05873316817159,1424.8681862260146,8.434740153920512,-2.8506744635344186,-1.0798216196916568,0.005640775694041732,0.02283601806477026,-263.0065540180395,-18.458307691931378,5,6
m12,full,m12,raw,flat_1.00,5.811627323348376,16892.852183048322,15.342402208041388,OU3.5,over_35,35,35,28.57142857142857,0.0,3.7371807275996387,0.29675859920443776,0.27109644510458314,0.025662154099854638,-0.011044313490152058,6.125385266824829,34.2527430645712,47.092042467895986,137.48400348293544,0.813859033354345,5.893829930725228,2.232554107245237,0.00203434464087531,0.0059810738101388344,-18.771189841994243,-13.653362839644196,3,6
m12,full,m12,raw,flat_1.00,5.811627323348376,16892.852183048322,15.342402208041388,OU3.5,under_35,98,98,59.183673469387756,0.0,1.546036015404914,0.7039888237703702,0.6489474093826043,0.05504141438776585,-0.11215208907649266,-10.572615886593997,-21.994271751323467,-283.1507756360675,1287.384182743079,7.620881120566166,-3.784528932707172,-1.4335611498827507,0.006928786784458311,0.02283601806477026,-310.6694084486595,-24.131833574862195,6,5
m12,selection,m12,raw,flat_1.00,15.342402208041388,6014.031446236551,15.342402208041388,1X2,ALL,483,284,29.39958592132505,0.0,3.785623431213442,0.32383965936294884,0.28168607056912076,0.04215358879382784,-0.02984380014969834,5.955098671243602,21.404198103356496,910.5849529766388,4254.2353073897475,70.73849455928526,1.395100833175782,1.395100833175782,0.00568819371541759,0.02438893071602662,-250.63295076643521,-5.8913748924766205,4,17
m12,selection,m12,raw,flat_1.00,15.342402208041388,6014.031446236551,15.342402208041388,1X2,away,186,186,27.419354838709676,0.0,4.134478457655804,0.32507058802321503,0.2629797027973926,0.06209088522582253,-0.05087703963611828,8.984905645136102,25.410977106835798,482.8824038840654,1900.2905785711223,31.597616267209283,1.6562580463127987,1.6562580463127987,0.006721041385692494,0.018538718551017592,-186.84464203708222,-9.832424795663385,3,12
m12,selection,m12,raw,flat_1.00,15.342402208041388,6014.031446236551,15.342402208041388,1X2,draw,154,154,24.025974025974026,0.0,3.954760398556426,0.25591072124309117,0.2543560689643571,0.001554652278734227,-0.01565098098335091,-5.74020734618288,-1.54451715103735,-11.10182705021893,718.7894963006767,11.95187459072033,-0.10066983840560671,-0.10066983840560671,0.003003739181736131,0.010073387261497887,-190.52432303153222,-26.506275343766838,3,14
m12,selection,m12,raw,flat_1.00,15.342402208041388,6014.031446236551,15.342402208041388,1X2,home,143,143,37.76223776223776,0.0,3.1497204389819875,0.3953928323674842,0.33544973946894746,0.05994309289853694,-0.01777045474510658,14.609175800891657,26.835640275393494,438.804376142791,1635.1552325179496,27.189003701355663,1.7491159410048691,1.7491159410048691,0.007235720509234457,0.02438893071602662,-351.27100124683005,-21.48242529279091,5,9
m12,selection,m12,raw,flat_1.00,15.342402208041388,6014.031446236551,15.342402208041388,BTTS,ALL,37,37,54.054054054054056,0.0,2.0808087920364233,0.5122109642794185,0.48530149402592165,0.026909470253496867,0.02832957626112209,9.263314674656261,6.220197160464367,13.709304535614772,220.39983913614898,3.6647603376611935,0.4054252441123063,0.4054252441123063,0.0036515786116334053,0.01536112651600628,-45.734429310125236,-20.750663652650587,12,5
m12,selection,m12,raw,flat_1.00,15.342402208041388,6014.031446236551,15.342402208041388,BTTS,btts_no,18,18,50.0,0.0,2.284422128872256,0.47295104221107415,0.43757468626770024,0.03537635594337394,0.027048957788925854,12.644142932602392,37.44963528529893,39.15599615392213,104.55641518435039,1.7385412118152375,2.440923838228574,2.440923838228574,0.0035626108767991002,0.011690967113009222,-16.906506355680744,-16.1697456113733,4,3
m12,selection,m12,raw,flat_1.00,15.342402208041388,6014.031446236551,15.342402208041388,BTTS,btts_yes,19,19,57.89473684210527,0.0,1.8879119466130032,0.5494045746599554,0.5305163645337105,0.018888210126244902,0.029542793761097252,6.0604247460757135,-21.966453295523696,-25.446691618307355,115.84342395179863,1.9262191258459564,-1.4317479751645708,-1.4317479751645708,0.003735863834108011,0.01536112651600628,-43.62235644944629,-37.65630793820213,9,4
m12,selection,m12,raw,flat_1.00,15.342402208041388,6014.031446236551,15.342402208041388,OU0.5,ALL,23,23,17.391304347826086,0.0,12.198061210086054,0.2994126391925093,0.2881497682161896,0.011262870976319717,-0.12549959571424846,-81.16000000000001,-62.67584823233953,-82.08069089863973,130.96063828983438,2.1775848606808776,-4.085139170676241,-4.085139170676241,0.003331524317520629,0.021936114766325912,-82.54610112894034,-63.03122999924156,1,7
m12,selection,m12,raw,flat_1.00,15.342402208041388,6014.031446236551,15.342402208041388,OU0.5,over_05,6,6,66.66666666666666,0.0,1.085,0.9286481684435803,0.9208057384317027,0.007842430011877566,-0.2619815017769137,-27.779999999999998,-54.351028899386485,-58.19792580656011,107.07787319775477,1.7804674643788525,-3.5425370918055825,-3.5425370918055825,0.010558402393642858,0.021936114766325912,-59.7599020981164,-55.80975818201949,2,1
m12,selection,m12,raw,flat_1.00,15.342402208041388,6014.031446236551,15.342402208041388,OU0.5,under_05,17,17,0.0,0.0,16.12031810776349,0.07732951122154305,0.06485942578718494,0.012470085434358125,-0.07732951122154305,-100.0,-100.0,-23.882765092079612,23.882765092079612,0.397117396302025,-6.517884138612085,-6.517884138612085,0.0007808614671245473,0.001291419525685942,-23.453608982282116,-98.20307193014338,0,17
m12,selection,m12,raw,flat_1.00,15.342402208041388,6014.031446236551,15.342402208041388,OU1.5,ALL,48,48,43.75,0.0,3.424184644090072,0.42110549997045893,0.3922418777897653,0.02886362218069351,0.01639450002954107,-7.166149690308164,27.80180490732814,56.78229014965608,204.23958206644747,3.3960511163315603,1.8120894323026173,1.8120894323026173,0.002588655907434735,0.008770349116347446,-13.099907542014789,-6.4139905739490075,3,5
m12,selection,m12,raw,flat_1.00,15.342402208041388,6014.031446236551,15.342402208041388,OU1.5,over_15,16,16,93.75,0.0,1.3864238499159605,0.7446021215594885,0.7202344775489108,0.024367644010577685,0.19289787844051154,29.06144905647004,35.49202569593994,31.343949613770757,88.3126533331579,1.4684434912361828,2.3133291133077947,2.3133291133077947,0.0033325748582172026,0.008770349116347446,-0.2478064925860659,-0.2806013444655777,12,1
m12,selection,m12,raw,flat_1.00,15.342402208041388,6014.031446236551,15.342402208041388,OU1.5,under_15,32,32,18.75,0.0,4.443065041177127,0.25935718917594414,0.22824557791019268,0.03111161126575144,-0.07185718917594414,-25.279949063697266,21.94342661696034,25.43834053588531,115.92692873328957,1.9276076250953775,1.4302471229348406,1.4302471229348406,0.0022166964320434997,0.006960680799313704,-25.39801850597298,-21.908644336127995,1,11
m12,selection,m12,raw,flat_1.00,15.342402208041388,6014.031446236551,15.342402208041388,OU2.5,ALL,131,131,50.38167938931297,0.0,2.094730505441498,0.5154528300639883,0.47913005566332106,0.0363227744006674,-0.011636036170858621,4.099066747462938,5.070140996821107,44.21174719145421,872.0023214181662,14.499463948826639,0.3304659158370716,0.3304659158370716,0.00423619568304984,0.0157661011439415,-171.47604589752643,-19.66463181183386,6,6
m12,selection,m12,raw,flat_1.00,15.342402208041388,6014.031446236551,15.342402208041388,OU2.5,over_25,41,41,56.09756097560976,0.0,2.063497220657055,0.5205204853219537,0.4855755331572693,0.03494495216468433,0.040455124434143896,16.363773581360558,34.1444826247086,84.41688141475275,247.23432579899338,4.110958314887216,2.2254978172070414,2.2254978172070414,0.003716951000369757,0.0115140237140058,-31.580240145434658,-12.773404357738759,8,4
m12,selection,m12,raw,flat_1.00,15.342402208041388,6014.031446236551,15.342402208041388,OU2.5,under_25,90,90,47.77777777777778,0.0,2.1089590018433,0.5131442315575824,0.4761937825827447,0.036950448974837465,-0.035366453779804574,-1.4881885879793062,-6.4352102708867855,-40.2051342232985,624.7679956191727,10.388505633939422,-0.4194395495324656,-0.4194395495324656,0.004472740482937432,0.0157661011439415,-173.02309257214046,-27.693975009181912,5,6
m12,selection,m12,raw,flat_1.00,15.342402208041388,6014.031446236551,15.342402208041388,OU3.5,ALL,50,50,52.0,0.0,2.3806401841480427,0.5499022993790335,0.5141910706664986,0.035711228712534855,-0.029902299379033437,-3.9328679202080217,-6.174321481068061,-20.510710555022335,332.19375793620486,5.523645177214436,-0.4024351204814539,-0.4024351204814539,0.004375073978906897,0.014390839068430855,-69.56095640396288,-20.939874618993148,5,4
m12,selection,m12,raw,flat_1.00,15.342402208041388,6014.031446236551,15.342402208041388,OU3.5,over_35,20,20,25.0,0.0,3.7347308049537324,0.2959818087149663,0.27234063415116827,0.023641174563798027,-0.04598180871496632,-13.679605633802815,10.493282521881317,7.122936689922718,67.88091977004792,1.128709092675701,0.6839399971134567,0.6839399971134567,0.0019556120878601617,0.0059810738101388344,-18.771189841994243,-27.653116524618635,1,6
m12,selection,m12,raw,flat_1.00,15.342402208041388,6014.031446236551,15.342402208041388,OU3.5,under_35,30,30,70.0,0.0,1.4779131036109165,0.7191826264884116,0.6754246950100522,0.04375793147835942,-0.019182626488411625,2.5649572221885095,-10.454901637268755,-27.633647244945053,264.3128381661569,4.394936084538735,-0.6814383755230353,-0.6814383755230353,0.005988048572938053,0.014390839068430855,-69.9353724458446,-26.459317273828614,6,2
m12,evaluation,m12,raw,flat_1.00,0.5428228039769607,10878.820736811767,15.342402208041388,1X2,ALL,446,254,28.02690582959641,0.0,4.331271134782846,0.31853647393748663,0.26441951801701463,0.05411695592047233,-0.03826741564152253,4.059052535996543,0.03970592882689884,2.6673431994370858,6717.745380206519,61.75067631618383,0.07314712745300232,0.0025879864370970435,0.0070907304754681605,0.024146873931940045,-673.8246636520587,-10.03051806097693,3,14
m12,evaluation,m12,raw,flat_1.00,0.5428228039769607,10878.820736811767,15.342402208041388,1X2,away,157,157,26.11464968152866,0.0,4.9692611637237905,0.3305478392255493,0.2494376989092602,0.08111014031628871,-0.06940134241026269,-0.762844660187752,-5.569578533800887,-162.61153271771366,2919.6380252266863,26.837817221743634,-10.260398960757882,-0.36301867584215153,0.008698460308420423,0.02264450204422955,-784.8366747829556,-26.88130062705358,5,10
m12,evaluation,m12,raw,flat_1.00,0.5428228039769607,10878.820736811767,15.342402208041388,1X2,draw,164,164,27.439024390243905,0.0,4.304167923463311,0.25170977814804885,0.2400926974904244,0.01161708065762462,0.0226804657543902,13.727287676076273,12.49266562720366,179.00103832031596,1432.84903047856,13.170995874856947,23.014260888962013,0.8142574714053513,0.004149077783189385,0.012839309218744672,-157.68997031963983,-11.005344384884197,4,14
m12,evaluation,m12,raw,flat_1.00,0.5428228039769607,10878.820736811767,15.342402208041388,1X2,home,125,125,31.2,0.0,3.5655150716842474,0.39112682401142246,0.3151534713472394,0.07597335266418302,-0.07912682401142246,-2.569369089380604,-0.5801549142019646,-13.722162403165225,2365.2583245012797,21.741863219583312,-1.068774027088568,-0.037813825132148406,0.008930870137549868,0.024146873931940045,-310.8454812496098,-13.142136654995277,4,10
m12,evaluation,m12,raw,flat_1.00,0.5428228039769607,10878.820736811767,15.342402208041388,BTTS,ALL,98,98,45.91836734693878,0.0,2.1777548915174143,0.494948095164294,0.47083966363293334,0.02410843153136053,-0.035764421694906234,-6.4455827456889425,-15.017074174448556,-124.99545281342752,832.3555664798299,7.6511561925393625,-27.664781332742116,-0.9787954956999941,0.003937735191414056,0.020268499227834257,-153.21422951335398,-18.407305205072685,6,7
m12,evaluation,m12,raw,flat_1.00,0.5428228039769607,10878.820736811767,15.342402208041388,BTTS,btts_no,53,53,35.84905660377358,0.0,2.441116522780249,0.4480561582422824,0.4116141898406934,0.036441968401588955,-0.08956559220454657,-15.794564331409836,-6.9129253989914705,-20.674461732582824,299.06964908950164,2.749099891659299,-12.73514183329129,-0.4505764680949513,0.002829589816497618,0.010838480254683014,-83.61825076716141,-27.959457277504356,3,6
m12,evaluation,m12,raw,flat_1.00,0.5428228039769607,10878.820736811767,15.342402208041388,BTTS,btts_yes,45,45,57.77777777777777,0.0,1.867573414696743,0.5501763764279965,0.5405941105437939,0.00958226588420258,0.027601401349781174,4.565440010826769,-19.5619249785081,-104.32099108084472,533.2859173903284,4.902056300880066,-36.037404536413646,-1.275023605381375,0.005242884188537865,0.020268499227834257,-133.63120424412767,-25.058078581572385,6,4
m12,evaluation,m12,raw,flat_1.00,0.5428228039769607,10878.820736811767,15.342402208041388,OU0.5,ALL,29,29,31.03448275862069,0.0,13.263961101477445,0.37039085601519633,0.3553153702361368,0.015075485779059422,-0.06004602842898943,-66.37003134796238,-9.293005483948848,-21.510115297518233,231.46564730507407,2.1276722257389564,-17.11977723828875,-0.6057073304386532,0.0034808500675896237,0.024202544040015865,-20.950093568371955,-9.05105954697438,3,7
m12,evaluation,m12,raw,flat_1.00,0.5428228039769607,10878.820736811767,15.342402208041388,OU0.5,over_05,10,10,90.0,0.0,1.0848051948051949,0.9349023943460582,0.92200795609207,0.012894438253988038,-0.03490239434605813,-2.473090909090913,6.748695232466131,13.273472755836965,196.6820592517189,1.8079354739818985,12.432593441215431,0.43987213612017995,0.008466602460658359,0.024202544040015865,-2.886898028566733,-1.4677993710000792,6,1
m12,evaluation,m12,raw,flat_1.00,0.5428228039769607,10878.820736811767,15.342402208041388,OU0.5,under_05,19,19,0.0,0.0,19.67404315762073,0.0732795200515847,0.05705611452248771,0.01622340552909699,-0.0732795200515847,-100.0,-100.0,-34.783588053355196,34.783588053355196,0.31973675175705807,-184.22217944300724,-6.517884138612085,0.0008567698607113428,0.0036612884207851623,-34.22356632420891,-98.38998286120666,0,19
m12,evaluation,m12,raw,flat_1.00,0.5428228039769607,10878.820736811767,15.342402208041388,OU1.5,ALL,77,77,40.25974025974026,0.0,3.5752969114181394,0.44209009946992284,0.4042783618508269,0.03781173761909605,-0.03949269687252022,-5.4281159751180175,-11.071991592138057,-61.404895243958826,554.5966570960992,5.097948302608336,-20.397064218783246,-0.7216595838124301,0.003204703198464215,0.013713520428536106,-101.97086914134142,-18.386491847114073,5,5
m12,evaluation,m12,raw,flat_1.00,0.5428228039769607,10878.820736811767,15.342402208041388,OU1.5,over_15,29,29,75.86206896551724,0.0,1.3727942251405043,0.7599521246606958,0.7271359502142573,0.03281617444643843,-0.0013314350055234625,3.0739506721318794,1.2017974310300938,3.9535105503019548,328.9664670786733,3.023916608585305,2.2139774199337108,0.078331764135358,0.004924448352681533,0.013713520428536106,-42.698181665863146,-12.979493638070942,9,2
m12,evaluation,m12,raw,flat_1.00,0.5428228039769607,10878.820736811767,15.342402208041388,OU1.5,under_15,48,48,18.75,0.0,4.905975617710875,0.2500484592504977,0.20921856888125434,0.040829890369243345,-0.06254845925049768,-10.564781241164829,-28.96704815486483,-65.35840579426079,225.63019001742592,2.0740316940230312,-53.363727431197404,-1.8880386371100595,0.0021656905011245837,0.0068098466480867,-114.91841533284403,-50.93219809103057,1,11
m12,evaluation,m12,raw,flat_1.00,0.5428228039769607,10878.820736811767,15.342402208041388,OU2.5,ALL,138,138,52.89855072463768,0.0,2.2869978657866827,0.49117505878049134,0.4419226281534588,0.04925243062703262,0.03781044846588549,18.771269718722017,33.09306685147277,479.84386253180526,1449.9830574344317,13.328494811280208,60.96476899831451,2.1569677552924373,0.004898865670553548,0.018158034234023988,-182.46777081026477,-12.584131233444838,6,8
m12,evaluation,m12,raw,flat_1.00,0.5428228039769607,10878.820736811767,15.342402208041388,OU2.5,over_25,30,30,50.0,0.0,2.0959197727417354,0.5195075739251218,0.4778815134732682,0.041626060451853505,-0.019507573925121813,3.7574990235488124,-10.973072811357481,-28.48472648351872,259.58751001848924,2.386173247069847,-20.214833884950817,-0.7152121722898245,0.0038189319840280273,0.012414781106987821,-114.52368595203399,-44.11756403221287,4,6
m12,evaluation,m12,raw,flat_1.00,0.5428228039769607,10878.820736811767,15.342402208041388,OU2.5,under_25,108,108,53.70370370370371,0.0,2.340075113854725,0.48330491568476064,0.43193404889795606,0.05137086678680461,0.05373212135227645,22.941761578492347,42.70249415152642,508.32858901532387,1190.3955474159427,10.942321564210364,78.66746540246469,2.783299093094094,0.005198847250143974,0.018158034234023988,-116.08206903378044,-9.751554370794329,6,9
m12,evaluation,m12,raw,flat_1.00,0.5428228039769607,10878.820736811767,15.342402208041388,OU3.5,ALL,83,83,50.602409638554214,0.0,1.9672391056417686,0.6250884425626498,0.570791182708804,0.05429725985384605,-0.1190643461771077,-7.531138271529417,-19.72664656850372,-215.5480226131493,1092.6744282898092,10.044052151649268,-36.340858239516756,-1.2857599677685692,0.006403246606773561,0.02283601806477026,-255.6304332212031,-23.394931427223117,4,6
m12,evaluation,m12,raw,flat_1.00,0.5428228039769607,10878.820736811767,15.342402208041388,OU3.5,over_35,15,15,33.33333333333333,0.0,3.7404472911275133,0.2977943198570662,0.26943752637580276,0.028356793481263465,0.03553901347626709,32.53203980099503,57.42433186271698,39.96910577797326,69.60308371288755,0.63980357243469,105.78835568808246,3.7428514181839962,0.002139321378228842,0.005955910828562076,-18.612439002208106,-26.740825275765577,3,3
m12,evaluation,m12,raw,flat_1.00,0.5428228039769607,10878.820736811767,15.342402208041388,OU3.5,under_35,68,68,54.41176470588235,0.0,1.5760902411963835,0.6972856755124112,0.6372662539587309,0.06001942155368045,-0.15316802845358768,-16.368604022821575,-24.975494597279383,-255.51712839112253,1023.0713445769213,9.404248579214576,-46.0104004737786,-1.6278738008959912,0.0073438183483643055,0.02283601806477026,-295.5995389991764,-28.893345568330616,6,5
m05,full,m05,raw,flat_1.00,5.469932777838944,14690.963100391247,13.924446221325512,1X2,ALL,925,538,28.540540540540544,0.0,4.050291852274788,0.3178012580799969,0.2729108911353138,0.0448903669446826,-0.03239585267459144,4.985755225337883,7.898497539270405,723.7379095120984,9162.982021754875,62.37155426189076,1.4439843888522037,0.5672396168383149,0.005861150826103925,0.02344522886990615,-568.8453921308962,-6.2080815042563176,3,18
m05,full,m05,raw,flat_1.00,5.469932777838944,14690.963100391247,13.924446221325512,1X2,away,347,347,25.936599423631122,0.0,4.51753792218229,0.32063488668609486,0.2557570540149775,0.06487783267111745,-0.06126889244978362,3.0182379090542772,7.412192481427865,297.67883875635226,4016.0700022594156,27.337009662439762,1.3550792637631401,0.5323150639970137,0.006912667872718593,0.022756793269377247,-653.3622648286284,-16.268697120843296,6,20
m05,full,m05,raw,flat_1.00,5.469932777838944,14690.963100391247,13.924446221325512,1X2,draw,305,305,26.557377049180324,0.0,4.1496911297013215,0.25336293097545226,0.2463121307401493,0.007050800235303045,0.01221083951635099,7.192908248413332,7.949387593346383,138.63828040133492,1744.0120861306953,11.8713257545671,1.4532879865640724,0.5708943441622668,0.0033245382083653234,0.01164975529377199,-142.10258221161834,-8.148027375595221,4,15
m05,full,m05,raw,flat_1.00,5.469932777838944,14690.963100391247,13.924446221325512,1X2,home,273,273,34.065934065934066,0.0,3.345342526732679,0.3861910772762242,0.32443105011437046,0.06176002716185413,-0.045531736616883534,5.020725323185507,8.44634858452074,287.42079035441265,3402.8999333647726,23.16321884488395,1.5441412038445042,0.6065841650194334,0.007358551680444513,0.02344522886990615,-346.42552558450075,-10.180303046465328,6,10
m05,full,m05,raw,flat_1.00,5.469932777838944,14690.963100391247,13.924446221325512,BTTS,ALL,141,141,52.4822695035461,0.0,2.0828083506268937,0.5135467588030752,0.4900449306203499,0.023501828182725566,0.011275936232385764,5.815009072496393,-7.215326171866852,-72.00823372774406,997.9900009026627,6.79322379399404,-1.3190886369023125,-0.5181768852549744,0.003912033876603336,0.020065426190063667,-131.67485171054363,-13.194005109414547,10,5
m05,full,m05,raw,flat_1.00,5.469932777838944,14690.963100391247,13.924446221325512,BTTS,btts_no,65,65,47.69230769230769,0.0,2.350301932150628,0.46288066092139274,0.4279664448515455,0.03491421606984708,0.01404241600168421,9.759881176642928,10.401906256213266,37.18508776586689,357.48339631166635,2.4333557566565935,1.9016515702635088,0.7470247714614733,0.003280034842331341,0.009884822824230739,-59.35576960707946,-16.60378362169611,5,5
m05,full,m05,raw,flat_1.00,5.469932777838944,14690.963100391247,13.924446221325512,BTTS,btts_yes,76,76,56.57894736842105,0.0,1.8540309453763306,0.5568796056755669,0.5431383723963004,0.013741233279266357,0.008909868008643573,2.4411052992131745,-17.047961833795256,-109.19332149361092,640.5066045909963,4.359868037337446,-3.116667521557833,-1.2243188391712145,0.004452559366441226,0.020065426190063667,-126.38947696820742,-19.732735940937726,8,4
m05,full,m05,raw,flat_1.00,5.469932777838944,14690.963100391247,13.924446221325512,OU0.5,ALL,57,57,28.07017543859649,0.0,12.113056857565194,0.3634865577386812,0.3501838982528953,0.013302659485785791,-0.08278480335271632,-69.7703313840156,-26.74548105460807,-100.75349617606643,376.7122227876596,2.56424456458969,-4.889544742298396,-1.9207572516346783,0.0035515949872597244,0.023784678321691746,-100.56073385757608,-26.69431140657703,3,9
m05,full,m05,raw,flat_1.00,5.469932777838944,14690.963100391247,13.924446221325512,OU0.5,over_05,19,19,84.21052631578947,0.0,1.0792648287385131,0.9363966433672225,0.9255999801371125,0.010796663230109697,-0.09429138020932781,-9.310994152046788,-13.445417827178836,-42.86752115492478,318.826247766518,2.170220193106516,-2.4580590609179,-0.9655980290682558,0.008937988343720834,0.023784678321691746,-56.86203574343412,-17.834803797294374,6,1
m05,full,m05,raw,flat_1.00,5.469932777838944,14690.963100391247,13.924446221325512,OU0.5,under_05,38,38,0.0,0.0,17.62995287197854,0.07703151492441064,0.062475857310786795,0.014555657613623839,-0.07703151492441064,-100.0,-100.0,-57.885975021141654,57.885975021141654,0.3940243714831742,-18.2817603179957,-7.181614148995627,0.0008583983090291692,0.004410169288023989,-57.271982929047546,-98.93930767881187,0,38
m05,full,m05,raw,flat_1.00,5.469932777838944,14690.963100391247,13.924446221325512,OU1.5,ALL,122,122,47.540983606557376,0.0,3.270659260192987,0.4755018418170611,0.4374418192667179,0.03806002255034326,-9.200575148737844e-5,2.707008247111619,4.70464328325477,36.12417069805036,767.8408015890825,5.226619904644873,0.8600916088613205,0.337869327689997,0.003444388788064069,0.014262761715791314,-82.70766975467058,-10.771460644381381,4,5
m05,full,m05,raw,flat_1.00,5.469932777838944,14690.963100391247,13.924446221325512,OU1.5,over_15,51,51,82.35294117647058,0.0,1.353162371383178,0.7682570048207102,0.7373834826983805,0.030873522122329997,0.0552724069439956,10.864465772457747,15.271677528350713,68.49762118726633,448.52715793733654,3.0530820537245202,2.791931482270287,1.0967529541650205,0.004694736420873479,0.014262761715791314,-27.298590501114923,-6.086273711196056,13,2
m05,full,m05,raw,flat_1.00,5.469932777838944,14690.963100391247,13.924446221325512,OU1.5,under_15,71,71,22.535211267605636,0.0,4.648016180323977,0.2652129219130314,0.22199076525242514,0.0432221566606063,-0.039860809236975075,-3.152573918982076,-10.138448867698095,-32.373450489215976,319.313643651746,2.1735378509203533,-1.8534869219551147,-0.7281042783712934,0.0025462517560460424,0.008305327315058562,-97.9331443522725,-30.669890341134824,2,9
m05,full,m05,raw,flat_1.00,5.469932777838944,14690.963100391247,13.924446221325512,OU2.5,ALL,268,268,52.23880597014925,0.0,2.169292350451155,0.5093827112930768,0.4654202153191,0.043962495973976445,0.013005348408415718,11.97351587481903,22.239353884599133,469.94222197848126,2113.110949252526,14.383746898093086,4.06574537345328,1.59714458522158,0.004631327851880297,0.020200159058198424,-146.40102084453963,-6.928222150205894,7,8
m05,full,m05,raw,flat_1.00,5.469932777838944,14690.963100391247,13.924446221325512,OU2.5,over_25,81,81,53.086419753086425,0.0,2.040478388222369,0.5313329332967064,0.4911745995551014,0.040158333741604976,-0.00046873576584216536,8.992103679589764,1.341009911371407,7.371381872172702,549.6888434354844,3.741680104150865,0.24516021783748718,0.09630615753448268,0.0039969219692323425,0.01870576243194452,-121.37120187649953,-22.079982762237844,7,6
m05,full,m05,raw,flat_1.00,5.469932777838944,14690.963100391247,13.924446221325512,OU2.5,under_25,187,187,51.87165775401069,0.0,2.2250887725930344,0.4998748611203814,0.45426457294949524,0.04561028817088602,0.01884171641972554,13.264929713394277,29.587073023031717,462.5708401063086,1563.4221058170426,10.642066793942229,5.409037775181023,2.124829422495714,0.0049061239828668435,0.020200159058198424,-130.02177783263505,-8.31648582611577,6,9
m05,full,m05,raw,flat_1.00,5.469932777838944,14690.963100391247,13.924446221325512,OU3.5,ALL,136,136,41.911764705882355,0.0,2.287943425606558,0.5559903835670793,0.5103609085317287,0.04562947503535054,-0.13687273650825577,-20.286986132309366,-19.920723645567406,-253.45676627629496,1272.3271041044336,8.660610576787503,-3.6418589504929284,-1.4306295079123865,0.005454867579767846,0.02322672074847048,-278.15656334148616,-21.8620323692055,5,7
m05,full,m05,raw,flat_1.00,5.469932777838944,14690.963100391247,13.924446221325512,OU3.5,over_35,54,54,20.37037037037037,0.0,3.4138903117556425,0.3254474311390347,0.29921938241871304,0.026228048720321823,-0.12174372743533099,-27.88574643717482,-10.54638467412415,-22.839381832574286,216.56124386029032,1.474111958354336,-1.928064768337209,-0.7574006539644064,0.0023691432260580674,0.005909923837283,-36.80261869562823,-16.99409277468439,1,10
m05,full,m05,raw,flat_1.00,5.469932777838944,14690.963100391247,13.924446221325512,OU3.5,under_35,82,82,56.09756097560976,0.0,1.5464662078986233,0.7078113522392062,0.6494053281671294,0.05840602407207675,-0.1468357424831086,-15.282924468129666,-21.84361070269794,-230.6173844437207,1055.7658602441434,7.186498618433167,-3.9933965534632936,-1.5687238368764784,0.007486929959040139,0.02322672074847048,-260.40769431755825,-24.665288405645132,5,5
m05,selection,m05,raw,flat_1.00,13.924446221325512,5162.177410624394,13.924446221325512,1X2,ALL,485,282,30.103092783505154,0.0,3.7788544479750263,0.31997608589648274,0.28184173590713335,0.03813434998934883,-0.01894515806143121,8.690126720482702,20.952157797769644,745.6771351020824,3558.9515041809186,68.94283596019308,1.5047031289245154,1.5047031289245154,0.005144329792033036,0.02344522886990615,-213.429283665399,-5.996970832973429,3,18
m05,selection,m05,raw,flat_1.00,13.924446221325512,5162.177410624394,13.924446221325512,1X2,away,189,189,26.984126984126984,0.0,4.122240795423214,0.31975455627256366,0.26360238308991935,0.05615217318264421,-0.049913286431293835,8.315878413426168,24.355573748852347,392.997733051644,1613.5843774575928,31.25782492745481,1.749123330416645,1.749123330416645,0.00608809090933738,0.016399476011624982,-176.72222540567793,-10.95215272746544,3,12
m05,selection,m05,raw,flat_1.00,13.924446221325512,5162.177410624394,13.924446221325512,1X2,draw,151,151,25.82781456953642,0.0,3.9490529512376,0.2550153130658054,0.2547933722542418,0.00022194081156348707,0.003262832629558843,1.0464245710542404,-3.5458794831770293,-20.070241703312682,566.0159009501979,10.964673546191339,-0.25465138267017456,-0.25465138267017456,0.0026137505476582904,0.009799517420489146,-142.10258221161834,-25.105757978364903,3,14
m05,selection,m05,raw,flat_1.00,13.924446221325512,5162.177410624394,13.924446221325512,1X2,home,145,145,38.62068965517241,0.0,3.154026905489816,0.3879136431127099,0.3337833951763765,0.05413024793633363,-0.0017067465609857946,17.13793330391293,27.02354822969943,372.74964375375254,1379.3512257731318,26.720337486547013,1.9407269632247517,1.9407269632247517,0.006549478859136935,0.02344522886990615,-268.37812560637656,-19.456837431376453,6,9
m05,selection,m05,raw,flat_1.00,13.924446221325512,5162.177410624394,13.924446221325512,BTTS,ALL,39,39,53.84615384615385,0.0,2.069767466954731,0.5143219477832958,0.4862264963466484,0.02809545143664744,0.024139590678242673,10.7956988774859,10.305496402669958,22.00254548791092,213.5030145875407,4.135910055088872,0.7401009877783811,0.7401009877783811,0.003765584429666524,0.014094656439460073,-37.92990619147881,-17.76551317776675,10,4
m05,selection,m05,raw,flat_1.00,13.924446221325512,5162.177410624394,13.924446221325512,BTTS,btts_no,21,21,52.38095238095239,0.0,2.216219248837497,0.48341112656639273,0.4511343553740851,0.0322767711923078,0.0403983972431311,17.785913621262456,44.165680707426674,44.897298910458545,101.65653102434545,1.9692568259107843,3.171808774684786,3.171808774684786,0.0033878845774047645,0.009884822824230739,-12.722510198059197,-12.515192157218424,4,3
m05,selection,m05,raw,flat_1.00,13.924446221325512,5162.177410624394,13.924446221325512,BTTS,btts_yes,18,18,55.55555555555556,0.0,1.8989070547581701,0.5503845725363494,0.5271673274813056,0.023217245055043696,0.0051709830192061546,2.6404483430799215,-20.469801725694552,-22.894753422547616,111.84648356319525,2.1666532291780882,-1.4700621770038311,-1.4700621770038311,0.004206234257305242,0.014094656439460073,-37.62546154974102,-33.64027222946349,8,4
m05,selection,m05,raw,flat_1.00,13.924446221325512,5162.177410624394,13.924446221325512,OU0.5,ALL,24,24,16.666666666666664,0.0,12.127308659665802,0.2895540779228661,0.28002953823654264,0.009524539686323557,-0.12288741125619942,-81.94500000000001,-62.60750877880813,-68.41005782342803,109.26813597570263,2.1167063292093644,-4.496229708792565,-4.496229708792565,0.0029858129132217964,0.02116294475212978,-68.21729550493767,-62.43109658254515,1,7
m05,selection,m05,raw,flat_1.00,13.924446221325512,5162.177410624394,13.924446221325512,OU0.5,over_05,6,6,66.66666666666666,0.0,1.085,0.929105344806671,0.9208057384317027,0.008299606374968349,-0.2624386781400043,-27.779999999999998,-54.13195100423593,-48.21934948378609,89.07742763606069,1.725578579549173,-3.887547852447588,-3.887547852447588,0.009785814688800024,0.02116294475212978,-49.50995652771389,-55.580810808765506,2,1
m05,selection,m05,raw,flat_1.00,13.924446221325512,5162.177410624394,13.924446221325512,OU0.5,under_05,18,18,0.0,0.0,15.808078212887741,0.07637032229493126,0.06643747150482263,0.009932850790108626,-0.07637032229493126,-100.0,-100.0,-20.19070833964194,20.19070833964194,0.3911277496601916,-7.181614148995627,-7.181614148995627,0.0007191456546957214,0.00176860801261648,-19.576716247547832,-96.95903639552549,0,18
m05,selection,m05,raw,flat_1.00,13.924446221325512,5162.177410624394,13.924446221325512,OU1.5,ALL,42,42,52.38095238095239,0.0,3.1629942782354936,0.46173953505197707,0.4316185191759034,0.030121015876073794,0.06206998875754677,12.710302433075043,19.109720277297935,36.268774110633196,189.79228154228903,3.6765935465850754,1.372386375267915,1.372386375267915,0.003071505233124849,0.011512097311200564,-16.89417960115024,-8.90140498015243,4,4
m05,selection,m05,raw,flat_1.00,13.924446221325512,5162.177410624394,13.924446221325512,OU1.5,over_15,16,16,93.75,0.0,1.3396959087394902,0.7714777573683561,0.7455730833211213,0.025904674047235107,0.1660222426316439,25.508949056470037,33.5090987215955,33.267692843881925,99.27958110804693,1.9232113352733167,2.4064941749910154,2.4064941749910154,0.004111541460025434,0.011512097311200564,-0.58243727897014,-0.586663715206723,13,1
m05,selection,m05,raw,flat_1.00,13.924446221325512,5162.177410624394,13.924446221325512,OU1.5,under_15,26,26,26.923076923076923,0.0,4.285024044079187,0.27113139824189775,0.23841571047115398,0.03271568777074377,-0.0019006290111285296,4.834212203293513,3.3156465914212467,3.0010812667512736,90.51270043424215,1.7533822113117599,0.2381169447401995,0.2381169447401995,0.0024314829396475664,0.00565477058320923,-22.91894730911049,-25.321250166169996,1,8
m05,selection,m05,raw,flat_1.00,13.924446221325512,5162.177410624394,13.924446221325512,OU2.5,ALL,132,132,48.484848484848484,0.0,2.070472505511955,0.5199189534321461,0.4841819724143574,0.03573698101778855,-0.03507046858366125,-0.6526468622654749,3.5154211327195206,27.02802161379855,768.8416435299102,14.893747005818511,0.25246398146416743,0.25246398146416743,0.0041374888044047485,0.01870576243194452,-139.11395231992205,-18.093966877395093,7,6
m05,selection,m05,raw,flat_1.00,13.924446221325512,5162.177410624394,13.924446221325512,OU2.5,over_25,44,44,52.27272727272727,0.0,2.0334084962341055,0.5273716433764309,0.49204937239199553,0.03532227098443534,-0.004644370649158236,8.26095654438636,21.026710406169922,52.14436801776922,247.99108852742063,4.804001660559448,1.510057209597835,1.510057209597835,0.003977109468024728,0.01870576243194452,-41.88154451202318,-16.888326415564848,7,4
m05,selection,m05,raw,flat_1.00,13.924446221325512,5162.177410624394,13.924446221325512,OU2.5,under_25,88,88,46.590909090909086,0.0,2.0890045101508807,0.5161926084600036,0.4802482724255382,0.035944336034465126,-0.050283517550912704,-5.109448565591391,-4.8221790612953495,-25.116346403970688,520.85055500249,10.08974534525907,-0.34631029375589134,-0.34631029375589134,0.004217678472594761,0.017350926138102463,-130.02177783263505,-24.96335591540523,5,8
m05,selection,m05,raw,flat_1.00,13.924446221325512,5162.177410624394,13.924446221325512,OU3.5,ALL,51,51,43.13725490196079,0.0,2.544810526518847,0.5110629425279398,0.47540194385657275,0.03566099867136726,-0.07969039350833196,-17.74099586613323,-13.598187845489438,-43.76180109919051,321.82083080802886,6.234207103105022,-0.9765693823186732,-0.9765693823186732,0.004608948464348817,0.014210854661739757,-88.04108418790268,-27.357173855666467,4,7
m05,selection,m05,raw,flat_1.00,13.924446221325512,5162.177410624394,13.924446221325512,OU3.5,over_35,27,27,18.51851851851852,0.0,3.5066799360758614,0.317651520836036,0.29183424396080426,0.025817276875231724,-0.1324663356508508,-36.058967136150244,-8.707123008470727,-7.9191336574286595,90.95006065407055,1.7618546093918466,-0.6253119779467875,-0.6253119779467875,0.002347499308208642,0.005909923837283,-33.01633083971861,-36.30160398165818,1,10
m05,selection,m05,raw,flat_1.00,13.924446221325512,5162.177410624394,13.924446221325512,OU3.5,under_35,24,24,70.83333333333334,0.0,1.4627074407672067,0.7286507919313318,0.6819156062393121,0.04673518569201971,-0.020317458597998383,2.866721812635921,-15.524991499729413,-35.842667441761854,230.8707701539583,4.472352493713175,-1.114944986174936,-1.114944986174936,0.007153078765006512,0.014210854661739757,-72.19797768758836,-31.272030512759358,5,3
m05,evaluation,m05,raw,flat_1.00,0.8897375948728251,9528.785689766853,13.924446221325512,1X2,ALL,440,256,26.81818181818182,0.0,4.349489900196113,0.31540400469137025,0.26306666451183175,0.05233734017953899,-0.04722218650955207,0.9025275545532585,-0.39149011628654945,-21.939225589984034,5604.030517573965,58.811591529361834,-0.4400062653781728,-0.02811530958315427,0.006651283102295686,0.022756793269377247,-568.8453921308958,-10.150647651668292,3,15
m05,evaluation,m05,raw,flat_1.00,0.8897375948728251,9528.785689766853,13.924446221325512,1X2,away,158,158,24.68354430379747,0.0,4.990393345963714,0.32168794015544516,0.24637245151393894,0.07531548864150636,-0.07485249711747047,-3.318813074023492,-3.967511535189922,-95.31889429529197,2402.4856248018223,25.212925371822536,-4.459192865461664,-0.2849313697742331,0.007899028923851819,0.022756793269377247,-653.3622648286286,-27.195262193609317,6,20
m05,evaluation,m05,raw,flat_1.00,0.8897375948728251,9528.785689766853,13.924446221325512,1X2,draw,154,154,27.27272727272727,0.0,4.346420772220947,0.25174273814659964,0.23799610821659084,0.01374662993000872,0.020984534580673064,13.219655230758939,13.472753486067504,158.70852210464756,1177.9961851804967,12.362500569674575,15.142389805382154,0.9675611706147255,0.004021479356201437,0.01164975529377199,-133.07359339656662,-11.296606480620866,4,15
m05,evaluation,m05,raw,flat_1.00,0.8897375948728251,9528.785689766853,13.924446221325512,1X2,home,128,128,28.90625,0.0,3.5620672539218567,0.3842397331645805,0.3138365967238162,0.07040313644076426,-0.09517723316458049,-8.705799342482274,-4.216792661289351,-85.32885339933986,2023.548707591642,21.236165587864672,-4.739366624034898,-0.3028337783969653,0.008275079485832008,0.02228961483767679,-288.9582869297964,-14.279779174364657,4,10
m05,evaluation,m05,raw,flat_1.00,0.8897375948728251,9528.785689766853,13.924446221325512,BTTS,ALL,102,102,51.9607843137255,0.0,2.0877945708544847,0.5132503630165204,0.4915049201955884,0.021745442820931892,0.00635748012073456,3.910627676470993,-11.98372705419126,-94.01077921565499,784.4869863151222,8.232811733373309,-13.46883297193276,-0.8606250377008164,0.003968029253373294,0.020065426190063667,-131.67485171054366,-16.784835696133648,10,5
m05,evaluation,m05,raw,flat_1.00,0.8897375948728251,9528.785689766853,13.924446221325512,BTTS,btts_no,44,44,45.45454545454545,0.0,2.4142959400955317,0.4530820295908246,0.4169090330112427,0.03617299657958175,0.0014634249546299216,5.929274782619974,-3.0146212892574913,-7.7122111445916595,255.8268652873209,2.6847792952470146,-3.3882139033232455,-0.2164984690479504,0.003228561105137209,0.009729150653927016,-59.35576960707944,-23.201538876855867,5,5
m05,evaluation,m05,raw,flat_1.00,0.8897375948728251,9528.785689766853,13.924446221325512,BTTS,btts_yes,58,58,56.896551724137936,0.0,1.840103876947484,0.5588953056153241,0.5480949035768162,0.010800402038507868,0.010070211626055259,2.37924021663384,-16.324017007994637,-86.29856807106331,528.6601210278012,5.548032438126293,-18.34700152276685,-1.1723279151305956,0.004529005089966187,0.020065426190063667,-114.26486843644096,-21.61405104933799,6,4
m05,evaluation,m05,raw,flat_1.00,0.8897375948728251,9528.785689766853,13.924446221325512,OU0.5,ALL,33,33,36.36363636363637,0.0,12.102691910582935,0.41725563396836507,0.40120525099206106,0.01605038297630378,-0.05361927033200142,-60.916026936026924,-12.09353279714853,-32.3434383526384,267.44408681195694,2.8066964198719497,-13.592246598141244,-0.8685108624734456,0.003963072859287308,0.023784678321691746,-32.704053789067196,-12.22837049003884,3,7
m05,evaluation,m05,raw,flat_1.00,0.8897375948728251,9528.785689766853,13.924446221325512,OU0.5,over_05,13,13,92.3076923076923,0.0,1.0766178266178266,0.9397618580874771,0.9278127070780712,0.011949151009405702,-0.016684935010554014,-0.7868376068376086,2.3294258163425647,5.351828328861314,229.74882013045726,2.411102816355592,2.618104292508312,0.16729037401681454,0.008546683876761208,0.023784678321691746,-12.854667708628545,-5.595096288777167,6,1
m05,evaluation,m05,raw,flat_1.00,0.8897375948728251,9528.785689766853,13.924446221325512,OU0.5,under_05,20,20,0.0,0.0,19.269640065160253,0.07762658829094211,0.05891040453615458,0.018716183754787525,-0.07762658829094211,-100.0,-100.0,-37.69526668149972,37.69526668149972,0.3955936035163577,-112.39268810968197,-7.181614148995627,0.0009837256979292723,0.004410169288023989,-37.32651834913317,-99.02176489297122,0,20
m05,evaluation,m05,raw,flat_1.00,0.8897375948728251,9528.785689766853,13.924446221325512,OU1.5,ALL,80,80,45.0,0.0,3.327183375720672,0.4827270528687301,0.4404990518143955,0.042228001054334725,-0.03272705286873007,-2.544721200519177,-0.02501579150676586,-0.14460341258285148,578.0485200467933,6.06633981355642,-0.028115920526367664,-0.0017965376223331435,0.003640152654407161,0.014262761715791314,-82.7076697546706,-14.308084336583956,4,4
m05,evaluation,m05,raw,flat_1.00,0.8897375948728251,9528.785689766853,13.924446221325512,OU1.5,over_15,35,35,77.14285714285715,0.0,1.3593184685917208,0.7667846607989292,0.7336396652708413,0.03314499552808767,0.004643910629642312,4.169844842623557,10.0873794639396,35.22992834338442,349.24757682928947,3.665184507238453,11.337476939345743,0.7244366708451656,0.0049613398315468725,0.014262761715791314,-27.298590501114923,-7.816400832025913,9,2
m05,evaluation,m05,raw,flat_1.00,0.8897375948728251,9528.785689766853,13.924446221325512,OU1.5,under_15,45,45,20.0,0.0,4.8577449701543,0.2617933578119086,0.21250079690382626,0.04929256090808244,-0.06179335781190859,-7.767161456296859,-15.460833009914369,-35.37453175596726,228.8009432175038,2.4011553063179663,-17.37684582399181,-1.1103373709925968,0.0026125626277429402,0.008305327315058562,-97.9331443522725,-42.80277125395189,2,9
m05,evaluation,m05,raw,flat_1.00,0.8897375948728251,9528.785689766853,13.924446221325512,OU2.5,ALL,136,136,55.88235294117647,0.0,2.2652057293627306,0.4991563586286856,0.4472102746089976,0.05194608401968829,0.05966717078307909,24.22832088434223,32.94832355980877,442.91420036468264,1344.2693057226163,14.107456600333167,37.031506535944736,2.3662214666280863,0.005110642221488918,0.020200159058198424,-146.40102084453963,-10.890750850391639,6,8
m05,evaluation,m05,raw,flat_1.00,0.8897375948728251,9528.785689766853,13.924446221325512,OU2.5,over_25,37,37,54.054054054054056,0.0,2.0488858273435464,0.5360436564451418,0.49013432915447,0.04590932729067154,0.004496884095398723,9.861575948480308,-14.84034448955055,-44.77298614559656,301.69775490806376,3.1661721097585684,-16.679462096542924,-1.065776279621255,0.004020482781479236,0.014465349820454682,-121.37120187649955,-40.229401744631794,5,6
m05,evaluation,m05,raw,flat_1.00,0.8897375948728251,9528.785689766853,13.924446221325512,OU2.5,under_25,99,99,56.56565656565656,0.0,2.346052561430507,0.48537019681849486,0.43116795119301254,0.054202245625482405,0.08028636883807078,29.59771040582598,46.77733495885755,487.6871865102793,1042.5715508145531,10.941284490574605,52.57430418633,3.359367705928392,0.005518075547553142,0.020200159058198424,-73.02631774594443,-7.0044418235745605,6,9
m05,evaluation,m05,raw,flat_1.00,0.8897375948728251,9528.785689766853,13.924446221325512,OU3.5,ALL,85,85,41.17647058823529,0.0,2.1338231650591832,0.5829468481905629,0.5313362873368225,0.051610560853740495,-0.17118214230820994,-21.814580292015037,-22.061397285666665,-209.69496517710445,950.506273296405,9.975103903503381,-24.795397443917178,-1.5843644289335745,0.005962419049019259,0.02322672074847048,-254.25053746637948,-26.74895943449437,4,5
m05,evaluation,m05,raw,flat_1.00,0.8897375948728251,9528.785689766853,13.924446221325512,OU3.5,over_35,27,27,22.22222222222222,0.0,3.3211006874354236,0.3332433414420335,0.30660452087662154,0.026638820565411937,-0.11102111921981128,-19.712525738199385,-11.878120876109096,-14.920248175145634,125.61118320621978,1.3182286525880842,-13.350139349576319,-0.8530408094734542,0.002390787143907492,0.004831099347771455,-36.80261869562824,-29.298839288225036,1,5
m05,evaluation,m05,raw,flat_1.00,0.8897375948728251,9528.785689766853,13.924446221325512,OU3.5,under_35,58,58,50.0,0.0,1.581125008090933,0.6991881358148785,0.6359527993096747,0.0632353365052038,-0.1991881358148785,-22.79312292913612,-23.612059199026667,-194.7747170019589,824.8950900901852,8.656875250915297,-26.53822805183551,-1.6957269843065228,0.007625075280709221,0.02322672074847048,-241.08650783802284,-29.226323533052557,5,5
POOLED,full,POOLED,inv,flat_1.00,6.003049201946417,10918.018889356772,16.788081734349202,1X2,ALL,1580,524,29.55696202531646,0.0,4.039966294602995,0.3076886493617467,0.28168506745224553,0.026003581909500768,-0.012119029108582147,5.338062980057913,11.04456687611831,693.5883978401124,6279.905818125472,57.51873010814555,1.8398261457755904,0.6578814096145725,0.0030473503479666194,0.014587261940951377,-464.6722251335974,-7.399350222616883,5,30
POOLED,full,POOLED,inv,flat_1.00,6.003049201946417,10918.018889356772,16.788081734349202,1X2,away,709,372,26.516220028208743,0.0,4.455798677785614,0.29231782989317256,0.2614920318138619,0.030825798079310896,-0.02715562961108514,3.083123496176337,5.72155501766407,169.19530548261815,2957.1559647729346,27.085096616343677,0.9531081330815886,0.3408105290527327,0.0032088208963029973,0.012937194151654981,-487.9961823236912,-16.502213212185524,9,34
POOLED,full,POOLED,inv,flat_1.00,6.003049201946417,10918.018889356772,16.788081734349202,1X2,draw,313,178,24.281150159744406,0.0,4.456726269968333,0.24425697873149266,0.23201460156913192,0.012242377162360606,-0.0014454771340485784,5.952417256956453,21.89598840926254,200.63636115806935,916.3156163948062,8.392691253612497,3.6474777521668535,1.3042579108048016,0.002207862502741666,0.01030851553768073,-149.07278829161442,-16.26871632703731,7,27
POOLED,full,POOLED,inv,flat_1.00,6.003049201946417,10918.018889356772,16.788081734349202,1X2,home,558,296,36.37992831541219,0.0,3.2778318287144206,0.362799803323195,0.3352042754970996,0.027595527826094854,0.0009994798309268527,7.858599190457186,13.453795089315525,323.7567311994264,2406.4342369577284,22.040942238189352,2.2411602232001187,0.8013896585807317,0.0033130798762550187,0.014587261940951377,-185.8446083612919,-7.722820989957369,10,22
POOLED,full,POOLED,inv,flat_1.00,6.003049201946417,10918.018889356772,16.788081734349202,BTTS,ALL,214,126,47.19626168224299,0.0,2.157219402221552,0.4901135459504817,0.4738859359537649,0.016227609996717053,-0.018150929128051774,-2.733078463773053,-19.28265394519374,-157.63649636447235,817.5041506864968,7.487660160429156,-3.212143245293004,-1.1485918552410026,0.0028164114405139474,0.021765710297494405,-168.56143422780335,-20.61903099650985,14,12
POOLED,full,POOLED,inv,flat_1.00,6.003049201946417,10918.018889356772,16.788081734349202,BTTS,btts_no,123,72,42.27642276422765,0.0,2.3673089341895257,0.44436708684786874,0.4249756984328036,0.0193913884150654,-0.021602859205592295,-2.3839052480418315,8.991870337693705,29.069050722778563,323.28147127435545,2.9609902176437926,1.4978838312333336,0.535610350246027,0.0020053124181188585,0.010336899269136373,-49.50463286874749,-15.313167399790444,9,12
POOLED,full,POOLED,inv,flat_1.00,6.003049201946417,10918.018889356772,16.788081734349202,BTTS,btts_yes,91,54,53.84615384615385,0.0,1.8732522326384664,0.5519466719902769,0.5399953778777009,0.01195129411257587,-0.01348513352873848,-3.205037865255915,-37.777616217315206,-186.7055470872509,494.2226794121415,4.5266699427853645,-6.293071228712613,-2.2502640155736455,0.00391273209715786,0.021765710297494405,-172.56476358456746,-34.916399180593345,11,10
POOLED,full,POOLED,inv,flat_1.00,6.003049201946417,10918.018889356772,16.788081734349202,OU0.5,ALL,95,53,38.94736842105263,0.0,11.316567728672833,0.44260561944566,0.4317283176800658,0.010877301765594139,-0.05313193523513371,-57.995153641679956,-24.932254469417718,-118.64524373076364,475.8704989005134,4.358579186599567,-4.1532650542550495,-1.4851163381224881,0.003740045173395131,0.023920398263224212,-120.4349328572318,-25.308341898792563,7,12
POOLED,full,POOLED,inv,flat_1.00,6.003049201946417,10918.018889356772,16.788081734349202,OU0.5,over_05,41,23,90.2439024390244,0.0,1.0805824798507726,0.933110457872093,0.9243389187017694,0.00877153917032308,-0.030671433481849086,-2.6716974624291727,-15.959455018355573,-67.83773704165543,425.06299221140495,3.893224554005578,-2.658558089642329,-0.9506419655857274,0.007750994263162976,0.023920398263224212,-90.75643140660068,-21.3512898251709,27,2
POOLED,full,POOLED,inv,flat_1.00,6.003049201946417,10918.018889356772,16.788081734349202,OU0.5,under_05,54,30,0.0,0.0,19.08833430648217,0.07018527915892403,0.05770915764506851,0.012476121513855501,-0.07018527915892403,-100.0,-100.0,-50.80750668910823,50.80750668910823,0.4653546325939863,-16.658200963533034,-5.95660669172198,0.0006946949385713953,0.004114187999552683,-50.42237669771285,-99.24198210758107,0,54
POOLED,full,POOLED,inv,flat_1.00,6.003049201946417,10918.018889356772,16.788081734349202,OU1.5,ALL,196,108,46.42857142857143,0.0,3.4264054631392784,0.44007807196647053,0.41655741400727264,0.023520657959197958,0.024207642319243772,3.370459650257978,6.701151583440794,41.0806488179327,613.0386442749189,5.6149256608497735,1.1162912976405432,0.3991612436416677,0.0022661405557715896,0.014435372638585795,-51.276309996596375,-8.364286733872092,7,12
POOLED,full,POOLED,inv,flat_1.00,6.003049201946417,10918.018889356772,16.788081734349202,OU1.5,over_15,75,42,85.33333333333334,0.0,1.360101805072271,0.751432511982408,0.734896933458722,0.01653557852368642,0.10190082135092537,14.888288008193673,16.1187040298168,57.46452855847812,356.50836724949306,3.26532103362661,2.68508611000398,0.960127802858928,0.0034023972380894606,0.014435372638585795,-37.55927037908472,-10.535312444097519,23,2
POOLED,full,POOLED,inv,flat_1.00,6.003049201946417,10918.018889356772,16.788081734349202,OU1.5,under_15,121,66,22.31404958677686,0.0,4.707172193346103,0.24708978270039347,0.21923953004976274,0.027850252650630743,-0.023949286832624872,-3.7686901583798513,-6.386723598681312,-16.383879740545414,256.53027702542585,2.3496046272231643,-1.0639132520537218,-0.38043200526083787,0.0015618492237563807,0.00800400280714574,-84.0259676933612,-32.754795522648195,4,28
POOLED,full,POOLED,inv,flat_1.00,6.003049201946417,10918.018889356772,16.788081734349202,OU2.5,ALL,412,229,50.728155339805824,0.0,2.208439646116831,0.48517556587326927,0.45788743287475403,0.0272881329985152,0.022105987524788984,11.224698076170059,29.354885555358777,478.7256870305373,1630.8211664723906,14.936969637066356,4.889995828426795,1.7485550773378298,0.0030192660986078823,0.020477445539449798,-118.95196575496472,-7.293992020735677,13,10
POOLED,full,POOLED,inv,flat_1.00,6.003049201946417,10918.018889356772,16.788081734349202,OU2.5,over_25,89,52,47.19101123595505,0.0,2.071410294228855,0.5041179549535012,0.48415217132644495,0.019965783627056432,-0.03220784259395065,-0.4462991439956136,3.845702665660649,9.872612136687508,256.718030357438,2.351324292062682,0.6406248785056977,0.22907338232647279,0.002290362231388528,0.010384287305139659,-67.44649992586434,-26.272599486664834,10,9
POOLED,full,POOLED,inv,flat_1.00,6.003049201946417,10918.018889356772,16.788081734349202,OU2.5,under_25,323,177,51.702786377708975,0.0,2.2461969597949416,0.4799561459719042,0.45065039967908677,0.029305746292818097,0.03707171780518553,14.440545607423136,34.12066114771077,468.85307489385,1374.103136114953,12.58564534500368,5.683888304071797,2.0324335851843216,0.0032201095790491295,0.020477445539449798,-125.95047625463951,-9.16601330310208,10,15
POOLED,full,POOLED,inv,flat_1.00,6.003049201946417,10918.018889356772,16.788081734349202,OU3.5,ALL,214,122,45.794392523364486,0.0,2.1776895109638184,0.5623362625663391,0.531566329415983,0.030769933150356046,-0.10439233733269421,-16.35619878016255,-25.588556721792614,-281.69894778745703,1100.8786108969828,10.083135246909618,-4.2625932023838535,-1.5242096820053734,0.0038859052938067374,0.024367080407735955,-306.3554208693665,-27.828265336152885,10,10
POOLED,full,POOLED,inv,flat_1.00,6.003049201946417,10918.018889356772,16.788081734349202,OU3.5,over_35,71,47,21.12676056338028,0.0,3.4346918713322383,0.308079173733741,0.298416126790616,0.009663046943125232,-0.09681156809993818,-24.662345964491575,-3.1714529031507923,-2.9448705140561744,92.85556506705454,0.8504799818360185,-0.5283069980706616,-0.1889109758538911,0.0009865350111702394,0.004471104767232278,-25.51961663033742,-27.4831310454131,2,15
POOLED,full,POOLED,inv,flat_1.00,6.003049201946417,10918.018889356772,16.788081734349202,OU3.5,under_35,143,77,58.04195804195804,0.0,1.5535834439277503,0.6885757961825241,0.647326220229976,0.04124957595254756,-0.10815621576294365,-12.232167660670502,-27.653542091777926,-278.75407727340104,1008.023045829928,9.232655265073598,-4.606582615183563,-1.6472127387369984,0.0053254527767940905,0.024367080407735955,-305.9159148951729,-30.348107234324726,10,10
POOLED,selection,POOLED,inv,flat_1.00,16.788081734349202,3963.9429280231416,16.788081734349202,1X2,ALL,808,272,31.31188118811881,0.0,3.7469367705555454,0.31245807825340643,0.29051067950116427,0.02194739875224171,0.0006607336277816844,10.168943314423226,30.892118674233288,793.4002302199708,2568.2933520572533,64.79138067051049,1.8401220081640755,1.8401220081640755,0.002686311095319912,0.014248749516671967,-137.28230239706113,-5.345273439542855,5,28
POOLED,selection,POOLED,inv,flat_1.00,16.788081734349202,3963.9429280231416,16.788081734349202,1X2,away,379,201,27.96833773087071,0.0,4.089012598773372,0.29430770350084934,0.2677587881936771,0.026548915307172263,-0.014624326192142212,9.963333358939765,27.3693439611616,343.7075057564271,1255.8119998936197,31.680879939406843,1.6302841738709575,1.6302841738709575,0.0028170731931810473,0.01095736897687489,-102.62703685449736,-8.172165647659911,6,28
POOLED,selection,POOLED,inv,flat_1.00,16.788081734349202,3963.9429280231416,16.788081734349202,1X2,draw,139,79,23.741007194244602,0.0,4.14626679448294,0.2482133127990673,0.24359261863669732,0.0046206941623698405,-0.010803240856621266,-0.9800088459053224,28.79430267711782,74.21411600243675,257.7388896499064,6.502083766842814,1.7151633600998812,1.7151633600998812,0.0015780464190099262,0.007416357201389203,-58.76842891522873,-22.801537243780107,7,22
POOLED,selection,POOLED,inv,flat_1.00,16.788081734349202,3963.9429280231416,16.788081734349202,1X2,home,290,151,39.310344827586206,0.0,3.10847603876083,0.3669719211133097,0.34273335972771163,0.02423856138559867,0.026131527162552404,15.781462360678036,35.59907956737083,375.4786084611072,1054.7424625137244,26.608416964260762,2.1204971557014427,2.1204971557014427,0.0030466212846913645,0.014248749516671967,-170.8455638923869,-16.19784639040868,10,22
POOLED,selection,POOLED,inv,flat_1.00,16.788081734349202,3963.9429280231416,16.788081734349202,BTTS,ALL,61,35,50.81967213114754,0.0,2.1233086783030783,0.4945901612837712,0.474673187163907,0.019916974119864313,0.013606560027704218,6.583888782772537,-13.667023833193863,-26.20184889981445,191.7158352806597,4.83649332903666,-0.8140908562072635,-0.8140908562072635,0.0026327373256612697,0.014007346305649652,-33.014194036573805,-17.220379312039164,14,7
POOLED,selection,POOLED,inv,flat_1.00,16.788081734349202,3963.9429280231416,16.788081734349202,BTTS,btts_no,39,22,51.28205128205128,0.0,2.245921045572622,0.46675966542580366,0.4456167832587205,0.021142882167083155,0.046060847394709115,15.138183219838105,18.78241361937228,21.057176619962917,112.11113250239805,2.828273124464711,1.11879450651843,1.11879450651843,0.002375000376313746,0.009006051914451632,-24.346800191587253,-21.71666599752391,9,4
POOLED,selection,POOLED,inv,flat_1.00,16.788081734349202,3963.9429280231416,16.788081734349202,BTTS,btts_yes,22,13,50.0,0.0,1.905950390870705,0.5439260403047138,0.5261822668140104,0.01774377349070365,-0.04392604030471381,-8.580542264752793,-59.36712765754189,-47.25902551977737,79.60470277826161,2.0082202045719484,-3.536266298732271,-3.536266298732271,0.0030896346449591477,0.014007346305649652,-33.11824201709398,-41.60337374708204,11,6
POOLED,selection,POOLED,inv,flat_1.00,16.788081734349202,3963.9429280231416,16.788081734349202,OU0.5,ALL,40,21,25.0,0.0,11.231742089712174,0.3717737168505953,0.36383436834580885,0.007939348504786345,-0.12177371685059529,-72.991,-52.32958370932227,-104.17097849132145,199.06708807386113,5.021946372299005,-3.1170674849797457,-3.1170674849797457,0.004003058733535135,0.02323668914044487,-104.8169650556929,-52.65409067359341,2,12
POOLED,selection,POOLED,inv,flat_1.00,16.788081734349202,3963.9429280231416,16.788081734349202,OU0.5,over_05,14,7,71.42857142857143,0.0,1.082857142857143,0.9309929341234441,0.9226072477516647,0.008385686371779286,-0.21670721983772978,-22.831428571428567,-47.936017807249016,-87.37214110795847,182.26825069049815,4.598155271155661,-2.855360044451635,-2.855360044451635,0.010487084273779559,0.02323668914044487,-90.75643140660068,-49.79278127857289,6,2
POOLED,selection,POOLED,inv,flat_1.00,16.788081734349202,3963.9429280231416,16.788081734349202,OU0.5,under_05,26,14,0.0,0.0,16.69652629186488,0.07065567678059972,0.06295666405034804,0.007699012730251682,-0.07065567678059972,-100.0,-100.0,-16.798837383362976,16.798837383362976,0.4237911011433438,-5.95660669172198,-5.95660669172198,0.0005116603657112118,0.00119293033741199,-16.413707391967595,-97.70740091944218,0,26
POOLED,selection,POOLED,inv,flat_1.00,16.788081734349202,3963.9429280231416,16.788081734349202,OU1.5,ALL,69,39,49.275362318840585,0.0,3.3226536460930793,0.4184129134983237,0.402439969307666,0.015972944190657846,0.07434070969008211,18.37075026108214,18.488620307043494,24.5485450246244,132.7765112644576,3.349607037119341,1.1012943944164217,1.1012943944164217,0.001599747506962158,0.009344876353129679,-13.673715694762887,-10.298294151989175,6,9
POOLED,selection,POOLED,inv,flat_1.00,16.788081734349202,3963.9429280231416,16.788081734349202,OU1.5,over_15,23,13,86.95652173913044,0.0,1.3621918860786082,0.7445504286171903,0.7330796859928475,0.011470742624343092,0.12501478877411398,18.095771019278473,29.13367027083826,15.72556505634587,53.97728782592349,1.3617069873617607,1.7353781528969687,1.7353781528969687,0.001995373360230676,0.009344876353129679,-2.2676386361503997,-4.201097771832338,12,2
POOLED,selection,POOLED,inv,flat_1.00,16.788081734349202,3963.9429280231416,16.788081734349202,OU1.5,under_15,46,26,30.434782608695656,0.0,4.302884526100313,0.2553441559388905,0.23712011096507515,0.018224044973815225,0.04900367014806606,18.508239881983975,11.196785429187305,8.822979968278531,78.79922343853409,1.9879000497575794,0.6669484701327226,0.6669484701327226,0.001401934580327899,0.0038962331357633552,-22.102758948819123,-28.04946290626834,4,16
POOLED,selection,POOLED,inv,flat_1.00,16.788081734349202,3963.9429280231416,16.788081734349202,OU2.5,ALL,190,108,46.31578947368421,0.0,2.09548669314888,0.49985992394304574,0.47933384957453323,0.020526074368513093,-0.036702029206203635,-4.221261021940689,6.659304267460057,40.32962612775077,605.6132068453,15.27805061379442,0.3966685636176532,0.3966685636176532,0.002692473078742803,0.010489287614150425,-118.9519657549647,-19.64157393042953,7,9
POOLED,selection,POOLED,inv,flat_1.00,16.788081734349202,3963.9429280231416,16.788081734349202,OU2.5,over_25,50,29,42.0,0.0,2.045965375226453,0.5077449379107132,0.4891960970012782,0.01854884090943487,-0.0877449379107132,-12.142937252494615,29.950749519138455,46.00796945312035,153.61208047137976,3.875234413326623,1.7840483500778899,1.7840483500778899,0.0026557207726289746,0.010384287305139659,-31.6642533773932,-20.613127092756702,10,8
POOLED,selection,POOLED,inv,flat_1.00,16.788081734349202,3963.9429280231416,16.788081734349202,OU2.5,under_25,140,79,47.85714285714286,0.0,2.1131728781211754,0.49704384752602215,0.47581161835069546,0.02123222917532676,-0.01847241895459356,-1.3920909395999996,-1.2562675166150177,-5.678343325369555,452.0011263739203,11.402816200467795,-0.07483091496061968,-0.07483091496061968,0.002705598902354884,0.010489287614150425,-125.95047625463951,-27.865080174699923,7,12
POOLED,selection,POOLED,inv,flat_1.00,16.788081734349202,3963.9429280231416,16.788081734349202,OU3.5,ALL,76,45,48.68421052631579,0.0,2.342050918258523,0.5369778574333447,0.5155618414857539,0.02141601594759048,-0.05013575217018679,-13.943028800189094,-23.430018601235705,-62.435595321730354,266.4769345016119,6.722521977240136,-1.3956340558729108,-1.3956340558729108,0.002970507995245611,0.016275998121056054,-103.21413673368913,-38.7328595350022,8,10
POOLED,selection,POOLED,inv,flat_1.00,16.788081734349202,3963.9429280231416,16.788081734349202,OU3.5,over_35,32,21,18.75,0.0,3.5472743219519924,0.29769499267837823,0.2876304229905153,0.010064569687863059,-0.11019499267837823,-36.41499999999999,-16.71707036023711,-6.251043965551267,37.39317853455876,0.943332919104542,-0.9957701317377553,-0.9957701317377553,0.000949909224876973,0.0028436064237601115,-20.776767837324744,-55.56298943167636,2,15
POOLED,selection,POOLED,inv,flat_1.00,16.788081734349202,3963.9429280231416,16.788081734349202,OU3.5,under_35,44,24,70.45454545454545,0.0,1.4655248064814577,0.7110017590733202,0.6813301458459278,0.029671613227392233,-0.006456304527865608,2.4002229814915617,-24.52576836755703,-56.184551356179085,229.0837559670532,5.779189058135597,-1.4609035597781348,-1.4609035597781348,0.004440034373695528,0.016275998121056054,-99.46845730800042,-43.42012679515607,10,6
POOLED,evaluation,POOLED,inv,flat_1.00,-0.1446048750330386,6954.075961333629,16.788081734349202,1X2,ALL,772,252,27.72020725388601,0.0,4.346660407854738,0.3026968118689213,0.2724478983647759,0.030248913504144947,-0.02549473933006119,0.2819084332092451,-2.6891770973490097,-99.81183237985726,3711.6124660682167,53.37319417713718,NaN,-0.160183702932946,0.003425225627938822,0.014587261940951377,-464.6722251335973,-12.51941654420171,4,30
POOLED,evaluation,POOLED,inv,flat_1.00,-0.1446048750330386,6954.075961333629,16.788081734349202,1X2,away,330,171,24.848484848484848,0.0,4.877046932166344,0.29003249020435573,0.25429475706249793,0.03573773314185788,-0.041547641719507256,-4.818693285603488,-10.257314445300228,-174.51220027380924,1701.3439648793114,24.46542106153574,NaN,-0.6109878786397187,0.0036587371977672913,0.012937194151654981,-487.9961823236912,-28.682981948233397,9,34
POOLED,evaluation,POOLED,inv,flat_1.00,-0.1446048750330386,6954.075961333629,16.788081734349202,1X2,draw,174,99,24.71264367816092,0.0,4.704737000384824,0.24109645898785528,0.22276549598067436,0.018330963007180814,0.006029977793753916,11.490389833380519,19.19628192458161,126.42224515563247,658.5767267449,9.470370044945563,NaN,1.143447013681445,0.0027109914431940312,0.01030851553768073,-149.07278829161442,-22.635599200176095,4,27
POOLED,evaluation,POOLED,inv,flat_1.00,-0.1446048750330386,6954.075961333629,16.788081734349202,1X2,home,268,145,33.2089552238806,0.0,3.4610899596343514,0.3582851982518013,0.3270571321132295,0.031228066138572104,-0.02619564601299529,-0.714648269856427,-3.826454983271272,-51.721877261680476,1351.691774444004,19.437403070655865,NaN,-0.22792687358926575,0.003601411934290306,0.014587261940951377,-176.2160914754838,-13.036706652148368,8,17
POOLED,evaluation,POOLED,inv,flat_1.00,-0.1446048750330386,6954.075961333629,16.788081734349202,BTTS,ALL,153,91,45.751633986928105,0.0,2.170739364045257,0.48832875160191536,0.4735720645562567,0.014756687045658343,-0.030812411732634326,-6.44768632023894,-21.003052346769945,-131.43464746465781,625.7883154058372,8.99887086200056,NaN,-1.2510692215535688,0.0028896409895728596,0.021765710297494405,-168.56143422780335,-26.935855157104942,10,12
POOLED,evaluation,POOLED,inv,flat_1.00,-0.1446048750330386,6954.075961333629,16.788081734349202,BTTS,btts_no,84,50,38.095238095238095,0.0,2.4236675967616597,0.4339705325081133,0.41539233762077044,0.01857819488734288,-0.05301815155573236,-10.519160608128951,3.7940338351531713,8.011874102815645,211.17033877195752,3.036641243870738,NaN,0.22599567331092987,0.0018336715803855181,0.010336899269136373,-49.50463286874748,-23.442985959409512,5,12
POOLED,evaluation,POOLED,inv,flat_1.00,-0.1446048750330386,6954.075961333629,16.788081734349202,BTTS,btts_yes,69,41,55.072463768115945,0.0,1.8628267329122454,0.5545039748465431,0.5443995582168485,0.010104416629694553,-0.0037793371653837005,-1.4911089262858974,-33.6325314931072,-139.4465215674735,414.61797663387983,5.962229618129823,NaN,-2.003357621513926,0.004175168965974841,0.021765710297494405,-170.0379641870403,-41.01075538680489,10,10
POOLED,evaluation,POOLED,inv,flat_1.00,-0.1446048750330386,6954.075961333629,16.788081734349202,OU0.5,ALL,55,32,49.09090909090909,0.0,11.378259102462403,0.49411973042388907,0.4811057353777074,0.01301399504618163,-0.0032106395147981637,-47.08908356290175,-5.229077631744471,-14.474265239442222,276.80341082665217,3.980448478931596,NaN,-0.3114755881278284,0.0035487625842024004,0.023920398263224212,-17.967391007802323,-6.491029483395489,7,11
POOLED,evaluation,POOLED,inv,flat_1.00,-0.1446048750330386,6954.075961333629,16.788081734349202,OU0.5,over_05,27,16,100.0,0.0,1.0794030249585804,0.93420843314917,0.9252368221573801,0.008971610991790233,0.06579156685082999,7.781496445940886,8.04564544682322,19.534404066303036,242.7947415209067,3.4914019183987226,NaN,0.4792474550776968,0.006332280924324748,0.023920398263224212,0.0,0.0,27,0
POOLED,evaluation,POOLED,inv,flat_1.00,-0.1446048750330386,6954.075961333629,16.788081734349202,OU0.5,under_05,28,16,0.0,0.0,21.30929889148394,0.06974848136736804,0.05283647312588042,0.016912008241487624,-0.06974848136736804,-100.0,-100.0,-34.00866930574526,34.00866930574526,0.48904656053287043,NaN,-5.95660669172198,0.0008646556133701372,0.004114187999552683,-33.81037985680776,-99.4169444056901,0,28
POOLED,evaluation,POOLED,inv,flat_1.00,-0.1446048750330386,6954.075961333629,16.788081734349202,OU1.5,ALL,127,69,44.881889763779526,0.0,3.482774560589576,0.45184890609483364,0.4242275217574526,0.02762138433738117,-0.00303000845703838,-4.7793045398748335,3.442308409717617,16.532103793308316,480.2621330104613,6.906196246357342,NaN,0.20504477308294805,0.0026281966216601797,0.014435372638585795,-51.27630999659637,-10.676733906789075,7,12
POOLED,evaluation,POOLED,inv,flat_1.00,-0.1446048750330386,6954.075961333629,16.788081734349202,OU1.5,over_15,52,29,84.61538461538461,0.0,1.3591773461656222,0.7544765103939471,0.7357007159917051,0.01877579440224212,0.091677335759899,13.469593599444634,13.796586976009205,41.73896350213226,302.5310794235695,4.3504137876220605,NaN,0.8218084230422075,0.004024734722527,0.014435372638585795,-37.55927037908472,-12.41501218673091,23,2
POOLED,evaluation,POOLED,inv,flat_1.00,-0.1446048750330386,6954.075961333629,16.788081734349202,OU1.5,under_15,75,40,17.333333333333336,0.0,4.955135295923519,0.24202710044744877,0.2082727737550378,0.0337543266924109,-0.06869376711411543,-17.43187391646966,-14.182586104178162,-25.20685970882395,177.73105358689173,2.5557824587352806,NaN,-0.844800872940708,0.0016599302050591812,0.00800400280714574,-84.02596769336121,-47.27703234611242,2,28
POOLED,evaluation,POOLED,inv,flat_1.00,-0.1446048750330386,6954.075961333629,16.788081734349202,OU2.5,ALL,222,121,54.5045045045045,0.0,2.305111092350664,0.4726078720297664,0.43953239155512314,0.0330754804746431,0.07243717301527863,24.44421261959817,42.76167159902353,438.39606090278676,1025.207959627092,14.74254761275977,NaN,2.5471445919596127,0.0032989538183122316,0.020477445539449798,-114.98843508495264,-11.216108303214739,13,10
POOLED,evaluation,POOLED,inv,flat_1.00,-0.1446048750330386,6954.075961333629,16.788081734349202,OU2.5,over_25,39,23,53.84615384615385,0.0,2.104031985257575,0.49946797680323013,0.4776855999484536,0.021782376854776384,0.03899356165830831,14.549390738695408,-35.04682063097793,-36.13535731643285,103.10594988605831,1.4826693073149149,NaN,-2.087601262940631,0.0018219538451828266,0.007358048755379414,-67.44649992586434,-65.41475055551984,10,9
POOLED,evaluation,POOLED,inv,flat_1.00,-0.1446048750330386,6954.075961333629,16.788081734349202,OU2.5,under_25,183,98,54.644808743169406,0.0,2.3479640168131253,0.4668835874059135,0.43140137993031513,0.03548220747559831,0.07956450002578053,26.55294515159384,51.461922130772585,474.53141821921963,922.1020097410334,13.259878305444852,NaN,3.0653842973303544,0.0036137243043889893,0.020477445539449798,-64.53010022378314,-6.998151998595689,10,15
POOLED,evaluation,POOLED,inv,flat_1.00,-0.1446048750330386,6954.075961333629,16.788081734349202,OU3.5,ALL,138,77,44.20289855072464,0.0,2.087171634482677,0.5763017610453793,0.5403803952326303,0.03592136581274869,-0.13427277553813294,-17.685190943046468,-26.27791370373895,-219.2633524657267,834.4016763953709,11.998742622813573,NaN,-1.5652719661218415,0.004390037139391128,0.024367080407735955,-265.30982598903546,-31.796415742496873,9,9
POOLED,evaluation,POOLED,inv,flat_1.00,-0.1446048750330386,6954.075961333629,16.788081734349202,OU3.5,over_35,39,26,23.076923076923077,0.0,3.3423165272339794,0.31659952742019265,0.3072659350368524,0.009333592383340349,-0.08583029665096187,-15.019142653305174,5.961109245737165,3.306173451495089,55.46238653249576,0.7975522102559746,NaN,0.3550798322324376,0.0010165869383852281,0.004471104767232278,-25.51961663033742,-46.01247480648044,2,9
POOLED,evaluation,POOLED,inv,flat_1.00,-0.1446048750330386,6954.075961333629,16.788081734349202,OU3.5,under_35,99,53,52.52525252525253,0.0,1.5927206161261025,0.6786087015643921,0.6322133644006642,0.04639533716372773,-0.15335617631186682,-18.735452390520308,-28.573411152029966,-222.5695259172218,778.9392898628752,11.2011904125576,NaN,-1.7020057207350514,0.00571897206706012,0.024367080407735955,-268.61599944053063,-34.48484406118709,10,10
m12,full,m12,inv,flat_1.00,5.819281015308278,5658.495134301213,17.66271096018181,1X2,ALL,802,508,29.800498753117203,0.0,4.032123731799522,0.3084894607247196,0.2820326489795359,0.026456811745183724,-0.010484473193547561,5.834244554162496,11.354923801567757,377.96416503150215,3328.636736244035,58.82547669019247,1.9512588877727923,0.642875480845828,0.0031361238091095634,0.014587261940951377,-251.64803432677644,-7.560093043097612,3,14
m12,full,m12,inv,flat_1.00,5.819281015308278,5658.495134301213,17.66271096018181,1X2,away,351,351,26.495726495726498,0.0,4.4654818872390925,0.2935837761227501,0.26112298468823525,0.03246079143451483,-0.028626511165485147,2.753210445464069,5.462536591811884,85.78560052765303,1570.4352563283894,27.753584991326992,0.9386961340141613,0.30926943231570925,0.0033876412902473416,0.012937194151654981,-257.1856940453795,-16.3767142267723,4,17
m12,full,m12,inv,flat_1.00,5.819281015308278,5658.495134301213,17.66271096018181,1X2,draw,170,170,24.705882352941178,0.0,4.405800518585447,0.2452320269337017,0.23444672265591202,0.010785304277789572,0.001826796595710084,6.398429832727426,21.325974807816646,105.74588980518298,495.85489412856174,8.763017063012754,3.664709566648569,1.2074009961377485,0.002178983405365112,0.01030851553768073,-78.36672802577414,-15.80436715533471,4,14
m12,full,m12,inv,flat_1.00,5.819281015308278,5658.495134301213,17.66271096018181,1X2,home,281,281,37.01067615658363,0.0,3.2647437805080814,0.36537792705840083,0.3369397651406134,0.028438161917787884,0.004728834507435442,9.341474001839044,14.768739171772214,186.43267469866558,1262.3465857870797,22.308874635852654,2.5378975741026033,0.8361535896197553,0.0034010036409857112,0.014587261940951377,-96.27308471075278,-7.626517613681032,5,11
m12,full,m12,inv,flat_1.00,5.819281015308278,5658.495134301213,17.66271096018181,BTTS,ALL,106,106,44.339622641509436,0.0,2.194078173455074,0.48283948713864994,0.46537903123190666,0.017460455906743305,-0.039443260723555584,-6.839925045077814,-20.17803585476333,-85.42577579761677,423.3602141085041,7.481851694846184,-3.467444827235997,-1.1424087672754188,0.0028973889532278056,0.021765710297494405,-91.02591877115208,-21.50082027968334,7,8
m12,full,m12,inv,flat_1.00,5.819281015308278,5658.495134301213,17.66271096018181,BTTS,btts_no,65,65,40.0,0.0,2.3832097786317155,0.441975504672923,0.4218028910648514,0.020172613608071568,-0.04197550467292299,-6.679634397445976,5.8885087297273815,10.002080621330826,169.8576172747542,3.0018160879046247,1.01189626591962,0.33338646275774014,0.001955122189879542,0.010336899269136373,-26.455495746662322,-15.575101176574892,4,6
m12,full,m12,inv,flat_1.00,5.819281015308278,5658.495134301213,17.66271096018181,BTTS,btts_yes,41,41,51.21951219512195,0.0,1.8942353847603974,0.5476238495843145,0.5344631558869941,0.01316069369732046,-0.035428727633095014,-7.094044364494148,-37.643739200640326,-95.42785641894758,253.50259683375006,4.480035606941562,-6.468795561103546,-2.1312548954406285,0.004391226504877494,0.021765710297494405,-91.37066123354356,-36.04328412204215,5,5
m12,full,m12,inv,flat_1.00,5.819281015308278,5658.495134301213,17.66271096018181,OU0.5,ALL,48,48,37.5,0.0,11.489706200743264,0.4291712292322312,0.41924371146067424,0.009927517771556881,-0.05417122923223122,-59.566245791245805,-25.31335191492809,-60.94636710652498,240.76766803286517,4.254977026901666,-4.349910555674911,-1.4331521345728646,0.0036600002438158946,0.023920398263224212,-62.99460740805714,-26.16406427106246,4,6
m12,full,m12,inv,flat_1.00,5.819281015308278,5658.495134301213,17.66271096018181,OU0.5,over_05,20,20,90.0,0.0,1.080347041847042,0.932032485889215,0.92470794095684,0.00732454493237501,-0.03203248588921492,-2.958989898989901,-16.622592665294235,-35.85019411604612,215.67149504238625,3.8114638242773764,-2.856468457454902,-0.94111219408887,0.007873159147137987,0.023920398263224212,-47.2209930308069,-21.894869797942697,13,1
m12,full,m12,inv,flat_1.00,5.819281015308278,5658.495134301213,17.66271096018181,OU0.5,under_05,28,28,0.0,0.0,18.924962742811992,0.0699846173343856,0.05819783324912738,0.011786784085258217,-0.0699846173343856,-100.0,-100.00000000000001,-25.09617299047887,25.09617299047887,0.443513202624289,-17.184253473399664,-5.661645045623884,0.0006506010271572575,0.0037028209509952915,-24.71104299908348,-98.46538358043077,0,28
m12,full,m12,inv,flat_1.00,5.819281015308278,5658.495134301213,17.66271096018181,OU1.5,ALL,95,95,45.26315789473684,0.0,3.5469372513217627,0.42231689434276404,0.39981029284795283,0.02250660149481133,0.030314684604604403,2.184120302147426,3.394974211130645,9.597477975960697,282.69663859285697,4.995968572618878,0.5834009737972407,0.19221138922468667,0.002105202566053601,0.013933486252588015,-26.572942595091767,-9.399808475742942,3,5
m12,full,m12,inv,flat_1.00,5.819281015308278,5658.495134301213,17.66271096018181,OU1.5,over_15,34,34,88.23529411764706,0.0,1.3698601841658449,0.7455277555914719,0.7296958130424519,0.015831942549019987,0.13682518558499868,19.276200009037144,12.053451484170399,18.897086865522517,156.77739185609826,2.7706552384525334,2.071295655333095,0.6824236387802118,0.003202639205924643,0.013933486252588015,-21.28841027329522,-13.578750112666295,11,1
m12,full,m12,inv,flat_1.00,5.819281015308278,5658.495134301213,17.66271096018181,OU1.5,under_15,61,61,21.311475409836063,0.0,4.760390042851289,0.24216657823692672,0.2159396750346251,0.026226903202301585,-0.02905182413856608,-7.342612649233732,-7.385375254827539,-9.299608889561815,125.91924673675877,2.2253133341663456,-1.2691216037513007,-0.4181337322156756,0.0014935165700599043,0.00656857741791585,-40.386541399770024,-32.07336642046498,2,14
m12,full,m12,inv,flat_1.00,5.819281015308278,5658.495134301213,17.66271096018181,OU2.5,ALL,207,207,51.20772946859904,0.0,2.220773686030821,0.4821179808225326,0.45504005628865524,0.02707792453387745,0.029959313863457793,12.731539050513085,27.871435324223437,228.9829743038254,821.5686477574882,14.519207461666335,4.789498092789207,1.5779817371781613,0.0029792772668522727,0.01434209320345685,-72.12916928850207,-8.779445209524752,7,6
m12,full,m12,inv,flat_1.00,5.819281015308278,5658.495134301213,17.66271096018181,OU2.5,over_25,42,42,47.61904761904761,0.0,2.09611384603136,0.4989340071578405,0.47844605392562445,0.020487953232215923,-0.02274353096736431,1.3910523927263254,6.900695698778203,8.363095630338238,121.19206519741131,2.1417720139539846,1.1858330403060344,0.39069289614345654,0.0022633570505690573,0.010243927330590688,-30.710879434518276,-25.34066845423661,8,7
m12,full,m12,inv,flat_1.00,5.819281015308278,5658.495134301213,17.66271096018181,OU2.5,under_25,165,165,52.121212121212125,0.0,2.2525052816670463,0.4778375377553633,0.4490821659810634,0.028755371774300407,0.04337458345675793,15.618208381586074,31.500179213168227,220.61987867348722,700.3765825600765,12.377435447712344,5.41307064056598,1.7834283357849834,0.0031615115037243644,0.01434209320345685,-75.52089720392365,-10.782898669723247,5,8
m12,full,m12,inv,flat_1.00,5.819281015308278,5658.495134301213,17.66271096018181,OU3.5,ALL,101,101,51.48514851485149,0.0,2.0972786181462246,0.5825305830822032,0.5500942275488758,0.03243635553332706,-0.06767909793368831,-5.6999963939995775,-25.093048311050442,-140.88874130461295,561.4652295654672,9.922518553774538,-4.312053025973541,-1.4206793264985949,0.004124000177928601,0.023114152190417347,-156.57079082959686,-27.886106313434798,5,5
m12,full,m12,inv,flat_1.00,5.819281015308278,5658.495134301213,17.66271096018181,OU3.5,over_35,27,27,29.629629629629626,0.0,3.5830727069763517,0.29482989322157466,0.28598287353138335,0.00884701969019128,0.0014664030747216228,5.922719871151787,17.97484004762839,7.05931589722794,39.27331691699448,0.6940593918500291,3.0888420752226153,1.0176716410153706,0.0010651310096452848,0.004471104767232278,-9.710817860197782,-24.72624830930867,2,4
m12,full,m12,inv,flat_1.00,5.819281015308278,5658.495134301213,17.66271096018181,OU3.5,under_35,74,74,59.45945945945946,0.0,1.5551645587082057,0.6875024564097297,0.6464591810417447,0.0410432753679847,-0.0929078618151351,-9.940717193446691,-28.332123424024775,-147.9480572018409,522.1919126484726,9.228459161924505,-4.868663903580857,-1.6040642621563423,0.005240074063653596,0.023114152190417347,-164.12191859311022,-31.429425584304926,6,5
m12,selection,m12,inv,flat_1.00,17.66271096018181,2086.3872946671186,17.66271096018181,1X2,ALL,408,264,31.127450980392158,0.0,3.74937174764204,0.31254011316127295,0.289819114158659,0.02272099900261379,-0.0012656033573513747,9.619727427057594,31.604066017975452,434.3604181169062,1374.3814415203883,65.87374477563954,1.7893100379224085,1.7893100379224085,0.0027983292448746453,0.014248749516671967,-74.91778415998164,-5.451018319710795,3,14
m12,selection,m12,inv,flat_1.00,17.66271096018181,2086.3872946671186,17.66271096018181,1X2,away,187,187,27.807486631016044,0.0,4.103490815188784,0.29464789173966205,0.2664937149021924,0.02815417683746932,-0.01657302542950162,9.450957504697808,28.343822590149436,188.877205018224,666.3787300301057,31.939359088956966,1.6047266274156187,1.6047266274156187,0.0029776353218440143,0.01095736897687489,-53.245842829426095,-7.990327486446116,3,14
m12,selection,m12,inv,flat_1.00,17.66271096018181,2086.3872946671186,17.66271096018181,1X2,draw,75,75,24.0,0.0,4.113827802985796,0.24961605917134772,0.2455617218548921,0.00405433731645554,-0.009616059171347724,-1.354092078001889,30.927494802085036,45.76171105845674,147.96449357214547,7.091899665529409,1.7510049771978315,1.7510049771978315,0.001656683838319536,0.007416357201389203,-33.96494609951831,-22.95479495082883,4,14
m12,selection,m12,inv,flat_1.00,17.66271096018181,2086.3872946671186,17.66271096018181,1X2,home,146,146,39.04109589041096,0.0,3.1085877080391495,0.36778086285364,0.3424297585678493,0.025351104285791036,0.022630096050469617,15.473127689802405,35.66212012863368,199.72150204022506,560.0382179181363,26.84248602115313,2.0190626574272263,2.0190626574272263,0.0031551317729456153,0.014248749516671967,-96.27308471075278,-17.19044908553464,5,11
m12,selection,m12,inv,flat_1.00,17.66271096018181,2086.3872946671186,17.66271096018181,BTTS,ALL,29,29,48.275862068965516,0.0,2.1425805449535993,0.4917890766218302,0.47073816444435357,0.021050912177476587,-0.009030455932174997,1.3794014814579885,-14.119956859670753,-13.879294784028243,98.29558915771275,4.711282004494556,-0.7994218379897788,-0.7994218379897788,0.0027782747105088244,0.014007346305649652,-17.353116670918546,-17.654013592691236,7,4
m12,selection,m12,inv,flat_1.00,17.66271096018181,2086.3872946671186,17.66271096018181,BTTS,btts_no,19,19,47.368421052631575,0.0,2.267347279984242,0.46349955023359735,0.4413904339181168,0.02210911631548056,0.010184660292718417,6.715503830886477,19.634721512673096,11.283805230741862,57.46862884436027,2.754456422891961,1.111648237744303,1.111648237744303,0.0024283608485276453,0.009006051914451632,-12.89976155430309,-22.446614463760646,4,2
m12,selection,m12,inv,flat_1.00,17.66271096018181,2086.3872946671186,17.66271096018181,BTTS,btts_yes,10,10,50.0,0.0,1.9055237483953789,0.5455391767594726,0.5264988524442037,0.019040324315269037,-0.04553917675947261,-8.75919298245614,-61.63353779375164,-25.1631000147701,40.82696031335251,1.9568255816025957,-3.4894721389426637,-3.4894721389426637,0.0034431110482730635,0.014007346305649652,-16.568569036626222,-40.58242129578148,5,3
m12,selection,m12,inv,flat_1.00,17.66271096018181,2086.3872946671186,17.66271096018181,OU0.5,ALL,21,21,23.809523809523807,0.0,11.410733706284727,0.35783712616764507,0.3498156727698613,0.008021453397783767,-0.11974188807240699,-74.27714285714286,-53.57123850181169,-54.80680646009415,102.3064017051625,4.90351920598162,-3.033013370517176,-3.033013370517176,0.0038111137179164685,0.023187808668096457,-55.18832007393798,-53.944151249679926,1,6
m12,selection,m12,inv,flat_1.00,17.66271096018181,2086.3872946671186,17.66271096018181,OU0.5,over_05,7,7,71.42857142857143,0.0,1.082857142857143,0.9308100782432734,0.9226072477516648,0.008202830491608637,-0.21652436395755914,-22.831428571428567,-48.964193289588366,-45.571521499674176,93.07111674474253,4.4608744015378,-2.7721788235096816,-2.7721788235096816,0.010416558311407425,0.023187808668096457,-47.2209930308069,-50.736463343741235,3,1
m12,selection,m12,inv,flat_1.00,17.66271096018181,2086.3872946671186,17.66271096018181,OU0.5,under_05,14,14,0.0,0.0,16.57467198799852,0.07135065012983084,0.0634198852789595,0.00793076485087133,-0.07135065012983084,-100.0,-100.0,-9.23528496041997,9.23528496041997,0.4426448044438198,-5.661645045623883,-5.661645045623883,0.0005083914211709883,0.00119293033741199,-8.850154969024583,-95.82979850599138,0,14
m12,selection,m12,inv,flat_1.00,17.66271096018181,2086.3872946671186,17.66271096018181,OU1.5,ALL,35,35,48.57142857142857,0.0,3.4300331038099565,0.4032747821516012,0.38751502070971855,0.015759761441882555,0.08243950356268454,16.959739543066682,21.98603689052197,14.074200229283484,64.01426641538464,3.0681871280086597,1.2447713683412764,1.2447713683412764,0.0014746569828321737,0.006430376523000942,-8.147650186701975,-12.727866213185,3,4
m12,selection,m12,inv,flat_1.00,17.66271096018181,2086.3872946671186,17.66271096018181,OU1.5,over_15,11,11,90.9090909090909,0.0,1.3763824263549085,0.7358889591798241,0.7252534203752581,0.010635538804565832,0.17320194991108495,24.35466970197295,30.35771478764601,6.624620726813726,21.82186891586977,1.0459164974617732,1.7187460552393894,1.7187460552393894,0.0016489256109283512,0.006430376523000942,-0.8788165648470381,-4.027228686209943,7,1
m12,selection,m12,inv,flat_1.00,17.66271096018181,2086.3872946671186,17.66271096018181,OU1.5,under_15,24,24,29.166666666666668,0.0,4.371289664310186,0.25082661768033226,0.23271825419634617,0.01810836348398605,0.04084004898633442,13.570396553567972,17.65621283444586,7.449579502469757,42.19239749951486,2.0222706305468865,0.9996320991862123,0.9996320991862123,0.0013947838616214263,0.0038962331357633552,-11.024352669928914,-26.12876566223968,2,8
m12,selection,m12,inv,flat_1.00,17.66271096018181,2086.3872946671186,17.66271096018181,OU2.5,ALL,97,97,47.42268041237113,0.0,2.108712126598141,0.49667793966226337,0.4761833911967778,0.020494548465485835,-0.022451135538552047,-1.4293530255477092,4.955864697359424,15.699201496642624,316.7802685373442,15.183195821171173,0.28058346810587287,0.28058346810587287,0.0026944014729004713,0.010489287614150425,-72.12916928850207,-22.769464026765604,7,5
m12,selection,m12,inv,flat_1.00,17.66271096018181,2086.3872946671186,17.66271096018181,OU2.5,over_25,25,25,40.0,0.0,2.0675925132132824,0.5030665246162019,0.4843316001089899,0.018734924507211856,-0.10306652461620192,-15.848863178420542,31.863696615457066,24.81611141082113,77.88208540368429,3.732868082678308,1.80400940078165,1.80400940078165,0.0026343858907505197,0.010243927330590688,-15.713936639917904,-20.176574058678895,5,7
m12,selection,m12,inv,flat_1.00,17.66271096018181,2086.3872946671186,17.66271096018181,OU2.5,under_25,72,72,50.0,0.0,2.122989770134549,0.49445968099770166,0.4733541519911484,0.02110552900655319,0.005540319002298344,3.5774213330886955,-3.816232419431058,-9.116909914178509,238.8981831336599,11.450327738492863,-0.21606153370421097,-0.21606153370421097,0.0027152402167025364,0.010489287614150425,-75.52089720392365,-31.61216892205114,4,6
m12,selection,m12,inv,flat_1.00,17.66271096018181,2086.3872946671186,17.66271096018181,OU3.5,ALL,34,34,55.88235294117647,0.0,2.2635587563200876,0.5585725698128529,0.5358560367739271,0.022716533038925714,0.0002509595989118596,-1.5221033034598077,-20.62269347993234,-26.935161231699748,130.60932733112668,6.26007106470447,-1.167583703680789,-1.167583703680789,0.003164053061398945,0.016275998121056054,-49.36485438146726,-37.79581090431255,4,4
m12,selection,m12,inv,flat_1.00,17.66271096018181,2086.3872946671186,17.66271096018181,OU3.5,over_35,12,12,25.0,0.0,3.7185737340093183,0.28334177150373846,0.27265311731970254,0.010688654184035933,-0.03334177150373846,-15.219999999999995,-1.7947793455492727,-0.30480126108269845,16.98265928001402,0.8139744391380407,-0.10161403589717115,-0.10161403589717115,0.0010982564993739887,0.0028436064237601115,-9.479291138646849,-55.817472295416756,2,4
m12,selection,m12,inv,flat_1.00,17.66271096018181,2086.3872946671186,17.66271096018181,OU3.5,under_35,22,22,72.72727272727273,0.0,1.4699142230350533,0.7086984597996425,0.6794212655671404,0.029277194232501955,0.01857426747308477,5.949476712834845,-23.43671642174522,-26.630359970617047,113.62666805111265,5.446096625566429,-1.3269036941486574,-1.3269036941486574,0.00429085118613983,0.016275998121056054,-49.551864986669926,-43.60936198919432,6,3
m12,evaluation,m12,inv,flat_1.00,-1.0981982074901473,3572.1078396340945,17.66271096018181,1X2,ALL,394,244,28.426395939086298,0.0,4.32492274077478,0.30429487647570036,0.2739695073727285,0.030325369102971855,-0.020030917084837396,1.9142521375604613,-2.8858181035850503,-56.39625308540428,1954.2552947236434,54.70874291756617,NaN,-0.1633847776873401,0.0034859212258807485,0.014587261940951377,-251.64803432677655,-12.876927339340416,2,14
m12,evaluation,m12,inv,flat_1.00,-1.0981982074901473,3572.1078396340945,17.66271096018181,1X2,away,164,164,25.0,0.0,4.878239999881818,0.29237042477907604,0.2549990423101249,0.03737138246895089,-0.042370424779076044,-4.88385479890611,-11.40322551651565,-103.09160449057094,904.0565262982839,25.308769132538004,NaN,-0.6456101524971268,0.0038551480956828376,0.012937194151654981,-257.18569404537953,-28.44796609106318,4,17
m12,evaluation,m12,inv,flat_1.00,-1.0981982074901473,3572.1078396340945,17.66271096018181,1X2,draw,95,95,25.263157894736842,0.0,4.636305294058853,0.2417709488513496,0.22567172328829616,0.016099225563053283,0.010860630096018842,12.518841867513727,17.242263267623187,59.984178746726165,347.89040055641647,9.739078890520068,NaN,0.9761957440448149,0.002591325168822145,0.01030851553768073,-78.36672802577414,-22.52626916420639,2,14
m12,evaluation,m12,inv,flat_1.00,-1.0981982074901473,3572.1078396340945,17.66271096018181,1X2,home,135,135,34.81481481481482,0.0,3.433623681104109,0.3627791964946608,0.3310024389156021,0.03177675757905854,-0.014631048346512632,2.710204087449039,-1.8921641759562848,-13.288827341559427,702.3083678689434,19.6608948945081,NaN,-0.10712761932309899,0.003666909513088332,0.014587261940951377,-83.41178684029747,-11.876803788255987,4,8
m12,evaluation,m12,inv,flat_1.00,-1.0981982074901473,3572.1078396340945,17.66271096018181,BTTS,ALL,77,77,42.857142857142854,0.0,2.213473384189395,0.47946886252810156,0.46336065638566015,0.01610820614244117,-0.05089743395667301,-9.935515555071817,-22.009925264682145,-71.54648101358852,325.0646249507915,9.100078708264563,NaN,-1.246123843293396,0.0029422501615245645,0.021765710297494405,-91.02591877115206,-28.002406839849655,4,8
m12,evaluation,m12,inv,flat_1.00,-1.0981982074901473,3572.1078396340945,17.66271096018181,BTTS,btts_no,46,46,36.95652173913043,0.0,2.431066028073063,0.43308513802829673,0.4137123842341551,0.01937275379414177,-0.06351992063699241,-12.212408883061556,-1.1404361115011223,-1.2817246094110315,112.38898843039398,3.1462932664963006,NaN,-0.06456744460530896,0.0017596540482640204,0.010336899269136373,-26.45549574666233,-23.539224007739023,4,6
m12,evaluation,m12,inv,flat_1.00,-1.0981982074901473,3572.1078396340945,17.66271096018181,BTTS,btts_yes,31,31,51.61290322580645,0.0,1.8905939771362106,0.5482963246891023,0.5370322860298297,0.011264038659272535,-0.032167292431037775,-6.556899649022535,-33.03846061250106,-70.26475640417748,212.67563652039757,5.953785441768264,NaN,-1.8705203684180645,0.004697070200556341,0.021765710297494405,-91.37066123354356,-42.96244869815178,4,5
m12,evaluation,m12,inv,flat_1.00,-1.0981982074901473,3572.1078396340945,17.66271096018181,OU0.5,ALL,27,27,48.148148148148145,0.0,11.55112925198879,0.48465330939357604,0.47324329710908436,0.011410012284491526,-0.0031718279120945825,-48.12443696221474,-4.43413584843292,-6.139560646430841,138.46126632770262,3.8761782270796665,NaN,-0.25104503257903493,0.00354246754173767,0.023920398263224212,-8.689209952348719,-6.2755528551815845,4,5
m12,evaluation,m12,inv,flat_1.00,-1.0981982074901473,3572.1078396340945,17.66271096018181,OU0.5,over_05,13,13,100.0,0.0,1.078995448995449,0.932690705390876,0.9258390834519343,0.006851621938941519,0.06730929460912405,7.741554001554,7.929280087559809,9.721327383628056,122.60037829764367,3.432157812744033,NaN,0.44892769323097104,0.006503636520223672,0.023920398263224212,0.0,0.0,13,0
m12,evaluation,m12,inv,flat_1.00,-1.0981982074901473,3572.1078396340945,17.66271096018181,OU0.5,under_05,14,14,0.0,0.0,21.275253497625467,0.06861858453894036,0.05297578121929526,0.01564280331964511,-0.06861858453894036,-100.0,-100.0,-15.860888030058897,15.860888030058897,0.44402041433563194,NaN,-5.661645045623883,0.0007928106331435266,0.0037028209509952915,-15.662598581121395,-98.74982126749957,0,14
m12,evaluation,m12,inv,flat_1.00,-1.0981982074901473,3572.1078396340945,17.66271096018181,OU1.5,ALL,60,60,43.333333333333336,0.0,3.615131337370315,0.4334247931209422,0.4069825349285891,0.026442258192353116,-9.145978760882745e-5,-6.434990921722142,-2.0471344849367594,-4.476722253322786,218.6823721774724,6.121942057602407,NaN,-0.11590148814368004,0.002473020822932766,0.013933486252588015,-26.572942595091767,-12.151387572074812,3,5
m12,evaluation,m12,inv,flat_1.00,-1.0981982074901473,3572.1078396340945,17.66271096018181,OU1.5,over_15,23,23,86.95652173913044,0.0,1.366740850944989,0.750137614744869,0.7318204356224143,0.018317179122454584,0.11942760264643537,16.84736667763306,9.093711669839726,12.272466138708786,134.9555229402285,3.7780360783859352,NaN,0.5148536762188017,0.00394571962092287,0.013933486252588015,-21.28841027329522,-15.774389820803268,11,1
m12,evaluation,m12,inv,flat_1.00,-1.0981982074901473,3572.1078396340945,17.66271096018181,OU1.5,under_15,37,37,16.216216216216218,0.0,5.012779477580654,0.23654925535471766,0.20505627233513038,0.03149298301958734,-0.07438709319255549,-20.907807807807806,-20.00456071692365,-16.74918839203158,83.7268492372439,2.3439059792164723,NaN,-1.1325872207285295,0.001557559407965944,0.00656857741791585,-40.34506513410342,-48.18653215981389,1,14
m12,evaluation,m12,inv,flat_1.00,-1.0981982074901473,3572.1078396340945,17.66271096018181,OU2.5,ALL,110,110,54.54545454545454,0.0,2.319591606621459,0.4692787443911337,0.43639547914240184,0.032883265248731905,0.07617580106341171,25.21887115394851,42.252116250514426,213.28377280718283,504.78837922014395,14.131386897654565,NaN,2.3921648463684937,0.003230485921518864,0.01434209320345685,-61.56858842065142,-12.196910815532197,6,6
m12,evaluation,m12,inv,flat_1.00,-1.0981982074901473,3572.1078396340945,17.66271096018181,OU2.5,over_25,17,17,58.82352941176471,0.0,2.138056982528534,0.4928567756014267,0.46979083895008705,0.023065936651339554,0.09537851851622037,26.743869409118787,-37.988971269078995,-16.45301578048289,43.30997979372706,1.2124488324004092,NaN,-2.1508007097392916,0.0017177264032433776,0.007358048755379414,-30.710879434518276,-70.90947532366751,7,4
m12,evaluation,m12,inv,flat_1.00,-1.0981982074901473,3572.1078396340945,17.66271096018181,OU2.5,under_25,93,93,53.76344086021505,0.0,2.3527753551115635,0.46496878169677924,0.430290951005513,0.03467783069126598,0.07266562690537126,24.940108032035663,49.78278265531201,229.73678858766573,461.47839942641684,12.918938065254155,NaN,2.8185244477781786,0.003507011854967071,0.01434209320345685,-38.22703133897454,-8.283601439739732,5,8
m12,evaluation,m12,inv,flat_1.00,-1.0981982074901473,3572.1078396340945,17.66271096018181,OU3.5,ALL,67,67,49.25373134328358,0.0,2.0128976525057567,0.5946883808606791,0.5573195780913873,0.03736880276929194,-0.1021510674278433,-7.820121245915282,-26.448188241583928,-113.95358007291317,430.8559022343404,12.061671191832627,NaN,-1.497402539236915,0.004611137520645141,0.023114152190417347,-136.63583129903554,-31.71265162911009,5,5
m12,evaluation,m12,inv,flat_1.00,-1.0981982074901473,3572.1078396340945,17.66271096018181,OU3.5,over_35,15,15,33.33333333333333,0.0,3.4746718853499776,0.3040203905958437,0.2966466785007281,0.007373712095115557,0.029312942737489633,22.836895768073216,33.03678733144905,7.364117158310638,22.290657636980455,0.6240197283423498,NaN,1.870425633184284,0.0010386306178623219,0.004471104767232278,-9.710817860197778,-43.56451935310971,2,3
m12,evaluation,m12,inv,flat_1.00,-1.0981982074901473,3572.1078396340945,17.66271096018181,OU3.5,under_35,52,52,53.84615384615385,0.0,1.591232008416077,0.678534916513997,0.6325136837425389,0.046021232771458205,-0.14007337805245856,-16.66349153841196,-29.69359210932934,-121.31769723122379,408.56524459735994,11.437651463490276,NaN,-1.681145786525609,0.005641668357986339,0.023114152190417347,-143.9999484573462,-35.245276087851714,5,5
m05,full,m05,inv,flat_1.00,6.200757480938739,5259.523755055558,15.816171623190508,1X2,ALL,778,511,29.30591259640103,0.0,4.048050787364422,0.3068631343063419,0.28132676361562986,0.025536370690711928,-0.013804008342331586,4.826575033487381,10.69452578032639,315.6242328086122,2951.2690818814363,56.11285772869869,1.7247127972996188,0.6761766396518808,0.0029558383738835406,0.013471537846096702,-227.85371407255911,-7.72053336211899,3,24
m05,full,m05,inv,flat_1.00,6.200757480938739,5259.523755055558,15.816171623190508,1X2,away,358,358,26.536312849162012,0.0,4.446304804829838,0.2910766368021622,0.26185386293423896,0.029222773867923664,-0.025713508310542088,3.406585733047866,6.0148885386246365,83.40970495496512,1386.7207084445422,26.36589875863949,0.9700248005367945,0.3802999032841354,0.0030334969905083994,0.012691041133614953,-230.81048827831145,-16.644338465040097,5,17
m05,full,m05,inv,flat_1.00,6.200757480938739,5259.523755055558,15.816171623190508,1X2,draw,143,143,23.776223776223777,0.0,4.517267373010928,0.24309783051907616,0.229123268808624,0.013974561710452055,-0.005335592756838398,5.422192516529426,22.56821299298433,94.89047135288632,420.46072226624443,7.994273661414483,3.6395896892209536,1.4269074419939665,0.0022421942968256807,0.008712851446853588,-70.7060602658403,-16.816329450404112,3,14
m05,full,m05,inv,flat_1.00,6.200757480938739,5259.523755055558,15.816171623190508,1X2,home,277,277,35.74007220216607,0.0,3.2911088740067758,0.3601844503643749,0.3334437246312978,0.026740725733077755,-0.002783728342714231,6.354311024398333,12.002931450247608,137.32405650076095,1144.0876511706488,21.752685308644708,1.9357201901775511,0.7589024535272667,0.0032238864542718866,0.013471537846096702,-102.53381784489318,-8.962059658626584,5,12
m05,full,m05,inv,flat_1.00,6.200757480938739,5259.523755055558,15.816171623190508,BTTS,ALL,108,108,50.0,0.0,2.121043200825688,0.49725289996950145,0.48223530540299536,0.015017594566506103,0.0027471000304985504,1.2977154030631,-18.32090103777775,-72.21072056685554,394.1439365779927,7.493909238438819,-2.954623059214393,-1.1583650882312555,0.0027369335113688656,0.021309491664455216,-77.53551545665128,-19.671878281275724,7,6
m05,full,m05,inv,flat_1.00,6.200757480938739,5259.523755055558,15.816171623190508,BTTS,btts_no,58,58,44.827586206896555,0.0,2.3494890223146574,0.4470473082508253,0.42853143082792183,0.018515877422903324,0.0012285538181402433,2.430273971117985,12.42764381443403,19.066970101447737,153.42385399960122,2.917067421781814,2.00421381623727,0.7857554982655828,0.002061560087697404,0.009607668590374199,-23.17270170439927,-15.103715035381327,5,6
m05,full,m05,inv,flat_1.00,6.200757480938739,5259.523755055558,15.816171623190508,BTTS,btts_yes,50,50,56.00000000000001,0.0,1.8560460478984822,0.5554913863631659,0.5445317999100804,0.010959586453085311,0.004508613636834191,-0.01605253588056499,-37.91860225811378,-91.27769066830328,240.7200825783914,4.576841816657003,-6.11515647478173,-2.397457688339416,0.0035203666828277596,0.021309491664455216,-84.15840207535211,-34.96110551887403,6,5
m05,full,m05,inv,flat_1.00,6.200757480938739,5259.523755055558,15.816171623190508,OU0.5,ALL,47,47,40.42553191489361,0.0,11.139745459324304,0.45632584774873636,0.4444785538190189,0.011847293929717298,-0.052070528599800214,-56.390633999570184,-24.541974425106122,-57.69887662423869,235.10283086764807,4.470040289135734,-3.957899418022504,-1.5517013225325262,0.0038217931865824352,0.023561426854455742,-57.96334957476632,-24.65446688193941,3,6
m05,full,m05,inv,flat_1.00,6.200757480938739,5259.523755055558,15.816171623190508,OU0.5,over_05,21,21,90.47619047619048,0.0,1.0808067065209923,0.9341370978557861,0.9239874689350361,0.010149628920749812,-0.02937519309388137,-2.3980856180856214,-15.276428774846242,-31.987542925609333,209.39149716901875,3.9811874025238034,-2.463639131478099,-0.9658739889017853,0.007634646754615348,0.023561426854455742,-43.535438375793795,-20.79140698853326,14,1
m05,full,m05,inv,flat_1.00,6.200757480938739,5259.523755055558,15.816171623190508,OU0.5,under_05,26,26,0.0,0.0,19.264272913511597,0.07040137650842694,0.05718289160992822,0.013218484898498731,-0.07040137650842694,-100.0,-100.0,-25.711333698629367,25.711333698629367,0.48885288661193194,-16.12706194483531,-6.32264257004993,0.0007421806893250823,0.004114187999552683,-24.710594733290762,-96.10779052899947,0,26
m05,full,m05,inv,flat_1.00,6.200757480938739,5259.523755055558,15.816171623190508,OU1.5,ALL,101,101,47.524752475247524,0.0,3.3130339792052617,0.4567841301273827,0.43230965668188076,0.024474473445502198,0.0184633946250925,4.486323393530278,9.530477596080535,31.483170841971976,330.3420056820617,6.2808349399416725,1.5369860255585592,0.6025780336188591,0.002417517872833064,0.014435372638585795,-27.83309841237834,-8.425540177644361,4,7
m05,full,m05,inv,flat_1.00,6.200757480938739,5259.523755055558,15.816171623190508,OU1.5,over_15,41,41,82.92682926829268,0.0,1.3520094907019902,0.7563291392334287,0.7392100577063602,0.017119081527068338,0.07293915344949808,11.249531714811292,19.30969476166242,38.56744169295562,199.73097539339483,3.797510662470333,3.1140864355719176,1.2208829811475694,0.003568050240372479,0.014435372638585795,-16.270860105789502,-8.14638794695817,12,1
m05,full,m05,inv,flat_1.00,6.200757480938739,5259.523755055558,15.816171623190508,OU1.5,under_15,60,60,23.333333333333332,0.0,4.653067379682497,0.2520950405715847,0.22259438264848605,0.029500657923098687,-0.01876170723825138,-0.13520229267840614,-5.423945309463111,-7.084270850983603,130.6110302886671,2.4833242774713438,-0.8747230199111052,-0.34293667511234105,0.001631320755014463,0.00800400280714574,-43.680902559257774,-33.44350202484231,2,14
m05,full,m05,inv,flat_1.00,6.200757480938739,5259.523755055558,15.816171623190508,OU2.5,ALL,205,205,50.24390243902439,0.0,2.1959852741061194,0.48826298102206156,0.4607625887446194,0.027500392277442075,0.014176043368182345,9.703156214272468,30.860912626296734,249.742712726712,809.2525187149035,15.386421972845625,4.976958495984376,1.9512251992161511,0.00305964506530745,0.020477445539449798,-53.59187209523844,-6.622391757314832,7,6
m05,full,m05,inv,flat_1.00,6.200757480938739,5259.523755055558,15.816171623190508,OU2.5,over_25,47,47,46.808510638297875,0.0,2.0493347798521473,0.5087504189411135,0.4892512549612208,0.01949916397989263,-0.04066531255813477,-2.08818775127905,1.113820886327467,1.5095165063492642,135.52596516002674,2.5767725648117192,0.1796265842925443,0.07042291351304787,0.002314494520631459,0.010384287305139659,-36.73562049134607,-27.105964859183466,5,5
m05,full,m05,inv,flat_1.00,6.200757480938739,5259.523755055558,15.816171623190508,OU2.5,under_25,158,158,51.26582278481012,0.0,2.23960915530825,0.48216861657778665,0.45228811208525077,0.029880504492535882,0.030489611270314576,13.210707900227666,36.84479926026004,248.23319622036271,673.7265535548768,12.809649408033904,5.9419836001523585,2.329564962878643,0.003281303771635117,0.020477445539449798,-50.86954214196235,-7.5504730923179935,5,7
m05,full,m05,inv,flat_1.00,6.200757480938739,5259.523755055558,15.816171623190508,OU3.5,ALL,113,113,40.707964601769916,0.0,2.249561193924678,0.544286471662779,0.5150059956865826,0.029280475976196107,-0.13720682564507986,-25.880769054520584,-26.104322094357567,-140.81020648284414,539.4133813315159,10.255935830939467,-4.209860194436375,-1.6504829813608008,0.0036730948221579966,0.024367080407735955,-150.9865267195883,-27.990875262843016,5,6
m05,full,m05,inv,flat_1.00,6.200757480938739,5259.523755055558,15.816171623190508,OU3.5,over_35,44,44,15.909090909090908,0.0,3.343639994914261,0.3162094140480251,0.30604562310878136,0.010163790939243795,-0.15711850495711602,-43.43045454545454,-18.670710462291243,-10.004186411284117,53.58224815006004,1.0187661591708894,-3.011037041794556,-1.1804822878195922,0.0009383056484696439,0.0044409581993215975,-15.808798770139635,-29.503798955703054,1,11
m05,full,m05,inv,flat_1.00,6.200757480938739,5259.523755055558,15.816171623190508,OU3.5,under_35,69,69,56.52173913043478,0.0,1.5518877556124802,0.6897269141997232,0.6482560883448909,0.04147082585483236,-0.12450952289537542,-14.689665263200382,-26.924174088016823,-130.80602007156,485.8311331814557,9.237169671768575,-4.3420782333097705,-1.7023192925233042,0.00541701835320564,0.024367080407735955,-141.85392604418223,-29.19819590713641,6,5
m05,selection,m05,inv,flat_1.00,15.816171623190508,1877.555633356023,15.816171623190508,1X2,ALL,400,263,31.5,0.0,3.744453093927314,0.31237440264738203,0.2912160761505199,0.021158326496862213,0.00262559735261797,10.729143519536162,30.07255467797594,359.03981210306546,1193.9119105368636,63.58863030880286,1.9013801439712483,1.9013801439712483,0.002572052582774092,0.013471537846096702,-64.11368028950574,-5.370051150647779,3,16
m05,selection,m05,inv,flat_1.00,15.816171623190508,1877.555633356023,15.816171623190508,1X2,away,192,192,28.125,0.0,4.074911419243784,0.293976374330756,0.268990916868196,0.024985457462560003,-0.012726374330756018,10.46236609197752,26.267655501369088,154.83030073820322,589.4332698635147,31.393651372659278,1.6608099688836242,1.6608099688836242,0.0026606923699520144,0.008581162991067731,-50.79850505836973,-8.618194400552296,3,14
m05,selection,m05,inv,flat_1.00,15.816171623190508,1877.555633356023,15.816171623190508,1X2,draw,64,64,23.4375,0.0,4.184281237643656,0.246569469394051,0.24128507580287542,0.005284393591175668,-0.012194469394051,-0.5416300582921592,25.91898107444396,28.45240494398002,109.774396077761,5.846665426448406,1.6387645311359784,1.6387645311359784,0.0014858931932564764,0.007106734037484554,-24.80348281571043,-22.59496175969883,3,14
m05,selection,m05,inv,flat_1.00,15.816171623190508,1877.555633356023,15.816171623190508,1X2,home,144,144,39.58333333333333,0.0,3.1083628185203143,0.3661517440710301,0.343041177570349,0.02311056650068137,0.029681589262303187,16.09407945753806,35.527713445143455,175.75710642088202,494.7042445955878,26.348313509695174,2.2462903344479925,2.2462903344479925,0.0029366037063224687,0.013471537846096702,-74.57247918163417,-15.074153900295695,5,11
m05,selection,m05,inv,flat_1.00,15.816171623190508,1877.555633356023,15.816171623190508,BTTS,ALL,32,32,53.125,0.0,2.105843549151042,0.4971286442586554,0.47823930150350225,0.0188893427551532,0.03412135574134462,11.300455399588847,-13.190453490744352,-12.322554115786216,93.4202461229469,4.975631318895386,-0.8339852275884393,-0.8339852275884393,0.0025008440706431713,0.011041611005788052,-15.178647063676426,-16.247706138239433,7,3
m05,selection,m05,inv,flat_1.00,15.816171623190508,1877.555633356023,15.816171623190508,BTTS,btts_no,20,20,55.00000000000001,0.0,2.225566122881582,0.4698567748583996,0.44963181513229405,0.020224959726105628,0.08014322514160044,23.139728639342156,17.88602412946614,9.773371389221053,54.64250365803776,2.9103001097425496,1.1308693756990285,1.1308693756990285,0.0023243079277105437,0.008854604550425358,-11.447038637284159,-20.948964397608325,5,2
m05,selection,m05,inv,flat_1.00,15.816171623190508,1877.555633356023,15.816171623190508,BTTS,btts_yes,12,12,50.0,0.0,1.9063059262668096,0.5425817599257484,0.5259184454555158,0.016663314470232494,-0.04258175992574842,-8.431666666666668,-56.98094860731615,-22.095925505007273,38.77774246490911,2.0653312091528346,-3.6027017134644437,-3.6027017134644437,0.002795070975530884,0.011041611005788052,-14.976636912056108,-38.62173494397932,6,3
m05,selection,m05,inv,flat_1.00,15.816171623190508,1877.555633356023,15.816171623190508,OU0.5,ALL,19,19,26.31578947368421,0.0,11.033909250342505,0.3871773170791191,0.37932871608764573,0.0078486009914734,-0.12401942234227703,-71.56947368421052,-51.016765055933156,-49.36417203122732,96.76068636869863,5.153545633997776,-3.2256077052887866,-3.2256077052887866,0.004215208487639975,0.02323668914044487,-49.62864498175494,-51.290091920854174,2,6
m05,selection,m05,inv,flat_1.00,15.816171623190508,1877.555633356023,15.816171623190508,OU0.5,over_05,7,7,71.42857142857143,0.0,1.082857142857143,0.9311757900036147,0.9226072477516648,0.008568542251949933,-0.21689007571790042,-22.831428571428567,-46.86318692000232,-41.80061960828431,89.19713394575564,4.750705244686724,-2.962991805886137,-2.962991805886137,0.010557610236151694,0.02323668914044487,-43.535438375793795,-48.80811350089952,3,1
m05,selection,m05,inv,flat_1.00,15.816171623190508,1877.555633356023,15.816171623190508,OU0.5,under_05,12,12,0.0,0.0,16.838689646375634,0.06984487453983006,0.062416239283634635,0.007428635256195422,-0.06984487453983006,-100.0,-100.0,-7.5635524229430064,7.5635524229430064,0.4028403893110528,-6.32264257004993,-6.32264257004993,0.0005154741343414724,0.0009005091682976687,-6.562813457604401,-86.7689293419452,0,12
m05,selection,m05,inv,flat_1.00,15.816171623190508,1877.555633356023,15.816171623190508,OU1.5,ALL,34,34,50.0,0.0,3.212115969031588,0.4339962840023031,0.41780388698202353,0.016192397020279466,0.06600371599769689,19.82326129433335,15.232697562930316,10.474344795340915,68.76224484907297,3.6623279559585886,0.9631090206807903,0.9631090206807903,0.0017285171641547884,0.009344876353129679,-6.660686314766814,-9.686545762702234,3,5
m05,selection,m05,inv,flat_1.00,15.816171623190508,1877.555633356023,15.816171623190508,OU1.5,over_15,12,12,83.33333333333334,0.0,1.3491838908253329,0.7524901089347765,0.7402537628089707,0.012236346125805578,0.08084322439855685,12.35844722680854,28.30298791936011,9.100944329532142,32.155418910053726,1.7126213646504715,1.7894967627855511,1.7894967627855511,0.0023129504637578067,0.009344876353129679,-1.3888220713033625,-4.31909183079911,6,1
m05,selection,m05,inv,flat_1.00,15.816171623190508,1877.555633356023,15.816171623190508,OU1.5,under_15,22,22,31.818181818181817,0.0,4.2282607389622715,0.26027237949368115,0.2419221365309614,0.01835024296271977,0.05790943868813703,23.89497805843779,3.751760581746768,1.3734004658087753,36.606825939019245,1.949706591308117,0.23721041166787404,0.23721041166787404,0.0014097353643713242,0.0033850147681959105,-11.377522154377608,-31.08032959025354,2,8
m05,selection,m05,inv,flat_1.00,15.816171623190508,1877.555633356023,15.816171623190508,OU2.5,ALL,93,93,45.16129032258064,0.0,2.0816924238523407,0.5031787677627869,0.4826198115384282,0.020558956224358757,-0.05156586453698048,-7.133251082694657,8.527567795902508,24.630424631108173,288.8329383079555,15.383455657805632,0.5391676316536005,0.5391676316536005,0.002690461742900935,0.010450101094508998,-46.82279646646263,-16.211030757350763,7,6
m05,selection,m05,inv,flat_1.00,15.816171623190508,1877.555633356023,15.816171623190508,OU2.5,over_25,25,25,44.0,0.0,2.0243382372396233,0.5124233512052246,0.4940605938935667,0.01836275731165788,-0.07242335120522464,-8.437011326568689,27.983440410045848,21.191858042299224,75.72999506769547,4.033435479743013,1.7692929159301134,1.7692929159301134,0.0026770556545074303,0.010384287305139659,-15.950316737475294,-21.06208606407173,5,4
m05,selection,m05,inv,flat_1.00,15.816171623190508,1877.555633356023,15.816171623190508,OU2.5,under_25,68,68,45.588235294117645,0.0,2.102778521871721,0.49978002385012615,0.4784136415549214,0.02136638229520467,-0.04389767090894969,-6.653927463623324,1.6135706698955243,3.4385665888089445,213.10294324026012,11.350020178062623,0.10202030607265425,0.10202030607265425,0.002695390451869134,0.010450101094508998,-50.86954214196235,-23.870877318015335,3,7
m05,selection,m05,inv,flat_1.00,15.816171623190508,1877.555633356023,15.816171623190508,OU3.5,ALL,42,42,42.857142857142854,0.0,2.4055921922086876,0.5194964236023141,0.4991332072048522,0.02036321639746195,-0.09092499503088552,-23.998063726112807,-26.128696036786046,-35.500434090030616,135.86760717048526,7.236409124539746,-1.6520240586207833,-1.6520240586207833,0.002813828655978626,0.015645143330104683,-55.051179032040594,-40.51825168523278,4,6
m05,selection,m05,inv,flat_1.00,15.816171623190508,1877.555633356023,15.816171623190508,OU3.5,over_35,20,20,15.0,0.0,3.444494674717597,0.30630692538316223,0.2966168063930029,0.009690118990159332,-0.15630692538316224,-49.131999999999984,-29.13322601111455,-5.946242704468569,20.410519254544727,1.087079332933645,-1.8419897498075877,-1.8419897498075877,0.0008609008601787633,0.0027970530413395024,-10.805664832392523,-52.94164591126935,1,11
m05,selection,m05,inv,flat_1.00,15.816171623190508,1877.555633356023,15.816171623190508,OU3.5,under_35,22,22,68.18181818181817,0.0,1.4611353899278618,0.7133050583469975,0.6832390261247152,0.030066032222282504,-0.031486876528815766,-1.1490307498517225,-25.59755483100284,-29.55419138556204,115.45708791594056,6.149329791606102,-1.6184418986368578,-1.6184418986368578,0.004589217561251228,0.015645143330104683,-49.97652206345012,-43.28579818316216,4,3
m05,evaluation,m05,inv,flat_1.00,0.862601016955398,3381.9681216995345,15.816171623190508,1X2,ALL,378,248,26.984126984126984,0.0,4.369318187826967,0.30103110431582303,0.2708618826263287,0.030169221689494617,-0.031189834474553202,-1.419529184553663,-2.4705040046717066,-43.415579294453046,1757.3571713445708,51.962558726350416,-2.864017032337266,-0.15620113789416162,0.0033619609041580837,0.013081635755317714,-227.85371407255917,-12.965703147199495,3,24
m05,evaluation,m05,inv,flat_1.00,0.862601016955398,3381.9681216995345,15.816171623190508,1X2,away,166,166,24.69879518072289,0.0,4.875868238760689,0.28772272351607825,0.2535989571793,0.03412376633677803,-0.04073477170884934,-4.75431685077439,-8.95794820376816,-71.42059578323835,797.2874385810278,23.574658597916304,-10.384810622396174,-0.5663790465344687,0.0034646926962121753,0.012691041133614953,-230.81048827831148,-28.94947005425001,5,17
m05,evaluation,m05,inv,flat_1.00,0.862601016955398,3381.9681216995345,15.816171623190508,1X2,draw,79,79,24.050632911392405,0.0,4.787028292802135,0.2402853635823874,0.21927066567404058,0.021014697908346855,0.00022096553153666543,10.253643716384886,21.384290459117413,66.43806640890627,310.68632618848346,9.186553953452252,24.790476754356895,1.352052251871283,0.0028548939250336446,0.008712851446853588,-70.70606026584034,-22.758021292171456,3,13
m05,evaluation,m05,inv,flat_1.00,0.862601016955398,3381.9681216995345,15.816171623190508,1X2,home,133,133,31.57894736842105,0.0,3.4889692649094077,0.3537236210879969,0.3230524973890162,0.030671123698980576,-0.03793414740378637,-4.191002166369495,-5.9183911277964985,-38.43304992012108,649.3834065750611,19.20134617498191,-6.861099177329763,-0.37419871690811957,0.003534929429495317,0.013081635755317714,-101.06907726818473,-15.563852763229225,4,12
m05,evaluation,m05,inv,flat_1.00,0.862601016955398,3381.9681216995345,15.816171623190508,BTTS,ALL,76,76,48.68421052631579,0.0,2.12744305416238,0.497305218163542,0.4839178333606765,0.0133873848028652,-0.010463112900384097,-2.9139645954740576,-19.91468193292268,-59.888166451069324,300.7236904550458,8.891972946921914,-23.0867823495186,-1.2591341575810115,0.0028363395916744206,0.021309491664455216,-77.53551545665128,-25.782975507957808,6,6
m05,evaluation,m05,inv,flat_1.00,0.862601016955398,3381.9681216995345,15.816171623190508,BTTS,btts_no,38,38,39.473684210526315,0.0,2.414711600963645,0.4350423258257862,0.4174259654045683,0.017616360421217902,-0.04030548372052306,-8.469439012157896,9.408252347322165,9.293598712226679,98.78135034156348,2.9208244071775304,10.906841242234046,0.594850168009513,0.0019232717508483824,0.009607668590374199,-23.172701704399266,-23.458579604625086,2,6
m05,evaluation,m05,inv,flat_1.00,0.862601016955398,3381.9681216995345,15.816171623190508,BTTS,btts_yes,38,38,57.89473684210527,0.0,1.8401745073611158,0.5595681105012975,0.550409701316785,0.009158409184512517,0.019379257919755144,2.6415098212097807,-34.25817742055432,-69.181765163296,201.94234011348232,5.971148539744384,-39.71497453303569,-2.1660221093152003,0.003749407432500458,0.021309491664455216,-78.6673029534967,-38.95532898613005,6,5
m05,evaluation,m05,inv,flat_1.00,0.862601016955398,3381.9681216995345,15.816171623190508,OU0.5,ALL,28,28,50.0,0.0,11.21156288684767,0.5032480649888336,0.4886873722795936,0.014560692709239945,-0.0032480649888335655,-46.09070707070707,-6.0247039130398,-8.334704593011383,138.34214449894947,4.090580972993578,-6.984345942814157,-0.38092049432531827,0.003554832803721961,0.023561426854455742,-9.81868045329692,-7.097389222104678,3,6
m05,evaluation,m05,inv,flat_1.00,0.862601016955398,3381.9681216995345,15.816171623190508,OU0.5,over_05,14,14,100.0,0.0,1.0797814883529167,0.9356177517818715,0.9246775795267217,0.010940172255149752,0.06438224821812855,7.818585858585855,8.164340173296662,9.813076682674978,120.19436322326312,3.5539768234971434,9.464793123144219,0.516202047360543,0.006173165013847173,0.023561426854455742,0.0,0.0,14,0
m05,evaluation,m05,inv,flat_1.00,0.862601016955398,3381.9681216995345,15.816171623190508,OU0.5,under_05,14,14,0.0,0.0,21.34334428534242,0.07087837819579566,0.05269716503246554,0.018181213163330132,-0.07087837819579566,-100.0,-100.0,-18.147781275686363,18.147781275686363,0.5366041494964355,-115.92845131687416,-6.32264257004993,0.0009365005935967478,0.004114187999552683,-17.136529496879124,-94.42768367413558,0,14
m05,evaluation,m05,inv,flat_1.00,0.862601016955398,3381.9681216995345,15.816171623190508,OU1.5,ALL,67,67,46.26865671641791,0.0,3.3642461037710065,0.4683481117430948,0.4396707935444944,0.028677318198600314,-0.0056615445789157115,-3.296600317325001,8.03151818004935,21.008826046631107,261.5797608329888,7.734542474088656,9.310814643364408,0.5078041874730995,0.002767160023505621,0.014435372638585795,-27.833098412378334,-10.640386826467418,4,7
m05,evaluation,m05,inv,flat_1.00,0.862601016955398,3381.9681216995345,15.816171623190508,OU1.5,over_15,29,29,82.75862068965517,0.0,1.353178704444055,0.7579177034949398,0.7387781797328661,0.019139523762073618,0.0696685034016119,10.790670123640018,17.584006869374637,29.466497363423475,167.5755564833411,4.9549714974583985,20.384866843118782,1.1117739038435848,0.004087401872075103,0.014435372638585795,-16.270860105789502,-9.709566506739908,12,1
m05,evaluation,m05,inv,flat_1.00,0.862601016955398,3381.9681216995345,15.816171623190508,OU1.5,under_15,38,38,18.421052631578945,0.0,4.899008066415258,0.24736079172195,0.2114046304007371,0.0359561613212128,-0.06315026540616053,-14.047411969640411,-8.997120262125868,-8.457671316792373,94.00420434964785,2.7795709766302608,-10.430222182999207,-0.568855755771758,0.00175960703380786,0.00800400280714574,-43.680902559257774,-46.46696694201785,1,14
m05,evaluation,m05,inv,flat_1.00,0.862601016955398,3381.9681216995345,15.816171623190508,OU2.5,ALL,112,112,54.46428571428571,0.0,2.2908891586918485,0.47587755096056605,0.44261328767476044,0.033264263285805895,0.06876530618229104,23.68338727336124,43.25592206188225,225.11228809560384,520.4195804069475,15.38806877178434,50.14592054917419,2.7349173423521864,0.0033661990740914303,0.020477445539449798,-53.59187209523844,-10.297820088423979,7,5
m05,evaluation,m05,inv,flat_1.00,0.862601016955398,3381.9681216995345,15.816171623190508,OU2.5,over_25,22,22,50.0,0.0,2.077739941911835,0.5045766322773508,0.483786097083555,0.020790535193795753,-0.004576632277350834,5.126384493368264,-32.91583279869589,-19.68234153594996,59.79597009233127,1.7680820143946863,-38.158815201579856,-2.0811504568168036,0.0019024932321360377,0.00711693732308474,-36.73562049134607,-61.43494358335922,5,5
m05,evaluation,m05,inv,flat_1.00,0.862601016955398,3381.9681216995345,15.816171623190508,OU2.5,under_25,90,90,55.55555555555556,0.0,2.3429923005714075,0.4688622199720188,0.4325488231526104,0.03631339681940838,0.08669333558353676,28.219543508470636,53.144177621367156,244.79462963155376,460.6236103146163,13.619986757389656,61.609222081539755,3.360116397791508,0.0037239938354583007,0.020477445539449798,-33.75920732830776,-7.329022345435017,5,7
m05,evaluation,m05,inv,flat_1.00,0.862601016955398,3381.9681216995345,15.816171623190508,OU3.5,ALL,71,71,39.436619718309856,0.0,2.1572611667707564,0.5589510071351665,0.5243955325349309,0.03455547460023603,-0.16458480995206798,-26.994482065691393,-26.09611576573982,-105.30977239281349,403.54577416103047,11.932276107861044,-30.25282286108081,-1.6499641245341772,0.004181393117644386,0.024367080407735955,-128.67399468999992,-31.885848627088823,4,6
m05,evaluation,m05,inv,flat_1.00,0.862601016955398,3381.9681216995345,15.816171623190508,OU3.5,over_35,24,24,16.666666666666664,0.0,3.25959442841148,0.3244614879354109,0.31390297037193005,0.010558517563480843,-0.15779482126874425,-38.67916666666667,-12.233139007005947,-4.057943706815547,33.171728895515315,0.9808409689812684,-14.181688598262433,-0.7734576545103413,0.001002809638712044,0.0044409581993215975,-15.808798770139633,-47.65744595325244,1,8
m05,evaluation,m05,inv,flat_1.00,0.862601016955398,3381.9681216995345,15.816171623190508,OU3.5,under_35,47,47,51.06382978723404,0.0,1.5943675863584708,0.6786903360882333,0.6318810961926331,0.04680923989560037,-0.16805203821589287,-21.027834609874223,-27.33772249440756,-101.25182868599795,370.37404526551506,10.951435138879773,-31.692198313071426,-1.7284664801135279,0.005804499574971537,0.024367080407735955,-124.61605098318437,-33.64599992255104,6,5
POOLED,full,POOLED,std,flat_1.00,6.411530858895206,15362.671850037894,12.285838260477833,1X2,ALL,1774,543,28.74859075535513,0.0,4.048052450892868,0.30685234732694094,0.2751203169653045,0.03173203036163626,-0.019366439773389643,4.458509365793816,9.501832083492634,913.2257079420881,9611.048689532401,62.561049167425224,1.4819911644517811,0.7733971327018819,0.003975867880044442,0.011796465558449808,-414.906020962209,-4.316969296119492,7,33
POOLED,full,POOLED,std,flat_1.00,6.411530858895206,15362.671850037894,12.285838260477833,1X2,away,694,362,26.65706051873199,0.0,4.509467923192419,0.3005978951953115,0.25666964960396677,0.04392824559134491,-0.034027290007991595,4.530738564975337,9.227073386425397,404.7278207087271,4386.307594606877,28.55172353756978,1.4391373276514727,0.7510332783810006,0.004668374412418154,0.011680211317735913,-570.6979711242393,-13.010897179804102,11,24
POOLED,full,POOLED,std,flat_1.00,6.411530858895206,15362.671850037894,12.285838260477833,1X2,draw,526,291,25.09505703422053,0.0,4.211042002039074,0.24774153254268308,0.24313416146364936,0.004607371079033826,0.003209037799522224,2.766191779179415,6.021827179217467,87.13674798146712,1447.015090074214,9.419032732061154,0.939218310220394,0.4901437778640641,0.002004892002138332,0.006560366072287667,-145.33918849690508,-10.044068613648724,6,29
POOLED,full,POOLED,std,flat_1.00,6.411530858895206,15362.671850037894,12.285838260477833,1X2,home,554,298,34.83754512635379,0.0,3.315281978548485,0.37081061150721234,0.32860313455129625,0.04220747695591607,-0.022435160243674424,5.974812590211154,11.153830074250651,421.36113925189403,3777.726004851319,24.590292897794342,1.7396516245065081,0.9078607285700052,0.0049797194654438446,0.011796465558449808,-376.6457683560359,-9.970171681915284,10,21
POOLED,full,POOLED,std,flat_1.00,6.411530858895206,15362.671850037894,12.285838260477833,BTTS,ALL,249,143,51.80722891566265,0.0,2.1207800614360477,0.5022763442788805,0.48246821298123016,0.01980813129765058,0.01579594487774605,5.286360249442288,-8.901805062482742,-92.26763962101298,1036.504832147821,6.7469047198665795,-1.3884055553023797,-0.7245582168470224,0.0029152787190410375,0.011472314960312917,-143.66476032923686,-13.860500778519102,19,10
POOLED,full,POOLED,std,flat_1.00,6.411530858895206,15362.671850037894,12.285838260477833,BTTS,btts_no,122,72,45.90163934426229,0.0,2.38713210658715,0.448466529981914,0.4212460268479099,0.02722050313400434,0.010549863460708964,6.807402225948198,6.475834787021039,27.553129009589394,425.4760956041029,2.7695449057128263,1.0100294187988847,0.5270975125769867,0.002547916825062378,0.0104745470664823,-89.11411492424634,-20.94456441735455,8,11
POOLED,full,POOLED,std,flat_1.00,6.411530858895206,15362.671850037894,12.285838260477833,BTTS,btts_yes,127,71,57.48031496062992,0.0,1.8649143172751452,0.5539676619499818,0.5412800768258367,0.012687585124145395,0.020835487656317375,3.825201815318497,-19.609678148423605,-119.82076863060236,611.0287365437183,3.9773598141537545,-3.05850171823124,-1.5961204870737835,0.003268177546327623,0.011472314960312917,-137.3026362289824,-22.470733046965055,14,8
POOLED,full,POOLED,std,flat_1.00,6.411530858895206,15362.671850037894,12.285838260477833,OU0.5,ALL,103,54,30.097087378640776,0.0,11.988013881038345,0.36414736710236834,0.3554720301823764,0.008675336919991932,-0.06317649331596059,-55.673890359909784,-25.469840727817562,-129.6778431795388,509.1427330281956,3.3141548423228198,-3.972505363907172,-2.07310565122375,0.0034284284032937615,0.02423892609704001,-134.5989617295475,-26.436390622527774,6,14
POOLED,full,POOLED,std,flat_1.00,6.411530858895206,15362.671850037894,12.285838260477833,OU0.5,over_05,35,19,85.71428571428571,0.0,1.0821426509997936,0.9345013979034259,0.9235187660989157,0.010982631804510503,-0.0773585407605688,-7.411734487734491,-17.277692098406124,-78.05763521612305,451.78276572785956,2.940782502795861,-2.694784206557388,-1.4063095844250633,0.008929304959651392,0.02423892609704001,-102.7341750515752,-22.73972865832142,12,2
POOLED,full,POOLED,std,flat_1.00,6.411530858895206,15362.671850037894,12.285838260477833,OU0.5,under_05,68,36,1.4705882352941175,0.0,17.601329955322903,0.07058279242535329,0.06309503375474594,0.0074877586706073715,-0.055876910072412106,-80.51470588235294,-89.99344036082333,-51.62020796341574,57.35996730033611,0.3733723395269595,-14.036186106157247,-7.324973555147812,0.0005970948816390991,0.0021701983889574053,-51.20259748953816,-89.26538821307544,1,49
POOLED,full,POOLED,std,flat_1.00,6.411530858895206,15362.671850037894,12.285838260477833,OU1.5,ALL,220,121,43.18181818181818,0.0,3.394067078647912,0.4440062394548529,0.4207052627758281,0.023300976679024935,-0.012188057636671079,-11.56760292744961,4.3852548729475815,33.716282529498606,768.8557109301142,5.00470047420962,0.6839637786135869,0.35693574829602437,0.00242058005533785,0.014519204607749822,-79.96216519565229,-10.400152337935937,7,10
POOLED,full,POOLED,std,flat_1.00,6.411530858895206,15362.671850037894,12.285838260477833,OU1.5,over_15,86,49,83.72093023255815,0.0,1.3595225013452636,0.7580912611003257,0.7346464443551345,0.02344481674519152,0.07911804122525579,13.020776191267359,13.957686021895054,70.37213498697217,504.18196022307177,3.281863761360158,2.1769662080828156,1.1360792585716653,0.0039651558628016675,0.014519204607749822,-47.900821495764546,-9.500701190215366,22,4
POOLED,full,POOLED,std,flat_1.00,6.411530858895206,15362.671850037894,12.285838260477833,OU1.5,under_15,134,73,17.16417910447761,0.0,4.699819568558567,0.24242928526447471,0.21922062385179542,0.023208661412679195,-0.0707874942196986,-27.348204451402275,-13.849447615999743,-36.65585245747363,264.6737507070427,1.7228367128494635,-2.160084373108077,-1.1272692446678112,0.0014292851341297275,0.00510373852299663,-108.46905868517248,-40.98217461890763,2,36
POOLED,full,POOLED,std,flat_1.00,6.411530858895206,15362.671850037894,12.285838260477833,OU2.5,ALL,515,284,51.6504854368932,0.0,2.1805816098056927,0.4922023946646974,0.463000746015629,0.02920164864906828,0.024302459704234614,11.323705388102487,20.0864290614619,460.8120286556737,2294.146098570572,14.933249378524696,3.1328600771833557,1.6349254023697914,0.0032537416962458523,0.02023467436414855,-129.9400917684145,-5.663985037804571,12,11
POOLED,full,POOLED,std,flat_1.00,6.411530858895206,15362.671850037894,12.285838260477833,OU2.5,over_25,112,68,54.46428571428571,0.0,2.0650031163806433,0.516674151955057,0.4844914742549604,0.032182677700096446,0.027968705187800147,13.06866727354842,13.673474493587012,68.91636223971877,504.0149983242459,3.2807769588790814,2.1326380227300565,1.112945995518519,0.003262096203216172,0.01198844661357836,-95.62713871366924,-18.973074021926205,14,9
POOLED,full,POOLED,std,flat_1.00,6.411530858895206,15362.671850037894,12.285838260477833,OU2.5,under_25,403,220,50.86848635235732,0.0,2.212702679938707,0.4854013107527362,0.4570281366786434,0.02837317407409269,0.023283552770837046,10.838753201576575,21.89200927027238,391.89566641595485,1790.1311002463272,11.65247241964562,3.414474600851359,1.7818897503067839,0.003251419848154846,0.02023467436414855,-144.36718571743518,-8.064615250669068,11,15
POOLED,full,POOLED,std,flat_1.00,6.411530858895206,15362.671850037894,12.285838260477833,OU3.5,ALL,238,136,47.89915966386555,0.0,2.158201902135412,0.5690354241870582,0.5394371265151277,0.029598297671930347,-0.09004382754840273,-12.329538784516872,-17.570489577335533,-200.8260899107225,1142.9737858287763,7.4399414176509735,-2.7404515339669078,-1.430141696872067,0.0034927969794553595,0.01349341250854735,-225.06856715124562,-19.69148986107737,8,11
POOLED,full,POOLED,std,flat_1.00,6.411530858895206,15362.671850037894,12.285838260477833,OU3.5,over_35,73,47,24.65753424657534,0.0,3.542883310981049,0.31051709135305905,0.2887905261807165,0.02172656517234262,-0.06394174888730564,-12.742879147839023,1.7758728098180918,3.612948635884282,203.4463625947608,1.3242902314173886,0.2769810906164926,0.14454632823312316,0.0020132100865417977,0.005472586783432389,-38.690909941104664,-19.017744749839554,4,12
POOLED,full,POOLED,std,flat_1.00,6.411530858895206,15362.671850037894,12.285838260477833,OU3.5,under_35,165,91,58.18181818181818,0.0,1.5455852788279485,0.6834102017439179,0.6503292587842912,0.03308094295962674,-0.10159201992573608,-12.146666987410718,-21.759773423418814,-204.43903854660678,939.527423234015,6.115651186233582,-3.3938499092193903,-1.7711264760352226,0.004147402089653482,0.01349341250854735,-233.40096930828335,-24.84237964070033,12,10
POOLED,selection,POOLED,std,flat_1.00,12.285838260477833,6227.604096259554,12.285838260477833,1X2,ALL,926,285,30.669546436285096,0.0,3.769883191209112,0.31324938192363644,0.28433626390387245,0.02891311801976399,-0.006553917560785494,9.323417169070183,16.94567940155078,721.5333906727163,4257.919517860614,68.37171168954077,1.379285567844657,1.379285567844657,0.003698901269590048,0.01085301077653083,-207.25142566188867,-4.867434078839093,7,33
POOLED,selection,POOLED,std,flat_1.00,12.285838260477833,6227.604096259554,12.285838260477833,1X2,away,375,195,28.000000000000004,0.0,4.128489638135029,0.30367707256737786,0.2633581940259184,0.040318878541459234,-0.023677072567377833,11.169257710501524,17.57822981342499,351.5274376692548,1999.788610118087,32.11168499486355,1.4307717097312105,1.4307717097312105,0.004338021519179026,0.010496116162959293,-183.23472093860755,-9.162704498441341,6,24
POOLED,selection,POOLED,std,flat_1.00,12.285838260477833,6227.604096259554,12.285838260477833,1X2,draw,254,142,25.196850393700785,0.0,4.00024658440062,0.25366086154016393,0.2515689599751754,0.0020919015649883037,-0.0016923576031560583,-0.8930755111596794,3.434690022878228,19.491471234082418,567.4885100038462,9.112469277626257,0.2795649714783599,0.2795649714783599,0.001789895578374469,0.005432341549340617,-145.33918849690508,-25.610948227994953,6,24
POOLED,selection,POOLED,std,flat_1.00,12.285838260477833,6227.604096259554,12.285838260477833,1X2,home,297,161,38.72053872053872,0.0,3.120086155963769,0.376296857297371,0.33884694202549515,0.037449915271876175,0.010908529908016218,15.730147599176675,20.732621058019753,350.5144817693791,1690.6423977386771,27.147557417050912,1.6875218945958514,1.6875218945958514,0.004524548919330427,0.01085301077653083,-296.2549939936157,-17.523220427328212,10,18
POOLED,selection,POOLED,std,flat_1.00,12.285838260477833,6227.604096259554,12.285838260477833,BTTS,ALL,68,40,51.470588235294116,0.0,2.0910228260111188,0.5039641410101718,0.48247198851874284,0.021492152491429228,0.010741741342769284,6.5205132232975265,8.209718529702211,21.205776328825035,258.30089365553715,4.1476768539393625,0.6682261605308575,0.6682261605308575,0.0029921806995064147,0.008848527700775297,-47.88942141073294,-18.54016868969758,19,9
POOLED,selection,POOLED,std,flat_1.00,12.285838260477833,6227.604096259554,12.285838260477833,BTTS,btts_no,36,23,52.77777777777778,0.0,2.2519138388183877,0.4723878282912305,0.44424167422088007,0.02814615407035052,0.055389949486547296,18.496076634259854,32.770136155305536,46.95456943419819,143.28463333710067,2.3007986879442255,2.667309748063622,2.667309748063622,0.003179180797317499,0.008848527700775297,-23.17041494610788,-16.1709001212961,8,5
POOLED,selection,POOLED,std,flat_1.00,12.285838260477833,6227.604096259554,12.285838260477833,BTTS,btts_yes,32,17,50.0,0.0,1.9100204366029414,0.5394874928189812,0.5254810921038383,0.014006400715142794,-0.03948749281898123,-6.95199561403509,-22.387089472466318,-25.748793105373146,115.01626031843647,1.8468781659951368,-1.822186569432798,-1.822186569432798,0.0027818055894689464,0.006754526710709993,-41.1993304724914,-35.82043996077255,14,8
POOLED,selection,POOLED,std,flat_1.00,12.285838260477833,6227.604096259554,12.285838260477833,OU0.5,ALL,43,22,18.6046511627907,0.0,11.618856178231596,0.3123109081091596,0.3051104209012596,0.007200487207899976,-0.12626439648125265,-79.84558139534884,-62.63735783838764,-123.44526063880234,197.07929085595663,3.164608536601212,-5.0983381443238605,-5.0983381443238605,0.0034881310568764747,0.022109604629354917,-124.10288846222343,-62.971044762348505,2,14
POOLED,selection,POOLED,std,flat_1.00,12.285838260477833,6227.604096259554,12.285838260477833,OU0.5,over_05,12,6,66.66666666666666,0.0,1.085,0.9304436273129384,0.9208057384317025,0.009637888881235632,-0.26377696064627176,-27.779999999999998,-57.674914778573324,-100.33852017921858,173.97255039637287,2.7935711343767804,-4.694422436286425,-4.694422436286425,0.011060965887432854,0.022109604629354917,-102.7341750515752,-59.05194515888244,4,2
POOLED,selection,POOLED,std,flat_1.00,12.285838260477833,6227.604096259554,12.285838260477833,OU0.5,under_05,31,16,0.0,0.0,15.696477924643826,0.0730337264818904,0.06677674959915261,0.0062569768827377865,-0.0730337264818904,-100.0,-100.0,-23.10674045958376,23.10674045958376,0.37103740222443193,-8.13945274875454,-8.13945274875454,0.0005567111224675545,0.00152217006231062,-22.689129985706177,-98.19268981443734,0,31
POOLED,selection,POOLED,std,flat_1.00,12.285838260477833,6227.604096259554,12.285838260477833,OU1.5,ALL,82,46,45.1219512195122,0.0,3.4651889491982937,0.4068472021803477,0.3847372445367973,0.022109957643550414,0.04437231001477426,2.23141096186027,35.18345631724137,79.49856234660116,225.954385009194,3.6282715072544116,2.8637408023205557,2.8637408023205557,0.0021271442614746246,0.008725027775588893,-19.654919271437123,-8.698622631571132,7,9
POOLED,selection,POOLED,std,flat_1.00,12.285838260477833,6227.604096259554,12.285838260477833,OU1.5,over_15,25,16,96.0,0.0,1.3635692047449888,0.753807952693917,0.7325198325707543,0.021288120123162564,0.20619204730608298,30.649782065008917,34.31754897633413,36.77013303448295,107.14673434236272,1.7205129402287724,2.793260683459414,2.793260683459414,0.003235603492317171,0.008725027775588893,-0.4483849360959056,-0.41847746349710935,22,1
POOLED,selection,POOLED,std,flat_1.00,12.285838260477833,6227.604096259554,12.285838260477833,OU1.5,under_15,57,31,22.807017543859647,0.0,4.386951995011146,0.2546714344112383,0.23220102171488624,0.0224704126963521,-0.026601258972641817,-10.232786890397911,35.96437525049646,42.7284293121182,118.8076506668314,1.9077585670256414,2.9273033298989315,2.9273033298989315,0.0016409779321577198,0.00510373852299663,-23.900621531961356,-20.11707276241421,2,19
POOLED,selection,POOLED,std,flat_1.00,12.285838260477833,6227.604096259554,12.285838260477833,OU2.5,ALL,251,144,50.59760956175299,0.0,2.09117773813975,0.5053094663902687,0.47930175715731865,0.02600770923294992,0.0006666292272611285,4.681887207693256,12.63032270223085,120.31580056645836,952.5948259834041,15.296329234473255,1.0280391483632978,1.0280391483632978,0.0030723188371707504,0.01198844661357836,-126.94137719958127,-13.325852055571927,8,11
POOLED,selection,POOLED,std,flat_1.00,12.285838260477833,6227.604096259554,12.285838260477833,OU2.5,over_25,63,40,57.14285714285714,0.0,2.0747748087755493,0.5091472557840208,0.48092551552139823,0.028221740262622516,0.06228131564455064,20.265443523568663,37.97969943406795,95.42029163757284,251.24024955284514,4.034300280965932,3.0913396895549567,3.0913396895549567,0.0031491581047028584,0.01198844661357836,-33.44916621791969,-13.313617653800367,12,9
POOLED,selection,POOLED,std,flat_1.00,12.285838260477833,6227.604096259554,12.285838260477833,OU2.5,under_25,188,106,48.40425531914894,0.0,2.0966744644692423,0.5040233986678944,0.4787576253651006,0.025265773302793674,-0.019980845476404996,-0.5402619832649944,3.549632349387029,24.895508928885498,701.354576430559,11.262028953507322,0.2889206478328629,0.2889206478328629,0.0030465695081573303,0.01074494105807648,-144.36718571743518,-20.58405128717784,10,13
POOLED,selection,POOLED,std,flat_1.00,12.285838260477833,6227.604096259554,12.285838260477833,OU3.5,ALL,89,52,52.80898876404494,0.0,2.3581538546604848,0.5451250044997051,0.5195756597350605,0.02554934476464454,-0.01703511685925574,-2.961966508736667,-16.08162889427893,-53.9949025064572,335.75518289484967,5.391402178191002,-1.3089565850798905,-1.3089565850798905,0.0031329935680394017,0.012789253637175894,-77.41536333566158,-23.057086615370636,6,6
POOLED,selection,POOLED,std,flat_1.00,12.285838260477833,6227.604096259554,12.285838260477833,OU3.5,over_35,36,22,25.0,0.0,3.679086043058899,0.3001378216558065,0.2783061419556215,0.021831679700184885,-0.05013782165580649,-12.855117370892021,-19.55513972271109,-17.930102278109874,91.68997272510451,1.4723153769549298,-1.591681357682999,-1.591681357682999,0.0019880634941062047,0.005472586783432389,-38.690909941104664,-42.19753675475921,4,12
POOLED,selection,POOLED,std,flat_1.00,12.285838260477833,6227.604096259554,12.285838260477833,OU3.5,under_35,53,32,71.69811320754717,0.0,1.4609168965030737,0.7115313928465044,0.6834568416229817,0.028074551223522804,0.0054497392289672986,3.757909548576395,-14.776706685588085,-36.06480022834733,244.0652101697451,3.919086801236071,-1.2027430584954952,-1.2027430584954952,0.003910681920144969,0.012789253637175894,-67.18538699348736,-27.527637776297794,12,4
POOLED,evaluation,POOLED,std,flat_1.00,2.406868625092635,9135.067753778338,12.285838260477833,1X2,ALL,848,258,26.650943396226417,0.0,4.351808033990945,0.2998669062461154,0.2650566767941799,0.03481022945193536,-0.03335747228385122,-0.8538781646706958,3.5809395051363224,191.69231726937227,5353.1291716718,58.599775239299156,1.4878001515344443,0.29146887898205565,0.004278310192875549,0.011796465558449808,-414.90602096220897,-7.750719395262276,5,27
POOLED,evaluation,POOLED,std,flat_1.00,2.406868625092635,9135.067753778338,12.285838260477833,1X2,away,319,167,25.07836990595611,0.0,4.957326408761453,0.29697817257924625,0.24880694064399178,0.048171231935254466,-0.04619447351968514,-3.2731632518657974,2.229204267187847,53.20038303947218,2386.51898448879,26.124808800697803,0.9261844389624921,0.18144502800097473,0.005056720290050362,0.011680211317735913,-570.6979711242393,-23.913405878331506,11,20
POOLED,evaluation,POOLED,std,flat_1.00,2.406868625092635,9135.067753778338,12.285838260477833,1X2,draw,272,149,25.0,0.0,4.407887722922045,0.24221392384650625,0.23525754814773872,0.006956375698767502,0.007786076153493748,6.183301675304889,7.691100903621636,67.64527674738463,879.5265800703692,9.62802470410348,3.195480145213834,0.6260135239093165,0.0022056607213884094,0.006560366072287667,-106.48996263890584,-12.107645755331896,6,29
POOLED,evaluation,POOLED,std,flat_1.00,2.406868625092635,9135.067753778338,12.285838260477833,1X2,home,257,137,30.35019455252918,0.0,3.5408584739090343,0.36447047532169885,0.3167649601550444,0.04770551516665468,-0.060968529796407045,-5.298862497970793,3.3945289609421883,70.84665748251545,2087.0836071126405,22.846941734497875,1.4103507460078093,0.2762960808186779,0.005505733676321992,0.011796465558449808,-254.20076012533522,-12.179711404901848,8,21
POOLED,evaluation,POOLED,std,flat_1.00,2.406868625092635,9135.067753778338,12.285838260477833,BTTS,ALL,181,103,51.93370165745856,0.0,2.1319595752973473,0.5016422548991688,0.48246679454724717,0.019175460351921587,0.017694761675416837,4.822700568656892,-14.581449712229013,-113.47341594983794,778.2039384922837,8.51886334581823,-6.058265731752519,-1.1868502094102853,0.0028863873672639903,0.011472314960312917,-143.6647603292368,-18.461068265418604,10,10
POOLED,evaluation,POOLED,std,flat_1.00,2.406868625092635,9135.067753778338,12.285838260477833,BTTS,btts_no,86,49,43.02325581395349,0.0,2.44373510239733,0.4384529632477817,0.411619941901085,0.026833021346696642,-0.008220405108246842,1.9144687527014599,-6.875275484504793,-19.401440424608797,282.19146226700224,3.089100922653645,-2.856522958015699,-0.5596097994079724,0.0022836667901648872,0.0104745470664823,-89.11411492424634,-31.579309383899385,6,11
POOLED,evaluation,POOLED,std,flat_1.00,2.406868625092635,9135.067753778338,12.285838260477833,BTTS,btts_yes,95,54,60.0,0.0,1.849720677080519,0.5588451926046344,0.5466018401006143,0.01224335250401995,0.04115480739536559,7.455415686258654,-18.965647042011703,-94.07197552522918,496.0124762252819,5.429762423164592,-7.879801516496047,-1.5436998794801058,0.003432008100216861,0.011472314960312917,-114.56019740804112,-23.096233038301538,12,7
POOLED,evaluation,POOLED,std,flat_1.00,2.406868625092635,9135.067753778338,12.285838260477833,OU0.5,ALL,60,32,38.333333333333336,0.0,12.2525769013832,0.4012968293808346,0.39156451683384336,0.009732312546991168,-0.01796349604750125,-38.350845117845125,-1.997216494617934,-6.232582540736456,312.06344217223904,3.4161042981117147,-0.8297987159731518,-0.16256249286975852,0.003385641501559486,0.02423892609704001,-10.383229791985304,-3.327281696218177,6,12
POOLED,evaluation,POOLED,std,flat_1.00,2.406868625092635,9135.067753778338,12.285838260477833,OU0.5,over_05,23,13,95.65217391304348,0.0,1.0806518602170776,0.936618495602811,0.9249342587948526,0.01168423680795826,0.01990324352762385,3.215186649099687,8.020182028407305,22.280884963095527,277.81021533148663,3.0411401734440564,3.3322059811630247,0.652798926566316,0.007817134040808898,0.02423892609704001,-0.7495541933209733,-0.26980800271386557,12,1
POOLED,evaluation,POOLED,std,flat_1.00,2.406868625092635,9135.067753778338,12.285838260477833,OU0.5,under_05,37,20,2.7027027027027026,0.0,19.197287062108085,0.06852930713474117,0.06001035291213496,0.008518954222606212,-0.041502280107714146,-64.1891891891892,-83.24315731301682,-28.513467503831976,34.25322684075234,0.374964124667657,-34.58566722137274,-6.775537456064414,0.0006309299231071503,0.0021701983889574053,-28.039191899782374,-81.8585414744724,1,18
POOLED,evaluation,POOLED,std,flat_1.00,2.406868625092635,9135.067753778338,12.285838260477833,OU1.5,ALL,138,75,42.028985507246375,0.0,3.3518062570165257,0.46608624711071833,0.44207756346858545,0.024008683642132978,-0.045796392038254585,-19.76701697761925,-8.432891509233714,-45.782279817102555,542.9013259209204,5.943046516500898,-3.5036775257765265,-0.6863912197478118,0.0025949404545899096,0.014519204607749822,-79.96216519565229,-14.728673771428522,6,10
POOLED,evaluation,POOLED,std,flat_1.00,2.406868625092635,9135.067753778338,12.285838260477833,OU1.5,over_15,61,33,78.68852459016394,0.0,1.3578640163453763,0.7598467153652474,0.7355180065618476,0.02432870880340011,0.027038530536391936,5.795773783996224,8.463229396825636,33.602001952489246,397.0352258807092,4.3462756553337245,3.5162822385039414,0.6888605577733266,0.00426415273595105,0.014519204607749822,-47.900821495764546,-12.064627613207437,16,4
POOLED,evaluation,POOLED,std,flat_1.00,2.406868625092635,9135.067753778338,12.285838260477833,OU1.5,under_15,77,42,12.987012987012985,0.0,4.931422837288475,0.23336691511687047,0.2096117579011959,0.023755157215674595,-0.10349678524674061,-40.018059009548374,-54.422708050539335,-79.38428176959182,145.86610004021128,1.5967708611671751,-22.611416129305653,-4.4297106063662826,0.001272577478446669,0.003765561463727085,-94.89982819636161,-65.05954993668875,2,36
POOLED,evaluation,POOLED,std,flat_1.00,2.406868625092635,9135.067753778338,12.285838260477833,OU2.5,ALL,264,140,52.65151515151515,0.0,2.265583018094144,0.479740746925612,0.44750243618015845,0.03223831074545351,0.046774404589539464,17.638464339930966,25.380783802066063,340.4962280892152,1341.5512725871686,14.685728762463661,10.545147141584934,2.0658569048327133,0.0034262308539271076,0.02023467436414855,-129.94009176841456,-9.685808841120659,12,11
POOLED,evaluation,POOLED,std,flat_1.00,2.406868625092635,9135.067753778338,12.285838260477833,OU2.5,over_25,49,28,51.02040816326531,0.0,2.0524395118729073,0.5263515898892458,0.4890762783409685,0.03727531154827724,-0.016147508256592724,3.815669237808124,-10.485196613457306,-26.503929397854108,252.7747487714006,2.7670812695050993,-4.356364325058977,-0.8534376239663687,0.0034073023298761464,0.008720061390717107,-95.62713871366924,-37.830969738259185,6,8
POOLED,evaluation,POOLED,std,flat_1.00,2.406868625092635,9135.067753778338,12.285838260477833,OU2.5,under_25,215,114,53.02325581395348,0.0,2.314159910209682,0.4691178106222725,0.43802746750164817,0.03109034312062392,0.06111474751726237,20.788775781810127,33.70757446173312,367.0001574870693,1088.7765238157676,11.91864749295856,14.00474214101976,2.7436120960640196,0.003430544796617792,0.02023467436414855,-88.6450893308039,-8.141715714087495,11,15
POOLED,evaluation,POOLED,std,flat_1.00,2.406868625092635,9135.067753778338,12.285838260477833,OU3.5,ALL,149,84,44.966442953020135,0.0,2.0387675143855364,0.5833174869533289,0.5513006872092615,0.0320167997440675,-0.1336530574231275,-17.924934304949357,-18.18976753887868,-146.83118740426528,807.2186029339261,8.836481837806337,-7.557440962602849,-1.4805475339353218,0.003707713111106503,0.01349341250854735,-192.7788359376905,-23.88186238981786,7,11
POOLED,evaluation,POOLED,std,flat_1.00,2.406868625092635,9135.067753778338,12.285838260477833,OU3.5,over_35,37,25,24.324324324324326,0.0,3.410361733824223,0.32061584024768325,0.2989915486699981,0.021624291577685275,-0.07737259700443999,-12.633674390273942,19.276795661635315,21.543050913994158,111.75638986965632,1.2233777885602761,8.00907679823754,1.5690256743527717,0.0020376770413439967,0.00518083385543768,-26.49288214226914,-23.705921579220934,2,8
POOLED,evaluation,POOLED,std,flat_1.00,2.406868625092635,9135.067753778338,12.285838260477833,OU3.5,under_35,112,59,51.78571428571429,0.0,1.5856515668923983,0.670102852382872,0.6346528133338393,0.035450039049033044,-0.15224570952572913,-19.67293981247605,-24.210407863338425,-168.37423831825944,695.46221306427,7.613104049246063,-10.058882155400823,-1.9705947083171849,0.004259421455581615,0.01349341250854735,-211.34121443690245,-30.38859775079854,11,10
m12,full,m12,std,flat_1.00,6.8832730594918825,7932.527764556024,12.496871251197016,1X2,ALL,892,537,29.14798206278027,0.0,4.043145953268466,0.30779781389000044,0.27564019802045214,0.032157615869547844,-0.01631799326219774,5.5815217737707705,10.182952548617113,513.4421649517642,5042.1737948832115,63.56326689977135,1.4793765205311802,0.8148401583029622,0.0040582687907857705,0.011796465558449808,-215.45783874546498,-4.273114087501527,4,16
m12,full,m12,std,flat_1.00,6.8832730594918825,7932.527764556024,12.496871251197016,1X2,away,344,344,27.325581395348834,0.0,4.514073908519853,0.3019457000636734,0.2568614690913326,0.04508423097234082,-0.028689886110185026,6.241470305271431,9.450558576137663,216.5635022390522,2291.5418225740395,28.887914301580704,1.372974527446002,0.756233971381632,0.004812179516308161,0.011680211317735913,-301.5158734374809,-13.15777309701442,5,12
m12,full,m12,std,flat_1.00,6.8832730594918825,7932.527764556024,12.496871251197016,1X2,draw,271,271,25.461254612546124,0.0,4.197997784497641,0.24813421474336794,0.24378530438901438,0.004348910354353416,0.006478331382093305,3.980269859254084,7.066703515688809,54.541713901646546,771.8126815502918,9.729719257950677,1.0266487257750119,0.5654778202993748,0.0020366357241023867,0.0062877577541346754,-76.49602530958876,-9.911216430900817,4,14
m12,full,m12,std,flat_1.00,6.8832730594918825,7932.527764556024,12.496871251197016,1X2,home,277,277,35.018050541516246,0.0,3.306813596338566,0.37343666777084467,0.33012597031553237,0.043310697455312554,-0.02325616235568223,6.328514459683412,12.246542670307663,242.33694881106592,1978.8192907588816,24.945633340239993,1.7791743207717075,0.9799686996963041,0.005099847388227988,0.011796465558449808,-186.51387974073725,-9.425513517669856,5,10
m12,full,m12,std,flat_1.00,6.8832730594918825,7932.527764556024,12.496871251197016,BTTS,ALL,123,123,49.59349593495935,0.0,2.1436250861979027,0.4963948736849046,0.4775102447839207,0.01888462890098399,-0.0004599143353111179,1.0744134754310712,-10.749033939939277,-54.502517411402735,507.0457281643919,6.391981764374837,-1.5616166679769583,-0.8601380076560906,0.002793933950752713,0.01095524328663087,-75.37309041110088,-14.865146519223563,10,7
m12,full,m12,std,flat_1.00,6.8832730594918825,7932.527764556024,12.496871251197016,BTTS,btts_no,62,62,41.935483870967744,0.0,2.412400480329516,0.4428714587079224,0.4162547562991395,0.02661670240878274,-0.023516619998244948,-1.3580754891281643,4.335296801811693,8.918483846622273,205.71795321822708,2.593346778279331,0.6298307163382708,0.3469105758288448,0.0023456238399131744,0.0104745470664823,-47.142433595585416,-22.91605222494917,4,6
m12,full,m12,std,flat_1.00,6.8832730594918825,7932.527764556024,12.496871251197016,BTTS,btts_yes,61,61,57.377049180327866,0.0,1.870443538064131,0.5507957216942967,0.5397699216045179,0.011025800089778711,0.022974770108981968,3.546779308261768,-21.047180688655654,-63.421001258025,301.32777494616494,3.798634986095507,-3.0577285699325922,-1.6841960091922725,0.0032495934076715864,0.01095524328663087,-71.77573216175168,-23.819819521972406,7,4
m12,full,m12,std,flat_1.00,6.8832730594918825,7932.527764556024,12.496871251197016,OU0.5,ALL,50,50,30.0,0.0,12.325805595496504,0.34626362507703623,0.3379072846997741,0.008356340377261975,-0.04626362507703624,-43.21061818181819,-25.465367761864414,-63.97929921241514,251.24042900423828,3.167217770441677,-3.6996015618976834,-2.0377394669425923,0.003399894456206075,0.02423892609704001,-69.20832023517684,-27.54664944231938,3,7
m12,full,m12,std,flat_1.00,6.8832730594918825,7932.527764556024,12.496871251197016,OU0.5,over_05,16,16,87.5,0.0,1.0836282467532468,0.9331445299372355,0.9221861502343274,0.010958379702907882,-0.05814452993723551,-5.34568181818182,-18.259019807301897,-40.547621165922,222.06899162082485,2.7994732349134597,-2.652665330793918,-1.4610872945940732,0.009375681039934889,0.02423892609704001,-52.92742244383535,-23.833774385848116,10,1
m12,full,m12,std,flat_1.00,6.8832730594918825,7932.527764556024,12.496871251197016,OU0.5,under_05,34,34,2.941176470588235,0.0,17.616241994905096,0.07008437573106012,0.06295252444821975,0.007131851282840372,-0.04067261102517777,-61.029411764705884,-80.32404347622611,-23.431678046493133,29.171437383413497,0.36774453552821823,-11.669454746599223,-6.42753228881447,0.00058775959327487,0.0021077567751329428,-23.014067572615552,-78.89247029596508,1,24
m12,full,m12,std,flat_1.00,6.8832730594918825,7932.527764556024,12.496871251197016,OU1.5,ALL,107,107,42.05607476635514,0.0,3.4571179166621118,0.4353929921234253,0.41271866006698626,0.022674332056439192,-0.014832244459873911,-15.620418614893591,1.3282411341006772,4.868533985875126,366.53991966387207,4.620720286686408,0.19296650338011243,0.10628589407716363,0.00229809922490134,0.013597589844806132,-50.7071149258258,-13.833995209123664,3,6
m12,full,m12,std,flat_1.00,6.8832730594918825,7932.527764556024,12.496871251197016,OU1.5,over_15,41,41,85.36585365853658,0.0,1.3693994304574493,0.7513636829993491,0.729378245869419,0.021985437129930133,0.10229485358601675,15.950304076428953,10.572584264853512,24.351984167591354,230.33142661766018,2.903632151743898,1.535982108144635,0.8460184995376995,0.0036604514841195555,0.013597589844806132,-28.438576557609736,-12.34680693608367,12,2
m12,full,m12,std,flat_1.00,6.8832730594918825,7932.527764556024,12.496871251197016,OU1.5,under_15,66,66,15.151515151515152,0.0,4.754033945971069,0.2391081690035331,0.21600588706850496,0.023102281935028134,-0.08759301748838158,-35.23253422616972,-14.30413753649417,-19.48345018171625,136.2084930462119,1.7170881349425113,-2.0781011319562688,-1.1446175005703163,0.0014517894881142662,0.00510373852299663,-58.868353152973064,-43.21929700301479,1,18
m12,full,m12,std,flat_1.00,6.8832730594918825,7932.527764556024,12.496871251197016,OU2.5,ALL,261,261,50.57471264367817,0.0,2.1915227833509263,0.4894798690416363,0.460391140670482,0.02908872837115401,0.01626725739514534,9.907951208031474,20.347286940563443,240.33948648983528,1181.1868933282954,14.890422427590524,2.9560482004276993,1.6281904911690974,0.003226871691048547,0.013997940518865538,-66.88487434509283,-5.662514096869773,6,7
m12,full,m12,std,flat_1.00,6.8832730594918825,7932.527764556024,12.496871251197016,OU2.5,over_25,53,53,52.83018867924528,0.0,2.0850656423685527,0.5106783239653592,0.4794674262099635,0.03121089775539543,0.017623562827093653,11.240818702753785,19.717195213105537,46.030014416815646,233.45112689364979,2.9429600982520587,2.864508649110754,1.5777705328617289,0.0030969508751653592,0.011244095228962662,-43.20602004012271,-18.507522587288907,8,5
m12,full,m12,std,flat_1.00,6.8832730594918825,7932.527764556024,12.496871251197016,OU2.5,under_25,208,208,50.0,0.0,2.21864888177432,0.48407833966203334,0.455530356374364,0.028547983287669405,0.01592166033796666,9.56832631754935,20.50249436127182,194.30947207301944,947.7357664346455,11.947462329338464,2.978596691438723,1.6406101934760657,0.0032599765143264724,0.013997940518865538,-79.1848052595101,-8.355156369944872,6,7
m12,full,m12,std,flat_1.00,6.8832730594918825,7932.527764556024,12.496871251197016,OU3.5,ALL,118,118,52.54237288135594,0.0,2.0521498684744577,0.5924853944310244,0.5627431908565309,0.0297422035744932,-0.06706166561746507,-6.821018763986976,-16.11230810911516,-94.15082224925838,584.3409995120114,7.366390851135161,-2.340791650985956,-1.2893073622385152,0.003515711320263925,0.013384330943137781,-109.43135419224785,-18.72731064286692,5,5
m12,full,m12,std,flat_1.00,6.8832730594918825,7932.527764556024,12.496871251197016,OU3.5,over_35,28,28,28.57142857142857,0.0,3.6926002238461573,0.29672821933504073,0.2766889127378386,0.020039306597202163,-0.011013933620755034,2.3028831010755875,20.529965994639987,15.953090635089305,77.70636658265472,0.9795914857034715,2.9825877627111734,1.6428084743750175,0.0019089083264970054,0.005472586783432389,-16.482464387903967,-21.211214875645858,2,4
m12,full,m12,std,flat_1.00,6.8832730594918825,7932.527764556024,12.496871251197016,OU3.5,under_35,90,90,60.0,0.0,1.5417875356921507,0.684498737794219,0.6517378551601241,0.032760882634094865,-0.08449873779421901,-9.659566010895336,-21.732409458020648,-110.10391288434774,506.6346329293568,6.386799365431691,-3.157278415397473,-1.7390280351923288,0.004015605584991411,0.013384330943137781,-126.01326318501422,-24.872611344472585,8,5
m12,selection,m12,std,flat_1.00,12.496871251197016,3233.792654470164,12.496871251197016,1X2,ALL,464,283,30.81896551724138,0.0,3.769943411915583,0.3142738279401146,0.284527360056477,0.029746467883637502,-0.006084172767700791,10.023775052802746,17.236439169467783,384.998551991512,2233.631599927491,69.0715775125495,1.3792603622940252,1.3792603622940252,0.0038140415658305853,0.01085301077653083,-115.20568643942107,-5.157774739718086,4,16
m12,selection,m12,std,flat_1.00,12.496871251197016,3233.792654470164,12.496871251197016,1X2,away,186,186,28.49462365591398,0.0,4.1361834520515695,0.3045724785799398,0.26289775909359236,0.0416747194863474,-0.01962624202079999,12.724905358402408,17.712830597313726,184.60251117046505,1042.1965600374526,32.228305008881584,1.4173812181682754,1.4173812181682754,0.004488891336494012,0.010496116162959293,-90.2713493106296,-8.661643376311428,3,12
m12,selection,m12,std,flat_1.00,12.496871251197016,3233.792654470164,12.496871251197016,1X2,draw,129,129,25.581395348837212,0.0,4.001259466129595,0.25384904421116533,0.2515090310503468,0.002340013160818491,0.0019649092772067722,0.9536075687175143,5.542868288248514,17.039850350046066,307.41936239351764,9.506464861578651,0.44354048119985146,0.44354048119985146,0.0018886384040896335,0.005432341549340617,-76.49602530958876,-24.883281493398147,3,12
m12,selection,m12,std,flat_1.00,12.496871251197016,3233.792654470164,12.496871251197016,1X2,home,149,149,38.25503355704698,0.0,3.112490939037054,0.37869831171210827,0.340114408518809,0.038583903193299296,0.0038520238583615307,14.504589607201792,20.741282664834085,183.35619047100133,884.0156774965202,27.336807642089237,1.6597180404533156,1.6597180404533156,0.004638571435100299,0.01085301077653083,-161.23962330911422,-18.23945292075987,5,9
m12,selection,m12,std,flat_1.00,12.496871251197016,3233.792654470164,12.496871251197016,BTTS,ALL,34,34,50.0,0.0,2.107772739159842,0.49978513381262174,0.4793925873882751,0.020392546424346705,0.0002148661873782598,3.076548322420046,5.118789390287414,6.399692384096811,125.02355334720023,3.866158616396651,0.4096056754843425,0.4096056754843425,0.002816887100381631,0.008848527700775297,-25.17607003137815,-20.137061663462905,10,5
m12,selection,m12,std,flat_1.00,12.496871251197016,3233.792654470164,12.496871251197016,BTTS,btts_no,18,18,50.0,0.0,2.290219230321531,0.46371645508492787,0.43635535251166446,0.027361102573263366,0.03628354491507213,12.644142932602392,28.62486745034647,19.564643363820824,68.34841557872093,2.1135682735948134,2.2905627236581023,2.2905627236581023,0.002934646717281167,0.008848527700775297,-12.107038959335972,-17.713708294220186,4,3
m12,selection,m12,std,flat_1.00,12.496871251197016,3233.792654470164,12.496871251197016,BTTS,btts_yes,16,16,50.0,0.0,1.9025204366029413,0.5403623973812774,0.527809476624462,0.012552920756815467,-0.04036239738127745,-7.686995614035089,-23.228793961654727,-13.164950979724011,56.67513776847928,1.7525903428018372,-1.8587687665766544,-1.8587687665766544,0.0026844075313696538,0.006754526710709993,-21.400722362830074,-37.760335846474824,7,4
m12,selection,m12,std,flat_1.00,12.496871251197016,3233.792654470164,12.496871251197016,OU0.5,ALL,21,21,19.047619047619047,0.0,11.645495611046632,0.3177928149459324,0.310154377382131,0.007638437563801493,-0.12731662446974196,-79.36571428571429,-61.47149522206771,-63.47677300749492,103.26212625572728,3.1932203851408065,-4.918950830687293,-4.918950830687293,0.003670156427790597,0.022109604629354917,-63.89107164382963,-61.872705860815074,1,7
m12,selection,m12,std,flat_1.00,12.496871251197016,3233.792654470164,12.496871251197016,OU0.5,over_05,6,6,66.66666666666666,0.0,1.085,0.9301443523259264,0.9208057384317027,0.009338613894223672,-0.2634776856592598,-27.779999999999998,-56.45537306389241,-51.58149508097449,91.36684832920687,2.8253774465999815,-4.517560590094486,-4.517560590094486,0.01141142171728213,0.022109604629354917,-52.92742244383535,-57.92847560324159,2,1
m12,selection,m12,std,flat_1.00,12.496871251197016,3233.792654470164,12.496871251197016,OU0.5,under_05,15,15,0.0,0.0,15.869693855465288,0.07285219999393489,0.06589383296230225,0.006958367031632621,-0.07285219999393489,-100.0,-100.0,-11.895277926520432,11.895277926520432,0.367842938540826,-8.002002900559729,-8.002002900559729,0.000573650311993984,0.001172637267568931,-11.47766745264285,-96.48927518585738,0,15
m12,selection,m12,std,flat_1.00,12.496871251197016,3233.792654470164,12.496871251197016,OU1.5,ALL,41,41,43.90243902439025,0.0,3.5514569304480332,0.3943743382703231,0.37199125737756383,0.02238308089275924,0.04465005197357935,-1.265292763819754,37.4578347181544,42.096619359012486,112.3840170574778,3.475300647434095,2.9973770206335844,2.9973770206335844,0.002074305231796012,0.006567218212222702,-8.348227819955849,-7.428305232839489,3,5
m12,selection,m12,std,flat_1.00,12.496871251197016,3233.792654470164,12.496871251197016,OU1.5,over_15,12,12,100.0,0.0,1.3886746315660734,0.739172591000569,0.7189108106098973,0.020261780390671513,0.260827408999431,38.090113893475205,35.685779032874336,17.264192479023837,48.3783539182927,1.4960252275735095,2.8555770732979395,2.8555770732979395,0.003001340289715914,0.006567218212222702,0.0,0.0,12,0
m12,selection,m12,std,flat_1.00,12.496871251197016,3233.792654470164,12.496871251197016,OU1.5,under_15,29,29,20.689655172413794,0.0,4.446401329985396,0.25169919920953154,0.22843833879866704,0.023260860410864507,-0.044802647485393615,-17.550288622010772,38.79723396660802,24.83242687998864,64.00566313918512,1.9792754198605857,3.1045557873449177,3.1045557873449177,0.0016907045181739839,0.00510373852299663,-12.887368030703072,-20.134730895106152,1,10
m12,selection,m12,std,flat_1.00,12.496871251197016,3233.792654470164,12.496871251197016,OU2.5,ALL,128,128,49.21875,0.0,2.1012974328424825,0.5031491953190307,0.47698451762681165,0.026164677692219217,-0.010961695319030684,2.8895315946295095,11.488802230708192,56.444628244037816,491.30124368550867,15.192725575845715,0.9193342877408403,0.9193342877408403,0.003048676592400274,0.011244095228962662,-66.8848743450928,-13.613821500502265,6,7
m12,selection,m12,std,flat_1.00,12.496871251197016,3233.792654470164,12.496871251197016,OU2.5,over_25,31,31,54.83870967741935,0.0,2.0887382536542343,0.5053112677776527,0.47759416829521045,0.02771709948244219,0.04307582899654083,16.588336146435044,41.34554681099753,48.79678554767433,118.02186525852125,3.6496423199977355,3.3084718550683028,3.3084718550683028,0.0029059231254102147,0.011244095228962662,-17.72640847515897,-15.019596950387218,6,5
m12,selection,m12,std,flat_1.00,12.496871251197016,3233.792654470164,12.496871251197016,OU2.5,under_25,97,97,47.42268041237113,0.0,2.1053111911397586,0.5024582237085433,0.47678968081526146,0.025668542893281965,-0.028231419584831996,-1.4884368703805082,2.048825394156985,7.647842696363469,373.27937842698736,11.543083255847979,0.16394706746784624,0.16394706746784624,0.003094298834428024,0.01074494105807648,-79.1848052595101,-21.21328148187497,5,6
m12,selection,m12,std,flat_1.00,12.496871251197016,3233.792654470164,12.496871251197016,OU3.5,ALL,46,46,58.69565217391305,0.0,2.2270748761105543,0.5733449992063498,0.5481946671422314,0.025150332064118402,0.01361152253278064,2.9389901668045315,-13.282477699745888,-22.339814411361683,168.19011419675917,5.201017262633248,-1.0628642507998651,-1.0628642507998651,0.0029778286345403166,0.012789253637175894,-38.079880561231406,-22.6409743183141,5,3
m12,selection,m12,std,flat_1.00,12.496871251197016,3233.792654470164,12.496871251197016,OU3.5,over_35,15,15,26.666666666666668,0.0,3.810830819031367,0.2880817557189071,0.2677199676290097,0.020361788089897394,-0.021415089052240432,-5.946140845070424,-20.453059174812243,-7.587456151423271,37.096925631385034,1.1471646328376959,-1.6366543884216733,-1.6366543884216733,0.0018111924968062447,0.005472586783432389,-16.482464387903967,-44.43080958158792,2,4
m12,selection,m12,std,flat_1.00,12.496871251197016,3233.792654470164,12.496871251197016,OU3.5,under_35,31,31,74.19354838709677,0.0,1.46074135534242,0.711375600893822,0.6839082314228226,0.02746736947099953,0.030559882977145736,7.2382471080343445,-11.253336974545894,-14.752358259938422,131.09318856537416,4.053852629795553,-0.9004923511129228,-0.9004923511129228,0.0035423299915084173,0.012789253637175894,-31.039422790919488,-23.677372661845514,8,2
m12,evaluation,m12,std,flat_1.00,3.0198476541062735,4698.735110085859,12.496871251197016,1X2,ALL,428,254,27.33644859813084,0.0,4.339328147632338,0.3007770883777267,0.26600551768233255,0.03477157069539441,-0.027412602396418295,0.7656210226707,4.57331968132589,128.44361296025227,2808.542194955724,59.77230316574292,1.5144206612897388,0.3659571735515666,0.004323038492606337,0.011796465558449808,-215.45783874546498,-7.671518666603535,3,14
m12,evaluation,m12,std,flat_1.00,3.0198476541062735,4698.735110085859,12.496871251197016,1X2,away,158,158,25.949367088607595,0.0,4.958932293982513,0.2988534164938911,0.2497554568101907,0.04909795968370027,-0.03935974560781513,-1.3909279218321333,2.5582192550757092,31.960991068587123,1249.3452625365862,26.588969866695834,0.847135202862681,0.20470877899383572,0.005192759272291903,0.011680211317735913,-301.5158734374809,-24.13391097552196,5,10
m12,evaluation,m12,std,flat_1.00,3.0198476541062735,4698.735110085859,12.496871251197016,1X2,draw,142,142,25.352112676056336,0.0,4.376724848367203,0.2429425738888195,0.23676867946428296,0.00617389442453655,0.010578552871743863,6.729843348544344,8.075452855285423,37.50186355160048,464.39331915677434,9.883368784930049,2.6741259097308205,0.646197971713273,0.0021710839936914354,0.0062877577541346754,-56.091727526718714,-12.078495795022995,4,14
m12,evaluation,m12,std,flat_1.00,3.0198476541062735,4698.735110085859,12.496871251197016,1X2,home,128,128,31.25,0.0,3.533017314603605,0.36731178537046755,0.3184988039695303,0.04881298140093738,-0.05481178537046755,-3.188948016724702,5.387336836084251,58.9807583400646,1094.803613262362,23.29996451411701,1.78397636342971,0.43109484988638447,0.0056368014274156926,0.011796465558449808,-110.03364107150902,-10.050536894340723,4,10
m12,evaluation,m12,std,flat_1.00,3.0198476541062735,4698.735110085859,12.496871251197016,BTTS,ALL,89,89,49.43820224719101,0.0,2.157321488437162,0.49509971813049597,0.4767911476092233,0.018308570521272396,-0.0007176956585858707,0.30955297208696503,-15.94206143259693,-60.90220979549953,382.0221748171916,8.130319455488756,-5.279094596351416,-1.27568421824542,0.0027851653317933493,0.01095524328663087,-75.37309041110086,-19.730030186642693,6,7
m12,evaluation,m12,std,flat_1.00,3.0198476541062735,4698.735110085859,12.496871251197016,BTTS,btts_no,44,44,38.63636363636363,0.0,2.4623837189691473,0.43434396019005633,0.40803178512128857,0.02631217506876795,-0.04798032382641998,-7.086255752563392,-7.750014814155444,-10.646159517198564,137.36953763950615,2.9235429199795013,-2.5663595326132658,-0.6201564102225272,0.002104659935535359,0.0104745470664823,-47.142433595585416,-34.317967728259795,3,6
m12,evaluation,m12,std,flat_1.00,3.0198476541062735,4698.735110085859,12.496871251197016,BTTS,btts_yes,45,45,60.0,0.0,1.8590384185836648,0.5545053481167036,0.5440225242640934,0.010482823852610084,0.04549465188329638,7.541010391745097,-20.541797896828378,-50.256050278301,244.6526371776857,5.206776535509261,-6.802262978033486,-1.643755263531324,0.0034505483859122734,0.01095524328663087,-60.058158618631765,-24.548338947604677,6,4
m12,evaluation,m12,std,flat_1.00,3.0198476541062735,4698.735110085859,12.496871251197016,OU0.5,ALL,29,29,37.93103448275862,0.0,12.818443860098133,0.3668804186202493,0.35800421758496426,0.008876201035285082,0.012429926207336905,-17.029341692789977,-0.33959451864660123,-0.5025262049202163,147.97830274851103,3.1493220894890386,-0.11245418893394625,-0.027174363232242878,0.0032041875112655627,0.02423892609704001,-5.08595470705282,-3.436959751928224,3,6
m12,evaluation,m12,std,flat_1.00,3.0198476541062735,4698.735110085859,12.496871251197016,OU0.5,over_05,10,10,100.0,0.0,1.0828051948051947,0.934944636504021,0.9230143973159025,0.011930239188118408,0.06505536349597896,8.114909090909087,8.441999218355663,11.033873915052485,130.70214329161794,2.7816452774931943,2.795505000683248,0.6755290223180498,0.00815423663352655,0.02423892609704001,0.0,0.0,10,0
m12,evaluation,m12,std,flat_1.00,3.0198476541062735,4698.735110085859,12.496871251197016,OU0.5,under_05,19,19,5.263157894736842,0.0,18.99509578919968,0.06789925131300112,0.060630438779207256,0.0072688125337938584,-0.0152676723656327,-30.263157894736853,-66.77641607070113,-11.5364001199727,17.276159456893073,0.36767681199584346,-22.112511530143287,-5.343450750867337,0.0005988984995492541,0.0021077567751329428,-11.062124515923095,-64.03115544010205,1,9
m12,evaluation,m12,std,flat_1.00,3.0198476541062735,4698.735110085859,12.496871251197016,OU1.5,ALL,66,66,40.909090909090914,0.0,3.3985133777951,0.4608742770927767,0.4380190162831422,0.02285526080963431,-0.05178336800186756,-24.537996795106125,-14.647735894134119,-37.228085373137375,254.15590260639433,5.409028103347375,-4.850488359641814,-1.1721122511149407,0.0024371227660728314,0.013597589844806132,-47.37728361268544,-18.641032188049397,3,6
m12,evaluation,m12,std,flat_1.00,3.0198476541062735,4698.735110085859,12.496871251197016,OU1.5,over_15,29,29,79.3103448275862,0.0,1.3614234851711222,0.756408272791948,0.7337095983906003,0.022698674401347492,0.0366951754839141,6.789003462478788,3.8953954354364426,7.087791688567514,181.9530726993675,3.8723841296949115,1.2899311096503934,0.3117096557318954,0.003933187150769338,0.013597589844806132,-28.438576557609732,-15.629621492898586,8,2
m12,evaluation,m12,std,flat_1.00,3.0198476541062735,4698.735110085859,12.496871251197016,OU1.5,under_15,37,37,10.81081081081081,0.0,4.995151401743622,0.22923952370693967,0.20626153300972924,0.022977990697210453,-0.12113141559883156,-49.0915915915916,-61.37692541797737,-44.315877061704896,72.2028299070268,1.5366439736524635,-20.324510521091806,-4.9113833522209305,0.0012645317618512459,0.003602172457732637,-49.85562588858701,-69.0494070007844,1,18
m12,evaluation,m12,std,flat_1.00,3.0198476541062735,4698.735110085859,12.496871251197016,OU2.5,ALL,133,133,51.8796992481203,0.0,2.278356203389129,0.47632442721076,0.44442157487792433,0.03190285233283564,0.04247256527044302,16.662520460027356,26.65584627554081,183.89485824579725,689.8856496427866,14.68236947773335,8.826884442099326,2.133001592137518,0.0033983677258378575,0.013997940518865538,-66.73458052200402,-9.673281442592453,6,5
m12,evaluation,m12,std,flat_1.00,3.0198476541062735,4698.735110085859,12.496871251197016,OU2.5,over_25,22,22,50.0,0.0,2.0798905991932752,0.5182409940480364,0.4821070169080249,0.03613397714001137,-0.018240994048036363,3.705680486657471,-2.39694085508788,-2.766771130858675,115.42926163512848,2.456602871427227,-0.7937290650502224,-0.1918032767488333,0.003366126340729425,0.007803227178701518,-43.20602004012271,-37.43073413801849,4,4
m12,evaluation,m12,std,flat_1.00,3.0198476541062735,4698.735110085859,12.496871251197016,OU2.5,under_25,111,111,52.25225225225225,0.0,2.3176917285450642,0.46801663918895753,0.43695238816925575,0.031064251019701696,0.054505883333564986,19.23054279709166,32.493611921357484,186.66162937665592,574.4563880076578,12.225766606306115,10.760016942303004,2.6001397684436474,0.0034047579102737626,0.013997940518865538,-52.24704089788139,-9.095040457132997,6,7
m12,evaluation,m12,std,flat_1.00,3.0198476541062735,4698.735110085859,12.496871251197016,OU3.5,ALL,72,72,48.61111111111111,0.0,1.940392224706951,0.6047139802690105,0.5720380810073338,0.032675899261677105,-0.11860286915789936,-13.056580025326003,-17.256002659587462,-71.81100783789672,416.1508853152524,8.856657708198584,-5.714196421837177,-1.3808258333408525,0.0038593585916984496,0.013384330943137781,-94.99604884012817,-22.8273090824172,4,5
m12,evaluation,m12,std,flat_1.00,3.0198476541062735,4698.735110085859,12.496871251197016,OU3.5,over_35,13,13,30.76923076923077,0.0,3.5561803063247623,0.3067049081228873,0.2870376955557181,0.019667212567169207,0.0009873995694203996,11.820987654320987,57.96816266138858,23.54054678651258,40.60944095126972,0.8642632538297668,19.195724189121158,4.638614057565496,0.002021657360755576,0.00518083385543768,-10.084571576118158,-24.833071669761186,1,4
m12,evaluation,m12,std,flat_1.00,3.0198476541062735,4698.735110085859,12.496871251197016,OU3.5,under_35,59,59,52.54237288135594,0.0,1.584371121977602,0.6703769961656139,0.6348347761068422,0.03554222005877206,-0.1449532673520545,-18.53807798863805,-25.39042123190871,-95.3515546244093,375.54144436398275,7.992394454368818,-8.407848388438994,-2.031742243441668,0.004264275812075694,0.013384330943137781,-118.6184156032065,-31.585972036747844,6,5
m05,full,m05,std,flat_1.00,5.9078921594441685,7430.144085481868,12.05788905642552,1X2,ALL,882,537,28.34467120181406,0.0,4.053014577742046,0.3058961611883368,0.27459454156712765,0.03130161962120868,-0.0224494491701962,3.3227643908329973,8.750152985334017,399.7835429903232,4568.874894649198,61.49106722676552,1.4810955835316495,0.7256786776182149,0.0038925327186144503,0.010960375616125994,-204.99220149193388,-4.486710759622875,4,17
m05,full,m05,std,flat_1.00,5.9078921594441685,7430.144085481868,12.05788905642552,1X2,away,350,350,26.0,0.0,4.504940897613463,0.2992731955532643,0.2564811184506701,0.04279207710259466,-0.039273195553264306,2.849333654512903,8.982594664370204,188.16431846967484,2094.765772032836,28.192801484508276,1.520439849263483,0.744955822892024,0.0045270345388805505,0.010070841512366212,-269.18209768675854,-12.850224176879426,6,20
m05,full,m05,std,flat_1.00,5.9078921594441685,7430.144085481868,12.05788905642552,1X2,draw,255,255,24.705882352941178,0.0,4.224904680288989,0.24732421145881806,0.24244216251159448,0.004882048947223588,-0.00026538792940628,1.4759362509431964,4.827446358059854,32.59503407982057,675.2024085239237,9.087339367257167,0.8171182255489975,0.40035584466481383,0.0019711565172275116,0.006560366072287667,-68.84316318731632,-10.195929741692726,3,15
m05,full,m05,std,flat_1.00,5.9078921594441685,7430.144085481868,12.05788905642552,1X2,home,277,277,34.65703971119133,0.0,3.323750360758409,0.3681845552435806,0.3270802987870612,0.04110425645651952,-0.021614158131667283,5.62111072073889,9.951832912644798,179.02419044082825,1798.9067140924374,24.21092637500007,1.6844980653101655,0.825337906666306,0.004859591542659693,0.010960375616125994,-190.13188861529864,-10.56930229487868,5,11
m05,full,m05,std,flat_1.00,5.9078921594441685,7430.144085481868,12.05788905642552,BTTS,ALL,126,126,53.96825396825397,0.0,2.098478965835189,0.5080177798587134,0.48730813431669795,0.020709645542015577,0.031664759823826216,9.398022576453236,-7.132774169993709,-37.765122209610176,529.4591039834293,7.125825527636348,-1.2073297848863884,-0.5915441862680542,0.0030337343261796408,0.011472314960312917,-69.05553877717894,-13.042657734588733,9,5
m05,full,m05,std,flat_1.00,5.9078921594441685,7430.144085481868,12.05788905642552,BTTS,btts_no,60,60,50.0,0.0,2.3610214537200376,0.4542481036317057,0.42640367308163907,0.027844430550066673,0.0457518963682943,15.245062531527104,8.479615344693961,18.634645162967136,219.75814238587589,2.9576565387913853,1.4353030007730792,0.7032421102079444,0.0027569529097165577,0.009794699995899016,-41.971681328660935,-19.099033543413547,5,5
m05,full,m05,std,flat_1.00,5.9078921594441685,7430.144085481868,12.05788905642552,BTTS,btts_yes,66,66,57.57575757575758,0.0,1.8598039768489614,0.556899303701448,0.5426758263485698,0.014223477352878239,0.01885827205612778,4.0825317082042645,-18.21104044419049,-56.399767372577315,309.70096159755343,4.168168988844963,-3.0824937139515827,-1.5103008792808574,0.003285353795691537,0.011472314960312917,-65.52690406723072,-21.15812095939852,7,4
m05,full,m05,std,flat_1.00,5.9078921594441685,7430.144085481868,12.05788905642552,OU0.5,ALL,53,53,30.18867924528302,0.0,11.669342452304251,0.38101882184324765,0.3720425447886046,0.008976277054642831,-0.07913202939041747,-67.43169430150564,-25.474198152576697,-65.69854396712365,257.90230402395724,3.4710269552899455,-4.311892882447838,-2.112658196917293,0.0034553472213010145,0.024020094505125343,-67.63438117359647,-26.22480688164527,3,7
m05,full,m05,std,flat_1.00,5.9078921594441685,7430.144085481868,12.05788905642552,OU0.5,over_05,19,19,84.21052631578947,0.0,1.0808916229968863,0.9356440235591653,0.9246409689322524,0.01100305462691271,-0.09353876040127063,-9.151568314726214,-16.32902258300076,-37.51001405020104,229.71377410703468,3.0916462919727756,-2.7639337588276227,-1.354219010192269,0.008553409313096873,0.024020094505125343,-49.80675260773987,-21.68209233484297,6,1
m05,full,m05,std,flat_1.00,5.9078921594441685,7430.144085481868,12.05788905642552,OU0.5,under_05,34,34,0.0,0.0,17.586417915740718,0.07108120911964654,0.06323754306127215,0.007843666058374369,-0.07108120911964654,-100.0,-100.0,-28.188529916922604,28.188529916922604,0.3793806633171702,-16.926510725173475,-8.293325600529645,0.0006064301700033282,0.0021701983889574053,-26.50298541725128,-94.02045972372814,0,34
m05,full,m05,std,flat_1.00,5.9078921594441685,7430.144085481868,12.05788905642552,OU1.5,ALL,113,113,44.24778761061947,0.0,3.334364072740661,0.45216214622000983,0.42826779808420057,0.023894348135809658,-0.009684270113815119,-7.729980993321228,7.170424122013336,28.847748543623474,402.3157912662425,5.414643197193814,1.2137026080530133,0.594666619377485,0.0025365574788485264,0.014519204607749822,-32.584881582966844,-8.099329504419826,4,5
m05,full,m05,std,flat_1.00,5.9078921594441685,7430.144085481868,12.05788905642552,OU1.5,over_15,45,45,82.22222222222221,0.0,1.3505235214874944,0.7642208322589935,0.7394463585310084,0.02477447372798524,0.05800138996322868,10.351650784786788,16.80484248597114,46.02015081938086,273.8505336054115,3.6856692206077377,2.8444734657364137,1.3936803040177268,0.004242775407823149,0.014519204607749822,-19.462244938154818,-7.106885892067593,11,2
m05,full,m05,std,flat_1.00,5.9078921594441685,7430.144085481868,12.05788905642552,OU1.5,under_15,68,68,19.11764705882353,0.0,4.647199731658198,0.2456527216353886,0.22234080955322458,0.023311912082164047,-0.05447625104715331,-19.69576672883389,-13.367351288933957,-17.172402275757385,128.46525766083073,1.7289739765860723,-2.262626149593021,-1.1085979665578893,0.0014074426729094394,0.004729553018328947,-49.60070553219947,-38.6102098227627,1,18
m05,full,m05,std,flat_1.00,5.9078921594441685,7430.144085481868,12.05788905642552,OU2.5,ALL,254,254,52.75590551181102,0.0,2.169338907855667,0.4949999505214644,0.46568226961831877,0.029317680903145536,0.032559104596645794,12.778476415655781,19.809579823534,220.47254216583866,1112.959205242278,14.978972041968134,3.3530706534422836,1.6428729548625005,0.0032813522133974195,0.02023467436414855,-64.96017059681614,-5.836707247744552,7,6
m05,full,m05,std,flat_1.00,5.9078921594441685,7430.144085481868,12.05788905642552,OU2.5,over_25,59,59,55.932203389830505,0.0,2.046980847272859,0.522060234725463,0.4890046021597878,0.03305563256567534,0.037261799172842,14.710632938838526,8.458759738280055,22.886347822903062,270.56387143059595,3.641435055872796,1.4317728743166291,0.7015124868620741,0.0034104470911262247,0.01198844661357836,-56.674586168559216,-20.946841819232752,7,4
m05,full,m05,std,flat_1.00,5.9078921594441685,7430.144085481868,12.05788905642552,OU2.5,under_25,195,195,51.7948717948718,0.0,2.206360064647387,0.4868124799161521,0.45862576900320756,0.028186710912944193,0.031136238032565877,12.193875211205617,23.45528119783083,197.58619434293553,842.3953338116813,11.337536986095328,3.970160687570433,1.9452228402559204,0.003242292737571781,0.02023467436414855,-65.8971079669185,-7.822587011343765,5,8
m05,full,m05,std,flat_1.00,5.9078921594441685,7430.144085481868,12.05788905642552,OU3.5,ALL,120,120,43.333333333333336,0.0,2.2624864019020183,0.5459762867804909,0.5165194965794139,0.02945679020107687,-0.11264295344715758,-17.746250138037947,-19.095776380188227,-106.67526766146403,558.6327863167643,7.518465051146248,-3.2322486370477033,-1.5836749111580433,0.0034702645443269375,0.01349341250854735,-119.73285783829665,-21.43319561097224,4,6
m05,full,m05,std,flat_1.00,5.9078921594441685,7430.144085481868,12.05788905642552,OU3.5,over_35,45,45,22.22222222222222,0.0,3.4497261207538705,0.31909683394204824,0.29632041898961836,0.02277641495243001,-0.09687461171982603,-22.104686769385893,-9.814014943993577,-12.340141999205017,125.73999601210605,1.6922955270516993,-1.6611702920652005,-0.8139082137900243,0.0020781089594585573,0.005232971218021817,-21.661447172089346,-17.227173420622517,2,8
m05,full,m05,std,flat_1.00,5.9078921594441685,7430.144085481868,12.05788905642552,OU3.5,under_35,75,75,56.00000000000001,0.0,1.5501425705909067,0.6821039584835566,0.6486389431332914,0.03346501535026498,-0.1221039584835566,-15.131188159229184,-21.79179874903172,-94.33512566225902,432.8927903046582,5.826169524094548,-3.6885911524630735,-1.8072648244693463,0.004305557895247965,0.01349341250854735,-110.92837213037443,-25.624906354366875,5,5
m05,selection,m05,std,flat_1.00,12.05788905642552,2993.811441789391,12.05788905642552,1X2,ALL,462,281,30.519480519480517,0.0,3.769822709806934,0.31222050107591803,0.2841443404951956,0.02807616058072224,-0.007025695881112848,8.620027433027085,16.624850432581688,336.5348386812032,2024.28791793312,67.61574525626136,1.3787529769750604,1.3787529769750604,0.0035832625305086407,0.010033136907610457,-100.95877488467488,-4.987372299675521,4,17
m05,selection,m05,std,flat_1.00,12.05788905642552,2993.811441789391,12.05788905642552,1X2,away,189,189,27.513227513227513,0.0,4.120917948248918,0.30279587934866553,0.2638113204672553,0.03898455888141058,-0.027663604216390414,9.638302882408613,17.431736874249708,166.9249264987897,957.5920500806344,31.98571682618344,1.445670696809117,1.445670696809117,0.004189546460869035,0.009487364132978788,-92.963371627978,-9.70803502599567,3,12
m05,selection,m05,std,flat_1.00,12.05788905642552,2993.811441789391,12.05788905642552,1X2,draw,125,125,24.8,0.0,3.9992012904563112,0.25346665702369026,0.2516308066255987,0.0018358503980915528,-0.005466657023690258,-2.798852449592943,0.9426804011791956,2.4516208840363625,260.06914761032886,8.686891364637393,0.07817955504216978,0.07817955504216978,0.0016879929822364176,0.005289411807810948,-68.84316318731632,-26.471099636342316,3,12
m05,selection,m05,std,flat_1.00,12.05788905642552,2993.811441789391,12.05788905642552,1X2,home,148,148,39.189189189189186,0.0,3.1277326919237773,0.37387917683929084,0.3375709115693879,0.036308265269902947,0.018012715052601047,16.963986388394623,20.72312844387235,167.15829129837746,806.6267202421589,26.943137065440595,1.7186365164663062,1.7186365164663062,0.0044097559811567015,0.010033136907610457,-135.01537068450148,-16.738271532087147,5,9
m05,selection,m05,std,flat_1.00,12.05788905642552,2993.811441789391,12.05788905642552,BTTS,ALL,34,34,52.94117647058824,0.0,2.074272912862396,0.5081431482077222,0.4855513896492106,0.022591758558511758,0.021268616498160142,9.964478124175006,11.109228253260735,14.806083944728218,133.27734030833687,4.451761338338578,0.9213244707489447,0.9213244707489447,0.003167474298631199,0.008290429335597784,-22.71335137935479,-17.04217035454601,9,4
m05,selection,m05,std,flat_1.00,12.05788905642552,2993.811441789391,12.05788905642552,BTTS,btts_no,18,18,55.55555555555556,0.0,2.2136084473152438,0.4810592014975332,0.45212799593009556,0.02893120556743766,0.07449635405802241,24.34801033591731,36.550985477665776,27.389926070377367,74.93621775837971,2.5030373226708824,3.0312922358651284,3.0312922358651284,0.0034237148773538307,0.008290429335597784,-11.063375986771907,-14.76372349408407,4,3
m05,selection,m05,std,flat_1.00,12.05788905642552,2993.811441789391,12.05788905642552,BTTS,btts_yes,16,16,50.0,0.0,1.9175204366029415,0.5386125882566849,0.5231527075832147,0.015459880673470122,-0.0386125882566849,-6.216995614035087,-21.569420634430998,-12.58384212564914,58.34112254995718,1.9487240156676964,-1.7888222833611895,-1.7888222833611895,0.002879203647568239,0.005696985851249049,-19.798608109661323,-33.93593959853598,7,4
m05,selection,m05,std,flat_1.00,12.05788905642552,2993.811441789391,12.05788905642552,OU0.5,ALL,22,22,18.181818181818183,0.0,11.593427628726332,0.30707817885587635,0.30029573516951885,0.006782443686357619,-0.12525999703769453,-80.30363636363637,-63.920592662167095,-59.96848763130741,93.81716460022932,3.1337031882059714,-5.301142875261777,-5.301142875261777,0.0033143795664584493,0.021372065787419955,-60.2118168183938,-64.17995797993517,1,7
m05,selection,m05,std,flat_1.00,12.05788905642552,2993.811441789391,12.05788905642552,OU0.5,over_05,6,6,66.66666666666666,0.0,1.085,0.9307429022999502,0.9208057384317027,0.009937163868247592,-0.26407623563328353,-27.779999999999998,-59.02380087345564,-48.757025098244085,82.60570206716599,2.759215256983347,-4.8950359882439365,-4.8950359882439365,0.010710510057583576,0.021372065787419955,-49.80675260773987,-60.294569698399776,2,1
m05,selection,m05,std,flat_1.00,12.05788905642552,2993.811441789391,12.05788905642552,OU0.5,under_05,16,16,0.0,0.0,15.534087989498707,0.07320390756434869,0.06760448394619982,0.005599423618148878,-0.07320390756434869,-100.0,-100.0,-11.211462533063331,11.211462533063331,0.37448793122262497,-8.293325600529645,-8.293325600529645,0.0005408306322865269,0.00152217006231062,-9.525918033392,-84.96588206310683,0,16
m05,selection,m05,std,flat_1.00,12.05788905642552,2993.811441789391,12.05788905642552,OU1.5,ALL,41,41,46.34146341463415,0.0,3.3789209679485537,0.4193200660903724,0.39748323169603084,0.021836834394341576,0.04409456805596906,5.728114687540294,32.93283596958132,37.40194298758866,113.57036795171625,3.7935043726012223,2.7312273164457226,2.7312273164457226,0.002179983291153239,0.008725027775588893,-11.30669145148127,-9.955670352576687,4,5
m05,selection,m05,std,flat_1.00,12.05788905642552,2993.811441789391,12.05788905642552,OU1.5,over_15,13,13,92.3076923076923,0.0,1.3403949646024496,0.7673175173339305,0.7450820066884686,0.022235510645461996,0.15575940574299263,23.781783454116972,33.19121679839589,19.50594055545912,58.76838042406999,1.962995384537121,2.7526556798686626,2.7526556798686626,0.003451846448564486,0.008725027775588893,-0.4483849360959091,-0.7629697004756361,11,1
m05,selection,m05,std,flat_1.00,12.05788905642552,2993.811441789391,12.05788905642552,OU1.5,under_15,28,28,25.0,0.0,4.325379469502103,0.2577498208701489,0.23609808616382755,0.021651734706321375,-0.007749820870148916,-2.653945811227452,32.655754361283805,17.896002432129542,54.80198752764623,1.8305089880641001,2.7082480364904256,2.7082480364904256,0.0015894753966408735,0.004729553018328947,-12.797615210847562,-23.352465463759838,1,9
m05,selection,m05,std,flat_1.00,12.05788905642552,2993.811441789391,12.05788905642552,OU2.5,ALL,123,123,52.03252032520326,0.0,2.0806466737336535,0.507557553358711,0.4817131934167079,0.025844359942003046,0.012767649893321575,6.547102805027884,13.846100352025625,63.87117232242056,461.2935822978958,15.408237668508011,1.1483021851695663,1.1483021851695663,0.0030969221488018153,0.01198844661357836,-62.66140929158891,-13.583845883882953,7,5
m05,selection,m05,std,flat_1.00,12.05788905642552,2993.811441789391,12.05788905642552,OU2.5,over_25,32,32,59.375,0.0,2.0612477215493215,0.5128633691651898,0.4841527581467678,0.028710611018422198,0.08088663083481018,23.827641295166856,34.99780179505227,46.6235060898985,133.21838429432384,4.44979207557239,2.9024816558916933,2.9024816558916933,0.003384791990892607,0.01198844661357836,-18.795085347076384,-14.108477179509828,7,4
m05,selection,m05,std,flat_1.00,12.05788905642552,2993.811441789391,12.05788905642552,OU2.5,under_25,91,91,49.45054945054945,0.0,2.087468283292979,0.5056917719762127,0.480855324500643,0.024836447475569932,-0.011186277470718209,0.47042992937461847,5.2572295429458995,17.24766623252203,328.0751980035717,10.958445592935615,0.4359991635637399,0.4359991635637399,0.0029956931933413176,0.010586729581094943,-65.8971079669185,-20.085976741893514,5,7
m05,selection,m05,std,flat_1.00,12.05788905642552,2993.811441789391,12.05788905642552,OU3.5,ALL,43,43,46.51162790697674,0.0,2.498377878225529,0.5149361729530622,0.488959977392506,0.025976195560556244,-0.04981989388329472,-9.274617836059816,-18.891221387036172,-31.655088095095504,167.56506869809039,5.597048176084774,-1.5667104995438021,-1.5667104995438021,0.0032989839620151656,0.011846107090959509,-41.53273061168881,-24.786031441027976,3,6
m05,selection,m05,std,flat_1.00,12.05788905642552,2993.811441789391,12.05788905642552,OU3.5,over_35,21,21,23.809523809523807,0.0,3.584982631649993,0.3087492973250202,0.2858676950460585,0.022881602278961678,-0.07065405922978213,-17.79010060362173,-18.94498782772001,-10.3426461266866,54.593047093719434,1.8235299101231757,-1.5711695255335285,-1.5711695255335285,0.002114399920749034,0.005232971218021817,-21.661447172089346,-39.67803287276366,2,8
m05,selection,m05,std,flat_1.00,12.05788905642552,2993.811441789391,12.05788905642552,OU3.5,under_35,22,22,68.18181818181817,0.0,1.461164249956722,0.7117509178707387,0.6828207923595696,0.028930125511169236,-0.029932736052556974,-1.146202467023441,-18.86523907932291,-21.312441968408905,112.97202160437091,3.773518265961597,-1.56455570216661,-1.56455570216661,0.004429723274132837,0.011846107090959509,-36.145964202567896,-31.995500911855327,4,3
m05,evaluation,m05,std,flat_1.00,1.757632799761145,4436.332643692478,12.05788905642552,1X2,ALL,420,256,25.952380952380956,0.0,4.364525632470663,0.2989393873119972,0.2640897627462536,0.03484962456574377,-0.03941557778818766,-2.5042249555805,2.4856177009420257,63.248704309120306,2544.5869767160752,57.35789403289983,1.4141848634594274,0.2061403691235214,0.00423272992553084,0.010960375616125994,-204.99220149193383,-8.056010793409278,3,14
m05,evaluation,m05,std,flat_1.00,1.757632799761145,4436.332643692478,12.05788905642552,1X2,away,161,161,24.22360248447205,0.0,4.9557504468674916,0.2951378710977934,0.2478760986920695,0.0472617724057238,-0.05290184625307287,-5.120325873886408,1.8677350312336791,21.239391970885166,1137.1737219522029,25.633193299177467,1.0626423400197678,0.15489734749536305,0.004923216195676673,0.010070841512366212,-269.18209768675865,-23.671150017839828,6,20
m05,evaluation,m05,std,flat_1.00,1.757632799761145,4436.332643692478,12.05788905642552,1X2,draw,130,130,24.615384615384617,0.0,4.441927170512717,0.24141801380028716,0.23360692778659042,0.007811086013696696,0.004735832353559011,5.5863100014587115,7.261141429488648,30.1434131957842,415.13326091359426,9.357577401321011,4.131205010782347,0.6021901010624462,0.0022434291470266416,0.006560366072287667,-50.39823511218712,-12.140254674191715,3,15
m05,evaluation,m05,std,flat_1.00,1.757632799761145,4436.332643692478,12.05788905642552,1X2,home,129,129,29.457364341085274,0.0,3.5486388490337983,0.3616511909322228,0.31504455699028266,0.04660663394194016,-0.06707754752137007,-7.392421053005668,1.195821664851714,11.865899142450887,992.2799938502787,22.367123332401366,0.6803592109877679,0.099173384267827,0.005375681954306539,0.010960375616125994,-148.27331524649696,-14.942689176989427,4,11
m05,evaluation,m05,std,flat_1.00,1.757632799761145,4436.332643692478,12.05788905642552,BTTS,ALL,92,92,54.347826086956516,0.0,2.1074246810642636,0.507971448077558,0.48795736604163903,0.020014082035919166,0.03550681279200718,9.188680308816933,-13.269466435474783,-52.571206154338384,396.1817636750922,8.930389028387635,-7.549623810660593,-1.1004800569469186,0.002984308684186674,0.011472314960312917,-69.05553877717894,-17.43026688977315,9,5
m05,evaluation,m05,std,flat_1.00,1.757632799761145,4436.332643692478,12.05788905642552,BTTS,btts_no,42,42,47.61904761904761,0.0,2.424198456464951,0.4427576331177797,0.4153789632894436,0.027378669828336227,0.03343284307269645,11.34379918678845,-6.045549339252422,-8.755280907410233,144.82192462749614,3.2644514345289712,-3.4395974745544047,-0.5013770910448718,0.0024711977807291554,0.009794699995899016,-41.971681328660935,-28.98157957548102,5,5
m05,evaluation,m05,std,flat_1.00,1.757632799761145,4436.332643692478,12.05788905642552,BTTS,btts_yes,50,50,60.0,0.0,1.8413347097276878,0.5627510526437721,0.5489232243534834,0.01382782829028883,0.03724894735622786,7.378380451320857,-17.431553669411528,-43.815925246928174,251.35983904759624,5.6659375938586685,-9.917631072758999,-1.4456555030353708,0.0034153218430909927,0.011472314960312917,-54.502038789409355,-21.68287463737957,6,3
m05,evaluation,m05,std,flat_1.00,1.757632799761145,4436.332643692478,12.05788905642552,OU0.5,ALL,31,31,38.70967741935484,0.0,11.723217488391807,0.4334928265439626,0.4229596354860205,0.010533191057942013,-0.04639605235041422,-58.29676767676767,-3.492123879066912,-5.730056335816241,164.085139423728,3.698666276908297,-1.9868335863676858,-0.2896132036648651,0.003555388782802189,0.024020094505125343,-7.541014764158264,-4.595793860822825,3,6
m05,evaluation,m05,std,flat_1.00,1.757632799761145,4436.332643692478,12.05788905642552,OU0.5,over_05,13,13,92.3076923076923,0.0,1.078995448995449,0.9379060795249567,0.9264110753171215,0.01149500420783507,-0.01482915644803362,-0.5538306138306168,7.6454071432565005,11.24701104804304,147.10807203986872,3.3159838058813085,4.3498318558321625,0.6340585078764135,0.007557824354103009,0.024020094505125343,-0.7495541933209733,-0.509526216289363,6,1
m05,evaluation,m05,std,flat_1.00,1.757632799761145,4436.332643692478,12.05788905642552,OU0.5,under_05,18,18,0.0,0.0,19.410711183511395,0.069194366057689,0.05935581783022532,0.009838548227463696,-0.069194366057689,-100.0,-100.0,-16.977067383859282,16.977067383859282,0.3826824710269881,-56.894705204403095,-8.293325600529645,0.0006647408701960404,0.0021701983889574053,-16.441957237611266,-96.84804133629837,0,18
m05,evaluation,m05,std,flat_1.00,1.757632799761145,4436.332643692478,12.05788905642552,OU1.5,ALL,72,72,43.05555555555556,0.0,3.308991396302833,0.47086388629383147,0.44579789838857464,0.025065987905256756,-0.04030833073827589,-15.393618811589599,-2.962538538540657,-8.554194443965194,288.7454233145261,6.508651323183817,-1.6855275680695385,-0.24569296704234908,0.0027396066690639,0.014519204607749822,-32.58488158296686,-11.284986341574887,3,5
m05,evaluation,m05,std,flat_1.00,1.757632799761145,4436.332643692478,12.05788905642552,OU1.5,over_15,32,32,78.125,0.0,1.3546382477220438,0.7629628039473005,0.73715687646704,0.025805927480260303,0.01828719605269946,4.895659387871403,12.32748039376698,26.514210263921736,215.0821531813415,4.848197158685624,7.013683629164313,1.0223580873965494,0.004564090297521981,0.014519204607749822,-19.46224493815482,-9.04874935008935,8,2
m05,evaluation,m05,std,flat_1.00,1.757632799761145,4436.332643692478,12.05788905642552,OU1.5,under_15,40,40,15.0,0.0,4.872473915167463,0.23718475217105633,0.21271071592580246,0.02447403624525391,-0.08718475217105634,-31.625041371158392,-47.606364263333205,-35.068404707886934,73.66327013318447,1.6604541644981916,-27.085500606157733,-3.9481507949324084,0.0012800197662974353,0.003765561463727085,-45.04420230777464,-61.14879535803114,1,18
m05,evaluation,m05,std,flat_1.00,1.757632799761145,4436.332643692478,12.05788905642552,OU2.5,ALL,131,131,53.43511450381679,0.0,2.2526148223366405,0.4832092241933624,0.45063033353280857,0.032578890660554104,0.051141920844805566,18.629308126398005,24.030939231665393,156.60136984341798,651.6656229443812,14.68928674388092,13.672332033705276,1.9929640353474278,0.0034545193732848953,0.02023467436414855,-64.96017059681617,-9.968328589025546,6,6
m05,evaluation,m05,std,flat_1.00,1.757632799761145,4436.332643692478,12.05788905642552,OU2.5,over_25,27,27,51.85185185185185,0.0,2.0300719592414973,0.532960223537639,0.4947549358048488,0.03820528773279018,-0.014441705019120565,3.905289701708656,-17.282809040127958,-23.737158266995422,137.3454871362721,3.0959240022622785,-9.83300325442073,-1.4333196266155837,0.00344085313584755,0.008720061390717107,-56.67458616855923,-41.264250722943345,4,4
m05,evaluation,m05,std,flat_1.00,1.757632799761145,4436.332643692478,12.05788905642552,OU2.5,under_25,104,104,53.84615384615385,0.0,2.310390373332495,0.4702930993635984,0.4391749079429518,0.031118191420646642,0.06816843909794001,22.45188983280774,35.063478085893394,180.33852811041345,514.3201358081091,11.593362741618641,19.94926249137953,2.9079284045334988,0.003458067338773437,0.02023467436414855,-38.696178713114215,-7.523753401626806,5,8
m05,evaluation,m05,std,flat_1.00,1.757632799761145,4436.332643692478,12.05788905642552,OU3.5,ALL,77,77,41.55844155844156,0.0,2.1307547982408375,0.5633103763204838,0.5319098774240513,0.031400498896432524,-0.14772596073606814,-22.47716168329846,-19.183424298785997,-75.02017956636853,391.067717618674,8.815112594739468,-10.914352702904125,-1.5909438384294434,0.0035659147396439007,0.01349341250854735,-99.68118413960264,-25.489494440142135,4,6
m05,evaluation,m05,std,flat_1.00,1.757632799761145,4436.332643692478,12.05788905642552,OU3.5,over_35,24,24,20.833333333333336,0.0,3.3313766737197645,0.3281509284819478,0.305466552440233,0.022684376041714808,-0.11981759514861448,-25.87994966442953,-2.8075636452235813,-1.997495872518414,71.1469489183866,1.603733412992428,-1.5973550593759502,-0.23284039454049055,0.0020463543683293907,0.004527409833876129,-19.689716655068842,-27.67471684225717,1,5
m05,evaluation,m05,std,flat_1.00,1.757632799761145,4436.332643692478,12.05788905642552,OU3.5,under_35,53,53,50.943396226415096,0.0,1.587076967835284,0.669797673454915,0.6344502510016291,0.03534742245328587,-0.1603637111907641,-20.936276559767418,-22.82524013383458,-73.0226836938501,319.9207687002874,7.211379181747039,-12.986353086342287,-1.89297148340167,0.004254017549295756,0.01349341250854735,-96.26346484080133,-30.08978292715476,5,5
POOLED,full,POOLED,inv_anch,flat_1.00,6.018694470111215,11069.569620224163,16.809397134554445,1X2,ALL,1585,524,29.46372239747634,0.0,4.0361477741555545,0.30821074646499985,0.28192389866607603,0.026286847798923693,-0.013573522490236467,4.907798492903491,10.975346832339284,704.678233039035,6420.555484977233,58.00185287463068,1.8235427777307458,0.6529292362173821,0.003092911411398308,0.014605520347027206,-474.7916265312473,-7.394868366797252,4,30
POOLED,full,POOLED,inv_anch,flat_1.00,6.018694470111215,11069.569620224163,16.809397134554445,1X2,away,714,372,26.47058823529412,0.0,4.450099244309124,0.29279676411581423,0.2614552278395466,0.03134153627626807,-0.028090881762873054,2.865034396063056,5.848097833604166,178.18889284200952,3046.9547177905574,27.525502998994238,0.9716555413546526,0.34790645891650995,0.0032709836541233973,0.012959466000239445,-499.08707304335564,-16.379865120058604,9,34
POOLED,full,POOLED,inv_anch,flat_1.00,6.018694470111215,11069.569620224163,16.809397134554445,1X2,draw,309,173,23.948220064724918,0.0,4.467938217542069,0.24373489436101411,0.23144382261565005,0.01229107174536418,-0.004252693713764938,5.046872963598615,21.833693203052434,200.34303241159728,917.586550971544,8.289270337078946,3.62764604707522,1.2988980525761826,0.002226802066713853,0.010300732980261148,-150.3287743592074,-16.383062088261724,7,27
POOLED,full,POOLED,inv_anch,flat_1.00,6.018694470111215,11069.569620224163,16.809397134554445,1X2,home,562,299,36.29893238434164,0.0,3.2728299864401165,0.363243881157971,0.3356836397154066,0.027560241442564214,-0.0002545573145546487,7.4265877343612825,13.279495926047245,326.1463077854293,2456.0142162151296,22.187079538557473,2.206374819654513,0.7900042946066808,0.0033428833085545027,0.014605520347027206,-186.8602100855813,-7.608270703479243,8,22
POOLED,full,POOLED,inv_anch,flat_1.00,6.018694470111215,11069.569620224163,16.809397134554445,BTTS,ALL,225,125,43.55555555555555,0.0,2.202625812704897,0.4805644851432124,0.4629514141561727,0.017613070987039903,-0.0450089295876569,-7.713194620071517,-18.904154037428995,-160.6686700981744,849.9119811447838,7.677913507965025,-3.140906077108061,-1.124618205287591,0.0027871868481520426,0.02159306828808194,-169.01850261365757,-19.886589007252145,9,14
POOLED,full,POOLED,inv_anch,flat_1.00,6.018694470111215,11069.569620224163,16.809397134554445,BTTS,btts_no,151,84,41.05960264900662,0.0,2.35665910099954,0.4474351598132166,0.4267847105737446,0.020650449239472245,-0.036839133323150364,-5.606526366733213,7.117578666621833,29.15154401712266,409.57108284352347,3.699972960965302,1.1825784980393452,0.4234285506879063,0.0020655487703631907,0.010334391488509724,-59.60499509953363,-14.55302817906842,6,12
POOLED,full,POOLED,inv_anch,flat_1.00,6.018694470111215,11069.569620224163,16.809397134554445,BTTS,btts_yes,74,41,48.64864864864865,0.0,1.888314643346908,0.5481662165598248,0.5367510390338293,0.011415177525995562,-0.06167973007333827,-12.011936596478053,-43.107559358574704,-189.82021411529703,440.34089830126067,3.977940546999727,-7.162277396310192,-2.5644916955385697,0.004259718601477947,0.02159306828808194,-176.0063881026365,-39.970483954960976,7,10
POOLED,full,POOLED,inv_anch,flat_1.00,6.018694470111215,11069.569620224163,16.809397134554445,OU0.5,ALL,100,53,34.0,0.0,11.932883373274278,0.39810138373486637,0.38768803674240154,0.010413346992464836,-0.05810138373486634,-63.310995959595964,-29.44230995987549,-124.37674265007523,422.44220246162104,3.816247758086429,-4.891810027255205,-1.7515387211211784,0.003132600239467296,0.023914595061530514,-124.40271850103271,-29.448458931452215,6,14
POOLED,full,POOLED,inv_anch,flat_1.00,6.018694470111215,11069.569620224163,16.809397134554445,OU0.5,over_05,38,21,89.47368421052632,0.0,1.081154780891623,0.9318277773948701,0.9239997897259012,0.007827987668968727,-0.03709093528960694,-3.44998936735779,-17.97035719764083,-65.2976484854142,363.36310829696004,3.282540521115597,-2.9857566764489327,-1.0690661332939682,0.007096103520547846,0.023914595061530514,-84.5652209044118,-23.272924238445384,25,2
POOLED,full,POOLED,inv_anch,flat_1.00,6.018694470111215,11069.569620224163,16.809397134554445,OU0.5,under_05,62,32,0.0,0.0,18.58394283312171,0.0709787553626061,0.058980833300901724,0.011997922061704384,-0.0709787553626061,-100.0,-100.00000000000001,-59.07909416466095,59.07909416466095,0.5337072369708316,-16.614898878253275,-5.94905333008248,0.0007033562929985697,0.004194261140329261,-58.432337305736844,-98.90526950680469,0,62
POOLED,full,POOLED,inv_anch,flat_1.00,6.018694470111215,11069.569620224163,16.809397134554445,OU1.5,ALL,199,109,41.70854271356784,0.0,3.5991878434999482,0.4105373934997802,0.3863063119531593,0.024231081546621066,0.006548033635898176,-2.5512817097341443,5.589561459788189,34.29818912585608,613.6114500681377,5.543227705502356,0.928699984281625,0.3325259921605361,0.0022244424743052874,0.014413965366342707,-59.45162258239387,-9.688805933427759,6,16
POOLED,full,POOLED,inv_anch,flat_1.00,6.018694470111215,11069.569620224163,16.809397134554445,OU1.5,over_15,64,36,85.9375,0.0,1.3611520857064703,0.7511888514973805,0.7339203545334422,0.017268496963938125,0.10818614850261954,15.758112732567403,16.60582308145562,53.67143515150602,323.2085208196819,2.9197930173290403,2.7590407128854926,0.9878892710149404,0.0035716527041147854,0.014413965366342707,-37.885494111722515,-11.721687910839096,22,2
POOLED,full,POOLED,inv_anch,flat_1.00,6.018694470111215,11069.569620224163,16.809397134554445,OU1.5,under_15,135,73,20.74074074074074,0.0,4.66018257312056,0.24904336896758453,0.22151150658176558,0.0275318623858189,-0.041635961560177126,-11.23129092682525,-6.671160678642824,-19.37324602564994,290.4029292484561,2.6234346881733175,-1.1084066007623,-0.3968709065079538,0.0015857650320252289,0.008136555817377747,-90.94890128710574,-31.318176274073956,4,30
POOLED,full,POOLED,inv_anch,flat_1.00,6.018694470111215,11069.569620224163,16.809397134554445,OU2.5,ALL,419,232,51.551312649164686,0.0,2.2104173124764177,0.4849018637855189,0.45730241464174454,0.027599449143774765,0.030611262706127906,12.93121557873782,29.08155459070662,491.3467548605875,1689.5477624074595,15.262994139543117,4.831870887469927,1.7300771918181863,0.003061612276147875,0.02046701400014822,-121.76461362117516,-7.20693527170082,13,10
POOLED,full,POOLED,inv_anch,flat_1.00,6.018694470111215,11069.569620224163,16.809397134554445,OU2.5,over_25,80,48,47.5,0.0,2.0821063345272943,0.5019847846079153,0.4816517758212503,0.020333008786665017,-0.026984784607915313,1.007110661412956,4.870913101479004,12.076594134440022,247.93285946269674,2.2397696384665404,0.8092972862583266,0.28977321806896045,0.0024479176599026186,0.010026555567059196,-67.7352309554803,-27.319989412565768,12,12
POOLED,full,POOLED,inv_anch,flat_1.00,6.018694470111215,11069.569620224163,16.809397134554445,OU2.5,under_25,339,184,52.50737463126843,0.0,2.240697189278571,0.48087049603982074,0.4515562527114779,0.029314243328343415,0.04420325027286359,15.745163641823332,33.24536668892296,479.27016072614737,1441.6149029447633,13.023224501076584,5.5236840570690475,1.9777845941055023,0.0032064369643473476,0.02046701400014822,-129.22927101400396,-8.964201934235662,10,15
POOLED,full,POOLED,inv_anch,flat_1.00,6.018694470111215,11069.569620224163,16.809397134554445,OU3.5,ALL,215,127,43.72093023255814,0.0,2.27184349912657,0.5434964731362208,0.5135876585664535,0.02990881456976755,-0.10628717081063943,-18.065693399539974,-25.992920125676545,-279.03418967968685,1073.5007391649274,9.697764014272387,-4.318697394386302,-1.5463326803222395,0.0037511126142459406,0.024260112324389852,-300.844900539605,-28.02465704621974,10,11
POOLED,full,POOLED,inv_anch,flat_1.00,6.018694470111215,11069.569620224163,16.809397134554445,OU3.5,over_35,81,54,20.98765432098765,0.0,3.447245141659012,0.3065107605275382,0.29759308493319087,0.008917675594347276,-0.09663421731766164,-26.903769820064323,-4.59728952119956,-4.996555114464806,108.68480419656204,0.9818340543068117,-0.763835005087841,-0.27349520535445526,0.001009028166524499,0.004470020056080215,-26.525872541314925,-24.40623851457793,2,17
POOLED,full,POOLED,inv_anch,flat_1.00,6.018694470111215,11069.569620224163,16.809397134554445,OU3.5,under_35,134,75,57.46268656716418,0.0,1.561339521177856,0.6867490307578877,0.644151542628351,0.042597488129536516,-0.11212216508624595,-12.723274070715537,-28.403099973074898,-274.03763456522216,964.8159349683656,8.715929959965576,-4.719146338815577,-1.6897155647948678,0.0054086412729432275,0.024260112324389852,-299.65855837255555,-31.058624501509794,10,9
POOLED,selection,POOLED,inv_anch,flat_1.00,16.809397134554445,4043.6756617782994,16.809397134554445,1X2,ALL,810,271,31.234567901234566,0.0,3.7480802301912863,0.3126537523363212,0.2903785108253788,0.022275241510942363,-0.0003080733239755329,9.874879326409868,30.56307285400145,804.7312602452816,2633.0181657107905,65.1144746993101,1.8182135033965074,1.8182135033965074,0.00274487276334395,0.014247385321644653,-137.9583517102036,-5.239551838525247,4,28
POOLED,selection,POOLED,inv_anch,flat_1.00,16.809397134554445,4043.6756617782994,16.809397134554445,1X2,away,381,200,28.083989501312335,0.0,4.090932737065146,0.29440348493195695,0.26719927373057045,0.02720421120138643,-0.013563589918833607,10.33019250141252,27.18614235898633,353.40648941899514,1299.9508527261767,32.147752724423334,1.6173181073282397,1.6173181073282397,0.0028990519116478377,0.011044428124111948,-106.14517234734842,-8.165321952345142,6,28
POOLED,selection,POOLED,inv_anch,flat_1.00,16.809397134554445,4043.6756617782994,16.809397134554445,1X2,draw,138,77,23.18840579710145,0.0,4.15747162632702,0.2473983026526781,0.2429051279557627,0.004493174696915308,-0.015514244681663597,-2.726965431745216,30.481355623967108,78.0042445017888,255.9080556130353,6.328599942669334,1.8133521018018983,1.8133521018018983,0.001576541116810902,0.007288827305722838,-56.44086109180613,-22.055132636055706,7,22
POOLED,selection,POOLED,inv_anch,flat_1.00,16.809397134554445,4043.6756617782994,16.809397134554445,1X2,home,291,153,39.175257731958766,0.0,3.1050464920961818,0.3674943156951033,0.34323973477427644,0.024254580920827388,0.0242582616244843,15.254880209397456,34.65787661106424,373.3205263244985,1077.1592573715811,26.63812203221748,2.0618155626663937,2.0618155626663937,0.003097063525260713,0.014247385321644653,-174.84686479758636,-16.232220407615223,7,22
POOLED,selection,POOLED,inv_anch,flat_1.00,16.809397134554445,4043.6756617782994,16.809397134554445,BTTS,ALL,62,34,43.54838709677419,0.0,2.1680610051771962,0.4852730945015582,0.46400629636185675,0.021266798139701316,-0.04978922353381626,-6.315546195726644,-11.48208280226751,-23.847106055676274,207.68972377526217,5.136161778215562,-0.6830752293111229,-0.6830752293111229,0.002819901362718297,0.013681109125092397,-36.212508537945695,-17.435869180090346,6,8
POOLED,selection,POOLED,inv_anch,flat_1.00,16.809397134554445,4043.6756617782994,16.809397134554445,BTTS,btts_no,46,26,45.65217391304348,0.0,2.2470825778510606,0.4679166605147725,0.44575310168111115,0.02216355883366125,-0.01139492138433773,1.8077420840206113,16.33892400658546,23.016173665323148,140.86713210763693,3.4836407241842777,0.972011302713418,0.972011302713418,0.0025558173475071187,0.009645275812487876,-27.167891894728744,-19.286182296924803,5,7
POOLED,selection,POOLED,inv_anch,flat_1.00,16.809397134554445,4043.6756617782994,16.809397134554445,BTTS,btts_yes,16,8,37.5,0.0,1.9408739837398372,0.5351728422135668,0.5164842310690002,0.01868861114456649,-0.16017284221356676,-29.669999999999995,-70.13089219001981,-46.86327972099943,66.82259166762526,1.652521054031284,-4.172124177246927,-4.172124177246927,0.003579142906450433,0.013681109125092397,-33.04945370833886,-49.45850330487993,6,6
POOLED,selection,POOLED,inv_anch,flat_1.00,16.809397134554445,4043.6756617782994,16.809397134554445,OU0.5,ALL,43,23,20.930232558139537,0.0,11.713274782882758,0.33158391731281117,0.32382500129665337,0.007758916016157961,-0.12228159173141581,-77.38325581395348,-57.514727064893826,-103.13013349066092,179.31082829324612,4.4343523885491365,-3.421581785741915,-3.421581785741915,0.0033294594435005747,0.022517167704821657,-103.1561093416184,-57.52921355809934,2,14
POOLED,selection,POOLED,inv_anch,flat_1.00,16.809397134554445,4043.6756617782994,16.809397134554445,OU0.5,over_05,13,7,69.23076923076923,0.0,1.083076923076923,0.929751519958763,0.9223519648151831,0.007399555143580039,-0.23744382765107075,-25.190769230769227,-51.84974547247557,-82.03382669913931,158.21452150172456,3.9126412386928697,-3.0845690096695972,-3.0845690096695972,0.009726961361716257,0.022517167704821657,-84.5652209044118,-53.44972136675206,5,2
POOLED,selection,POOLED,inv_anch,flat_1.00,16.809397134554445,4043.6756617782994,16.809397134554445,OU0.5,under_05,30,16,0.0,0.0,16.31969385546529,0.07237795616623215,0.06446331710529042,0.00791463906094173,-0.07237795616623215,-100.0,-99.99999999999999,-21.0963067915216,21.0963067915216,0.5217111498562674,-5.949053330082478,-5.949053330082478,0.0005572086122737799,0.0011914628026161802,-20.449549932597456,-96.93426500991127,0,30
POOLED,selection,POOLED,inv_anch,flat_1.00,16.809397134554445,4043.6756617782994,16.809397134554445,OU1.5,ALL,72,39,41.66666666666667,0.0,3.5811106196074527,0.37647232594769753,0.3601684477699511,0.016303878177746433,0.04019434071896916,5.771188001814023,16.451461247824803,21.95285962356003,133.4401807405565,3.2999723989206675,0.97870620321095,0.97870620321095,0.001542575680846933,0.008493798791702862,-17.261273403120985,-12.935589046212044,5,11
POOLED,selection,POOLED,inv_anch,flat_1.00,16.809397134554445,4043.6756617782994,16.809397134554445,OU1.5,over_15,18,10,88.88888888888889,0.0,1.3627121764949688,0.7430441301426919,0.7321214787298977,0.010922651412793995,0.14584475874619696,20.230361197741498,30.38875119590087,12.286001120791466,40.42943733222154,0.9998189942474706,1.8078430149902198,1.8078430149902198,0.0019241444531607292,0.008493798791702862,-1.6728320465039337,-4.1376584906629805,13,2
POOLED,selection,POOLED,inv_anch,flat_1.00,16.809397134554445,4043.6756617782994,16.809397134554445,OU1.5,under_15,54,29,25.925925925925924,0.0,4.320576767311613,0.25428172454936615,0.2361841041166355,0.018097620432730582,0.004977534709893094,0.9514636031715327,10.393270872300416,9.666858502768557,93.01074340833496,2.3001534046731966,0.6183012269330802,0.6183012269330802,0.0014153860900756683,0.003977472007597358,-23.003663849046575,-24.73226533418413,4,19
POOLED,selection,POOLED,inv_anch,flat_1.00,16.809397134554445,4043.6756617782994,16.809397134554445,OU2.5,ALL,190,107,47.89473684210526,0.0,2.0983295197735714,0.49965777553393476,0.4786174959707205,0.0210402795632148,-0.020710407112882134,-0.8468449018368687,7.213803586025424,45.496039404511095,630.6803181146489,15.596708808176093,0.42915302246005477,0.42915302246005477,0.002800130550965363,0.010461191145341714,-121.27240200888065,-19.22882299092692,8,9
POOLED,selection,POOLED,inv_anch,flat_1.00,16.809397134554445,4043.6756617782994,16.809397134554445,OU2.5,over_25,44,26,43.18181818181818,0.0,2.050645586818503,0.5066328968233988,0.48802374494178086,0.018609151881617967,-0.07481471500521703,-9.427449995568292,33.04556651322034,48.55092291040049,146.92113960575318,3.6333561812210533,1.9658983750993555,1.9658983750993555,0.002883179347010599,0.010026555567059196,-29.515653781760932,-20.0894533359617,12,12
POOLED,selection,POOLED,inv_anch,flat_1.00,16.809397134554445,4043.6756617782994,16.809397134554445,OU2.5,under_25,146,81,49.31506849315068,0.0,2.112700020116196,0.4975556841864253,0.47578273600683924,0.021772948179586447,-0.004404999254918496,1.739090879835618,-0.631488484684793,-3.0548835058894284,483.7591785088957,11.963352626955036,-0.03756758672722806,-0.03756758672722806,0.0027751021466777557,0.010461191145341714,-129.22927101400396,-26.71355433757989,8,12
POOLED,selection,POOLED,inv_anch,flat_1.00,16.809397134554445,4043.6756617782994,16.809397134554445,OU3.5,ALL,79,47,43.037974683544306,0.0,2.4907079996571975,0.5103131155694479,0.49018677921818177,0.020126336351266504,-0.07993336873400486,-22.73278720018192,-25.231685233685866,-65.48541890537959,259.53644514379283,6.418329926828398,-1.5010464106305181,-1.5010464106305181,0.002778651538496995,0.016158464619136687,-103.05968538416741,-39.70913808543093,8,11
POOLED,selection,POOLED,inv_anch,flat_1.00,16.809397134554445,4043.6756617782994,16.809397134554445,OU3.5,over_35,38,25,15.789473684210526,0.0,3.5966536970456464,0.29312054843341195,0.2842573643820156,0.008863184051396496,-0.1352258115913067,-46.45473684210526,-21.727900680192118,-9.620220780689168,44.27588712912004,1.094941603443257,-1.2926043989719829,-1.2926043989719829,0.0009498862389182143,0.0030343362644676963,-26.525872541314925,-59.910425880250656,2,17
POOLED,selection,POOLED,inv_anch,flat_1.00,16.809397134554445,4043.6756617782994,16.809397134554445,OU3.5,under_35,41,22,68.29268292682927,0.0,1.4656851581752226,0.7116135436467502,0.6810481880907262,0.030565355556024052,-0.02868671437845749,-0.7465899710822257,-25.952361472965496,-55.865198124690465,215.26055801467274,5.32338832338514,-1.543919824442496,-1.543919824442496,0.004473604742984646,0.016158464619136687,-97.2496775508937,-45.17765746210918,8,6
POOLED,evaluation,POOLED,inv_anch,flat_1.00,-0.19177525740901863,7025.893958445864,16.809397134554445,1X2,ALL,775,253,27.612903225806452,0.0,4.337224820105315,0.30356708871561866,0.27308746531248207,0.03047962340313637,-0.02743805645755415,-0.2836021201805906,-2.6416380558759647,-100.05302720624672,3787.5373192664442,53.90826194741276,NaN,-0.15715245673181513,0.003456667933880928,0.014605520347027206,-474.79162653124723,-12.535628998718446,4,30
POOLED,evaluation,POOLED,inv_anch,flat_1.00,-0.19177525740901863,7025.893958445864,16.809397134554445,1X2,away,333,172,24.624624624624623,0.0,4.8610375003450255,0.29095844390275055,0.2548832113696361,0.03607523253311459,-0.044712197656504304,-5.6761825352827335,-10.029605548155384,-175.2175965769862,1747.0038650643814,24.865218225565428,NaN,-0.596666582856675,0.003696527179298142,0.012959466000239445,-499.08707304335564,-28.56817223040106,9,34
POOLED,evaluation,POOLED,inv_anch,flat_1.00,-0.19177525740901863,7025.893958445864,16.809397134554445,1X2,draw,171,96,24.561403508771928,0.0,4.718490203434913,0.24077845959932048,0.2221943481306467,0.018584111468673788,0.004835575488398802,11.32049693177083,18.489158823806576,122.33878790980835,661.6784953585089,9.417712525579777,NaN,1.0999299187119036,0.002751574061372377,0.010300732980261148,-150.32877435920727,-22.719307853243215,4,27
POOLED,evaluation,POOLED,inv_anch,flat_1.00,-0.19177525740901863,7025.893958445864,16.809397134554445,1X2,home,271,146,33.210332103321036,0.0,3.452996026492092,0.35867976141514624,0.3275698992647394,0.031109862150407102,-0.026576440381935906,-0.9794385026701855,-3.4212603897536953,-47.174218539069045,1378.8549588435515,19.625331196267528,NaN,-0.20353260514743501,0.0036068447732721842,0.014605520347027206,-177.88074230251647,-12.900613016738578,8,17
POOLED,evaluation,POOLED,inv_anch,flat_1.00,-0.19177525740901863,7025.893958445864,16.809397134554445,BTTS,ALL,163,91,43.558282208588956,0.0,2.2157731628074573,0.4787734803566022,0.46255017061781384,0.016223309738788324,-0.04319065827071267,-8.244815493135206,-21.304394619225064,-136.82156404249812,642.2222573695217,9.140790640563297,NaN,-1.2674097975489211,0.002774743290464265,0.02159306828808194,-169.01850261365757,-26.317758482233305,9,14
POOLED,evaluation,POOLED,inv_anch,flat_1.00,-0.19177525740901863,7025.893958445864,16.809397134554445,BTTS,btts_no,105,58,39.04761904761905,0.0,2.4046640539979216,0.4384623118868207,0.4184747487552789,0.019987563131541815,-0.047986121410630245,-8.854682068968222,2.2833197409256063,6.135370351799515,268.70395073588656,3.8244805903009134,NaN,0.13583590908396542,0.001850764441328707,0.010334391488509724,-59.60499509953363,-22.182403696073806,6,12
POOLED,evaluation,POOLED,inv_anch,flat_1.00,-0.19177525740901863,7025.893958445864,16.809397134554445,BTTS,btts_yes,58,33,51.724137931034484,0.0,1.8738155149626508,0.551750595689827,0.5423418826103338,0.009408713079493234,-0.03450921637948212,-7.140746692058207,-38.273073061052564,-142.95693439429763,373.51830663363546,5.316310050262389,NaN,-2.2768855274634476,0.004447463620795882,0.02159306828808194,-165.76956439900712,-44.38057290766255,7,10
POOLED,evaluation,POOLED,inv_anch,flat_1.00,-0.19177525740901863,7025.893958445864,16.809397134554445,OU0.5,ALL,57,30,43.859649122807014,0.0,12.098553011639815,0.4482812268251888,0.4358654143593697,0.012415812465819145,-0.009684735597118632,-52.695080630870116,-8.738736097752835,-21.246609159414298,243.131374168375,3.4605044654297052,NaN,-0.5198720708304847,0.002984092418880786,0.023914595061530514,-22.91410606732051,-9.424578027289838,6,12
POOLED,evaluation,POOLED,inv_anch,flat_1.00,-0.19177525740901863,7025.893958445864,16.809397134554445,OU0.5,over_05,25,14,100.0,0.0,1.080155266955267,0.9329074312616459,0.9248566586794753,0.008050772582170844,0.06709256873835412,7.855216161616157,8.158076287617774,16.736178213725083,205.14858679523562,2.919893013025416,NaN,0.4853283090591943,0.005728057443140275,0.023914595061530514,0.0,0.0,25,0
POOLED,evaluation,POOLED,inv_anch,flat_1.00,-0.19177525740901863,7025.893958445864,16.809397134554445,OU0.5,under_05,32,16,0.0,0.0,20.70667624967462,0.06966700460920672,0.05384100473428735,0.015825999874919373,-0.06966700460920672,-100.0,-100.0,-37.98278737313938,37.98278737313938,0.5406114524042891,NaN,-5.949053330082479,0.0008403697436780604,0.004194261140329261,-37.64333667375566,-99.10630387378107,0,32
POOLED,evaluation,POOLED,inv_anch,flat_1.00,-0.19177525740901863,7025.893958445864,16.809397134554445,OU1.5,ALL,127,70,41.732283464566926,0.0,3.6094363483838823,0.42984987274190584,0.4011246286554502,0.028725244086455486,-0.012527038096236565,-7.269532254863814,2.5710262756003925,12.345329502296046,480.17126932758146,6.834308518852111,NaN,0.1529517242659007,0.002611012624927346,0.014413965366342707,-59.45162258239388,-12.381336906235203,6,16
POOLED,evaluation,POOLED,inv_anch,flat_1.00,-0.19177525740901863,7025.893958445864,16.809397134554445,OU1.5,over_15,46,26,84.78260869565217,0.0,1.3605416153979273,0.7543759163753015,0.7346242624565683,0.01975165391873366,0.09345017058122018,14.008102463586239,14.635252904958847,41.38543403071455,282.7790834874604,4.024812858832436,NaN,0.870659000308447,0.004216329845792462,0.014413965366342707,-37.885494111722515,-13.397558845048918,22,2
POOLED,evaluation,POOLED,inv_anch,flat_1.00,-0.19177525740901863,7025.893958445864,16.809397134554445,OU1.5,under_15,81,44,17.28395061728395,0.0,4.886586443659857,0.24555113191306358,0.21172977489185235,0.03382135702121109,-0.07271162574022408,-19.353127280156436,-14.711881529058946,-29.040104528418496,197.3921858401212,2.8094956600196763,NaN,-0.8752176780222704,0.001699350993324936,0.008136555817377747,-90.94890128710574,-46.07522881415898,2,30
POOLED,evaluation,POOLED,inv_anch,flat_1.00,-0.19177525740901863,7025.893958445864,16.809397134554445,OU2.5,ALL,229,125,54.58515283842795,0.0,2.3034159177757236,0.4726589675750434,0.43961741266573834,0.03304155490930483,0.07319256080923614,24.36279414340677,42.10637675746547,445.85071545607644,1058.8674442928102,15.070928348127715,NaN,2.5049308086670745,0.0032785621791377373,0.02046701400014822,-121.76461362117516,-11.49951434218459,13,10
POOLED,evaluation,POOLED,inv_anch,flat_1.00,-0.19177525740901863,7025.893958445864,16.809397134554445,OU2.5,over_25,36,22,52.77777777777778,0.0,2.1205583595047064,0.49630375856676895,0.4738638135628242,0.022439945003944774,0.03147401921100884,13.760462575501146,-36.109006784179826,-36.474328775960444,101.01171985694349,1.4377062969405732,NaN,-2.148144070553958,0.0019159311534373098,0.007356263657968842,-67.7352309554803,-67.05680395444155,11,9
POOLED,evaluation,POOLED,inv_anch,flat_1.00,-0.19177525740901863,7025.893958445864,16.809397134554445,OU2.5,under_25,193,103,54.92227979274611,0.0,2.337524063359954,0.46824854023979906,0.4332294829647276,0.03501905727507148,0.08097425768766203,26.34043111980367,50.35466531414259,482.32504423203676,957.8557244358669,13.633222051187145,NaN,2.995625893722887,0.0035327316968849676,0.02046701400014822,-69.44996430766469,-7.250566294685722,10,15
POOLED,evaluation,POOLED,inv_anch,flat_1.00,-0.19177525740901863,7025.893958445864,16.809397134554445,OU3.5,ALL,136,80,44.11764705882353,0.0,2.144708973083045,0.5627720999580963,0.5271808164231698,0.03559128353492623,-0.12159562936986101,-15.3546609712259,-26.235643546393987,-213.54877077430726,813.964294021135,11.585206079614457,NaN,-1.5607724260653204,0.004315998092070694,0.024260112324389852,-258.4092966492863,-31.747006416300703,7,9
POOLED,evaluation,POOLED,inv_anch,flat_1.00,-0.19177525740901863,7025.893958445864,16.809397134554445,OU3.5,over_35,43,29,25.581395348837212,0.0,3.3152096741080337,0.31834397121537056,0.30937814030399696,0.008965830911373549,-0.06253001772699845,-9.626171056400246,7.178611094148599,4.623665666224358,64.40891706744195,0.9167362537548072,NaN,0.4270594023501175,0.001061293125804471,0.004470020056080215,-26.432365649180944,-41.0383637121299,2,7
POOLED,evaluation,POOLED,inv_anch,flat_1.00,-0.19177525740901863,7025.893958445864,16.809397134554445,OU3.5,under_35,93,53,52.68817204301075,0.0,1.6035097242220275,0.6757872562584966,0.6278852795750456,0.0479019766834506,-0.14890553582838906,-18.003317598510872,-29.106913664900606,-218.17243644053164,749.5553769536928,10.668469825859644,NaN,-1.7315858166660016,0.0058208616786238915,0.024260112324389852,-263.03296231551064,-35.091865178062854,10,9
m12,full,m12,inv_anch,flat_1.00,5.82176561179219,5726.311488227739,17.722960622894266,1X2,ALL,802,510,29.800498753117203,0.0,4.029517303213224,0.30906943438449075,0.2823146624141305,0.026754771970359883,-0.011064446853318699,5.669136325562282,11.27680574814099,381.98074562872347,3387.313341738585,59.153494334045384,1.9370078598319769,0.6362822774414888,0.0031789615093930613,0.014605520347027206,-256.24592087701814,-7.564872068950559,3,14
m12,full,m12,inv_anch,flat_1.00,5.82176561179219,5726.311488227739,17.722960622894266,1X2,away,353,353,26.628895184135974,0.0,4.4641465731094465,0.2935482912700372,0.26067393683640067,0.03287435443363686,-0.02725933942867742,3.190019451438777,5.562946491655686,89.44400053889808,1607.8529727557575,28.078335872248875,0.9555428477552829,0.31388358920515524,0.0034362164779876366,0.012959466000239445,-262.01467135362503,-16.295934752326804,4,17
m12,full,m12,inv_anch,flat_1.00,5.82176561179219,5726.311488227739,17.722960622894266,1X2,draw,166,166,24.096385542168676,0.0,4.422431776385162,0.24465933790575842,0.23360007810513062,0.011059259800627809,-0.0036954824840716716,4.7235555173991814,21.25651078694938,105.4334136470249,496.005269650166,8.661863237266488,3.651213773342845,1.199376968625125,0.002221077707844893,0.010300732980261148,-78.95859657458362,-15.91890276292293,4,14
m12,full,m12,inv_anch,flat_1.00,5.82176561179219,5726.311488227739,17.722960622894266,1X2,home,283,283,37.102473498233216,0.0,3.2569097596799863,0.3662109168398669,0.3378828501322678,0.02832806670759925,0.004813818142465287,9.316113960617667,14.57809716444974,187.10333144280062,1283.4550993326636,22.413295224530057,2.5040680330587843,0.8225542828108506,0.0034199428067185366,0.014605520347027206,-98.18703572949391,-7.650211977072403,5,11
m12,full,m12,inv_anch,flat_1.00,5.82176561179219,5726.311488227739,17.722960622894266,BTTS,ALL,108,108,41.66666666666667,0.0,2.2165205555454097,0.478091049318911,0.45975937090800434,0.01833167841090662,-0.061424382652244314,-11.086853008830435,-19.822394115249754,-86.82076921291072,437.9933559393707,7.64878677731391,-3.404876705290024,-1.11845839625934,0.0029399348931637066,0.02159306828808194,-90.90073864861824,-20.75390811663389,5,8
m12,full,m12,inv_anch,flat_1.00,5.82176561179219,5726.311488227739,17.722960622894266,BTTS,btts_no,72,72,38.88888888888889,0.0,2.370539094968931,0.4454836712220122,0.4240867492824234,0.021396921939588677,-0.05659478233312332,-9.844114386583176,4.614912722251446,9.454500489940868,204.86845708597423,3.577668757753516,0.7926998491495051,0.26039174946255694,0.002120700943573018,0.010334391488509724,-31.424579558899875,-15.338905757323284,4,6
m12,full,m12,inv_anch,flat_1.00,5.82176561179219,5726.311488227739,17.722960622894266,BTTS,btts_yes,36,36,47.22222222222222,0.0,1.9084834766983674,0.5433058055127084,0.5311046141591657,0.012201191353542543,-0.07108358329048614,-13.57233025332496,-41.29772073955749,-96.2752697028516,233.12489885339662,4.071118019560397,-7.09367629914669,-2.330181825614942,0.004578402792345083,0.02159306828808194,-89.7040158216102,-38.47895109566209,3,5
m12,full,m12,inv_anch,flat_1.00,5.82176561179219,5726.311488227739,17.722960622894266,OU0.5,ALL,50,50,34.0,0.0,11.94778337327428,0.3974363043073998,0.38768302118386927,0.009753283123530515,-0.057436304307399766,-63.32079595959597,-28.94574485171144,-63.182116071913946,218.27773441517866,3.8118382987708266,-4.971987328565894,-1.6332341682416052,0.003165646618461131,0.023914595061530514,-64.03490719058263,-29.336435693795504,3,7
m12,full,m12,inv_anch,flat_1.00,5.82176561179219,5726.311488227739,17.722960622894266,OU0.5,over_05,19,19,89.47368421052632,0.0,1.0808916229968863,0.9309028263797684,0.9242496060771243,0.006653220302644077,-0.036165984274505236,-3.475778841042001,-18.14601544273233,-34.38277929632099,189.4783976395857,3.308908326574952,-3.1169264880703786,-1.0238704372728542,0.007231615076464793,0.023914595061530514,-44.21280961874827,-23.33395794429674,12,1
m12,full,m12,inv_anch,flat_1.00,5.82176561179219,5726.311488227739,17.722960622894266,OU0.5,under_05,31,31,0.0,0.0,18.60813638150881,0.07047295206949655,0.0588196304428421,0.01165332162665446,-0.07047295206949655,-100.0,-100.0,-28.79933677559294,28.79933677559294,0.5029299721958747,-17.176919626830475,-5.642398136958079,0.0006736014345234012,0.003764325679375689,-28.152579916668806,-97.75426474587341,0,31
m12,full,m12,inv_anch,flat_1.00,5.82176561179219,5726.311488227739,17.722960622894266,OU1.5,ALL,98,98,40.816326530612244,0.0,3.6872553463699997,0.39763848847123817,0.37465167616527195,0.022986812305966445,0.010524776834884286,-2.964534838535902,2.0486670719913387,5.823741787058952,284.2697999435398,4.9642741322742765,0.35189789637729346,0.11559395270251292,0.00204592852954728,0.013918414720558821,-31.29158380485734,-11.007705993064437,3,8
m12,full,m12,inv_anch,flat_1.00,5.82176561179219,5726.311488227739,17.722960622894266,OU1.5,over_15,30,30,86.66666666666667,0.0,1.372303080516163,0.7444423547332447,0.7281014091403766,0.016340945592867914,0.12222431193342198,17.2529241128062,11.25669692728312,16.15724062821751,143.53447314599748,2.5065781601486123,1.9335537838353172,0.63514765770804,0.003287337635514193,0.013918414720558821,-21.44762037346201,-14.942487266906502,11,1
m12,full,m12,inv_anch,flat_1.00,5.82176561179219,5726.311488227739,17.722960622894266,OU1.5,under_15,68,68,20.588235294117645,0.0,4.708557816599633,0.24463678276741185,0.21871797044096072,0.025918812326451074,-0.03875442982623539,-11.884002022951535,-7.3425053085811305,-10.333498841158558,140.73532679754246,2.457695972125667,-1.2612162354507417,-0.4142933827374297,0.0014982480416207,0.006600460014780278,-43.597830693773744,-30.978597688192565,2,16
m12,full,m12,inv_anch,flat_1.00,5.82176561179219,5726.311488227739,17.722960622894266,OU2.5,ALL,211,211,52.13270142180095,0.0,2.225152464982527,0.48132313430261064,0.453977415185958,0.02734571911665279,0.04000387991539889,14.639938524997309,27.648150216480865,234.84093822416557,849.3911396798567,14.833128470675257,4.749100540990274,1.5600187127180873,0.003008866250222456,0.014337479277197812,-72.74966966049676,-8.56491977158095,8,10
m12,full,m12,inv_anch,flat_1.00,5.82176561179219,5726.311488227739,17.722960622894266,OU2.5,over_25,38,38,50.0,0.0,2.1102521761689514,0.49612347965974246,0.4752678386331598,0.02085564102658256,0.0038765203402575388,7.096565355615097,7.969306818065124,9.398944629454736,117.93929941496111,2.059603283150471,1.3688814269545675,0.44966001943097966,0.00242513281972432,0.009993874585054945,-30.968082647111526,-26.25764507736519,9,6
m12,full,m12,inv_anch,flat_1.00,5.82176561179219,5726.311488227739,17.722960622894266,OU2.5,under_25,173,173,52.601156069364166,0.0,2.250390678710363,0.4780721913917956,0.4493009059894631,0.028771285402332942,0.04793936930184606,16.296864423474325,30.82116705223776,225.4419935947108,731.4518402648956,12.773525187524786,5.294127092614036,1.7390529555442007,0.0031370851540312938,0.014337479277197812,-76.5100211052194,-10.460021684751155,5,8
m12,full,m12,inv_anch,flat_1.00,5.82176561179219,5726.311488227739,17.722960622894266,OU3.5,ALL,100,100,48.0,0.0,2.197819441749297,0.5635160836467409,0.5315139370559945,0.032002146590746273,-0.0835160836467409,-10.481796357939574,-25.364906542458794,-139.27010730937525,549.0661165112058,9.588477986920314,-4.356909610218811,-1.4311890141928527,0.004053273150124872,0.02309700745092408,-153.49454644107453,-27.955567066565074,5,5
m12,full,m12,inv_anch,flat_1.00,5.82176561179219,5726.311488227739,17.722960622894266,OU3.5,over_35,31,31,25.806451612903224,0.0,3.6083795751781444,0.2924095827291681,0.28400036159295067,0.00840922113621747,-0.034345066600135865,-7.744727854158122,16.109681135982125,7.2733454189036095,45.14890988536124,0.7884466288321765,2.76714698086632,0.9089723482865425,0.001063575000122877,0.004470020056080215,-11.662333383675197,-25.830819422412027,2,5
m12,full,m12,inv_anch,flat_1.00,5.82176561179219,5726.311488227739,17.722960622894266,OU3.5,under_35,69,69,57.971014492753625,0.0,1.5640895267305392,0.6853175550734764,0.6427156883509854,0.0426018667224911,-0.1056074101459401,-11.711493801667467,-29.08085907792517,-146.54345272827888,503.9172066258447,8.800031358088141,-4.99519579060704,-1.640857850824254,0.005396470869690984,0.02309700745092408,-161.73363786048532,-32.09527988604118,5,5
m12,selection,m12,inv_anch,flat_1.00,17.722960622894266,2119.634735001507,17.722960622894266,1X2,ALL,409,265,31.295843520782395,0.0,3.7461264806634005,0.3131531338360188,0.29017499014686365,0.022978143689154924,-0.00019469862819482264,9.91676001608197,31.334112071115776,439.10979908435604,1401.379423446735,66.11419412532597,1.767995355732993,1.767995355732993,0.002843106267793462,0.014247385321644653,-75.21621890900889,-5.367298652353002,3,14
m12,selection,m12,inv_anch,flat_1.00,17.722960622894266,2119.634735001507,17.722960622894266,1X2,away,188,188,28.191489361702125,0.0,4.109906278335189,0.2940114155806539,0.2653431144192477,0.028668301161406277,-0.012096521963632645,10.78206943286431,28.184537382112737,192.98058961960214,684.703768606388,32.30291320008497,1.5902838121585823,1.5902838121585823,0.003040268543592844,0.011044428124111948,-54.051711382863836,-7.894174657878396,3,14
m12,selection,m12,inv_anch,flat_1.00,17.722960622894266,2119.634735001507,17.722960622894266,1X2,draw,73,73,23.28767123287671,0.0,4.127905277040202,0.2488280649931812,0.24467874144415447,0.004149323549026674,-0.01595135266441408,-3.3103685732896118,32.22517360976417,47.31186367565248,146.8164741285275,6.926498783217151,1.81827259538884,1.81827259538884,0.0016871546448627161,0.007288827305722838,-32.76852679157094,-22.319380019223455,4,13
m12,selection,m12,inv_anch,flat_1.00,17.722960622894266,2119.634735001507,17.722960622894266,1X2,home,148,148,39.189189189189186,0.0,3.095718007029602,0.36919619503558415,0.3441589009042259,0.025037294131358342,0.022695696856307734,15.341774993575536,34.888855443331764,198.81734578910132,569.8591807118191,26.88478214202382,1.9685681295405486,1.9685681295405486,0.00316282221795333,0.014247385321644653,-98.1870357294939,-17.230052450299574,5,11
m12,selection,m12,inv_anch,flat_1.00,17.722960622894266,2119.634735001507,17.722960622894266,BTTS,ALL,29,29,41.37931034482759,0.0,2.171951385848941,0.48532860999424055,0.4631626116660833,0.02216599832815717,-0.07153550654596469,-10.681566455626108,-12.146968865844256,-12.630077832069944,103.97719769895953,4.905429977249623,-0.6853803449832742,-0.6853803449832742,0.0029479419270058917,0.013681109125092397,-18.302583692831142,-17.602497564727397,5,4
m12,selection,m12,inv_anch,flat_1.00,17.722960622894266,2119.634735001507,17.722960622894266,BTTS,btts_no,21,21,42.857142857142854,0.0,2.2599808723666954,0.46624777766756925,0.4428496137983055,0.023398163869263702,-0.037676349096140704,-3.4478774863408113,18.693998382808417,12.822287006779119,68.5903932599614,3.235953446474948,1.0547898164745555,1.0547898164745555,0.0026410406878035132,0.009578377702538601,-14.167659169571074,-20.65545697613201,4,4
m12,selection,m12,inv_anch,flat_1.00,17.722960622894266,2119.634735001507,17.722960622894266,BTTS,btts_yes,8,8,37.5,0.0,1.9408739837398374,0.5354157948517527,0.5164842310690002,0.018931563782752507,-0.16041579485175272,-29.67,-71.92614660282582,-25.452364838849064,35.38680443899812,1.6694765307746742,-4.05835955590358,-4.05835955590358,0.003753557679912134,0.013681109125092397,-15.139889860726914,-42.78399844446525,3,3
m12,selection,m12,inv_anch,flat_1.00,17.722960622894266,2119.634735001507,17.722960622894266,OU0.5,ALL,22,22,22.727272727272727,0.0,11.505700355999059,0.3453321014362244,0.3372819637382346,0.008050137697989835,-0.11805937416349713,-75.44636363636363,-57.75173088903382,-54.151666536025644,93.76630916928625,4.423701292535178,-3.258582587743888,-3.258582587743888,0.0033125739965459635,0.022517167704821657,-54.17764238698321,-57.7794336440934,1,7
m12,selection,m12,inv_anch,flat_1.00,17.722960622894266,2119.634735001507,17.722960622894266,OU0.5,over_05,7,7,71.42857142857143,0.0,1.082857142857143,0.9296818913901503,0.9226072477516648,0.007074643638485645,-0.21539617710443604,-22.831428571428567,-52.00266441244665,-42.9204442592157,82.53508689247631,3.893835363686736,-2.9341973679764517,-2.9341973679764517,0.009175167803216215,0.022517167704821657,-44.21280961874827,-53.56850193463429,3,1
m12,selection,m12,inv_anch,flat_1.00,17.722960622894266,2119.634735001507,17.722960622894266,OU0.5,under_05,15,15,0.0,0.0,16.369693855465286,0.07263553279105893,0.06413016453196714,0.00850536825909179,-0.07263553279105893,-100.0,-100.0,-11.23122227680993,11.23122227680993,0.5298659288484412,-5.642398136958079,-5.642398136958079,0.0005766968867665118,0.0011914628026161802,-10.584465417885795,-94.24143834941678,0,15
m12,selection,m12,inv_anch,flat_1.00,17.722960622894266,2119.634735001507,17.722960622894266,OU1.5,ALL,37,37,40.54054054054054,0.0,3.639184640402682,0.36929204823084655,0.3533844579100869,0.015907590320759665,0.03611335717455888,3.0867806488468603,19.638495413947158,12.715751905497688,64.74911462141355,3.0547298339762072,1.1080820993631522,1.1080820993631522,0.001412803860282266,0.0058688979669295925,-9.87947172596146,-15.258080027389536,3,5
m12,selection,m12,inv_anch,flat_1.00,17.722960622894266,2119.634735001507,17.722960622894266,OU1.5,over_15,9,9,88.88888888888889,0.0,1.3700229655448881,0.7378620793829653,0.7282254886392123,0.009636590743752806,0.1510268095059235,20.946818524633606,31.262008560664064,4.988685502304481,15.957661493898943,0.7528495938658788,1.7639269886025843,1.7639269886025843,0.0014915829777018084,0.0058688979669295925,-0.5408842336903232,-3.389495596814849,7,1
m12,selection,m12,inv_anch,flat_1.00,17.722960622894266,2119.634735001507,17.722960622894266,OU1.5,under_15,28,28,25.0,0.0,4.368558035892687,0.25082310964623694,0.23289984089001073,0.017923268756226154,-0.0008231096462369414,-2.653945811227452,15.836926157945747,7.727066403193201,48.79145312751462,2.3018802401103287,0.8935824264873575,0.8935824264873575,0.0013874820011116988,0.003977472007597358,-11.918275132979378,-24.426973104964546,2,9
m12,selection,m12,inv_anch,flat_1.00,17.722960622894266,2119.634735001507,17.722960622894266,OU2.5,ALL,97,97,49.48453608247423,0.0,2.112217281237316,0.49641568404999087,0.4754140420661423,0.021001641983849056,-0.0015703232252485821,2.9764201703285824,5.763693572383773,18.91319082022487,328.14358679381826,15.481138394987896,0.32521053874815453,0.32521053874815453,0.00278707181448745,0.01026419684134397,-72.74966966049676,-22.17007206244973,8,4
m12,selection,m12,inv_anch,flat_1.00,17.722960622894266,2119.634735001507,17.722960622894266,OU2.5,over_25,23,23,43.47826086956522,0.0,2.0743396882753067,0.5015699154466381,0.48296913055324986,0.01860078489338809,-0.06678730675098593,-8.531373020022324,34.47899267420258,25.868074193614245,75.02560889190048,3.5395536623835864,1.9454420402911188,1.9454420402911188,0.0027579384488767753,0.009993874585054945,-14.673515415981296,-19.55800910209661,6,6
m12,selection,m12,inv_anch,flat_1.00,17.722960622894266,2119.634735001507,17.722960622894266,OU2.5,under_25,74,74,51.35135135135135,0.0,2.1239900466173998,0.49481369321049284,0.4730658388877167,0.021747854322776115,0.018699820303020642,6.553166702464678,-2.747684471501419,-6.954883373389389,253.1179779019178,11.94158473260431,-0.1550352974294825,-0.1550352974294825,0.002796126779474551,0.01026419684134397,-76.5100211052194,-30.227019723927608,5,6
m12,selection,m12,inv_anch,flat_1.00,17.722960622894266,2119.634735001507,17.722960622894266,OU3.5,ALL,34,34,47.05882352941176,0.0,2.4781830585957425,0.5205625119890289,0.4986602076475594,0.021902304341469617,-0.04997427669491128,-14.352103303459804,-22.171420487359786,-28.29496800847667,127.61910327129466,6.0208063759251385,-1.2509998165159304,-1.2509998165159304,0.003086416963104375,0.016158464619136687,-49.0191152389219,-38.41048399683259,4,4
m12,selection,m12,inv_anch,flat_1.00,17.722960622894266,2119.634735001507,17.722960622894266,OU3.5,over_35,15,15,20.0,0.0,3.754007405698938,0.28031757366967486,0.27084866153606535,0.009468912133609493,-0.08031757366967485,-32.176,-5.743670213054447,-1.1292149934787714,19.660164173636673,0.9275260425293367,-0.3240807410944002,-0.3240807410944002,0.001019415005304333,0.003010404015961985,-11.662333383675197,-59.319613410521875,2,5
m12,selection,m12,inv_anch,flat_1.00,17.722960622894266,2119.634735001507,17.722960622894266,OU3.5,under_35,19,19,68.42105263157895,0.0,1.4709533108826933,0.7102295685569402,0.6785114282618967,0.0317181402950434,-0.026019042241150703,-0.28060591145438846,-25.163041839846336,-27.1657530149979,107.95893909765798,5.093280333395801,-1.4197990039734716,-1.4197990039734716,0.004718260613999145,0.016158464619136687,-48.85564624595026,-45.25391473304142,4,3
m12,evaluation,m12,inv_anch,flat_1.00,-1.1725363618996236,3606.67675322623,17.722960622894266,1X2,ALL,393,245,28.24427480916031,0.0,4.324445665612402,0.3048194774489308,0.27413432133858934,0.030685156110341623,-0.022376729357327707,1.2485813906448455,-2.876684512482195,-57.12905345563255,1985.9339182918532,55.062708808473154,NaN,-0.16231399333845695,0.0035284902468338607,0.014605520347027206,-256.2459208770181,-12.903043677174376,2,14
m12,evaluation,m12,inv_anch,flat_1.00,-1.1725363618996236,3606.67675322623,17.722960622894266,1X2,away,165,165,24.848484848484848,0.0,4.867765818064352,0.2930206102373347,0.2553539041965502,0.03766670604078443,-0.04453576175248625,-5.460316284973345,-11.215585586309153,-103.53658908070429,923.149204149369,25.595562544483567,NaN,-0.6328279921708465,0.003887357154752618,0.012959466000239445,-262.01467135362503,-28.382700236963004,4,17
m12,evaluation,m12,inv_anch,flat_1.00,-1.1725363618996236,3606.67675322623,17.722960622894266,1X2,draw,93,93,24.731182795698924,0.0,4.653619243612922,0.24138711126724388,0.22490392301105822,0.01648318825618569,0.0059247166897453685,11.029753997187159,16.644735087947765,58.12154997137236,349.18879552163867,9.68173250373169,NaN,0.9391622225039723,0.002640178606744883,0.010300732980261148,-78.95859657458364,-22.61200748341042,2,14
m12,evaluation,m12,inv_anch,flat_1.00,-1.1725363618996236,3606.67675322623,17.722960622894266,1X2,home,135,135,34.81481481481482,0.0,3.433623681104109,0.3629381674104877,0.3310024389156021,0.03193572849488561,-0.014790019262339527,2.710204087449039,-1.6415472735522565,-11.714014346300637,713.5959186208436,19.78541376025785,NaN,-0.09262263278019865,0.0037018231558833526,0.014605520347027206,-84.75190135196789,-11.876735718411423,4,8
m12,evaluation,m12,inv_anch,flat_1.00,-1.1725363618996236,3606.67675322623,17.722960622894266,BTTS,ALL,79,79,41.77215189873418,0.0,2.2328813899909488,0.4754342232482203,0.45851007999681054,0.016924143251409587,-0.057712704260878545,-11.235629085323161,-22.21170729334636,-74.19069138084078,334.01615824041136,9.261050576313183,NaN,-1.2532729585063567,0.0029369956022596124,0.02159306828808194,-90.90073864861824,-27.214473433704832,4,8
m12,evaluation,m12,inv_anch,flat_1.00,-1.1725363618996236,3606.67675322623,17.722960622894266,BTTS,btts_no,51,51,37.254901960784316,0.0,2.416063068981616,0.4369337450385477,0.416360863893531,0.020572881145016604,-0.06438472543070456,-12.477858992565324,-2.4712609075059446,-3.367786516838254,136.27806382601278,3.778493975211665,NaN,-0.13943837940448872,0.0019064434018310494,0.010334391488509724,-31.42457955889988,-23.059162037273932,3,6
m12,evaluation,m12,inv_anch,flat_1.00,-1.1725363618996236,3606.67675322623,17.722960622894266,BTTS,btts_yes,28,28,50.0,0.0,1.89922904611509,0.5455600942729814,0.5352818664706416,0.010278227802339696,-0.045560094272981355,-8.972996039989237,-35.81652036940308,-70.82290486400252,197.73809441439846,5.482556601101515,NaN,-2.0209106780464103,0.004814072824468782,0.02159306828808194,-89.7040158216102,-45.36506538472959,3,5
m12,evaluation,m12,inv_anch,flat_1.00,-1.1725363618996236,3606.67675322623,17.722960622894266,OU0.5,ALL,28,28,42.857142857142854,0.0,12.2951343154191,0.43837532084903785,0.4272838520340109,0.01109146881502676,-0.009803892277609305,-53.79356421356422,-7.2527075471623945,-9.0304495358883,124.51142524589238,3.4522479768810697,NaN,-0.4092266355201089,0.0030502036785373327,0.023914595061530514,-10.629377714581993,-8.536869362462507,3,6
m12,evaluation,m12,inv_anch,flat_1.00,-1.1725363618996236,3606.67675322623,17.722960622894266,OU0.5,over_05,12,12,100.0,0.0,1.0797450697450697,0.9316150384570457,0.9252076484336423,0.006407390023403163,0.06838496154295426,7.815016835016833,7.983355764142993,8.53766496289471,106.94331074710938,2.9651481977542584,NaN,0.45045271690273964,0.006097875985859799,0.023914595061530514,0.0,0.0,12,0
m12,evaluation,m12,inv_anch,flat_1.00,-1.1725363618996236,3606.67675322623,17.722960622894266,OU0.5,under_05,16,16,0.0,0.0,20.70667624967462,0.0684455326430318,0.05384100473428734,0.014604527908744457,-0.0684455326430318,-100.0,-100.0,-17.568114498783007,17.568114498783007,0.487099779126811,NaN,-5.642398136958079,0.0007644494480454853,0.003764325679375689,-17.228663799399282,-98.0678023278637,0,16
m12,evaluation,m12,inv_anch,flat_1.00,-1.1725363618996236,3606.67675322623,17.722960622894266,OU1.5,ALL,61,61,40.98360655737705,0.0,3.7164129876944383,0.41483223091213156,0.387551464287269,0.027280766624862347,-0.004996165338361058,-6.635004888259871,-3.1395720673545378,-6.892010118438734,219.52068532212644,6.086508449246573,NaN,-0.17714715583686869,0.002429954968281796,0.013918414720558821,-31.29158380485734,-14.254503514755257,3,8
m12,evaluation,m12,inv_anch,flat_1.00,-1.1725363618996236,3606.67675322623,17.722960622894266,OU1.5,over_15,21,21,85.71428571428571,0.0,1.3732802726467095,0.747262472740507,0.7280482322123041,0.019214240528202958,0.10988038440235004,15.669826507737309,8.754377054326794,11.16855512591303,127.57681165209858,3.5372399685660514,NaN,0.4939568078156205,0.004056946774576645,0.013918414720558821,-21.44762037346201,-16.811535024052468,11,1
m12,evaluation,m12,inv_anch,flat_1.00,-1.1725363618996236,3606.67675322623,17.722960622894266,OU1.5,under_15,40,40,17.5,0.0,4.946557663094495,0.24030635395223424,0.2087906611266257,0.03151569282560852,-0.06530635395223425,-18.34504137115839,-19.64303278015923,-18.06056524435176,91.94387367002784,2.5492684806805204,NaN,-1.1083381156297691,0.001575784269977,0.006600460014780278,-43.597830693773744,-47.417874572306495,1,16
m12,evaluation,m12,inv_anch,flat_1.00,-1.1725363618996236,3606.67675322623,17.722960622894266,OU2.5,ALL,114,114,54.385964912280706,0.0,2.321246437116611,0.4684812279386118,0.4357374782791348,0.03274374965947699,0.07537842118419524,24.564160282917182,41.42518199047541,215.92774740394069,521.2475528860377,14.452294689835274,NaN,2.337373696862078,0.0031975860771197833,0.014337479277197812,-64.93207697865162,-12.45705166751122,7,10
m12,evaluation,m12,inv_anch,flat_1.00,-1.1725363618996236,3606.67675322623,17.722960622894266,OU2.5,over_25,15,15,60.0,0.0,2.1653179909392084,0.487772278119836,0.4634591910223552,0.024313087097480764,0.112227721880164,31.05940419825915,-38.3773321833261,-16.46912956415951,42.91369052306063,1.1898402174432086,NaN,-2.165401876126205,0.0019148308550238898,0.007356263657968842,-30.96808264711153,-72.16364351248266,8,6
m12,evaluation,m12,inv_anch,flat_1.00,-1.1725363618996236,3606.67675322623,17.722960622894266,OU2.5,under_25,99,99,53.535353535353536,0.0,2.344871959264702,0.4655583415475172,0.43153721877258616,0.03402112277493097,0.06979519380601817,23.58003241695628,48.584659221083726,232.3968769681002,478.3338623629773,13.26245447239207,NaN,2.7413399067378594,0.003391942928952494,0.014337479277197812,-41.43276035270989,-8.661891539108554,5,8
m12,evaluation,m12,inv_anch,flat_1.00,-1.1725363618996236,3606.67675322623,17.722960622894266,OU3.5,ALL,66,66,48.484848484848484,0.0,2.053389699737491,0.5856436811673802,0.5484385855391278,0.03720509562825241,-0.10079519631889533,-8.488001870853399,-26.331931610516666,-110.97513930089856,421.44701323991126,11.685189499250804,NaN,-1.4857524186168678,0.004551350579802096,0.02309700745092408,-133.32064835967097,-31.634023773180097,4,5
m12,evaluation,m12,inv_anch,flat_1.00,-1.1725363618996236,3606.67675322623,17.722960622894266,OU3.5,over_35,16,16,31.25,0.0,3.4718534840648996,0.30374584122244314,0.2963300803962806,0.00741576082616245,0.008754158777556864,15.159589782568638,32.9657665677809,8.402560412382382,25.48874571172455,0.7067100118945913,NaN,1.860059798654419,0.0011049749952652616,0.004470020056080215,-9.65317286403046,-37.87229459309998,2,3
m12,evaluation,m12,inv_anch,flat_1.00,-1.1725363618996236,3606.67675322623,17.722960622894266,OU3.5,under_35,50,50,54.0,0.0,1.59948128875272,0.6758509899497601,0.6291133071848388,0.046737682764921205,-0.13585098994976008,-16.05523119994844,-30.149061025675625,-119.37769971328099,395.95826752818675,10.978479487356214,NaN,-1.7011300576230757,0.005654190766853882,0.02309700745092408,-141.7232087720534,-35.79246107342984,5,5
m05,full,m05,inv_anch,flat_1.00,6.229740980666836,5343.2581319964265,15.802962772600317,1X2,ALL,783,512,29.118773946360154,0.0,4.042939137751664,0.3073312219293272,0.2815236527836498,0.02580756914567737,-0.016143482465725667,4.127986306706365,10.638698533502584,322.69748741031253,3033.2421432386495,56.76765127769197,1.707727266112404,0.6732091118982005,0.003004773252277246,0.013474311414230609,-233.28391531316595,-7.690909736078126,3,24
m05,full,m05,inv_anch,flat_1.00,6.229740980666836,5343.2581319964265,15.802962772600317,1X2,away,361,361,26.31578947368421,0.0,4.436363213653967,0.2920618913029594,0.2622192049146451,0.029842686388314627,-0.028903996566117307,2.547251225571013,6.166686449328518,88.74489230311123,1439.1017450347997,26.933038035673214,0.9898784666113728,0.39022343708994345,0.0031094124994860734,0.012723066473147407,-237.07240168973038,-16.47363728851552,5,17
m05,full,m05,inv_anch,flat_1.00,6.229740980666836,5343.2581319964265,15.802962772600317,1X2,draw,143,143,23.776223776223777,0.0,4.520763876507432,0.2426617640922901,0.22894075680268644,0.0137210072896036,-0.004899526330052334,5.422192516529426,22.512768704315715,94.90961876457239,421.581281321378,7.889966587930138,3.6137567796447825,1.4245916432423087,0.002233447126659641,0.008687608039160797,-71.37017778462373,-16.929161930749277,3,15
m05,full,m05,inv_anch,flat_1.00,6.229740980666836,5343.2581319964265,15.802962772600317,1X2,home,279,279,35.483870967741936,0.0,3.2889784601788903,0.36023430733009826,0.33345289940009676,0.02678140793000182,-0.005395597652678885,5.509971526366457,11.858078142133078,139.04297634262878,1172.5591168824697,21.94464665408858,1.9034624680115961,0.7503705673908815,0.0032647190147178664,0.013474311414230609,-102.60135658235521,-8.750207567798002,4,11
m05,full,m05,inv_anch,flat_1.00,6.229740980666836,5343.2581319964265,15.802962772600317,BTTS,ALL,117,117,45.2991452991453,0.0,2.1897998962367313,0.4828476566733364,0.46589791561601973,0.01694974105731679,-0.02985620368188341,-4.599048415063278,-17.92778873459232,-73.84790088526366,411.9186252054134,7.709128307666213,-2.8777743392909594,-1.1344574427319474,0.002646188652756662,0.02112774477077208,-78.11776396503932,-18.964368004987385,5,7
m05,full,m05,inv_anch,flat_1.00,6.229740980666836,5343.2581319964265,15.802962772600317,BTTS,btts_no,79,79,43.037974683544306,0.0,2.3440089799135135,0.44921373169380796,0.42924361200380856,0.019970119689999045,-0.018833984858364905,-1.7444208296547619,9.622272041840379,19.697043527181805,204.70262575754924,3.8310450421953552,1.5445701629813835,0.6088903821581977,0.0020152834985770187,0.009645275812487876,-28.71608026495094,-14.028193414071005,3,6
m05,full,m05,inv_anch,flat_1.00,6.229740980666836,5343.2581319964265,15.802962772600317,BTTS,btts_yes,38,38,50.0,0.0,1.8692073275402614,0.5527708164991982,0.5421002836519314,0.01067053284726684,-0.052770816499198236,-10.533668921570456,-45.143688065448586,-93.54494441244546,207.21599944786414,3.878083265470857,-7.246479140231665,-2.8566597741861517,0.003957807262761712,0.02112774477077208,-85.4768033698597,-41.25009825381066,4,5
m05,full,m05,inv_anch,flat_1.00,6.229740980666836,5343.2581319964265,15.802962772600317,OU0.5,ALL,50,50,34.0,0.0,11.917983373274279,0.398766463162333,0.3876930523009338,0.011073410861399157,-0.05876646316233297,-63.301195959595965,-29.97320109797018,-61.19462657816127,204.16446804644247,3.820973327563337,-4.81130775597059,-1.8966823835046094,0.003099553860473461,0.023552612879000498,-60.17375957292556,-29.473179220998187,3,7
m05,full,m05,inv_anch,flat_1.00,6.229740980666836,5343.2581319964265,15.802962772600317,OU0.5,over_05,19,19,89.47368421052632,0.0,1.08141793878636,0.9327527284099721,0.9237499733746786,0.009002755035293375,-0.03801588630470898,-3.4241998936735802,-17.77894621799639,-30.91486918909324,173.88471065737446,3.254282431464809,-2.8538820912732903,-1.1250387964478468,0.006960591964630902,0.023552612879000498,-40.352411285663536,-23.206417133001793,13,1
m05,full,m05,inv_anch,flat_1.00,6.229740980666836,5343.2581319964265,15.802962772600317,OU0.5,under_05,31,31,0.0,0.0,18.559749284734618,0.07148455865571568,0.05914203615896138,0.012342522496754311,-0.07148455865571568,-100.0,-100.0,-30.279757389068024,30.279757389068024,0.5666908960985281,-16.052031747441276,-6.327927328499641,0.0007331111514737385,0.004194261140329261,-28.98324328504711,-95.7182150194869,0,31
m05,full,m05,inv_anch,flat_1.00,6.229740980666836,5343.2581319964265,15.802962772600317,OU1.5,ALL,101,101,42.57425742574257,0.0,3.513736207051779,0.42305316273539495,0.3976147704404164,0.025438392294979007,0.0026894115220307824,-2.15030342634234,8.645868910908948,28.474447338797138,329.34165012459795,6.163685938218832,1.3878376224212596,0.5471043015996616,0.002397654024664543,0.014413965366342707,-28.441881107569458,-8.635980628872536,4,8
m05,full,m05,inv_anch,flat_1.00,6.229740980666836,5343.2581319964265,15.802962772600317,OU1.5,over_15,34,34,85.29411764705883,0.0,1.3513129726390938,0.7571416427598527,0.7390547181155585,0.018086924644294206,0.09579953371073546,14.439161514709648,20.87902788911397,37.5141945232885,179.6740476736844,3.362630874929337,3.3515081853176927,1.3212097117203045,0.0038225189411153094,0.014413965366342707,-16.437873738260507,-9.148719000372388,11,1
m05,full,m05,inv_anch,flat_1.00,6.229740980666836,5343.2581319964265,15.802962772600317,OU1.5,under_15,67,67,20.8955223880597,0.0,4.611085311082099,0.25351572511104353,0.22434673729183635,0.029168987819207116,-0.044560501230446525,-10.568837874040364,-6.039882403712682,-9.039747184491388,149.6676024509137,2.801055063289497,-0.969523840952079,-0.38219936923377584,0.0016745882461671393,0.008136555817377747,-47.351070593332,-31.63748855325031,2,14
m05,full,m05,inv_anch,flat_1.00,6.229740980666836,5343.2581319964265,15.802962772600317,OU2.5,ALL,208,208,50.96153846153846,0.0,2.1954696337322406,0.48853220955904664,0.460675370820451,0.027856838738595603,0.021083175056337944,11.197847589984208,30.53071411895382,256.50581663642174,840.1566227276026,15.723676490502825,4.900799923095003,1.9319614023193772,0.0031151190620626085,0.02046701400014822,-56.832536642523564,-6.764516889483584,7,5
m05,full,m05,inv_anch,flat_1.00,6.229740980666836,5343.2581319964265,15.802962772600317,OU2.5,over_25,42,42,45.23809523809524,0.0,2.0566410492324607,0.5072878700372145,0.48742771899142745,0.01986015104578726,-0.054906917656262155,-4.502395966674696,2.0598324286234146,2.6776495049853084,129.99356004773557,2.43285195729755,0.3306449553867212,0.1303446991721589,0.002468532515302032,0.010026555567059196,-36.76714830836879,-28.28382290235559,6,6
m05,full,m05,inv_anch,flat_1.00,6.229740980666836,5343.2581319964265,15.802962772600317,OU2.5,under_25,166,166,52.40963855421686,0.0,2.230594938244232,0.48378680148625713,0.4539067044157463,0.029880097070510984,0.04030958405591151,15.17019836937983,35.742237307244885,253.82816713143637,710.1630626798673,13.290824533205281,5.737355279804748,2.261742802382343,0.0032787132485923923,0.02046701400014822,-53.047430870466464,-7.469753590152517,7,7
m05,full,m05,inv_anch,flat_1.00,6.229740980666836,5343.2581319964265,15.802962772600317,OU3.5,ALL,115,115,40.0,0.0,2.3362122446720273,0.5260881161705516,0.49799959031467844,0.02808852585587298,-0.1260881161705516,-24.660386479192486,-26.650430069449527,-139.76408237031157,524.4346226537216,9.81488465835684,-4.277935495577674,-1.6864198475273824,0.003488364322177303,0.024260112324389852,-148.6773798005459,-28.350031324822716,6,7
m05,full,m05,inv_anch,flat_1.00,6.229740980666836,5343.2581319964265,15.802962772600317,OU3.5,over_35,50,50,18.0,0.0,3.347341792877152,0.31525349076252757,0.3060205734041398,0.009232917358387757,-0.13525349076252757,-38.78237583892617,-19.311761747257485,-12.269900533368421,63.5358943112008,1.1890852498915598,-3.0999301266599915,-1.222034249219446,0.0009752091296935043,0.004439296903645051,-17.111722272190082,-26.9323702100994,1,12
m05,full,m05,inv_anch,flat_1.00,6.229740980666836,5343.2581319964265,15.802962772600317,OU3.5,under_35,65,65,56.92307692307692,0.0,1.5584202845142383,0.6882685972536472,0.6456757571689394,0.04259284008470777,-0.11903782802287799,-13.797317740935794,-27.66208149357158,-127.4941818369432,460.8987283425208,8.625799408465282,-4.440326103351188,-1.7504364144635576,0.005421560624087917,0.024260112324389852,-137.92492051207017,-29.925211772242097,6,4
m05,selection,m05,inv_anch,flat_1.00,15.802962772600317,1924.0409267767923,15.802962772600317,1X2,ALL,401,262,31.17206982543641,0.0,3.7500729572658558,0.3121444081134379,0.2905860917668073,0.021558316346630794,-0.00042370985907380643,9.83216311175677,29.68577137227945,365.62146116092634,1231.6387422640578,64.01312597478547,1.8784940393423941,1.8784940393423941,0.0026446794882320998,0.013474311414230609,-64.35075170009276,-5.224807363707973,3,16
m05,selection,m05,inv_anch,flat_1.00,15.802962772600317,1924.0409267767923,15.802962772600317,1X2,away,193,193,27.979274611398964,0.0,4.07245073831506,0.29478539704617945,0.2690073460131025,0.02577805103307699,-0.014992650932189822,9.890022226215978,26.075036183049747,160.42589979939325,615.247084119788,31.97681897289302,1.6500093405433744,1.6500093405433744,0.002761493741670324,0.008658964943698536,-52.61083874852682,-8.551172383660338,3,14
m05,selection,m05,inv_anch,flat_1.00,15.802962772600317,1924.0409267767923,15.802962772600317,1X2,draw,65,65,23.076923076923077,0.0,4.190676910910677,0.2457925695625746,0.2409132235764921,0.004879345986082544,-0.015023338793343805,-2.0717588266261258,28.13450901387381,30.692380826136322,109.09158148450774,5.669920008783858,1.7803312846281156,1.7803312846281156,0.0014523136160757878,0.006949683524847123,-23.672334300235203,-21.69950602796692,3,15
m05,selection,m05,inv_anch,flat_1.00,15.802962772600317,1924.0409267767923,15.802962772600317,1X2,home,143,143,39.16083916083916,0.0,3.1147011479692885,0.3657329300839765,0.3422884299684539,0.02344450011552262,0.02587546152441511,15.164947146052318,34.39841398889314,174.50318053539712,507.30007665976177,26.36638699310857,2.1767066393736125,2.1767066393736125,0.003029005577578849,0.013474311414230609,-76.65982906809245,-15.111337962502812,3,11
m05,selection,m05,inv_anch,flat_1.00,15.802962772600317,1924.0409267767923,15.802962772600317,BTTS,ALL,33,33,45.45454545454545,0.0,2.164642185798997,0.48522430815950385,0.46474771624602135,0.02047659191348254,-0.030678853614049317,-2.4787405127846913,-10.815499967047197,-11.217028223606329,103.71252607630264,5.3903492713143475,-0.6843969781286492,-0.6843969781286492,0.0027073808668291984,0.010548857412134667,-16.673354129107175,-16.07650952098146,3,4
m05,selection,m05,inv_anch,flat_1.00,15.802962772600317,1924.0409267767923,15.802962772600317,BTTS,btts_no,25,25,48.0,0.0,2.2362480104579268,0.46931852210642333,0.44819203150266806,0.0211264906037552,0.010681477893576652,6.222462523124207,14.103965980019971,10.19388665854403,72.2767388476755,3.7565073508470292,0.8924887176519759,0.8924887176519759,0.0024842297416581478,0.009645275812487876,-13.000232725157673,-17.98674501979938,3,4
m05,selection,m05,inv_anch,flat_1.00,15.802962772600317,1924.0409267767923,15.802962772600317,BTTS,btts_yes,8,8,37.5,0.0,1.9408739837398374,0.5349298895753807,0.5164842310690002,0.018445658506380476,-0.15992988957538068,-29.67,-68.11000063854743,-21.41091488215036,31.435787228627145,1.633841920467319,-4.3099513438479224,-4.3099513438479224,0.003404728132988732,0.010548857412134667,-13.342773839564597,-42.44453540331237,3,3
m05,selection,m05,inv_anch,flat_1.00,15.802962772600317,1924.0409267767923,15.802962772600317,OU0.5,ALL,21,21,19.047619047619047,0.0,11.930733706284729,0.3171810577549499,0.3097272311197587,0.007453826635191239,-0.12670486727875946,-79.41238095238096,-57.25494450867405,-48.97846695463528,85.54451912395986,4.446086251775655,-3.6230512804816897,-3.6230512804816897,0.0033471489593577884,0.022321485393023956,-47.95759994939957,-56.06156939161201,1,7
m05,selection,m05,inv_anch,flat_1.00,15.802962772600317,1924.0409267767923,15.802962772600317,OU0.5,over_05,6,6,66.66666666666666,0.0,1.0833333333333333,0.9298327532888114,0.9220541347226213,0.007778618566190165,-0.2631660866221448,-27.943333333333324,-51.68297390417324,-39.11338243992361,75.67943460924823,3.933358877975042,-3.270461029863516,-3.270461029863516,0.010370720513299639,0.022321485393023956,-40.352411285663536,-53.32018069904074,2,1
m05,selection,m05,inv_anch,flat_1.00,15.802962772600317,1924.0409267767923,15.802962772600317,OU0.5,under_05,15,15,0.0,0.0,16.269693855465288,0.07212037954140532,0.06479646967861366,0.007323909862791667,-0.07212037954140532,-100.0,-100.0,-9.865084514711656,9.865084514711656,0.5127273738006147,-6.327927328499641,-6.327927328499641,0.0005377203377810482,0.0011687764298618933,-8.568570410690736,-86.8575469162231,0,15
m05,selection,m05,inv_anch,flat_1.00,15.802962772600317,1924.0409267767923,15.802962772600317,OU1.5,ALL,35,35,42.857142857142854,0.0,3.519718083338208,0.38406290524836867,0.3673400941932362,0.016722811055132458,0.04450852332305988,8.608990060665022,13.44732035755685,9.237107718062344,68.69106611914293,3.5701457886457826,0.8509366598567355,0.8509366598567355,0.0016797630340152966,0.008493798791702862,-7.952674616816298,-11.577451139020877,3,6
m05,selection,m05,inv_anch,flat_1.00,15.802962772600317,1924.0409267767923,15.802962772600317,OU1.5,over_15,9,9,88.88888888888889,0.0,1.3554013874450492,0.7482261809024184,0.7360174688205832,0.012208712081835184,0.1406627079864704,19.513903870849386,29.819313754335102,7.297315618486985,24.4717758383226,1.2718947657375672,1.886944504231623,1.886944504231623,0.002356705928619649,0.008493798791702862,-1.13194781281361,-4.625523788269542,6,1
m05,selection,m05,inv_anch,flat_1.00,15.802962772600317,1924.0409267767923,15.802962772600317,OU1.5,under_15,26,26,26.923076923076923,0.0,4.268904631916611,0.2580063867527361,0.2397210029760776,0.018285383776658434,0.01122438247803309,4.834212203293513,4.38675538946115,1.9397920995753575,44.21929028082035,2.2982510229082163,0.277590693124143,0.277590693124143,0.0014454366474214815,0.0035508366527444856,-11.492869838228486,-25.99062482740343,2,10
m05,selection,m05,inv_anch,flat_1.00,15.802962772600317,1924.0409267767923,15.802962772600317,OU2.5,ALL,93,93,46.236559139784944,0.0,2.0838444352361205,0.5030393118128873,0.4819587328389363,0.021080578973951117,-0.04067372041503786,-4.834551482482552,8.786651613584052,26.582848584286218,302.53673132083065,15.724027857746703,0.5560129287160399,0.5560129287160399,0.002813750953528346,0.010461191145341714,-48.52273234838388,-16.038625173393257,4,5
m05,selection,m05,inv_anch,flat_1.00,15.802962772600317,1924.0409267767923,15.802962772600317,OU2.5,over_25,21,21,42.857142857142854,0.0,2.024694904270574,0.5121780669027084,0.4935597511768386,0.018618315725869732,-0.08360663833127985,-10.408867635451971,31.549734025978537,22.682848716786246,71.89553071385274,3.7366944597324214,1.996444241498846,1.996444241498846,0.0030203479497285975,0.010026555567059196,-14.842138365779636,-20.644034779925306,6,6
m05,selection,m05,inv_anch,flat_1.00,15.802962772600317,1924.0409267767923,15.802962772600317,OU2.5,under_25,72,72,47.22222222222222,0.0,2.101096381767737,0.5003738415783562,0.47857510249038143,0.021798739087974847,-0.028151619356133972,-3.208709271199807,1.6909380705773014,3.8999998674999574,230.64120060697803,11.987333398014286,0.10700133227606559,0.10700133227606559,0.0027534934963032737,0.010461191145341714,-53.047430870466464,-22.999980372484025,4,7
m05,selection,m05,inv_anch,flat_1.00,15.802962772600317,1924.0409267767923,15.802962772600317,OU3.5,ALL,45,45,40.0,0.0,2.500171288459188,0.5025691271635429,0.4837846332937632,0.01878449386977969,-0.10256912716354283,-29.06485947770529,-28.19223793400005,-37.19045089690296,131.91734187249816,6.856264855732036,-1.7839843287412318,-1.7839843287412318,0.002546117662126975,0.015514464137786677,-55.36759584726111,-41.97143079245445,4,7
m05,selection,m05,inv_anch,flat_1.00,15.802962772600317,1924.0409267767923,15.802962772600317,OU3.5,over_35,23,23,13.043478260869565,0.0,3.4940317131413265,0.3014703145836754,0.2930021705858961,0.008468143997779324,-0.17103553197497975,-55.76695652173912,-34.49423688496194,-8.491005787210398,24.615722955483395,1.2793762654893392,-2.18277024260091,-2.18277024260091,0.0009045413912750935,0.0030343362644676963,-13.784826228443263,-56.00008682813257,1,12
m05,selection,m05,inv_anch,flat_1.00,15.802962772600317,1924.0409267767923,15.802962772600317,OU3.5,under_35,22,22,68.18181818181817,0.0,1.4611353899278618,0.712808794860677,0.6832390261247152,0.029569768735961895,-0.030990613042495285,-1.1490307498517225,-26.74651640800334,-28.699445109692576,107.30161891701478,5.576888590242698,-1.6925001212036839,-1.6925001212036839,0.004262311036199397,0.015514464137786677,-48.39403130494342,-45.100933045912875,4,3
m05,evaluation,m05,inv_anch,flat_1.00,0.8427563513565397,3419.217205219634,15.802962772600317,1X2,ALL,382,250,26.96335078534031,0.0,4.350371960722367,0.30227863643239417,0.272010464217561,0.030268172214833623,-0.032645128578991045,-1.859906098595242,-2.3825428908157176,-42.92397375061426,1801.603400974589,52.69052221146808,-2.827083874219003,-0.15076558270115314,0.003382777439141393,0.013104987938059698,-233.28391531316598,-12.948683111220232,3,24
m05,evaluation,m05,inv_anch,flat_1.00,0.8427563513565397,3419.217205219634,15.802962772600317,1X2,away,168,168,24.404761904761905,0.0,4.854429331156394,0.28893310196699823,0.2544209237717738,0.03451217819522453,-0.04488548291937919,-5.888194031122313,-8.700686042932574,-71.68100749628191,823.8546609150118,24.0948325732963,-10.324082433704055,-0.5505730898776844,0.0035091048819767797,0.012723066473147407,-237.07240168973047,-28.775998114330825,5,17
m05,evaluation,m05,inv_anch,flat_1.00,0.8427563513565397,3419.217205219634,15.802962772600317,1X2,draw,78,78,24.358974358974358,0.0,4.795836347838059,0.24005275953371966,0.21896370115784847,0.021089058375871148,0.0035369840560239285,11.66715196915905,20.550193485404332,64.21723793843606,312.4896998368702,9.13921757763258,24.38450146632035,1.3004013096224536,0.002884391718812853,0.008687608039160797,-71.3701777846237,-22.839209683353165,3,13
m05,evaluation,m05,inv_anch,flat_1.00,0.8427563513565397,3419.217205219634,15.802962772600317,1X2,home,136,136,31.61764705882353,0.0,3.472225928163984,0.35445266722859403,0.32416259887601473,0.030290068352579212,-0.03827619664035875,-4.641951367862062,-5.330285204526864,-35.46020419276839,665.2590402227073,19.4564720605392,-6.324823534046335,-0.33729657414422837,0.003512564761121393,0.013104987938059698,-101.87204219842715,-15.31313909906789,4,9
m05,evaluation,m05,inv_anch,flat_1.00,0.8427563513565397,3419.217205219634,15.802962772600317,BTTS,ALL,84,84,45.23809523809524,0.0,2.1996832824801267,0.4819139721609134,0.4663497796542331,0.015564192506680244,-0.029533019779961034,-5.432026519529868,-20.32110099009449,-62.63087266165732,308.2060991291107,9.013937419904655,-24.112664303727527,-1.2859045030042002,0.002622148854371024,0.02112774477077208,-78.1177639650393,-25.3459500593189,5,7
m05,evaluation,m05,inv_anch,flat_1.00,0.8427563513565397,3419.217205219634,15.802962772600317,BTTS,btts_no,54,54,40.74074074074074,0.0,2.3938983176244335,0.4399059583546341,0.42047119556915175,0.019434762785482302,-0.0324985509472267,-5.432792752237621,7.176207832465126,9.50315686863777,132.42588690987375,3.8729884345375294,8.515163155891937,0.4541052165804924,0.001798178756409829,0.00960407450604048,-28.71608026495094,-21.684642583888827,3,6
m05,evaluation,m05,inv_anch,flat_1.00,0.8427563513565397,3419.217205219634,15.802962772600317,BTTS,btts_yes,30,30,53.333333333333336,0.0,1.8500962192203745,0.5575283970122163,0.5489312310073797,0.008597166004836537,-0.024195063678883022,-5.430647300655911,-41.036490182596864,-72.13402953029511,175.78021221923697,5.1409489853671255,-48.69318411726311,-2.596759276921619,0.004105295030701174,0.02112774477077208,-76.06554857739691,-43.273100889493904,4,5
m05,evaluation,m05,inv_anch,flat_1.00,0.8427563513565397,3419.217205219634,15.802962772600317,OU0.5,ALL,29,29,44.827586206896555,0.0,11.908750373508095,0.457845549836645,0.44415106074247446,0.013694489094170408,-0.009569687767679469,-51.63447579240682,-10.29857096929724,-12.216159623526007,118.6199489224826,3.4692136182925832,-12.220104841357982,-0.6516860868110904,0.002920260857833085,0.023552612879000498,-13.111543620449634,-11.05340521518682,3,6
m05,evaluation,m05,inv_anch,flat_1.00,0.8427563513565397,3419.217205219634,15.802962772600317,OU0.5,over_05,13,13,100.0,0.0,1.0805339105339102,0.9341004092351229,0.9245326681371664,0.009567741097956396,0.06589959076487706,7.89232323232323,8.3483429615458,8.198513250830368,98.20527604812622,2.8721567000250863,9.90599827353175,0.528277075740533,0.005386686480629946,0.023552612879000498,0.0,0.0,13,0
m05,evaluation,m05,inv_anch,flat_1.00,0.8427563513565397,3419.217205219634,15.802962772600317,OU0.5,under_05,16,16,0.0,0.0,20.70667624967462,0.07088847657538164,0.05384100473428734,0.017047471841094293,-0.07088847657538164,-100.0,-100.0,-20.414672874356377,20.414672874356377,0.5970569182674967,-118.65825732316982,-6.327927328499641,0.0009162900393106352,0.004194261140329261,-20.1402500500876,-98.65575693542714,0,16
m05,evaluation,m05,inv_anch,flat_1.00,0.8427563513565397,3419.217205219634,15.802962772600317,OU1.5,ALL,66,66,42.42424242424242,0.0,3.510563999930189,0.44372981443306075,0.4136695229957386,0.030060291437321873,-0.0194873901906365,-7.855989366422003,7.380508926974877,19.237339620734776,260.65058400545524,7.623106938265196,8.757583274329368,0.4670332413723988,0.002778353792433083,0.014413965366342707,-28.441881107569458,-10.91188082930756,4,8
m05,evaluation,m05,inv_anch,flat_1.00,0.8427563513565397,3419.217205219634,15.802962772600317,OU1.5,over_15,25,25,84.0,0.0,1.3498411433089503,0.7603512090285293,0.7401481278617497,0.02020308116677945,0.0796487909714707,12.612254266499342,19.46935347496428,30.21687890480152,155.2022718353618,4.539117070376124,23.10199554548062,1.232006539224459,0.004350211625613747,0.014413965366342707,-16.437873738260507,-10.591258455093856,11,1
m05,evaluation,m05,inv_anch,flat_1.00,0.8427563513565397,3419.217205219634,15.802962772600317,OU1.5,under_15,41,41,17.073170731707318,0.0,4.828077936894359,0.25066798846021404,0.2145972029554882,0.0360707855047258,-0.07993628114314086,-20.336625727959408,-10.412247534466182,-10.979539284066744,105.4483121700933,3.083989867889069,-12.354991472572287,-0.6588794572445156,0.0018199038941521901,0.008136555817377747,-47.351070593332004,-44.90453153669487,1,14
m05,evaluation,m05,inv_anch,flat_1.00,0.8427563513565397,3419.217205219634,15.802962772600317,OU2.5,ALL,115,115,54.78260869565217,0.0,2.285740446429105,0.4768003790407231,0.44346360849245864,0.03333677054826462,0.0710257079157986,24.163179013805152,42.76682684684595,229.9229680521355,537.6198914067722,15.723478771283212,50.74637144888494,2.706253723573686,0.003358834141138141,0.02046701400014822,-56.832536642523564,-10.571137257182158,7,5
m05,evaluation,m05,inv_anch,flat_1.00,0.8427563513565397,3419.217205219634,15.802962772600317,OU2.5,over_25,21,21,47.61904761904761,0.0,2.0885871941943486,0.5023976731717211,0.4812956868060163,0.02110198636570478,-0.026207196981244962,1.4040757021025811,-34.43352458107193,-20.005199211800935,58.09802933388286,1.6991617041816718,-40.85822020284526,-2.178928412131292,0.0019167170808754676,0.007114274983860988,-36.76714830836879,-63.28467373148253,6,5
m05,evaluation,m05,inv_anch,flat_1.00,0.8427563513565397,3419.217205219634,15.802962772600317,OU2.5,under_25,94,94,56.38297872340425,0.0,2.329785321928359,0.4710818346072022,0.4350117612096425,0.036070073397559924,0.09274795262684032,29.247659540887643,52.12028627507001,249.92816726393642,479.5218620728896,14.024317067101546,61.84502340584533,3.2981338388924026,0.0036810092290691632,0.02046701400014822,-34.33727875221567,-7.160732693975952,7,7
m05,evaluation,m05,inv_anch,flat_1.00,0.8427563513565397,3419.217205219634,15.802962772600317,OU3.5,ALL,70,70,40.0,0.0,2.230810002237423,0.541207466246486,0.5071377769709816,0.03406968927550439,-0.14120746624648595,-21.828939551577104,-26.132258755399842,-102.57363147340862,392.51728078122335,11.479741040786264,-31.008082838338918,-1.6536303433371866,0.0040940943179239445,0.024260112324389852,-125.08864828961534,-31.868316228180472,3,6
m05,evaluation,m05,inv_anch,flat_1.00,0.8427563513565397,3419.217205219634,15.802962772600317,OU3.5,over_35,27,27,22.22222222222222,0.0,3.222383712652114,0.326994714914883,0.317110323953014,0.009884390961869015,-0.10477249269266081,-24.31402933134477,-9.709347658365072,-3.778894746158022,38.92017135571741,1.1382772435838093,-11.52094272886399,-0.6144004638927233,0.0010354075735314104,0.004439296903645051,-17.111722272190082,-43.966204865324556,1,5
m05,evaluation,m05,inv_anch,flat_1.00,0.8427563513565397,3419.217205219634,15.802962772600317,OU3.5,under_35,43,43,51.162790697674424,0.0,1.608193951511919,0.6757131473151669,0.6264573404938916,0.04925580682127544,-0.16408524033842264,-20.268534341025312,-27.93991638895571,-98.79473672725061,353.597109425506,10.341463797202454,-33.15301788468556,-1.7680176047366782,0.006014665064402978,0.024260112324389852,-121.30975354345729,-34.3073374498312,6,4
