idx,date,n_fixtures,n_bets,bankroll_open,bankroll_close,stake_frac,pnl_frac,exposure,k_risk,capped,model,policy,opening_drawdown,drawdown_trust_multiplier
1,2024-08-03,9,29,1000.0,1008.7562877864565,0.15551485549980562,0.008756287786456433,0.15551485549980562,0.2622946146503351,false,m12_joint_hybrid_synergy,P_baseline,0.0,1.0
2,2024-08-10,9,21,1008.7562877864565,970.7482706602059,0.11827992935900994,-0.0376780968668385,0.11827992935900994,0.2527186200470216,false,m12_joint_hybrid_synergy,P_baseline,0.0,1.0
3,2024-08-17,8,21,970.7482706602059,1019.1121367888683,0.11116481093174714,0.04982122306102083,0.11116481093174714,0.26787017577709615,false,m12_joint_hybrid_synergy,P_baseline,-0.03767809686683854,1.0
4,2024-08-24,8,22,1019.1121367888683,1157.5664685645734,0.10769149217602066,0.13585779893855693,0.10769149217602066,0.2677011100284652,false,m12_joint_hybrid_synergy,P_baseline,0.0,1.0
5,2024-08-31,9,19,1157.5664685645734,1174.4941893156554,0.0895270951158684,0.01462354103265697,0.0895270951158684,0.2661354522316203,false,m12_joint_hybrid_synergy,P_baseline,0.0,1.0
6,2024-09-14,8,23,1174.4941893156554,1188.2214067017424,0.11727187657010475,0.011687769518966454,0.11727187657010475,0.2541000311830697,false,m12_joint_hybrid_synergy,P_baseline,0.0,1.0
7,2024-09-21,9,20,1188.2214067017424,1175.1377322214664,0.08516575661979664,-0.01101114186841105,0.08516575661979664,0.2751575461918246,false,m12_joint_hybrid_synergy,P_baseline,0.0,1.0
8,2024-09-28,9,23,1175.1377322214664,1187.7892377765668,0.07041582881785208,0.010765976794213053,0.07041582881785206,0.2665158830789784,false,m12_joint_hybrid_synergy,P_baseline,-0.011011141868411123,1.0
9,2024-10-05,9,20,1187.7892377765668,1207.5281534274257,0.07838836975932419,0.016618197086722318,0.07838836975932419,0.27326578215468256,false,m12_joint_hybrid_synergy,P_baseline,-0.0003637107720312338,1.0
10,2024-10-19,9,26,1207.5281534274257,1204.656566673214,0.10518210483490677,-0.002378070230545609,0.10518210483490677,0.2698933332904064,false,m12_joint_hybrid_synergy,P_baseline,0.0,1.0
11,2024-10-26,5,10,1204.656566673214,1232.6744899459156,0.055896494443483914,0.023258017303700078,0.055896494443483914,0.27557125072773614,false,m12_joint_hybrid_synergy,P_baseline,-0.0023780702305457035,1.0
12,2024-11-02,9,17,1232.6744899459156,1184.789130085441,0.1085639921599782,-0.038846719268584615,0.1085639921599782,0.2636576839372803,false,m12_joint_hybrid_synergy,P_baseline,0.0,1.0
13,2024-11-09,9,21,1184.789130085441,1319.3339398118574,0.09211020202213704,0.11356013176514684,0.09211020202213706,0.26374106112769957,false,m12_joint_hybrid_synergy,P_baseline,-0.03884671926858452,1.0
14,2024-11-16,9,24,1319.3339398118574,1400.1427585275253,0.08498354844890732,0.06124970811195204,0.08498354844890729,0.2603859357832298,false,m12_joint_hybrid_synergy,P_baseline,0.0,1.0
15,2024-11-23,1,3,1400.1427585275253,1383.9994303793212,0.03312856821233806,-0.011529772981993144,0.03312856821233806,0.27809275683944795,false,m12_joint_hybrid_synergy,P_baseline,0.0,1.0
16,2024-11-30,1,4,1383.9994303793212,1378.2961293892563,0.004120883914310424,-0.004120883914310424,0.004120883914310424,0.27382185317325725,false,m12_joint_hybrid_synergy,P_baseline,-0.011529772981993203,1.0
17,2024-12-03,3,6,1378.2961293892563,1402.4957453750062,0.03183066048568318,0.01755763182508034,0.03183066048568317,0.27027367102463523,false,m12_joint_hybrid_synergy,P_baseline,-0.01560314404028651,1.0
18,2024-12-07,8,18,1402.4957453750062,1457.2731783789607,0.05445539790846793,0.03905711171288293,0.054455397908467935,0.264936029905608,false,m12_joint_hybrid_synergy,P_baseline,0.0,1.0
19,2024-12-14,9,21,1457.2731783789607,1606.6840104031571,0.0901567936651695,0.10252767582698376,0.09015679366516947,0.27100703130771314,false,m12_joint_hybrid_synergy,P_baseline,0.0,1.0
20,2024-12-17,3,7,1606.6840104031571,1599.1270668267025,0.03618164469014152,-0.004703441079592334,0.03618164469014152,0.28058809387896777,false,m12_joint_hybrid_synergy,P_baseline,0.0,1.0
21,2024-12-21,9,23,1599.1270668267025,1604.7686203746107,0.08075009160578292,0.003527895728200811,0.08075009160578292,0.2674889727857576,false,m12_joint_hybrid_synergy,P_baseline,-0.00470344107959253,1.0
22,2024-12-28,8,30,1604.7686203746107,1727.7070253686109,0.12313660230923189,0.07660818103814972,0.1231366023092319,0.26964057453508145,false,m12_joint_hybrid_synergy,P_baseline,-0.0011921386010842472,1.0
23,2025-01-04,8,16,1727.7070253686109,1699.1842508279597,0.05997374298298931,-0.016509034299125872,0.05997374298298931,0.26589399278833303,false,m12_joint_hybrid_synergy,P_baseline,0.0,1.0
24,2025-01-08,1,6,1699.1842508279597,1729.7968070073512,0.020908615994014147,0.018016031024578275,0.020908615994014147,0.2729220600482164,false,m12_joint_hybrid_synergy,P_baseline,-0.01650903429912587,1.0
25,2025-01-11,5,16,1729.7968070073512,1658.3564635812966,0.0586513838331655,-0.041299846974310495,0.05865138383316551,0.2718958281886838,false,m12_joint_hybrid_synergy,P_baseline,0.0,1.0
26,2025-01-14,1,2,1658.3564635812966,1629.905523671263,0.017156106382938123,-0.017156106382938123,0.017156106382938123,0.25865480660329093,false,m12_joint_hybrid_synergy,P_baseline,-0.04129984697431055,1.0
27,2025-01-17,1,3,1629.905523671263,1662.735114046859,0.013346962186505825,0.020142020441558724,0.013346962186505825,0.2688515173580457,false,m12_joint_hybrid_synergy,P_baseline,-0.05774740878895823,0.75
28,2025-01-18,3,9,1662.735114046859,1578.8365152293254,0.0504581867001874,-0.0504581867001874,0.05045818670018741,0.2632016739310123,false,m12_joint_hybrid_synergy,P_baseline,-0.03876853783567369,1.0
29,2025-01-21,1,4,1578.8365152293254,1619.6850056283815,0.01348177023924196,0.02587252701912784,0.01348177023924196,0.2691428414453967,false,m12_joint_hybrid_synergy,P_baseline,-0.08727053441565535,0.75
30,2025-01-25,8,17,1619.6850056283815,1593.2251429560347,0.0928558579288389,-0.016336425033509155,0.09285585792883888,0.26531249495133186,false,m12_joint_hybrid_synergy,P_baseline,-0.06365591665617043,0.75
31,2025-01-28,1,4,1593.2251429560347,1624.5465398054537,0.017821231550601502,0.019659115340915325,0.017821231550601502,0.2763447434702911,false,m12_joint_hybrid_synergy,P_baseline,-0.07895243157928666,0.75
32,2025-02-01,9,21,1624.5465398054537,1839.2823168299024,0.11808185589973108,0.13218197925567846,0.11808185589973105,0.26963893296951386,false,m12_joint_hybrid_synergy,P_baseline,-0.06084545119723428,0.75
33,2025-02-04,1,1,1839.2823168299024,1841.0193955887662,0.011337730064668039,0.0009444329143868472,0.011337730064668039,0.2889992867222603,false,m12_joint_hybrid_synergy,P_baseline,0.0,1.0
34,2025-02-08,8,22,1841.0193955887662,1841.3171809966477,0.09377562046989885,0.00016175028280252315,0.09377562046989883,0.2715796469990296,false,m12_joint_hybrid_synergy,P_baseline,0.0,1.0
35,2025-02-11,1,3,1841.3171809966477,1846.9579278537324,0.006515850753694506,0.003063430307010737,0.006515850753694506,0.27909631279767216,false,m12_joint_hybrid_synergy,P_baseline,0.0,1.0
36,2025-02-15,8,25,1846.9579278537324,1842.5962127454416,0.08818528013824185,-0.002361567116669231,0.08818528013824187,0.266356326212491,false,m12_joint_hybrid_synergy,P_baseline,0.0,1.0
37,2025-02-22,9,27,1842.5962127454416,1871.5323826352694,0.135942740241755,0.01570402114672391,0.135942740241755,0.2711267420651818,false,m12_joint_hybrid_synergy,P_baseline,-0.0023615671166691277,1.0
38,2025-02-25,1,3,1871.5323826352694,1832.118295412938,0.021059794416612373,-0.021059794416612373,0.021059794416612373,0.2696723198301303,false,m12_joint_hybrid_synergy,P_baseline,0.0,1.0
39,2025-03-01,9,27,1832.118295412938,1954.694446701498,0.13109867532005023,0.06690405941333222,0.1310986753200502,0.26659910210403126,false,m12_joint_hybrid_synergy,P_baseline,-0.02105979441661232,1.0
40,2025-03-04,2,6,1954.694446701498,1902.791768086858,0.04146529885744775,-0.026552834742138067,0.041465298857447756,0.2617795565255178,false,m12_joint_hybrid_synergy,P_baseline,0.0,1.0
41,2025-03-08,9,28,1902.791768086858,1758.7129515072568,0.15016261236155543,-0.07571969723437669,0.15016261236155543,0.2688956423404578,false,m12_joint_hybrid_synergy,P_baseline,-0.02655283474213821,1.0
42,2025-03-11,2,7,1758.7129515072568,1698.5329727053931,0.04811315917707034,-0.034218192770052745,0.04811315917707033,0.2673673219502805,false,m12_joint_hybrid_synergy,P_baseline,-0.10026195936912574,0.5
43,2025-03-15,9,25,1698.5329727053931,1818.4589282643767,0.11441681087851423,0.0706056093618057,0.11441681087851423,0.2567807043086084,false,m12_joint_hybrid_synergy,P_baseline,-0.13104936908598241,0.5
44,2025-03-22,9,33,1818.4589282643767,1797.5377693525695,0.14531051971540557,-0.011504883935858311,0.14531051971540554,0.26609045986004154,false,m12_joint_hybrid_synergy,P_baseline,-0.06969658028497272,0.75
45,2025-03-29,9,19,1797.5377693525695,1920.9136202052216,0.10138678069056267,0.06863602698990252,0.10138678069056266,0.27109453270722045,false,m12_joint_hybrid_synergy,P_baseline,-0.0803996131539263,0.75
46,2025-04-05,9,26,1920.9136202052216,1961.6952423393072,0.10731137268571497,0.021230325874689118,0.10731137268571497,0.2624469466287048,false,m12_joint_hybrid_synergy,P_baseline,-0.017281896182434475,1.0
47,2025-04-12,9,30,1961.6952423393072,1918.4387496429565,0.14152234714870304,-0.02205056716392284,0.14152234714870304,0.2665328750127719,false,m12_joint_hybrid_synergy,P_baseline,0.0,1.0
48,2025-04-19,9,22,1918.4387496429565,1958.6291281923634,0.11363588989599131,0.02094952395894135,0.11363588989599127,0.271044242932968,false,m12_joint_hybrid_synergy,P_baseline,-0.02205056716392284,1.0
49,2025-04-26,8,18,1958.6291281923634,1886.9865785246395,0.06974915224461398,-0.03657790473781183,0.06974915224461398,0.2671432967899613,false,m12_joint_hybrid_synergy,P_baseline,-0.0015629920900901428,1.0
50,2025-05-03,9,30,1886.9865785246395,1953.087360197651,0.19999999999999998,0.035029810187994434,0.19999999999999998,0.276014668533354,true,m12_joint_hybrid_synergy,P_baseline,-0.03808372585212483,1.0
51,2025-08-02,9,28,1953.087360197651,1806.688556356137,0.1343769868296223,-0.07495763211876928,0.1343769868296223,0.26976924971997623,false,m12_joint_hybrid_synergy,P_baseline,-0.004387981351981818,1.0
52,2025-08-09,9,29,1806.688556356137,1858.5713914713483,0.2,0.028717088472543725,0.20000000000000007,0.29143514837885687,true,m12_joint_hybrid_synergy,P_baseline,-0.07901670077882528,0.75
53,2025-08-16,6,21,1858.5713914713483,2015.4919594704227,0.11601748487963738,0.08443074542046373,0.11601748487963737,0.2626086824148836,false,m12_joint_hybrid_synergy,P_baseline,-0.0525687418933557,0.75
54,2025-08-23,9,31,2015.4919594704227,1892.8946753522978,0.16264729794240412,-0.060827473680588474,0.16264729794240412,0.2888087328952062,false,m12_joint_hybrid_synergy,P_baseline,0.0,1.0
55,2025-08-30,9,29,1892.8946753522978,1732.0662278324983,0.1923699157317211,-0.08496428756125424,0.19236991573172113,0.27908259312853806,false,m12_joint_hybrid_synergy,P_baseline,-0.060827473680588495,0.75
56,2025-09-13,8,25,1732.0662278324983,1636.1062971820545,0.1731956744472109,-0.05540199855436692,0.17319567444721093,0.285727545939265,false,m12_joint_hybrid_synergy,P_baseline,-0.14062359827642057,0.5
57,2025-09-20,9,24,1636.1062971820545,1592.777923429161,0.1377924253007981,-0.02648261535788974,0.1377924253007981,0.2737626234680538,false,m12_joint_hybrid_synergy,P_baseline,-0.1882347684423673,0.25
58,2025-09-27,9,31,1592.777923429161,1823.5864571858306,0.18186536242589801,0.14490942545194976,0.181865362425898,0.2668373906990405,false,m12_joint_hybrid_synergy,P_baseline,-0.20973243483061632,0.25
59,2025-10-04,9,33,1823.5864571858306,1859.0680261980222,0.1901201605983449,0.01945702594597417,0.19012016059834488,0.28354795840105773,false,m12_joint_hybrid_synergy,P_baseline,-0.0952152160086096,0.75
60,2025-10-07,1,4,1859.0680261980222,1837.3115414958568,0.019248548393398787,-0.011702898654364819,0.019248548393398787,0.2651409718357545,false,m12_joint_hybrid_synergy,P_baseline,-0.07761079499096657,0.75
61,2025-10-18,9,30,1837.3115414958568,2000.1422661822019,0.18260604494280816,0.08862444991434365,0.18260604494280816,0.271944355486141,false,m12_joint_hybrid_synergy,P_baseline,-0.08840542237706739,0.75
62,2025-10-24,1,6,2000.1422661822019,2095.5493416262066,0.030659649369632787,0.0477001446632665,0.030659649369632787,0.2689610247762919,false,m12_joint_hybrid_synergy,P_baseline,-0.007615854390336518,1.0
63,2025-10-25,4,11,2095.5493416262066,2156.7065967481317,0.05937836628328815,0.02918435462582109,0.05937836628328816,0.2732654068588367,false,m12_joint_hybrid_synergy,P_baseline,0.0,1.0
64,2025-11-01,9,27,2156.7065967481317,2198.7955922823935,0.11598976747487122,0.019515401676669274,0.11598976747487122,0.27363461621078583,false,m12_joint_hybrid_synergy,P_baseline,0.0,1.0
65,2025-11-08,9,24,2198.7955922823935,2158.911047166809,0.11705008690312323,-0.018139269177897287,0.11705008690312327,0.2630682058056447,false,m12_joint_hybrid_synergy,P_baseline,0.0,1.0
66,2025-11-15,8,27,2158.911047166809,2225.3091802961153,0.12711903697088034,0.030755381615394588,0.12711903697088034,0.26793627701639006,false,m12_joint_hybrid_synergy,P_baseline,-0.01813926917789732,1.0
67,2025-11-22,9,35,2225.3091802961153,2336.8289979982414,0.19999999999999998,0.05011430262795521,0.2,0.26925805837306305,true,m12_joint_hybrid_synergy,P_baseline,0.0,1.0
68,2025-11-25,1,5,2336.8289979982414,2343.6818767482428,0.026008038864999035,0.0029325546524248056,0.026008038864999035,0.2660176995575875,false,m12_joint_hybrid_synergy,P_baseline,0.0,1.0
69,2025-12-06,8,22,2343.6818767482428,2131.200175963877,0.15147098985053303,-0.09066149416113363,0.15147098985053306,0.2711369532742675,false,m12_joint_hybrid_synergy,P_baseline,0.0,1.0
70,2025-12-13,9,34,2131.200175963877,2222.865498281522,0.1718142114033275,0.04301112741612234,0.1718142114033276,0.27265314432138915,false,m12_joint_hybrid_synergy,P_baseline,-0.09066149416113378,0.75
71,2025-12-20,9,25,2222.865498281522,2454.2559273648503,0.12331867476659102,0.10409556010573486,0.123318674766591,0.26695811902109334,false,m12_joint_hybrid_synergy,P_baseline,-0.05154981982211182,0.75
72,2025-12-27,9,34,2454.2559273648503,2607.7767096122893,0.12875244037833475,0.06255288233622609,0.12875244037833475,0.27013540088327403,false,m12_joint_hybrid_synergy,P_baseline,0.0,1.0
73,2026-01-03,4,11,2607.7767096122893,2592.8239527710734,0.053283610918258166,-0.005733909957129411,0.053283610918258166,0.2614257796849264,false,m12_joint_hybrid_synergy,P_baseline,0.0,1.0
74,2026-01-10,5,18,2592.8239527710734,2546.572552683849,0.09112596550524389,-0.017838233883096057,0.09112596550524386,0.2696243950336046,false,m12_joint_hybrid_synergy,P_baseline,-0.005733909957129302,1.0
75,2026-01-17,2,10,2546.572552683849,2671.8906173297005,0.07114527332973004,0.049210482738368255,0.07114527332973004,0.2686172014549516,false,m12_joint_hybrid_synergy,P_baseline,-0.023469861013345583,1.0
76,2026-01-20,2,9,2671.8906173297005,2586.5086419255163,0.05440808312887754,-0.031955640268506016,0.05440808312887754,0.26038270307613615,false,m12_joint_hybrid_synergy,P_baseline,0.0,1.0
77,2026-01-24,8,32,2586.5086419255163,2541.82806279015,0.1827900917955412,-0.01727447510173536,0.1827900917955412,0.275676310141855,false,m12_joint_hybrid_synergy,P_baseline,-0.03195564026850595,1.0
78,2026-01-31,9,28,2541.82806279015,2587.9657333220416,0.15811086947500447,0.01815137349661904,0.1581108694750044,0.26654264363207497,false,m12_joint_hybrid_synergy,P_baseline,-0.04867809845806326,1.0
79,2026-02-07,5,18,2587.9657333220416,2533.7140802365057,0.09897918060987773,-0.0209630492347732,0.09897918060987775,0.2622028744709389,false,m12_joint_hybrid_synergy,P_baseline,-0.031410299307661704,1.0
80,2026-02-10,3,12,2533.7140802365057,2532.02193275121,0.055774918600129605,-0.0006678525799319063,0.055774918600129605,0.2731274651187327,false,m12_joint_hybrid_synergy,P_baseline,-0.0517148928915695,0.75
81,2026-02-14,6,25,2532.02193275121,2606.722352786186,0.15568119160734326,0.02950228000347899,0.15568119160734326,0.2919107244764626,false,m12_joint_hybrid_synergy,P_baseline,-0.05234820754686276,0.75
82,2026-02-17,4,15,2606.722352786186,2589.9187107582834,0.06809934722734008,-0.006446272273662894,0.06809934722734007,0.28269323259202667,false,m12_joint_hybrid_synergy,P_baseline,-0.024390319020111684,1.0
83,2026-02-21,9,28,2589.9187107582834,2665.344309543328,0.11497933448828307,0.02912276685431619,0.11497933448828307,0.2586603991863502,false,m12_joint_hybrid_synergy,P_baseline,-0.030679364656529318,1.0
84,2026-02-24,3,6,2665.344309543328,2722.0522892006516,0.01999534311189311,0.02127604281903817,0.01999534311189311,0.2688015697040175,false,m12_joint_hybrid_synergy,P_baseline,-0.002450065786343769,1.0
85,2026-02-28,9,29,2722.0522892006516,2729.4122479283196,0.19065011107800642,0.0027038270928402192,0.19065011107800642,0.2643731668129745,false,m12_joint_hybrid_synergy,P_baseline,0.0,1.0
86,2026-03-03,2,8,2729.4122479283196,2629.0659302040976,0.04554910755123842,-0.03676480817450237,0.04554910755123842,0.2728192722685407,false,m12_joint_hybrid_synergy,P_baseline,0.0,1.0
87,2026-03-07,9,22,2629.0659302040976,2478.833738229857,0.1331710497460661,-0.057142801269566536,0.1331710497460661,0.26355211847487425,false,m12_joint_hybrid_synergy,P_baseline,-0.03676480817450234,1.0
88,2026-03-10,3,9,2478.833738229857,2429.8466317597445,0.05483709636063578,-0.019762159000261997,0.05483709636063577,0.269127741619283,false,m12_joint_hybrid_synergy,P_baseline,-0.09180676531683951,0.75
89,2026-03-14,9,25,2429.8466317597445,2400.7301984199357,0.14495063673337688,-0.011982827623454524,0.14495063673337683,0.25937046860168106,false,m12_joint_hybrid_synergy,P_baseline,-0.1097546244236105,0.5
90,2026-03-17,1,3,2400.7301984199357,2304.4308868954627,0.04011250893076351,-0.04011250893076351,0.04011250893076351,0.25391030163692174,false,m12_joint_hybrid_synergy,P_baseline,-0.12042228130171995,0.5
91,2026-03-21,9,27,2304.4308868954627,2172.6575727012455,0.1619015309080351,-0.05718258462146489,0.1619015309080351,0.26227783290815576,false,m12_joint_hybrid_synergy,P_baseline,-0.1557043503983052,0.25
92,2026-03-24,2,6,2172.6575727012455,2160.4967097111626,0.01558522829956505,-0.0055972294681317985,0.01558522829956505,0.27149054867893196,false,m12_joint_hybrid_synergy,P_baseline,-0.2039833578271888,0.25
93,2026-03-27,1,7,2160.4967097111626,2205.1933179748753,0.041397343022606656,0.020688116794071974,0.041397343022606656,0.26278974789035076,false,m12_joint_hybrid_synergy,P_baseline,-0.2084388456338817,0.25
94,2026-03-28,7,23,2205.1933179748753,2304.506744924331,0.09179657308660216,0.04503615449037352,0.09179657308660213,0.2664866667626348,false,m12_joint_hybrid_synergy,P_baseline,-0.19206293602270497,0.25
95,2026-04-04,8,25,2304.506744924331,2194.152568337151,0.12384271718578294,-0.047886245865947155,0.12384271718578296,0.2675431345556542,false,m12_joint_hybrid_synergy,P_baseline,-0.1556765575909248,0.25
96,2026-04-07,1,5,2194.152568337151,2186.353637955974,0.013604552158728436,-0.003554415720091549,0.013604552158728436,0.27197108492199973,false,m12_joint_hybrid_synergy,P_baseline,-0.19610803754450867,0.25
97,2026-04-11,9,28,2186.353637955974,2279.242484062908,0.19363822850924672,0.0424857372084489,0.1936382285092467,0.2667349784656756,false,m12_joint_hybrid_synergy,P_baseline,-0.19896540377311567,0.25
98,2026-04-14,1,6,2279.242484062908,2220.87979860097,0.06251909677409678,-0.02560617655647697,0.06251909677409678,0.2664913792848046,false,m12_joint_hybrid_synergy,P_baseline,-0.16493285842294436,0.25
99,2026-04-18,9,28,2220.87979860097,2286.2292200154648,0.17684711401077308,0.029425015012366357,0.1768471140107731,0.24724322032776067,false,m12_joint_hybrid_synergy,P_baseline,-0.18631573508667898,0.25
100,2026-04-25,9,38,2286.2292200154648,2239.370670076544,0.19999999999999996,-0.020495998182808593,0.19999999999999998,0.26084479766659496,true,m12_joint_hybrid_synergy,P_baseline,-0.1623730633762781,0.25
1,2024-08-03,9,23,1000.0,1012.3476830898875,0.14705419853952215,0.012347683089887512,0.1470541985395221,0.2619267334956533,false,m12_joint_hybrid_synergy,P_symmetric_core,0.0,1.0
2,2024-08-10,9,18,1012.3476830898875,969.5974922979884,0.10687768150213528,-0.0422287634041073,0.10687768150213527,0.2523711794949741,false,m12_joint_hybrid_synergy,P_symmetric_core,0.0,1.0
3,2024-08-17,8,15,969.5974922979884,1005.161708428163,0.0973470134729992,0.03667936067562003,0.0973470134729992,0.27327431688061626,false,m12_joint_hybrid_synergy,P_symmetric_core,-0.042228763404107306,1.0
4,2024-08-24,8,18,1005.161708428163,1133.7793949933052,0.10026122407063637,0.1279572087622301,0.10026122407063637,0.26835735045440623,false,m12_joint_hybrid_synergy,P_symmetric_core,-0.007098326772271957,1.0
5,2024-08-31,9,17,1133.7793949933052,1129.084518970693,0.07431111412525399,-0.0041409078726821,0.07431111412525399,0.26451154259563414,false,m12_joint_hybrid_synergy,P_symmetric_core,0.0,1.0
6,2024-09-14,8,19,1129.084518970693,1144.3410036627934,0.1056981649149346,0.013512260982914474,0.10569816491493458,0.2540136040175528,false,m12_joint_hybrid_synergy,P_symmetric_core,-0.004140907872681954,1.0
7,2024-09-21,9,18,1144.3410036627934,1124.2991374168712,0.06751535568907675,-0.017513893307827436,0.06751535568907677,0.2744865383368691,false,m12_joint_hybrid_synergy,P_symmetric_core,0.0,1.0
8,2024-09-28,9,15,1124.2991374168712,1126.4018057005658,0.05651686314604978,0.0018702035905904246,0.05651686314604977,0.26802953123933,false,m12_joint_hybrid_synergy,P_symmetric_core,-0.017513893307827266,1.0
9,2024-10-05,9,13,1126.4018057005658,1138.1058713635036,0.062138163709924095,0.010390666637522413,0.062138163709924095,0.2748113252071439,false,m12_joint_hybrid_synergy,P_symmetric_core,-0.015676444263386546,1.0
10,2024-10-19,9,20,1138.1058713635036,1142.6107282514488,0.09237998742129803,0.003958205472174789,0.092379987421298,0.26662450426128814,false,m12_joint_hybrid_synergy,P_symmetric_core,-0.005448666332266705,1.0
11,2024-10-26,5,7,1142.6107282514488,1177.1621785070163,0.04425201537851882,0.030239038896862178,0.04425201537851882,0.2883283304061927,false,m12_joint_hybrid_synergy,P_symmetric_core,-0.0015120278009844723,1.0
12,2024-11-02,9,16,1177.1621785070163,1128.395771000227,0.10147244258676937,-0.041427093392211733,0.10147244258676937,0.26368795018137653,false,m12_joint_hybrid_synergy,P_symmetric_core,0.0,1.0
13,2024-11-09,9,15,1128.395771000227,1258.7221128786186,0.08272015489638011,0.11549701374976656,0.08272015489638014,0.26241071966168217,false,m12_joint_hybrid_synergy,P_symmetric_core,-0.04142709339221162,1.0
14,2024-11-16,9,15,1258.7221128786186,1339.9897679159446,0.07443399589682062,0.0645636190910097,0.07443399589682062,0.26159159440764823,false,m12_joint_hybrid_synergy,P_symmetric_core,0.0,1.0
15,2024-11-23,1,2,1339.9897679159446,1323.9391270217434,0.011978181683554745,-0.011978181683554745,0.011978181683554745,0.24752272525032173,false,m12_joint_hybrid_synergy,P_symmetric_core,0.0,1.0
16,2024-11-30,1,3,1323.9391270217434,1322.4654115968724,0.001113129293328019,-0.001113129293328019,0.001113129293328019,0.19025623750829665,false,m12_joint_hybrid_synergy,P_symmetric_core,-0.011978181683554578,1.0
17,2024-12-03,3,3,1322.4654115968724,1358.1149911046402,0.01980438074796562,0.02695690881224729,0.019804380747965623,0.2666489201607607,false,m12_joint_hybrid_synergy,P_symmetric_core,-0.013077977711969724,1.0
18,2024-12-07,8,13,1358.1149911046402,1416.6406949930151,0.04514480210842241,0.04309333471149778,0.04514480210842241,0.26135687009705644,false,m12_joint_hybrid_synergy,P_symmetric_core,0.0,1.0
19,2024-12-14,9,17,1416.6406949930151,1550.8418805244023,0.0865957389620615,0.09473198532677267,0.0865957389620615,0.28747644555716817,false,m12_joint_hybrid_synergy,P_symmetric_core,0.0,1.0
20,2024-12-17,3,5,1550.8418805244023,1551.0466450788408,0.034986920403618255,0.00013203444981062934,0.034986920403618255,0.31304075427108585,false,m12_joint_hybrid_synergy,P_symmetric_core,0.0,1.0
21,2024-12-21,9,17,1551.0466450788408,1555.1021632516317,0.0711320949420243,0.0026146977498442848,0.07113209494202428,0.26660399347832364,false,m12_joint_hybrid_synergy,P_symmetric_core,0.0,1.0
22,2024-12-28,8,21,1555.1021632516317,1679.6971171550686,0.10010269289431553,0.08012010840684296,0.10010269289431552,0.2819771855663804,false,m12_joint_hybrid_synergy,P_symmetric_core,0.0,1.0
23,2025-01-04,8,13,1679.6971171550686,1669.0681583850783,0.05123329393938982,-0.006327902013663454,0.051233293939389815,0.27470732735611747,false,m12_joint_hybrid_synergy,P_symmetric_core,0.0,1.0
24,2025-01-08,1,3,1669.0681583850783,1664.6505414820158,0.011401077827915163,-0.0026467564436293894,0.011401077827915163,0.3746994077661001,false,m12_joint_hybrid_synergy,P_symmetric_core,-0.006327902013663511,1.0
25,2025-01-11,5,11,1664.6505414820158,1606.2484229464892,0.04843099347986928,-0.035083711013322985,0.04843099347986928,0.268366295042408,false,m12_joint_hybrid_synergy,P_symmetric_core,-0.008957910041863637,1.0
26,2025-01-14,1,2,1606.2484229464892,1578.6914541249928,0.017156106382938123,-0.017156106382938123,0.017156106382938123,0.25865480660329093,false,m12_joint_hybrid_synergy,P_symmetric_core,-0.04372734432799452,1.0
27,2025-01-17,1,2,1578.6914541249928,1616.5598076087686,0.008497755233669742,0.023987178358905327,0.008497755233669742,0.2607909527929396,false,m12_joint_hybrid_synergy,P_symmetric_core,-0.060133259739798106,0.75
28,2025-01-18,3,6,1616.5598076087686,1548.953326528073,0.04182120621983041,-0.04182120621983041,0.041821206219830404,0.2617495452769882,false,m12_joint_hybrid_synergy,P_symmetric_core,-0.03758850860757368,1.0
29,2025-01-21,1,2,1548.953326528073,1585.8107636894351,0.010122522867278393,0.02379505988342264,0.010122522867278393,0.2532821926327182,false,m12_joint_hybrid_synergy,P_symmetric_core,-0.0778377180574309,0.75
30,2025-01-25,8,15,1585.8107636894351,1563.2907087280664,0.0899923512498278,-0.014200972447037242,0.08999235124982778,0.262788144724961,false,m12_joint_hybrid_synergy,P_symmetric_core,-0.05589481133637375,0.75
31,2025-01-28,1,2,1563.2907087280664,1568.7385098414534,0.010238218615353956,0.0034848292022533244,0.010238218615353956,0.3021684998637898,false,m12_joint_hybrid_synergy,P_symmetric_core,-0.06930202310769074,0.75
32,2025-02-01,9,16,1568.7385098414534,1743.1950674145394,0.08998715616491455,0.11120818191090216,0.08998715616491457,0.26974011336671666,false,m12_joint_hybrid_synergy,P_symmetric_core,-0.0660586996193383,0.75
33,2025-02-04,1,0,1743.1950674145394,1743.1950674145394,0.0,0.0,0.0,1.0,false,m12_joint_hybrid_synergy,P_symmetric_core,0.0,1.0
34,2025-02-08,8,16,1743.1950674145394,1766.545747080533,0.06446338278847899,0.013395333719379222,0.064463382788479,0.2602014005194986,false,m12_joint_hybrid_synergy,P_symmetric_core,0.0,1.0
35,2025-02-11,1,2,1766.545747080533,1771.1141649033177,0.005048463018911541,0.002586073884774679,0.005048463018911541,0.35866965413672725,false,m12_joint_hybrid_synergy,P_symmetric_core,0.0,1.0
36,2025-02-15,8,17,1771.1141649033177,1763.1903266645847,0.072660284971611,-0.004473928556246148,0.072660284971611,0.26438033126014576,false,m12_joint_hybrid_synergy,P_symmetric_core,0.0,1.0
37,2025-02-22,9,19,1763.1903266645847,1801.669488657399,0.09824025287884568,0.021823600895999194,0.09824025287884568,0.26837572426048995,false,m12_joint_hybrid_synergy,P_symmetric_core,-0.004473928556246176,1.0
38,2025-02-25,1,3,1801.669488657399,1763.726699619591,0.021059794416612373,-0.021059794416612373,0.021059794416612373,0.2696723198301303,false,m12_joint_hybrid_synergy,P_symmetric_core,0.0,1.0
39,2025-03-01,9,23,1763.726699619591,1885.0239914295496,0.12385223092740594,0.06877329227715422,0.12385223092740594,0.2700796370215866,false,m12_joint_hybrid_synergy,P_symmetric_core,-0.02105979441661232,1.0
40,2025-03-04,2,4,1885.0239914295496,1839.4987117993728,0.03900680537068189,-0.024151034595401504,0.03900680537068189,0.26078433821041846,false,m12_joint_hybrid_synergy,P_symmetric_core,0.0,1.0
41,2025-03-08,9,22,1839.4987117993728,1713.3238810291584,0.13092000808005322,-0.06859196473521409,0.13092000808005322,0.2655478328648947,false,m12_joint_hybrid_synergy,P_symmetric_core,-0.024151034595401466,1.0
42,2025-03-11,2,5,1713.3238810291584,1665.976655892524,0.03765538122737115,-0.02763471965860528,0.03765538122737115,0.26735766596324917,false,m12_joint_hybrid_synergy,P_symmetric_core,-0.09108643241732883,0.75
43,2025-03-15,9,20,1665.976655892524,1792.9152661066144,0.10037214481614014,0.07619471123146355,0.10037214481614014,0.25555399052111455,false,m12_joint_hybrid_synergy,P_symmetric_core,-0.11620400405137887,0.5
44,2025-03-22,9,25,1792.9152661066144,1761.8176270061604,0.1296877890055338,-0.01734473440453419,0.1296877890055338,0.2676890568183832,false,m12_joint_hybrid_synergy,P_symmetric_core,-0.048863423352549784,1.0
45,2025-03-29,9,14,1761.8176270061604,1852.928997728921,0.06448962136909057,0.05171441659236072,0.06448962136909056,0.27050495452988216,false,m12_joint_hybrid_synergy,P_symmetric_core,-0.06536063465693764,0.75
46,2025-04-05,9,21,1852.928997728921,1911.0031614790382,0.09110495641698266,0.031341818181536814,0.09110495641698269,0.2630117899993679,false,m12_joint_hybrid_synergy,P_symmetric_core,-0.01702630515396708,1.0
47,2025-04-12,9,22,1911.0031614790382,1871.5880208332862,0.11840668662115818,-0.02062536653013501,0.1184066866211582,0.26436030831155866,false,m12_joint_hybrid_synergy,P_symmetric_core,0.0,1.0
48,2025-04-19,9,20,1871.5880208332862,1918.690320209103,0.10589155013427547,0.02516702332538193,0.10589155013427547,0.2718664644634393,false,m12_joint_hybrid_synergy,P_symmetric_core,-0.020625366530135025,1.0
49,2025-04-26,8,15,1918.690320209103,1855.6748968660236,0.06580093614177839,-0.03284293597531253,0.06580093614177837,0.26542591798117676,false,m12_joint_hybrid_synergy,P_symmetric_core,0.0,1.0
50,2025-05-03,9,20,1855.6748968660236,1888.3827983267927,0.15320327550987015,0.017625879142951363,0.15320327550987012,0.2791108745084129,false,m12_joint_hybrid_synergy,P_symmetric_core,-0.032842935975312515,1.0
51,2025-08-02,9,19,1888.3827983267927,1756.398819071388,0.1202141506633072,-0.06989259771501276,0.1202141506633072,0.26737283157824826,false,m12_joint_hybrid_synergy,P_symmetric_core,-0.015795942452561773,1.0
52,2025-08-09,9,20,1756.398819071388,1820.6893147641133,0.17584756257641773,0.03660358626676585,0.17584756257641776,0.29274413137426364,false,m12_joint_hybrid_synergy,P_symmetric_core,-0.08458452071620814,0.75
53,2025-08-16,6,16,1820.6893147641133,1994.651219638055,0.10529196491107477,0.09554727622295074,0.10529196491107477,0.2631209485484039,false,m12_joint_hybrid_synergy,P_symmetric_core,-0.051077031250311045,0.75
54,2025-08-23,9,20,1994.651219638055,1927.3154240052052,0.11080382362701623,-0.033758180362514045,0.11080382362701621,0.3003316534223797,false,m12_joint_hybrid_synergy,P_symmetric_core,0.0,1.0
55,2025-08-30,9,19,1927.3154240052052,1713.6893952856674,0.13473660989246047,-0.11084123857401396,0.1347366098924605,0.280439819364262,false,m12_joint_hybrid_synergy,P_symmetric_core,-0.03375818036251388,1.0
56,2025-09-13,8,17,1713.6893952856674,1664.7097332010105,0.11523991983157635,-0.02858141167203283,0.11523991983157633,0.27872852284322464,false,m12_joint_hybrid_synergy,P_symmetric_core,-0.14085762041314187,0.5
57,2025-09-20,9,18,1664.7097332010105,1640.102501863599,0.1061194253203523,-0.014781694878479178,0.10611942532035232,0.273470285445153,false,m12_joint_hybrid_synergy,P_symmetric_core,-0.16541312244900386,0.25
58,2025-09-27,9,21,1640.102501863599,1893.3593713244068,0.15174883400371703,0.1544152692731337,0.15174883400371705,0.27147902950982905,false,m12_joint_hybrid_synergy,P_symmetric_core,-0.1777497310225452,0.25
59,2025-10-04,9,21,1893.3593713244068,1942.7734625724374,0.1382568939716599,0.0260986329359467,0.1382568939716599,0.2986894390653843,false,m12_joint_hybrid_synergy,P_symmetric_core,-0.050781734328484984,0.75
60,2025-10-07,1,3,1942.7734625724374,1921.6502346259908,0.01839468631991842,-0.010872717974270163,0.01839468631991842,0.2643088489737255,false,m12_joint_hybrid_synergy,P_symmetric_core,-0.026008435236628102,1.0
61,2025-10-18,9,17,1921.6502346259908,2077.136565312332,0.10406240596958626,0.08091291947132248,0.10406240596958627,0.28296768495219193,false,m12_joint_hybrid_synergy,P_symmetric_core,-0.036598370829618365,1.0
62,2025-10-24,1,3,2077.136565312332,2173.67200251586,0.019010794031619257,0.04647524809665688,0.019010794031619257,0.28180938557776675,false,m12_joint_hybrid_synergy,P_symmetric_core,0.0,1.0
63,2025-10-25,4,7,2173.67200251586,2243.2723907191958,0.05433474193970305,0.032019728884016656,0.05433474193970305,0.27388089304275337,false,m12_joint_hybrid_synergy,P_symmetric_core,0.0,1.0
64,2025-11-01,9,18,2243.2723907191958,2286.3061581150714,0.09821393194883737,0.019183478374678646,0.09821393194883736,0.27626986086934086,false,m12_joint_hybrid_synergy,P_symmetric_core,0.0,1.0
65,2025-11-08,9,13,2286.3061581150714,2227.0674854051176,0.08921144906884858,-0.02591021001264003,0.08921144906884856,0.2711535072473611,false,m12_joint_hybrid_synergy,P_symmetric_core,0.0,1.0
66,2025-11-15,8,15,2227.0674854051176,2309.955237424626,0.0950707430666659,0.03721833871793531,0.09507074306666588,0.2646009408501432,false,m12_joint_hybrid_synergy,P_symmetric_core,-0.025910210012640045,1.0
67,2025-11-22,9,17,2309.955237424626,2407.029603405738,0.1410294873194464,0.04202434939360149,0.1410294873194464,0.28481771491798286,false,m12_joint_hybrid_synergy,P_symmetric_core,0.0,1.0
68,2025-11-25,1,3,2407.029603405738,2411.730465233264,0.020341306502695104,0.001952972169878905,0.020341306502695104,0.26992812070104,false,m12_joint_hybrid_synergy,P_symmetric_core,0.0,1.0
69,2025-12-06,8,16,2411.730465233264,2228.5052877377984,0.11946613605445452,-0.07597249366659413,0.11946613605445451,0.26937190862458954,false,m12_joint_hybrid_synergy,P_symmetric_core,0.0,1.0
70,2025-12-13,9,18,2228.5052877377984,2382.761627428222,0.11679743530321914,0.06921964266327255,0.11679743530321915,0.28303202453448484,false,m12_joint_hybrid_synergy,P_symmetric_core,-0.07597249366659387,0.75
71,2025-12-20,9,17,2382.761627428222,2656.0558625740387,0.0924830250039593,0.1146964228397411,0.09248302500395929,0.2665203305994358,false,m12_joint_hybrid_synergy,P_symmetric_core,-0.012011639867160917,1.0
72,2025-12-27,9,17,2656.0558625740387,2868.893801592926,0.08711778496387629,0.08013308079018408,0.08711778496387627,0.2805340212836357,false,m12_joint_hybrid_synergy,P_symmetric_core,0.0,1.0
73,2026-01-03,4,8,2868.893801592926,2861.6508574725362,0.04617031504186852,-0.002524646996820982,0.04617031504186852,0.26089232170118726,false,m12_joint_hybrid_synergy,P_symmetric_core,0.0,1.0
74,2026-01-10,5,11,2861.6508574725362,2777.5374072794925,0.06629610478475643,-0.02939333076688971,0.06629610478475645,0.26909112501333354,false,m12_joint_hybrid_synergy,P_symmetric_core,-0.0025246469968209784,1.0
75,2026-01-17,2,5,2777.5374072794925,2890.244243428803,0.041760579588206975,0.04057797236282904,0.041760579588206975,0.26606966127982906,false,m12_joint_hybrid_synergy,P_symmetric_core,-0.03184376997946348,1.0
76,2026-01-20,2,5,2890.244243428803,2802.3759396101677,0.034263634504539627,-0.030401688029795804,0.034263634504539627,0.2617313074483537,false,m12_joint_hybrid_synergy,P_symmetric_core,0.0,1.0
77,2026-01-24,8,19,2802.3759396101677,2782.9894983468835,0.12680288993740207,-0.006917858874416653,0.12680288993740205,0.2854792623644914,false,m12_joint_hybrid_synergy,P_symmetric_core,-0.030401688029795704,1.0
78,2026-01-31,9,17,2782.9894983468835,2841.78319369387,0.11562514366183718,0.021126093139018375,0.1156251436618372,0.26477597744745807,false,m12_joint_hybrid_synergy,P_symmetric_core,-0.03710923231687835,1.0
79,2026-02-07,5,12,2841.78319369387,2753.49909456394,0.06589819932607088,-0.03106644424030628,0.06589819932607088,0.2662443447718547,false,m12_joint_hybrid_synergy,P_symmetric_core,-0.016767112276103724,1.0
80,2026-02-10,3,8,2753.49909456394,2751.8543949561167,0.05013298259951683,-0.0005973125653356472,0.05013298259951683,0.293902276440072,false,m12_joint_hybrid_synergy,P_symmetric_core,-0.04731266195781336,1.0
81,2026-02-14,6,14,2751.8543949561167,2708.2130690708636,0.08826093854785144,-0.015858879003643467,0.08826093854785144,0.30281675271984704,false,m12_joint_hybrid_synergy,P_symmetric_core,-0.04788171407566222,1.0
82,2026-02-17,4,10,2708.2130690708636,2723.4296786279724,0.03990568775559866,0.0056186899512781375,0.03990568775559866,0.27727637567769725,false,m12_joint_hybrid_synergy,P_symmetric_core,-0.06298124276929251,0.75
83,2026-02-21,9,18,2723.4296786279724,2768.966140385613,0.09842698383926621,0.016720263465947606,0.09842698383926622,0.2551747825743936,false,m12_joint_hybrid_synergy,P_symmetric_core,-0.05771642489388118,0.75
84,2026-02-24,3,5,2768.966140385613,2814.160906667252,0.016671782017421085,0.01632189199516346,0.016671782017421085,0.26890816187842154,false,m12_joint_hybrid_synergy,P_symmetric_core,-0.04196119525847186,1.0
85,2026-02-28,9,20,2814.160906667252,2880.740699548418,0.13905325577248553,0.02365884364445071,0.13905325577248553,0.26390002270531615,false,m12_joint_hybrid_synergy,P_symmetric_core,-0.026324189360304895,1.0
86,2026-03-03,2,4,2880.740699548418,2789.7602530478325,0.031582310242240036,-0.031582310242240036,0.031582310242240036,0.2737477312148,false,m12_joint_hybrid_synergy,P_symmetric_core,-0.003288145595996661,1.0
87,2026-03-07,9,20,2789.7602530478325,2654.6484754274984,0.12479444385405286,-0.04843132218000575,0.12479444385405285,0.2647129572736449,false,m12_joint_hybrid_synergy,P_symmetric_core,-0.03476660860390224,1.0
88,2026-03-10,3,9,2654.6484754274984,2602.1868901662974,0.05483709636063578,-0.019762159000261997,0.05483709636063577,0.269127741619283,false,m12_joint_hybrid_synergy,P_symmetric_core,-0.0815141379615063,0.75
89,2026-03-14,9,19,2602.1868901662974,2569.7100562859123,0.12134707831196577,-0.012480592382935949,0.12134707831196577,0.2586715568214403,false,m12_joint_hybrid_synergy,P_symmetric_core,-0.09966540160660353,0.75
90,2026-03-17,1,3,2569.7100562859123,2466.632538703671,0.04011250893076351,-0.04011250893076351,0.04011250893076351,0.25391030163692174,false,m12_joint_hybrid_synergy,P_symmetric_core,-0.11090211073740586,0.5
91,2026-03-21,9,17,2466.632538703671,2386.9911720042246,0.1277469878931519,-0.03228748727254743,0.1277469878931519,0.2627355192579982,false,m12_joint_hybrid_synergy,P_symmetric_core,-0.14656605776077458,0.5
92,2026-03-24,2,4,2386.9911720042246,2378.3866070617382,0.013192291341610762,-0.003604774514210694,0.013192291341610764,0.26060477657923664,false,m12_joint_hybrid_synergy,P_symmetric_core,-0.17412129530878362,0.25
93,2026-03-27,1,3,2378.3866070617382,2413.3205322367976,0.023887494971716657,0.014688076812800812,0.023887494971716657,0.27151748591428404,false,m12_joint_hybrid_synergy,P_symmetric_core,-0.1770984018152838,0.25
94,2026-03-28,7,14,2413.3205322367976,2488.407994158444,0.0698945664724058,0.031113754231416338,0.06989456647240583,0.2665838507586471,false,m12_joint_hybrid_synergy,P_symmetric_core,-0.1650115599317702,0.25
95,2026-04-04,8,18,2488.407994158444,2321.402887808307,0.09051505587590243,-0.06711323333721114,0.09051505587590242,0.2686717341496317,false,m12_joint_hybrid_synergy,P_symmetric_core,-0.13903193482141352,0.5
96,2026-04-07,1,3,2321.402887808307,2318.0687905894442,0.01590226569366121,-0.0014362423844532148,0.01590226569366121,0.39147130767170524,false,m12_joint_hybrid_synergy,P_symmetric_core,-0.1968142854756313,0.25
97,2026-04-11,9,21,2318.0687905894442,2398.478662298829,0.15958757420661027,0.034688302623209856,0.1595875742066103,0.2660628481005864,false,m12_joint_hybrid_synergy,P_symmetric_core,-0.19796785484141854,0.25
98,2026-04-14,1,3,2398.478662298829,2350.7126250175675,0.042723329333819775,-0.019915139555788164,0.042723329333819775,0.2681544943662629,false,m12_joint_hybrid_synergy,P_symmetric_core,-0.17014672107661555,0.25
99,2026-04-18,9,18,2350.7126250175675,2456.67340471333,0.13424869598896674,0.0450760244225813,0.13424869598896672,0.23952426742150756,false,m12_joint_hybrid_synergy,P_symmetric_core,-0.1866733649372032,0.25
100,2026-04-25,9,21,2456.67340471333,2415.3382587807396,0.15428078629388253,-0.01682565775869313,0.1542807862938825,0.2586407397188098,false,m12_joint_hybrid_synergy,P_symmetric_core,-0.15001183367157656,0.25
1,2024-08-03,9,23,1000.0,1012.3476830898875,0.14705419853952215,0.012347683089887512,0.1470541985395221,0.2619267334956533,false,m12_joint_hybrid_synergy,P_asymmetric_core,0.0,1.0
2,2024-08-10,9,18,1012.3476830898875,969.5974922979884,0.10687768150213528,-0.0422287634041073,0.10687768150213527,0.2523711794949741,false,m12_joint_hybrid_synergy,P_asymmetric_core,0.0,1.0
3,2024-08-17,8,14,969.5974922979884,998.6640060989886,0.08904477561704148,0.02997791767397337,0.08904477561704148,0.2676804584881644,false,m12_joint_hybrid_synergy,P_asymmetric_core,-0.042228763404107306,1.0
4,2024-08-24,8,18,998.6640060989886,1126.4502648107218,0.10026122407063637,0.1279572087622301,0.10026122407063637,0.26835735045440623,false,m12_joint_hybrid_synergy,P_asymmetric_core,-0.013516776122935892,1.0
5,2024-08-31,9,17,1126.4502648107218,1121.785738040982,0.07431111412525399,-0.0041409078726821,0.07431111412525399,0.26451154259563414,false,m12_joint_hybrid_synergy,P_asymmetric_core,0.0,1.0
6,2024-09-14,8,18,1121.785738040982,1132.2518257776744,0.10283031089826708,0.009329845604000539,0.10283031089826708,0.2543008719836325,false,m12_joint_hybrid_synergy,P_asymmetric_core,-0.004140907872682287,1.0
7,2024-09-21,9,18,1132.2518257776744,1112.4216881034113,0.06751535568907675,-0.017513893307827436,0.06751535568907677,0.2744865383368691,false,m12_joint_hybrid_synergy,P_asymmetric_core,0.0,1.0
8,2024-09-28,9,13,1112.4216881034113,1114.8556443994098,0.05523528287590879,0.0021879799018914604,0.05523528287590879,0.26804834366982205,false,m12_joint_hybrid_synergy,P_asymmetric_core,-0.0175138933078276,1.0
9,2024-10-05,9,13,1114.8556443994098,1126.4397377493242,0.062138163709924095,0.010390666637522413,0.062138163709924095,0.2748113252071439,false,m12_joint_hybrid_synergy,P_asymmetric_core,-0.015364233452497378,1.0
10,2024-10-19,9,19,1126.4397377493242,1133.981779231871,0.08950185922882403,0.00669546823482654,0.08950185922882403,0.26623464667453195,false,m12_joint_hybrid_synergy,P_asymmetric_core,-0.005133211442921004,1.0
11,2024-10-26,5,7,1133.981779231871,1168.2722983623964,0.04425201537851882,0.030239038896862178,0.04425201537851882,0.2883283304061927,false,m12_joint_hybrid_synergy,P_asymmetric_core,0.0,1.0
12,2024-11-02,9,15,1168.2722983623964,1129.3899129225197,0.09310084415421702,-0.03328195446761825,0.09310084415421702,0.2626934577809864,false,m12_joint_hybrid_synergy,P_asymmetric_core,0.0,1.0
13,2024-11-09,9,15,1129.3899129225197,1259.8310752241796,0.08272015489638011,0.11549701374976656,0.08272015489638014,0.26241071966168217,false,m12_joint_hybrid_synergy,P_asymmetric_core,-0.03328195446761806,1.0
14,2024-11-16,9,14,1259.8310752241796,1340.8663630098065,0.07414464699659773,0.06432234398663916,0.07414464699659773,0.2614799183351115,false,m12_joint_hybrid_synergy,P_asymmetric_core,0.0,1.0
15,2024-11-23,1,2,1340.8663630098065,1324.805222100308,0.011978181683554745,-0.011978181683554745,0.011978181683554745,0.24752272525032173,false,m12_joint_hybrid_synergy,P_asymmetric_core,0.0,1.0
16,2024-11-30,1,2,1324.805222100308,1322.908962450377,0.0014313497699871003,-0.0014313497699871003,0.0014313497699871003,0.2816481249947866,false,m12_joint_hybrid_synergy,P_asymmetric_core,-0.01197818168355469,1.0
17,2024-12-03,3,3,1322.908962450377,1358.5704987180563,0.01980438074796562,0.02695690881224729,0.019804380747965623,0.2666489201607607,false,m12_joint_hybrid_synergy,P_asymmetric_core,-0.013392386485944097,1.0
18,2024-12-07,8,13,1358.5704987180563,1417.1158319484798,0.04514480210842241,0.04309333471149778,0.04514480210842241,0.26135687009705644,false,m12_joint_hybrid_synergy,P_asymmetric_core,0.0,1.0
19,2024-12-14,9,16,1417.1158319484798,1551.9895384069216,0.08594696504478724,0.09517479334981076,0.08594696504478724,0.2871499078287913,false,m12_joint_hybrid_synergy,P_asymmetric_core,0.0,1.0
20,2024-12-17,3,5,1551.9895384069216,1552.194454491737,0.034986920403618255,0.00013203444981062934,0.034986920403618255,0.31304075427108585,false,m12_joint_hybrid_synergy,P_asymmetric_core,0.0,1.0
21,2024-12-21,9,17,1552.194454491737,1556.2529738392172,0.0711320949420243,0.0026146977498442848,0.07113209494202428,0.26660399347832364,false,m12_joint_hybrid_synergy,P_asymmetric_core,0.0,1.0
22,2024-12-28,8,21,1556.2529738392172,1680.9401308116871,0.10010269289431553,0.08012010840684296,0.10010269289431552,0.2819771855663804,false,m12_joint_hybrid_synergy,P_asymmetric_core,0.0,1.0
23,2025-01-04,8,12,1680.9401308116871,1684.474451036059,0.041148737627415964,0.002102585427992106,0.04114873762741596,0.26458861289573266,false,m12_joint_hybrid_synergy,P_asymmetric_core,0.0,1.0
24,2025-01-08,1,2,1684.474451036059,1674.9152898708824,0.005674862660752844,-0.005674862660752844,0.005674862660752844,0.28649190877208625,false,m12_joint_hybrid_synergy,P_asymmetric_core,0.0,1.0
25,2025-01-11,5,11,1674.9152898708824,1616.1530458692562,0.04843099347986928,-0.035083711013322985,0.04843099347986928,0.268366295042408,false,m12_joint_hybrid_synergy,P_asymmetric_core,-0.0056748626607527886,1.0
26,2025-01-14,1,2,1616.1530458692562,1588.4261522832137,0.017156106382938123,-0.017156106382938123,0.017156106382938123,0.25865480660329093,false,m12_joint_hybrid_synergy,P_asymmetric_core,-0.04055947843244567,1.0
27,2025-01-17,1,2,1588.4261522832137,1626.528013707981,0.008497755233669742,0.023987178358905327,0.008497755233669742,0.2607909527929396,false,m12_joint_hybrid_synergy,P_asymmetric_core,-0.05701974208856031,0.75
28,2025-01-18,3,6,1626.528013707981,1558.5046502243683,0.04182120621983041,-0.04182120621983041,0.041821206219830404,0.2617495452769882,false,m12_joint_hybrid_synergy,P_asymmetric_core,-0.034400306453111984,1.0
29,2025-01-21,1,2,1558.5046502243683,1595.58936170505,0.010122522867278393,0.02379505988342264,0.010122522867278393,0.2532821926327182,false,m12_joint_hybrid_synergy,P_asymmetric_core,-0.07478285036274146,0.75
30,2025-01-25,8,14,1595.58936170505,1560.0336097305349,0.08441214175700058,-0.0222837735246115,0.08441214175700058,0.2647738011219352,false,m12_joint_hybrid_synergy,P_asymmetric_core,-0.052767252881953275,0.75
31,2025-01-28,1,2,1560.0336097305349,1565.4700604102204,0.010238218615353956,0.0034848292022533244,0.010238218615353956,0.3021684998637898,false,m12_joint_hybrid_synergy,P_asymmetric_core,-0.07387517289382761,0.75
32,2025-02-01,9,15,1565.4700604102204,1724.9867123007423,0.08126122396537705,0.10189696751448676,0.08126122396537706,0.2715509225009705,false,m12_joint_hybrid_synergy,P_asymmetric_core,-0.07064778605139621,0.75
33,2025-02-04,1,0,1724.9867123007423,1724.9867123007423,0.0,0.0,0.0,1.0,false,m12_joint_hybrid_synergy,P_asymmetric_core,0.0,1.0
34,2025-02-08,8,15,1724.9867123007423,1744.9404843233558,0.06259891039581793,0.011567493175642866,0.06259891039581793,0.2581792761283147,false,m12_joint_hybrid_synergy,P_asymmetric_core,0.0,1.0
35,2025-02-11,1,2,1744.9404843233558,1749.4530293403504,0.005048463018911541,0.002586073884774679,0.005048463018911541,0.35866965413672725,false,m12_joint_hybrid_synergy,P_asymmetric_core,0.0,1.0
36,2025-02-15,8,17,1749.4530293403504,1741.6261014745733,0.072660284971611,-0.004473928556246148,0.072660284971611,0.26438033126014576,false,m12_joint_hybrid_synergy,P_asymmetric_core,0.0,1.0
37,2025-02-22,9,17,1741.6261014745733,1787.6929356270248,0.08807150395303547,0.026450472988116213,0.08807150395303545,0.2690197348195421,false,m12_joint_hybrid_synergy,P_asymmetric_core,-0.004473928556246176,1.0
38,2025-02-25,1,3,1787.6929356270248,1750.0444899226895,0.021059794416612373,-0.021059794416612373,0.021059794416612373,0.2696723198301303,false,m12_joint_hybrid_synergy,P_asymmetric_core,0.0,1.0
39,2025-03-01,9,20,1750.0444899226895,1895.3055441683612,0.10945758661893495,0.083004206511395,0.10945758661893495,0.2698500716022073,false,m12_joint_hybrid_synergy,P_asymmetric_core,-0.02105979441661232,1.0
40,2025-03-04,2,4,1895.3055441683612,1849.531954402295,0.03900680537068189,-0.024151034595401504,0.03900680537068189,0.26078433821041846,false,m12_joint_hybrid_synergy,P_asymmetric_core,0.0,1.0
41,2025-03-08,9,20,1849.531954402295,1719.8929959636198,0.12413029222076497,-0.07009284599279603,0.12413029222076497,0.2654634025830529,false,m12_joint_hybrid_synergy,P_asymmetric_core,-0.024151034595401355,1.0
42,2025-03-11,2,4,1719.8929959636198,1662.2231836434275,0.03353104667298267,-0.03353104667298267,0.03353104667298267,0.2669385783495314,false,m12_joint_hybrid_synergy,P_asymmetric_core,-0.09255106583973527,0.75
43,2025-03-15,9,20,1662.2231836434275,1788.8757991233826,0.10037214481614014,0.07619471123146355,0.10037214481614014,0.25555399052111455,false,m12_joint_hybrid_synergy,P_asymmetric_core,-0.12297877840441163,0.5
44,2025-03-22,9,21,1788.8757991233826,1764.9963087498927,0.11627964646628355,-0.013348881115833496,0.11627964646628354,0.2662079030729414,false,m12_joint_hybrid_synergy,P_asymmetric_core,-0.05615439968107028,0.75
45,2025-03-29,9,13,1764.9963087498927,1842.8262740383466,0.05838471268505539,0.044096389835273295,0.05838471268505538,0.27219287417870014,false,m12_joint_hybrid_synergy,P_asymmetric_core,-0.06875368239143032,0.75
46,2025-04-05,9,19,1842.8262740383466,1890.6501717657893,0.08490022044193958,0.025951386954475117,0.08490022044193957,0.2628537568945935,false,m12_joint_hybrid_synergy,P_asymmetric_core,-0.027689081737499954,1.0
47,2025-04-12,9,21,1890.6501717657893,1844.949218471747,0.11514560172035916,-0.024172083221170287,0.11514560172035919,0.26391363468298973,false,m12_joint_hybrid_synergy,P_asymmetric_core,-0.0024562648576087476,1.0
48,2025-04-19,9,18,1844.949218471747,1898.8517880573877,0.102070414769699,0.029216289015418395,0.10207041476969902,0.27233969550344295,false,m12_joint_hybrid_synergy,P_asymmetric_core,-0.026568975040227594,1.0
49,2025-04-26,8,15,1898.8517880573877,1836.4879203556113,0.06580093614177839,-0.03284293597531253,0.06580093614177837,0.26542591798117676,false,m12_joint_hybrid_synergy,P_asymmetric_core,0.0,1.0
50,2025-05-03,9,20,1836.4879203556113,1868.8576344872893,0.15320327550987015,0.017625879142951363,0.15320327550987012,0.2791108745084129,false,m12_joint_hybrid_synergy,P_asymmetric_core,-0.032842935975312515,1.0
51,2025-08-02,9,18,1868.8576344872893,1743.871996535876,0.11717741612993532,-0.06687809474888251,0.11717741612993532,0.2672547088905419,false,m12_joint_hybrid_synergy,P_asymmetric_core,-0.015795942452561773,1.0
52,2025-08-09,9,20,1743.871996535876,1807.703965599274,0.17584756257641773,0.03660358626676585,0.17584756257641776,0.29274413137426364,false,m12_joint_hybrid_synergy,P_asymmetric_core,-0.08161763466545391,0.75
53,2025-08-16,6,15,1807.703965599274,1973.5591747656374,0.10211674756077659,0.09174909848216248,0.10211674756077657,0.26313732110114413,false,m12_joint_hybrid_synergy,P_asymmetric_core,-0.048001546530054395,1.0
54,2025-08-23,9,20,1973.5591747656374,1906.9354081878048,0.11080382362701623,-0.033758180362514045,0.11080382362701621,0.3003316534223797,false,m12_joint_hybrid_synergy,P_asymmetric_core,0.0,1.0
55,2025-08-30,9,19,1906.9354081878048,1695.5683256636255,0.13473660989246047,-0.11084123857401396,0.1347366098924605,0.280439819364262,false,m12_joint_hybrid_synergy,P_asymmetric_core,-0.03375818036251399,1.0
56,2025-09-13,8,17,1695.5683256636255,1647.1065893297741,0.11523991983157635,-0.02858141167203283,0.11523991983157633,0.27872852284322464,false,m12_joint_hybrid_synergy,P_asymmetric_core,-0.14085762041314198,0.5
57,2025-09-20,9,18,1647.1065893297741,1622.759562293969,0.1061194253203523,-0.014781694878479178,0.10611942532035232,0.273470285445153,false,m12_joint_hybrid_synergy,P_asymmetric_core,-0.16541312244900386,0.25
58,2025-09-27,9,21,1622.759562293969,1873.338417071145,0.15174883400371703,0.1544152692731337,0.15174883400371705,0.27147902950982905,false,m12_joint_hybrid_synergy,P_asymmetric_core,-0.1777497310225452,0.25
59,2025-10-04,9,19,1873.338417071145,1902.6975981547419,0.12960228586761774,0.01567211819074213,0.12960228586761777,0.2979170079688576,false,m12_joint_hybrid_synergy,P_asymmetric_core,-0.05078173432848487,0.75
60,2025-10-07,1,3,1902.6975981547419,1882.0101037796842,0.01839468631991842,-0.010872717974270163,0.01839468631991842,0.2643088489737255,false,m12_joint_hybrid_synergy,P_asymmetric_core,-0.03590547348006956,1.0
61,2025-10-18,9,17,1882.0101037796842,2034.289035751025,0.10406240596958626,0.08091291947132248,0.10406240596958627,0.28296768495219193,false,m12_joint_hybrid_synergy,P_asymmetric_core,-0.04638780136745824,1.0
62,2025-10-24,1,3,2034.289035751025,2128.833123387863,0.019010794031619257,0.04647524809665688,0.019010794031619257,0.28180938557776675,false,m12_joint_hybrid_synergy,P_asymmetric_core,0.0,1.0
63,2025-10-25,4,6,2128.833123387863,2204.2869734728115,0.050859099541712555,0.03544375989644037,0.05085909954171254,0.2737172029380562,false,m12_joint_hybrid_synergy,P_asymmetric_core,0.0,1.0
64,2025-11-01,9,16,2204.2869734728115,2245.790960690501,0.08982758347860588,0.01882875855873755,0.08982758347860585,0.27491680455748424,false,m12_joint_hybrid_synergy,P_asymmetric_core,0.0,1.0
65,2025-11-08,9,13,2245.790960690501,2187.6020452545217,0.08921144906884858,-0.02591021001264003,0.08921144906884856,0.2711535072473611,false,m12_joint_hybrid_synergy,P_asymmetric_core,0.0,1.0
66,2025-11-15,8,15,2187.6020452545217,2269.0209591548523,0.0950707430666659,0.03721833871793531,0.09507074306666588,0.2646009408501432,false,m12_joint_hybrid_synergy,P_asymmetric_core,-0.025910210012639934,1.0
67,2025-11-22,9,17,2269.0209591548523,2364.37508872378,0.1410294873194464,0.04202434939360149,0.1410294873194464,0.28481771491798286,false,m12_joint_hybrid_synergy,P_asymmetric_core,0.0,1.0
68,2025-11-25,1,3,2364.37508872378,2368.992647471213,0.020341306502695104,0.001952972169878905,0.020341306502695104,0.26992812070104,false,m12_joint_hybrid_synergy,P_asymmetric_core,0.0,1.0
69,2025-12-06,8,16,2368.992647471213,2189.014368564998,0.11946613605445452,-0.07597249366659413,0.11946613605445451,0.26937190862458954,false,m12_joint_hybrid_synergy,P_asymmetric_core,0.0,1.0
70,2025-12-13,9,18,2189.014368564998,2340.5371609418366,0.11679743530321914,0.06921964266327255,0.11679743530321915,0.28303202453448484,false,m12_joint_hybrid_synergy,P_asymmetric_core,-0.07597249366659409,0.75
71,2025-12-20,9,17,2340.5371609418366,2608.9884008253484,0.0924830250039593,0.1146964228397411,0.09248302500395929,0.2665203305994358,false,m12_joint_hybrid_synergy,P_asymmetric_core,-0.012011639867160917,1.0
72,2025-12-27,9,16,2608.9884008253484,2817.6097707210697,0.0869580114775313,0.07996255170384194,0.08695801147753131,0.2805671309725256,false,m12_joint_hybrid_synergy,P_asymmetric_core,0.0,1.0
73,2026-01-03,4,8,2817.6097707210697,2810.4963006752055,0.04617031504186852,-0.002524646996820982,0.04617031504186852,0.26089232170118726,false,m12_joint_hybrid_synergy,P_asymmetric_core,0.0,1.0
74,2026-01-10,5,10,2810.4963006752055,2725.13253452536,0.06539022877289125,-0.030373199968040197,0.06539022877289125,0.2694043679000571,false,m12_joint_hybrid_synergy,P_asymmetric_core,-0.0025246469968208674,1.0
75,2026-01-17,2,5,2725.13253452536,2835.712887196376,0.041760579588206975,0.04057797236282904,0.041760579588206975,0.26606966127982906,false,m12_joint_hybrid_synergy,P_asymmetric_core,-0.03282116535677804,1.0
76,2026-01-20,2,5,2835.712887196376,2749.50242865776,0.034263634504539627,-0.030401688029795804,0.034263634504539627,0.2617313074483537,false,m12_joint_hybrid_synergy,P_asymmetric_core,0.0,1.0
77,2026-01-24,8,18,2749.50242865776,2740.5434838128217,0.12203231622300148,-0.0032583876819168084,0.12203231622300151,0.28283342138208467,false,m12_joint_hybrid_synergy,P_asymmetric_core,-0.030401688029795926,1.0
78,2026-01-31,9,16,2740.5434838128217,2792.7811791015793,0.11352725051933533,0.01906107149815442,0.11352725051933531,0.2648030640245553,false,m12_joint_hybrid_synergy,P_asymmetric_core,-0.033561015225926694,1.0
79,2026-02-07,5,10,2792.7811791015793,2709.653219406357,0.06462221332863437,-0.02976529644258198,0.06462221332863437,0.26643667464482285,false,m12_joint_hybrid_synergy,P_asymmetric_core,-0.015139652638544332,1.0
80,2026-02-10,3,8,2709.653219406357,2708.0347094907033,0.05013298259951683,-0.0005973125653356472,0.05013298259951683,0.293902276440072,false,m12_joint_hybrid_synergy,P_asymmetric_core,-0.04445431283230228,1.0
81,2026-02-14,6,13,2708.0347094907033,2674.6228409836704,0.08397111253963957,-0.01233805031742605,0.08397111253963957,0.2996004730537357,false,m12_joint_hybrid_synergy,P_asymmetric_core,-0.0450250722779999,1.0
82,2026-02-17,4,9,2674.6228409836704,2688.366486523231,0.039384891659845364,0.005138535919518872,0.039384891659845364,0.277499678072289,false,m12_joint_hybrid_synergy,P_asymmetric_core,-0.05680760098811444,0.75
83,2026-02-21,9,16,2688.366486523231,2735.921685764579,0.09303761345977651,0.017689254601164765,0.09303761345977654,0.2547792551583086,false,m12_joint_hybrid_synergy,P_asymmetric_core,-0.0519609729667746,0.75
84,2026-02-24,3,5,2735.921685764579,2780.5771040268537,0.016671782017421085,0.01632189199516346,0.016671782017421085,0.26890816187842154,false,m12_joint_hybrid_synergy,P_asymmetric_core,-0.03519086924574344,1.0
85,2026-02-28,9,19,2780.5771040268537,2854.3327537872688,0.13606997097690823,0.02652530284220541,0.13606997097690826,0.2637105452292807,false,m12_joint_hybrid_synergy,P_asymmetric_core,-0.019443358817624934,1.0
86,2026-03-03,2,3,2854.3327537872688,2775.509647696687,0.027615247726809598,-0.027615247726809598,0.027615247726809598,0.27352749333254117,false,m12_joint_hybrid_synergy,P_asymmetric_core,0.0,1.0
87,2026-03-07,9,18,2775.509647696687,2675.5403434134714,0.11223355264941845,-0.036018359498831885,0.11223355264941846,0.26420016266740154,false,m12_joint_hybrid_synergy,P_asymmetric_core,-0.027615247726809566,1.0
88,2026-03-10,3,8,2675.5403434134714,2626.4855510693333,0.05347164806765418,-0.018334536597401238,0.05347164806765417,0.2696047995711489,false,m12_joint_hybrid_synergy,P_asymmetric_core,-0.0626389513053679,0.75
89,2026-03-14,9,18,2626.4855510693333,2606.8424690988013,0.11658170645173371,-0.0074788463856330385,0.11658170645173371,0.25923319216317714,false,m12_joint_hybrid_synergy,P_asymmetric_core,-0.07982503175763811,0.75
90,2026-03-17,1,3,2606.8424690988013,2502.275477275982,0.04011250893076351,-0.04011250893076351,0.04011250893076351,0.25391030163692174,false,m12_joint_hybrid_synergy,P_asymmetric_core,-0.08670687899302743,0.75
91,2026-03-21,9,17,2502.275477275982,2421.4832896510266,0.1277469878931519,-0.03228748727254743,0.1277469878931519,0.2627355192579982,false,m12_joint_hybrid_synergy,P_asymmetric_core,-0.12334135746582442,0.5
92,2026-03-24,2,3,2421.4832896510266,2402.631963275793,0.00976886758345517,-0.007785032610301543,0.00976886758345517,0.274249126005615,false,m12_joint_hybrid_synergy,P_asymmetric_core,-0.15164646222901523,0.25
93,2026-03-27,1,3,2402.631963275793,2437.9220061052783,0.023887494971716657,0.014688076812800812,0.023887494971716657,0.27151748591428404,false,m12_joint_hybrid_synergy,P_asymmetric_core,-0.15825092218562709,0.25
94,2026-03-28,7,13,2437.9220061052783,2496.1770313551783,0.06294722348428776,0.02389536051769171,0.06294722348428777,0.2661629681148304,false,m12_joint_hybrid_synergy,P_asymmetric_core,-0.14588724707358536,0.5
95,2026-04-04,8,17,2496.1770313551783,2332.752006885184,0.08885757570660872,-0.0654701258833675,0.0888575757066087,0.2685067238228493,false,m12_joint_hybrid_synergy,P_asymmetric_core,-0.12547791491965044,0.5
96,2026-04-07,1,3,2332.752006885184,2329.4016095804773,0.01590226569366121,-0.0014362423844532148,0.01590226569366121,0.39147130767170524,false,m12_joint_hybrid_synergy,P_asymmetric_core,-0.18273298591764597,0.25
97,2026-04-11,9,21,2329.4016095804773,2410.204597544597,0.15958757420661027,0.034688302623209856,0.1595875742066103,0.2660628481005864,false,m12_joint_hybrid_synergy,P_asymmetric_core,-0.18390677944268663,0.25
98,2026-04-14,1,3,2410.204597544597,2362.2050366264943,0.042723329333819775,-0.019915139555788164,0.042723329333819775,0.2681544943662629,false,m12_joint_hybrid_synergy,P_asymmetric_core,-0.15559789083924447,0.25
99,2026-04-18,9,17,2362.2050366264943,2480.8911538650873,0.129090484296158,0.05024378299018896,0.129090484296158,0.2395370191948666,false,m12_joint_hybrid_synergy,P_asymmetric_core,-0.1724142766843828,0.25
100,2026-04-25,9,21,2480.8911538650873,2439.1485283735838,0.15428078629388253,-0.01682565775869313,0.1542807862938825,0.2586407397188098,false,m12_joint_hybrid_synergy,P_asymmetric_core,-0.13083323919633438,0.5
1,2024-08-03,9,26,1000.0,1010.9206374428293,0.14949275830043754,0.010920637442829268,0.14949275830043754,0.26101411934910995,false,m12_joint_hybrid_synergy,P_under_expansion,0.0,1.0
2,2024-08-10,9,21,1010.9206374428293,972.8310717405722,0.11827992935900994,-0.0376780968668385,0.11827992935900994,0.2527186200470216,false,m12_joint_hybrid_synergy,P_under_expansion,0.0,1.0
3,2024-08-17,8,16,972.8310717405722,1004.3262057956828,0.09430450117260303,0.03237472051417927,0.09430450117260301,0.2669281687204369,false,m12_joint_hybrid_synergy,P_under_expansion,-0.03767809686683854,1.0
4,2024-08-24,8,19,1004.3262057956828,1133.9553775935105,0.1027510278503034,0.1290707850196224,0.10275102785030339,0.26835839234633846,false,m12_joint_hybrid_synergy,P_under_expansion,-0.006523194208229222,1.0
5,2024-08-31,9,19,1133.9553775935105,1150.5378205869513,0.0895270951158684,0.01462354103265697,0.0895270951158684,0.2661354522316203,false,m12_joint_hybrid_synergy,P_under_expansion,0.0,1.0
6,2024-09-14,8,19,1150.5378205869513,1158.1252377830217,0.1051795234435441,0.006594669953743704,0.10517952344354412,0.2534257773224737,false,m12_joint_hybrid_synergy,P_under_expansion,0.0,1.0
7,2024-09-21,9,20,1158.1252377830217,1145.3729564884056,0.08516575661979664,-0.01101114186841105,0.08516575661979664,0.2751575461918246,false,m12_joint_hybrid_synergy,P_under_expansion,0.0,1.0
8,2024-09-28,9,21,1145.3729564884056,1158.0643822796715,0.06913014219875616,0.011080605421465863,0.06913014219875616,0.2664870134287292,false,m12_joint_hybrid_synergy,P_under_expansion,-0.011011141868411012,1.0
9,2024-10-05,9,15,1158.0643822796715,1178.446064793444,0.06635423980951109,0.017599783592040806,0.06635423980951109,0.2738671902682458,false,m12_joint_hybrid_synergy,P_under_expansion,-5.254656522879486e-5,1.0
10,2024-10-19,9,22,1178.446064793444,1183.3765898393692,0.09662346992584962,0.004183920837131596,0.09662346992584962,0.2662093260463745,false,m12_joint_hybrid_synergy,P_under_expansion,0.0,1.0
11,2024-10-26,5,8,1183.3765898393692,1208.8276061082454,0.04962838615748051,0.021507114884139235,0.04962838615748051,0.27534017940080097,false,m12_joint_hybrid_synergy,P_under_expansion,0.0,1.0
12,2024-11-02,9,16,1208.8276061082454,1171.700504699315,0.10017010219729564,-0.030713313644829113,0.10017010219729564,0.2626725808967406,false,m12_joint_hybrid_synergy,P_under_expansion,0.0,1.0
13,2024-11-09,9,16,1171.700504699315,1304.5997025784898,0.08492059668076912,0.11342420468896164,0.08492059668076912,0.2625796868358015,false,m12_joint_hybrid_synergy,P_under_expansion,-0.0307133136448291,1.0
14,2024-11-16,9,17,1304.5997025784898,1390.4415681511005,0.07767326153043294,0.06579939072724589,0.07767326153043294,0.2612425096769024,false,m12_joint_hybrid_synergy,P_under_expansion,0.0,1.0
15,2024-11-23,1,2,1390.4415681511005,1373.7866064274199,0.011978181683554745,-0.011978181683554745,0.011978181683554745,0.24752272525032173,false,m12_joint_hybrid_synergy,P_under_expansion,0.0,1.0
16,2024-11-30,1,3,1373.7866064274199,1368.541961363719,0.003817656278757575,-0.003817656278757575,0.003817656278757575,0.26732655470740446,false,m12_joint_hybrid_synergy,P_under_expansion,-0.01197818168355469,1.0
17,2024-12-03,3,4,1368.541961363719,1393.89124861846,0.029077820131279485,0.018522842536359795,0.029077820131279485,0.2714353136672747,false,m12_joint_hybrid_synergy,P_under_expansion,-0.015750109381799993,1.0
18,2024-12-07,8,13,1393.89124861846,1453.9586707466028,0.04514480210842241,0.04309333471149778,0.04514480210842241,0.26135687009705644,false,m12_joint_hybrid_synergy,P_under_expansion,0.0,1.0
19,2024-12-14,9,17,1453.9586707466028,1607.709087507271,0.08355430700278897,0.10574607095380364,0.08355430700278897,0.2671734565955938,false,m12_joint_hybrid_synergy,P_under_expansion,0.0,1.0
20,2024-12-17,3,5,1607.709087507271,1607.9213604920953,0.034986920403618255,0.00013203444981062934,0.034986920403618255,0.31304075427108585,false,m12_joint_hybrid_synergy,P_under_expansion,0.0,1.0
21,2024-12-21,9,18,1607.9213604920953,1609.3190463319381,0.07291044033536105,0.0008692501226645714,0.07291044033536105,0.26672292306853146,false,m12_joint_hybrid_synergy,P_under_expansion,0.0,1.0
22,2024-12-28,8,28,1609.3190463319381,1727.22931315351,0.11753511413842985,0.07326717911548992,0.11753511413842985,0.2687697405097503,false,m12_joint_hybrid_synergy,P_under_expansion,0.0,1.0
23,2025-01-04,8,12,1727.22931315351,1730.8609603381474,0.041148737627415964,0.002102585427992106,0.04114873762741596,0.26458861289573266,false,m12_joint_hybrid_synergy,P_under_expansion,0.0,1.0
24,2025-01-08,1,2,1730.8609603381474,1721.0385621033697,0.005674862660752844,-0.005674862660752844,0.005674862660752844,0.28649190877208625,false,m12_joint_hybrid_synergy,P_under_expansion,0.0,1.0
25,2025-01-11,5,11,1721.0385621033697,1660.6581425477502,0.04843099347986928,-0.035083711013322985,0.04843099347986928,0.268366295042408,false,m12_joint_hybrid_synergy,P_under_expansion,-0.0056748626607527886,1.0
26,2025-01-14,1,2,1660.6581425477502,1632.1677147885086,0.017156106382938123,-0.017156106382938123,0.017156106382938123,0.25865480660329093,false,m12_joint_hybrid_synergy,P_under_expansion,-0.04055947843244556,1.0
27,2025-01-17,1,2,1632.1677147885086,1671.3188128747877,0.008497755233669742,0.023987178358905327,0.008497755233669742,0.2607909527929396,false,m12_joint_hybrid_synergy,P_under_expansion,-0.0570197420885602,0.75
28,2025-01-18,3,7,1671.3188128747877,1594.060714833932,0.046225829234798246,-0.046225829234798246,0.046225829234798246,0.26223609506568235,false,m12_joint_hybrid_synergy,P_under_expansion,-0.03440030645311187,1.0
29,2025-01-21,1,2,1594.060714833932,1631.9914850012171,0.010122522867278393,0.02379505988342264,0.010122522867278393,0.2532821926327182,false,m12_joint_hybrid_synergy,P_under_expansion,-0.07903595299618382,0.75
30,2025-01-25,8,14,1631.9914850012171,1595.6245563553555,0.08441214175700058,-0.0222837735246115,0.08441214175700058,0.2647738011219352,false,m12_joint_hybrid_synergy,P_under_expansion,-0.057121558347248635,0.75
31,2025-01-28,1,2,1595.6245563553555,1601.185035405175,0.010238218615353956,0.0034848292022533244,0.010238218615353956,0.3021684998637898,false,m12_joint_hybrid_synergy,P_under_expansion,-0.07813244800227725,0.75
32,2025-02-01,9,18,1601.185035405175,1774.9949955795087,0.09932789169150222,0.10855082725048773,0.0993278916915022,0.2721286093166697,false,m12_joint_hybrid_synergy,P_under_expansion,-0.07491989703646573,0.75
33,2025-02-04,1,0,1774.9949955795087,1774.9949955795087,0.0,0.0,0.0,1.0,false,m12_joint_hybrid_synergy,P_under_expansion,0.0,1.0
34,2025-02-08,8,16,1774.9949955795087,1792.1527723228994,0.06451152756348955,0.00966638034818169,0.06451152756348955,0.25821932367120254,false,m12_joint_hybrid_synergy,P_under_expansion,0.0,1.0
35,2025-02-11,1,3,1792.1527723228994,1797.6429074404266,0.006515850753694506,0.003063430307010737,0.006515850753694506,0.27909631279767216,false,m12_joint_hybrid_synergy,P_under_expansion,0.0,1.0
36,2025-02-15,8,19,1797.6429074404266,1778.2703160638982,0.07889035585174425,-0.010776662760076147,0.07889035585174428,0.26409859229359384,false,m12_joint_hybrid_synergy,P_under_expansion,0.0,1.0
37,2025-02-22,9,18,1778.2703160638982,1829.7690581029183,0.09511283004965906,0.028960018943019604,0.09511283004965906,0.2711603580048476,false,m12_joint_hybrid_synergy,P_under_expansion,-0.010776662760076161,1.0
38,2025-02-25,1,3,1829.7690581029183,1791.2344979093923,0.021059794416612373,-0.021059794416612373,0.021059794416612373,0.2696723198301303,false,m12_joint_hybrid_synergy,P_under_expansion,0.0,1.0
39,2025-03-01,9,23,1791.2344979093923,1935.456644316793,0.1152012140804886,0.08051550289798852,0.1152012140804886,0.2662446247995699,false,m12_joint_hybrid_synergy,P_under_expansion,-0.021059794416612432,1.0
40,2025-03-04,2,5,1935.456644316793,1884.36230886653,0.041312609131372774,-0.026399111341654072,0.041312609131372774,0.2617977020731812,false,m12_joint_hybrid_synergy,P_under_expansion,0.0,1.0
41,2025-03-08,9,21,1884.36230886653,1760.055102849122,0.12560874191940496,-0.06596778413180027,0.125608741919405,0.2650862796556558,false,m12_joint_hybrid_synergy,P_under_expansion,-0.02639911134165407,1.0
42,2025-03-11,2,5,1760.055102849122,1686.9142386951278,0.04155600812474346,-0.04155600812474346,0.04155600812474346,0.26833140599940714,false,m12_joint_hybrid_synergy,P_under_expansion,-0.09062540459519663,0.75
43,2025-03-15,9,21,1686.9142386951278,1813.291605571741,0.10136776479271696,0.0749162962631518,0.10136776479271696,0.25514468726763323,false,m12_joint_hybrid_synergy,P_under_expansion,-0.12841538267027397,0.5
44,2025-03-22,9,22,1813.291605571741,1794.6669797310167,0.11727837116174163,-0.010271169724437035,0.11727837116174165,0.2661714657970625,false,m12_joint_hybrid_synergy,P_under_expansion,-0.0631194912599945,0.75
45,2025-03-29,9,16,1794.6669797310167,1907.7314103244998,0.07342866988208051,0.06300022893964949,0.07342866988208048,0.2725471211936974,false,m12_joint_hybrid_synergy,P_under_expansion,-0.07274234997677997,0.75
46,2025-04-05,9,21,1907.7314103244998,1942.6940298729007,0.09274435824826986,0.018326803951114842,0.09274435824826986,0.2633743700472611,false,m12_joint_hybrid_synergy,P_under_expansion,-0.014324905739275806,1.0
47,2025-04-12,9,22,1942.6940298729007,1899.95462254932,0.12148233729856586,-0.02200007137839243,0.12148233729856586,0.2636713435807033,false,m12_joint_hybrid_synergy,P_under_expansion,0.0,1.0
48,2025-04-19,9,19,1899.95462254932,1946.8597723383432,0.10634390488707472,0.024687510550166148,0.10634390488707471,0.27181012816020256,false,m12_joint_hybrid_synergy,P_under_expansion,-0.02200007137839244,1.0
49,2025-04-26,8,16,1946.8597723383432,1881.8757572513443,0.06628365394615254,-0.03337888840804783,0.06628365394615254,0.26499719506019337,false,m12_joint_hybrid_synergy,P_under_expansion,0.0,1.0
50,2025-05-03,9,24,1881.8757572513443,1980.2520829766083,0.18728084629525407,0.052275675132215885,0.18728084629525416,0.2780356376305831,false,m12_joint_hybrid_synergy,P_under_expansion,-0.03337888840804781,1.0
51,2025-08-02,9,20,1980.2520829766083,1848.89093844039,0.12014841924258582,-0.06633556690356485,0.1201484192425858,0.2670614658070036,false,m12_joint_hybrid_synergy,P_under_expansion,0.0,1.0
52,2025-08-09,9,23,1848.89093844039,1911.1386635083454,0.187661210566041,0.03366760243871595,0.18766121056604101,0.289766223820164,false,m12_joint_hybrid_synergy,P_under_expansion,-0.06633556690356479,0.75
53,2025-08-16,6,18,1911.1386635083454,2067.9739648761997,0.11143435019381054,0.08206380016400583,0.11143435019381054,0.26263824166276695,false,m12_joint_hybrid_synergy,P_under_expansion,-0.034901323958904995,1.0
54,2025-08-23,9,24,2067.9739648761997,1934.5660161371177,0.14207371587829024,-0.06451142567796717,0.1420737158782902,0.28806358625356304,false,m12_joint_hybrid_synergy,P_under_expansion,0.0,1.0
55,2025-08-30,9,25,1934.5660161371177,1758.3260523751094,0.17917945654316964,-0.0911005167525474,0.1791794565431696,0.2763686236467886,false,m12_joint_hybrid_synergy,P_under_expansion,-0.0645114256779672,0.75
56,2025-09-13,8,20,1758.3260523751094,1650.7242945816097,0.16203588198212635,-0.06119556588958775,0.16203588198212635,0.2925033427856921,false,m12_joint_hybrid_synergy,P_under_expansion,-0.1497349182148081,0.5
57,2025-09-20,9,21,1650.7242945816097,1626.30839876919,0.12552943198876426,-0.014791019852656935,0.12552943198876426,0.27235729034679546,false,m12_joint_hybrid_synergy,P_under_expansion,-0.20176737105080955,0.25
58,2025-09-27,9,27,1626.30839876919,1855.2215973080915,0.17418611837693143,0.14075632808152855,0.17418611837693143,0.26763448637918275,false,m12_joint_hybrid_synergy,P_under_expansion,-0.2135740457126356,0.25
59,2025-10-04,9,26,1855.2215973080915,1858.005059205107,0.16427891969118563,0.0015003393131334019,0.16427891969118563,0.28513504442596255,false,m12_joint_hybrid_synergy,P_under_expansion,-0.1028796160791341,0.5
60,2025-10-07,1,3,1858.005059205107,1837.803494201603,0.01839468631991842,-0.010872717974270163,0.01839468631991842,0.2643088489737255,false,m12_joint_hybrid_synergy,P_under_expansion,-0.10153363109852431,0.5
61,2025-10-18,9,23,1837.803494201603,1982.920222873668,0.13612676299330595,0.07896204851602381,0.13612676299330598,0.25651340736250905,false,m12_joint_hybrid_synergy,P_under_expansion,-0.11130240253695656,0.5
62,2025-10-24,1,5,1982.920222873668,2067.57688962082,0.025602132331263683,0.042692926205809154,0.025602132331263683,0.25977382294246887,false,m12_joint_hybrid_synergy,P_under_expansion,-0.04112901973000582,1.0
63,2025-10-25,4,6,2067.57688962082,2140.8595884639694,0.050859099541712555,0.03544375989644037,0.05085909954171254,0.2737172029380562,false,m12_joint_hybrid_synergy,P_under_expansion,-0.0001920117284471834,1.0
64,2025-11-01,9,20,2140.8595884639694,2173.0763454444314,0.0994310929173891,0.015048514696649109,0.0994310929173891,0.2749693425201215,false,m12_joint_hybrid_synergy,P_under_expansion,0.0,1.0
65,2025-11-08,9,16,2173.0763454444314,2128.6261050000785,0.10595094542257555,-0.020454983340800058,0.10595094542257555,0.2638285526270866,false,m12_joint_hybrid_synergy,P_under_expansion,0.0,1.0
66,2025-11-15,8,22,2128.6261050000785,2193.8211947202535,0.12202669620628753,0.03062777890726477,0.12202669620628755,0.2669192803394532,false,m12_joint_hybrid_synergy,P_under_expansion,-0.020454983340800204,1.0
67,2025-11-22,9,22,2193.8211947202535,2296.9204774093723,0.1723881674734712,0.046995298859014746,0.17238816747347116,0.2685815506593757,false,m12_joint_hybrid_synergy,P_under_expansion,0.0,1.0
68,2025-11-25,1,4,2296.9204774093723,2306.0195617923264,0.025226699678072725,0.003961427690877902,0.025226699678072725,0.2682929944891216,false,m12_joint_hybrid_synergy,P_under_expansion,0.0,1.0
69,2025-12-06,8,20,2306.0195617923264,2116.752552523163,0.14283847233908267,-0.08207519676114887,0.14283847233908267,0.27093086736513927,false,m12_joint_hybrid_synergy,P_under_expansion,0.0,1.0
70,2025-12-13,9,26,2116.752552523163,2222.8904288257745,0.14415145803656762,0.05014184401294117,0.14415145803656765,0.2704222566883729,false,m12_joint_hybrid_synergy,P_under_expansion,-0.08207519676114883,0.75
71,2025-12-20,9,18,2222.8904288257745,2469.358521029296,0.0962743326429953,0.11087730146632373,0.09627433264299533,0.2664845503820461,false,m12_joint_hybrid_synergy,P_under_expansion,-0.03604875446153666,1.0
72,2025-12-27,9,25,2469.358521029296,2651.7501197715496,0.10407517513751505,0.07386193506896202,0.10407517513751503,0.26607776901469,false,m12_joint_hybrid_synergy,P_under_expansion,0.0,1.0
73,2026-01-03,4,9,2651.7501197715496,2648.492100870856,0.04868281283675841,-0.0012286296798486743,0.04868281283675841,0.2609006277715177,false,m12_joint_hybrid_synergy,P_under_expansion,0.0,1.0
74,2026-01-10,5,14,2648.492100870856,2616.1352451874327,0.0824234419135305,-0.012217085968572027,0.08242344191353049,0.2684115297775146,false,m12_joint_hybrid_synergy,P_under_expansion,-0.001228629679848603,1.0
75,2026-01-17,2,8,2616.1352451874327,2714.7250166748836,0.05553018223379064,0.03768527321697683,0.05553018223379064,0.25525473374283214,false,m12_joint_hybrid_synergy,P_under_expansion,-0.013430705373998486,1.0
76,2026-01-20,2,7,2714.7250166748836,2633.558007719307,0.04175080142395111,-0.029898795810631817,0.04175080142395111,0.25616259030942745,false,m12_joint_hybrid_synergy,P_under_expansion,0.0,1.0
77,2026-01-24,8,25,2633.558007719307,2577.2982310266634,0.15498380882589025,-0.02136264951360072,0.15498380882589025,0.27210105495913794,false,m12_joint_hybrid_synergy,P_under_expansion,-0.029898795810631817,1.0
78,2026-01-31,9,19,2577.2982310266634,2615.751659807568,0.11724852538051438,0.01492005399995423,0.1172485253805144,0.26396476141468983,false,m12_joint_hybrid_synergy,P_under_expansion,-0.05062272782845112,0.75
79,2026-02-07,5,13,2615.751659807568,2572.8945864697807,0.09019803167214924,-0.016384228669834872,0.09019803167214921,0.26196782888070846,false,m12_joint_hybrid_synergy,P_under_expansion,-0.036457967661322255,1.0
80,2026-02-10,3,10,2572.8945864697807,2581.235806905985,0.05100243761927929,0.0032419596512304567,0.05100243761927928,0.26885181508225536,false,m12_joint_hybrid_synergy,P_under_expansion,-0.05224486065215661,0.75
81,2026-02-14,6,17,2581.235806905985,2633.9707678732516,0.10416350202751165,0.020430121427177123,0.10416350202751168,0.28690537798244126,false,m12_joint_hybrid_synergy,P_under_expansion,-0.04917227673114455,1.0
82,2026-02-17,4,12,2633.9707678732516,2613.9040217040097,0.05725136259397783,-0.007618439207449713,0.05725136259397783,0.28248759200355106,false,m12_joint_hybrid_synergy,P_under_expansion,-0.02974675088843559,1.0
83,2026-02-21,9,18,2613.9040217040097,2658.269076562294,0.09376632329823342,0.016972717624636674,0.09376632329823345,0.2548072645543087,false,m12_joint_hybrid_synergy,P_under_expansion,-0.037138566282622576,1.0
84,2026-02-24,3,5,2658.269076562294,2701.6570573240265,0.016671782017421085,0.01632189199516346,0.016671782017421085,0.26890816187842154,false,m12_joint_hybrid_synergy,P_under_expansion,-0.02079619105648478,1.0
85,2026-02-28,9,21,2701.6570573240265,2771.6704894532622,0.14454386808858136,0.025914996109307597,0.14454386808858136,0.26318686487295045,false,m12_joint_hybrid_synergy,P_under_expansion,-0.004813732245656066,1.0
86,2026-03-03,2,3,2771.6704894532622,2695.130122269923,0.027615247726809598,-0.027615247726809598,0.027615247726809598,0.27352749333254117,false,m12_joint_hybrid_synergy,P_under_expansion,0.0,1.0
87,2026-03-07,9,19,2695.130122269923,2583.718184114725,0.11707950010295826,-0.04133824086436427,0.11707950010295824,0.2625572695450992,false,m12_joint_hybrid_synergy,P_under_expansion,-0.027615247726809455,1.0
88,2026-03-10,3,8,2583.718184114725,2536.3469085107026,0.05347164806765418,-0.018334536597401238,0.05347164806765417,0.2696047995711489,false,m12_joint_hybrid_synergy,P_under_expansion,-0.06781192282911408,0.75
89,2026-03-14,9,18,2536.3469085107026,2517.377959601276,0.11658170645173371,-0.0074788463856330385,0.11658170645173371,0.25923319216317714,false,m12_joint_hybrid_synergy,P_under_expansion,-0.0849031592456646,0.75
90,2026-03-17,1,3,2517.377959601276,2416.399613714663,0.04011250893076351,-0.04011250893076351,0.04011250893076351,0.25391030163692174,false,m12_joint_hybrid_synergy,P_under_expansion,-0.09174702794564438,0.75
91,2026-03-21,9,21,2416.399613714663,2313.3933405115836,0.14197475589513944,-0.04262799605597137,0.14197475589513947,0.26173560041009414,false,m12_joint_hybrid_synergy,P_under_expansion,-0.12817933339856713,0.5
92,2026-03-24,2,3,2313.3933405115836,2295.3834979152466,0.00976886758345517,-0.007785032610301543,0.00976886758345517,0.274249126005615,false,m12_joint_hybrid_synergy,P_under_expansion,-0.1653433013359673,0.25
93,2026-03-27,1,5,2295.3834979152466,2332.7486514044936,0.0350037000976447,0.016278392487871003,0.0350037000976447,0.25905672175124794,false,m12_joint_hybrid_synergy,P_under_expansion,-0.1718411309534733,0.25
94,2026-03-28,7,16,2332.7486514044936,2396.480657535838,0.07112617431557693,0.027320562844596746,0.07112617431557691,0.26555198898614196,false,m12_joint_hybrid_synergy,P_under_expansion,-0.15836003584082248,0.25
95,2026-04-04,8,20,2396.480657535838,2260.2432916526514,0.10844251589446956,-0.05684893197647247,0.1084425158944696,0.26645969968477184,false,m12_joint_hybrid_synergy,P_under_expansion,-0.13536595830748765,0.5
96,2026-04-07,1,4,2260.2432916526514,2252.4803035769028,0.01373189805803188,-0.003434580739346858,0.01373189805803188,0.27866015352610557,false,m12_joint_hybrid_synergy,P_under_expansion,-0.18451948012820774,0.25
97,2026-04-11,9,25,2252.4803035769028,2348.192737912115,0.18544463231368238,0.04249201832452075,0.18544463231368236,0.265333333838125,false,m12_joint_hybrid_synergy,P_under_expansion,-0.18732031381507208,0.25
98,2026-04-14,1,4,2348.192737912115,2312.975454006737,0.05164717141428403,-0.014997612136681514,0.05164717141428403,0.2645900553109443,false,m12_joint_hybrid_synergy,P_under_expansion,-0.15278791369773626,0.25
99,2026-04-18,9,24,2312.975454006737,2387.9246430681364,0.1548937077667636,0.032403797857675436,0.15489370776676364,0.24470269879117104,false,m12_joint_hybrid_synergy,P_under_expansion,-0.16549407196560628,0.25
100,2026-04-25,9,34,2387.9246430681364,2357.807240787826,0.19516313961769327,-0.012612375506797472,0.19516313961769324,0.2519526711838491,false,m12_joint_hybrid_synergy,P_under_expansion,-0.13845291056254783,0.5
1,2024-08-03,9,21,1000.0,1031.4569094133062,0.11565790596612893,0.031456909413306096,0.11565790596612896,0.2533939139610785,false,m12_joint_hybrid_synergy,P_pure_alpha,0.0,1.0
2,2024-08-10,9,12,1031.4569094133062,1021.8786541219846,0.036948902877802704,-0.009286141964737699,0.03694890287780271,0.19917782546126148,false,m12_joint_hybrid_synergy,P_pure_alpha,0.0,1.0
3,2024-08-17,8,8,1021.8786541219846,1028.144676853721,0.018265286245965316,0.006131865761615627,0.01826528624596532,0.15562683724442877,false,m12_joint_hybrid_synergy,P_pure_alpha,-0.00928614196473776,1.0
4,2024-08-24,8,14,1028.144676853721,1087.410903677302,0.07206428576263707,0.05764385903834535,0.07206428576263708,0.2576863563910806,false,m12_joint_hybrid_synergy,P_pure_alpha,-0.0032112175790932618,1.0
5,2024-08-31,9,14,1087.410903677302,1109.6277745324558,0.06446666760011194,0.020430980395748134,0.06446666760011195,0.2659053145107795,false,m12_joint_hybrid_synergy,P_pure_alpha,0.0,1.0
6,2024-09-14,8,12,1109.6277745324558,1165.2940316880567,0.03884727233970097,0.050166604002910724,0.03884727233970097,0.20495783081564395,false,m12_joint_hybrid_synergy,P_pure_alpha,0.0,1.0
7,2024-09-21,9,10,1165.2940316880567,1159.0597428493757,0.021952434464330407,-0.005349970624710062,0.021952434464330407,0.19693696081765494,false,m12_joint_hybrid_synergy,P_pure_alpha,0.0,1.0
8,2024-09-28,9,13,1159.0597428493757,1191.261466727461,0.021979121865295305,0.027782626457996326,0.021979121865295305,0.19261978726877424,false,m12_joint_hybrid_synergy,P_pure_alpha,-0.005349970624710099,1.0
9,2024-10-05,9,10,1191.261466727461,1213.0064327407335,0.040432088745139316,0.01825373070532408,0.040432088745139316,0.23542857763555802,false,m12_joint_hybrid_synergy,P_pure_alpha,0.0,1.0
10,2024-10-19,9,15,1213.0064327407335,1209.1056923195893,0.06487127396157469,-0.0032157623536509384,0.0648712739615747,0.25577243066390126,false,m12_joint_hybrid_synergy,P_pure_alpha,0.0,1.0
11,2024-10-26,5,6,1209.1056923195893,1238.5119846405937,0.040714313551299106,0.024320696286352278,0.040714313551299106,0.2827519678143756,false,m12_joint_hybrid_synergy,P_pure_alpha,-0.003215762353651175,1.0
12,2024-11-02,9,9,1238.5119846405937,1258.6700124252693,0.023218773658678776,0.01627600542801802,0.023218773658678776,0.17344053252972508,false,m12_joint_hybrid_synergy,P_pure_alpha,0.0,1.0
13,2024-11-09,9,12,1258.6700124252693,1307.205050671467,0.0560785664343108,0.038560574071894976,0.05607856643431079,0.25369232279394993,false,m12_joint_hybrid_synergy,P_pure_alpha,0.0,1.0
14,2024-11-16,9,10,1307.205050671467,1306.3296255863909,0.03891977274983608,-0.0006696922450127251,0.03891977274983608,0.2433743270591306,false,m12_joint_hybrid_synergy,P_pure_alpha,0.0,1.0
15,2024-11-23,1,1,1306.3296255863909,1305.0543659205875,0.000976215834675831,-0.000976215834675831,0.000976215834675831,0.048388936522202004,false,m12_joint_hybrid_synergy,P_pure_alpha,-0.0006696922450126763,1.0
16,2024-11-30,1,2,1305.0543659205875,1301.4911986829245,0.0027302826079201314,-0.0027302826079201314,0.0027302826079201314,0.26055614044931347,false,m12_joint_hybrid_synergy,P_pure_alpha,-0.0016452543155144328,1.0
17,2024-12-03,3,1,1301.4911986829245,1301.4911986829245,5.550538936375257e-17,-5.550538936375257e-17,5.550538936375257e-17,7.417677583276827e-15,false,m12_joint_hybrid_synergy,P_pure_alpha,-0.004371044914191158,1.0
18,2024-12-07,8,6,1301.4911986829245,1307.6346161476356,0.0088770645713249,0.004720291209750812,0.0088770645713249,0.14640794118153214,false,m12_joint_hybrid_synergy,P_pure_alpha,-0.004371044914191158,1.0
19,2024-12-14,9,10,1307.6346161476356,1361.756743616867,0.03515853322056425,0.041389335217109906,0.03515853322056425,0.22606657479006403,false,m12_joint_hybrid_synergy,P_pure_alpha,0.0,1.0
20,2024-12-17,3,5,1361.756743616867,1361.9365424192863,0.034986920403618255,0.00013203444981062934,0.034986920403618255,0.31304075427108585,false,m12_joint_hybrid_synergy,P_pure_alpha,0.0,1.0
21,2024-12-21,9,12,1361.9365424192863,1352.062481419915,0.03780558531391059,-0.007250015468291531,0.037805585313910595,0.23401006805926972,false,m12_joint_hybrid_synergy,P_pure_alpha,0.0,1.0
22,2024-12-28,8,20,1352.062481419915,1352.6298777342727,0.04375161934614935,0.0004196524363000815,0.04375161934614936,0.22222806629863548,false,m12_joint_hybrid_synergy,P_pure_alpha,-0.007250015468291515,1.0
23,2025-01-04,8,6,1352.6298777342727,1352.659223630964,0.00010310541987136625,2.169543729173237e-5,0.00010310541987136625,0.003195574670653528,false,m12_joint_hybrid_synergy,P_pure_alpha,-0.006833405518645974,1.0
24,2025-01-08,1,2,1352.659223630964,1344.983068310058,0.005674862660752844,-0.005674862660752844,0.005674862660752844,0.28649190877208625,false,m12_joint_hybrid_synergy,P_pure_alpha,-0.006811858335075138,1.0
25,2025-01-11,5,7,1344.983068310058,1332.4372516887552,0.02163086396228532,-0.009327862124737544,0.02163086396228532,0.24736953228629585,false,m12_joint_hybrid_synergy,P_pure_alpha,-0.012448064635311895,1.0
26,2025-01-14,1,1,1332.4372516887552,1330.9049689963208,0.001149984879582566,-0.001149984879582566,0.001149984879582566,0.056903515024713656,false,m12_joint_hybrid_synergy,P_pure_alpha,-0.021659812929411437,1.0
27,2025-01-17,1,1,1330.9049689963208,1330.9049689963201,6.106188289188235e-16,-6.106188289188235e-16,6.106188289188235e-16,1.1674515520976314e-13,false,m12_joint_hybrid_synergy,P_pure_alpha,-0.022784889351630366,1.0
28,2025-01-18,3,6,1330.9049689963201,1281.5607814349762,0.03707566558907345,-0.03707566558907345,0.03707566558907345,0.254848320632839,false,m12_joint_hybrid_synergy,P_pure_alpha,-0.02278488935163092,1.0
29,2025-01-21,1,2,1281.5607814349762,1312.0555969734676,0.010122522867278393,0.02379505988342264,0.010122522867278393,0.2532821926327182,false,m12_joint_hybrid_synergy,P_pure_alpha,-0.05901579000261936,0.75
30,2025-01-25,8,9,1312.0555969734676,1261.1503351326228,0.03879809815854483,-0.03879809815854483,0.03879809815854483,0.23189975843950258,false,m12_joint_hybrid_synergy,P_pure_alpha,-0.03662501437637644,1.0
31,2025-01-28,1,1,1261.1503351326228,1265.8613863490027,0.002562072381215585,0.0037355191408520835,0.002562072381215585,0.13866699353306627,false,m12_joint_hybrid_synergy,P_pure_alpha,-0.07400213163208846,0.75
32,2025-02-01,9,11,1265.8613863490027,1338.9535749321121,0.03944910916840611,0.057741068154327724,0.03944910916840612,0.25177014590363095,false,m12_joint_hybrid_synergy,P_pure_alpha,-0.07054304887041196,0.75
33,2025-02-04,1,0,1338.9535749321121,1338.9535749321121,0.0,0.0,0.0,1.0,false,m12_joint_hybrid_synergy,P_pure_alpha,-0.016875211708724858,1.0
34,2025-02-08,8,10,1338.9535749321121,1365.700571327917,0.04031064188214484,0.019976044649017064,0.04031064188214484,0.24833197658900102,false,m12_joint_hybrid_synergy,P_pure_alpha,-0.016875211708724858,1.0
35,2025-02-11,1,1,1365.700571327917,1371.0771771670738,0.0037898390581236337,0.00393688481357883,0.0037898390581236337,0.3630005871522367,false,m12_joint_hybrid_synergy,P_pure_alpha,0.0,1.0
36,2025-02-15,8,12,1371.0771771670738,1395.2480532558989,0.028311891970755978,0.017629114167567888,0.028311891970755974,0.1975537355282311,false,m12_joint_hybrid_synergy,P_pure_alpha,0.0,1.0
37,2025-02-22,9,12,1395.2480532558989,1432.2097224901752,0.06214488205845242,0.026491109697679878,0.06214488205845241,0.2486701564007617,false,m12_joint_hybrid_synergy,P_pure_alpha,0.0,1.0
38,2025-02-25,1,2,1432.2097224901752,1422.736326650315,0.006614531161950709,-0.006614531161950709,0.006614531161950709,0.1751751871443333,false,m12_joint_hybrid_synergy,P_pure_alpha,0.0,1.0
39,2025-03-01,9,16,1422.736326650315,1440.6056271241769,0.050933742203776056,0.012559811778991526,0.050933742203776056,0.21902099976253672,false,m12_joint_hybrid_synergy,P_pure_alpha,-0.006614531161950765,1.0
40,2025-03-04,2,4,1440.6056271241769,1388.839653206675,0.03593348029664464,-0.03593348029664464,0.03593348029664464,0.2611002304400131,false,m12_joint_hybrid_synergy,P_pure_alpha,0.0,1.0
41,2025-03-08,9,18,1388.839653206675,1300.9342291963462,0.10338914094812991,-0.06329414904547487,0.10338914094812993,0.2582453854263604,false,m12_joint_hybrid_synergy,P_pure_alpha,-0.03593348029664456,1.0
42,2025-03-11,2,3,1300.9342291963462,1278.7115927088278,0.017082059944911004,-0.017082059944911004,0.017082059944911004,0.2347167546852543,false,m12_joint_hybrid_synergy,P_pure_alpha,-0.09695325028450086,0.75
43,2025-03-15,9,14,1278.7115927088278,1299.6545646898749,0.03784472481763136,0.016378182617928373,0.03784472481763137,0.1862892590823813,false,m12_joint_hybrid_synergy,P_pure_alpha,-0.11237914899619794,0.5
44,2025-03-22,9,16,1299.6545646898749,1319.5724120254142,0.07251308123364439,0.015325493309287301,0.07251308123364437,0.24993512644358673,false,m12_joint_hybrid_synergy,P_pure_alpha,-0.09784153260297679,0.75
45,2025-03-29,9,9,1319.5724120254142,1323.959193362415,0.03447085650699819,0.003324396067258916,0.03447085650699819,0.2580845789548379,false,m12_joint_hybrid_synergy,P_pure_alpha,-0.08401550904696686,0.75
46,2025-04-05,9,14,1323.959193362415,1300.9437556470516,0.0489297845451301,-0.017383796895515863,0.0489297845451301,0.2411274431659818,false,m12_joint_hybrid_synergy,P_pure_alpha,-0.08097041380757242,0.75
47,2025-04-12,9,14,1300.9437556470516,1247.5274041897394,0.05424009124267948,-0.041059693184617586,0.054240091242679485,0.22695400431183274,false,m12_joint_hybrid_synergy,P_pure_alpha,-0.09694663747491161,0.75
48,2025-04-19,9,14,1247.5274041897394,1260.2622092941438,0.0712245834406331,0.010208036361874916,0.0712245834406331,0.26230756776648073,false,m12_joint_hybrid_synergy,P_pure_alpha,-0.13402573146952912,0.5
49,2025-04-26,8,8,1260.2622092941438,1263.9570600758982,0.004991425377729265,0.0029318111377979847,0.004991425377729265,0.07542091443106692,false,m12_joint_hybrid_synergy,P_pure_alpha,-0.125185834647922,0.5
50,2025-05-03,9,16,1263.9570600758982,1371.607853305578,0.10008929358940821,0.08516966013324494,0.10008929358940821,0.2642662273652333,false,m12_joint_hybrid_synergy,P_pure_alpha,-0.12262104473443924,0.5
51,2025-08-02,9,16,1371.607853305578,1318.3703102793472,0.08754398972607194,-0.03881396778089905,0.08754398972607194,0.25891657126993833,false,m12_joint_hybrid_synergy,P_pure_alpha,-0.047894977306410014,1.0
52,2025-08-09,9,17,1318.3703102793472,1295.3553179991495,0.1288009360466652,-0.01745715304778137,0.1288009360466652,0.2932310611621241,false,m12_joint_hybrid_synergy,P_pure_alpha,-0.08484995098127102,0.75
53,2025-08-16,6,12,1295.3553179991495,1293.7197959011303,0.01656083986615904,-0.0012626049974810102,0.016560839866159038,0.11020193698205383,false,m12_joint_hybrid_synergy,P_pure_alpha,-0.10082586544867567,0.5
54,2025-08-23,9,19,1293.7197959011303,1248.9241543013304,0.10916155899389227,-0.034625458883542536,0.10916155899389227,0.30441200504160854,false,m12_joint_hybrid_synergy,P_pure_alpha,-0.10196116720456583,0.5
55,2025-08-30,9,14,1248.9241543013304,1242.1872510252992,0.04730912289494262,-0.005394165252412893,0.04730912289494262,0.2081056880849805,false,m12_joint_hybrid_synergy,P_pure_alpha,-0.13305617388534885,0.5
56,2025-09-13,8,16,1242.1872510252992,1192.691337666403,0.10582403316140408,-0.039845774715561236,0.10582403316140408,0.2754131500209949,false,m12_joint_hybrid_synergy,P_pure_alpha,-0.13773261214797017,0.5
57,2025-09-20,9,14,1192.691337666403,1201.141690753952,0.07623069316074355,0.00708511315600128,0.07623069316074356,0.24945219489587786,false,m12_joint_hybrid_synergy,P_pure_alpha,-0.17209032422889758,0.25
58,2025-09-27,9,18,1201.141690753952,1230.3109034408183,0.08012547888050868,0.02428457267897929,0.0801254788805087,0.23123389038417158,false,m12_joint_hybrid_synergy,P_pure_alpha,-0.16622449049311094,0.25
59,2025-10-04,9,21,1230.3109034408183,1263.751643536516,0.12858931103040527,0.027180723183200223,0.1285893110304053,0.29246167505211335,false,m12_joint_hybrid_synergy,P_pure_alpha,-0.14597660853453798,0.5
60,2025-10-07,1,3,1263.751643536516,1250.011228326823,0.01839468631991842,-0.010872717974270163,0.01839468631991842,0.2643088489737255,false,m12_joint_hybrid_synergy,P_pure_alpha,-0.12276363513913757,0.5
61,2025-10-18,9,10,1250.011228326823,1314.078650293546,0.06908207610761857,0.05125347718074423,0.06908207610761857,0.30436596268913707,false,m12_joint_hybrid_synergy,P_pure_alpha,-0.13230157873104376,0.5
62,2025-10-24,1,3,1314.078650293546,1303.1714121246353,0.00830029326362952,-0.00830029326362952,0.00830029326362952,0.21157106527778888,false,m12_joint_hybrid_synergy,P_pure_alpha,-0.08782901749676741,0.75
63,2025-10-25,4,4,1303.1714121246353,1300.0953571818945,0.032968670301512196,-0.002360437709207932,0.0329686703015122,0.27298864470105727,false,m12_joint_hybrid_synergy,P_pure_alpha,-0.09540030415811718,0.75
64,2025-11-01,9,13,1300.0953571818945,1321.9353274761017,0.06268451485683774,0.01679874493325458,0.06268451485683774,0.25330019301810397,false,m12_joint_hybrid_synergy,P_pure_alpha,-0.09753555539192038,0.75
65,2025-11-08,9,7,1321.9353274761017,1344.923225543344,0.03545430003202478,0.017389578438100853,0.03545430003202478,0.2273463199645177,false,m12_joint_hybrid_synergy,P_pure_alpha,-0.08237528537561789,0.75
66,2025-11-15,8,16,1344.923225543344,1403.0715299052717,0.08394932492278386,0.04323540798281353,0.08394932492278384,0.26150862181375417,false,m12_joint_hybrid_synergy,P_pure_alpha,-0.06641817842391728,0.75
67,2025-11-22,9,16,1403.0715299052717,1446.657488842894,0.10304811705601657,0.03106467347432021,0.10304811705601655,0.28366336597331765,false,m12_joint_hybrid_synergy,P_pure_alpha,-0.026054387482737362,1.0
68,2025-11-25,1,3,1446.657488842894,1449.4827706579513,0.020341306502695104,0.001952972169878905,0.020341306502695104,0.26992812070104,false,m12_joint_hybrid_synergy,P_pure_alpha,0.0,1.0
69,2025-12-06,8,12,1449.4827706579513,1419.9795391887005,0.05607255441439363,-0.020354316771808545,0.05607255441439363,0.22121600579433837,false,m12_joint_hybrid_synergy,P_pure_alpha,0.0,1.0
70,2025-12-13,9,17,1419.9795391887005,1461.4186834848156,0.062319451088030026,0.029182916480466555,0.06231945108803004,0.25157395603208876,false,m12_joint_hybrid_synergy,P_pure_alpha,-0.020354316771808656,1.0
71,2025-12-20,9,14,1461.4186834848156,1549.390033595067,0.06548680536427895,0.060195857015102605,0.06548680536427895,0.2506222093290669,false,m12_joint_hybrid_synergy,P_pure_alpha,0.0,1.0
72,2025-12-27,9,15,1549.390033595067,1647.142143194222,0.05028573815900533,0.06309070503851094,0.05028573815900535,0.2543961861341007,false,m12_joint_hybrid_synergy,P_pure_alpha,0.0,1.0
73,2026-01-03,4,5,1647.142143194222,1674.6602273123012,0.022816618497011828,0.01670656308065482,0.022816618497011828,0.23625012663736888,false,m12_joint_hybrid_synergy,P_pure_alpha,0.0,1.0
74,2026-01-10,5,10,1674.6602273123012,1667.341290668379,0.04264647783615142,-0.004370400947342335,0.042646477836151414,0.2564592143449796,false,m12_joint_hybrid_synergy,P_pure_alpha,0.0,1.0
75,2026-01-17,2,6,1667.341290668379,1620.0689688939347,0.02835191693447147,-0.02835191693447147,0.028351916934471474,0.23386995311167577,false,m12_joint_hybrid_synergy,P_pure_alpha,-0.004370400947342312,1.0
76,2026-01-20,2,5,1620.0689688939347,1580.383522306865,0.02828436785252686,-0.024496146367252652,0.02828436785252686,0.25673482756141286,false,m12_joint_hybrid_synergy,P_pure_alpha,-0.03259840863718444,1.0
77,2026-01-24,8,19,1580.383522306865,1519.3566115488445,0.10281460590793422,-0.03861525376380801,0.10281460590793423,0.2704963755345058,false,m12_joint_hybrid_synergy,P_pure_alpha,-0.056296019615120985,0.75
78,2026-01-31,9,14,1519.3566115488445,1539.3454337530875,0.037188059632181227,0.013156109666621339,0.037188059632181227,0.18096964861340195,false,m12_joint_hybrid_synergy,P_pure_alpha,-0.09273738829559885,0.75
79,2026-02-07,5,9,1539.3454337530875,1516.7119663660612,0.0488451957084375,-0.014703306282491424,0.0488451957084375,0.2609712016262757,false,m12_joint_hybrid_synergy,P_pure_alpha,-0.08080134187959032,0.75
80,2026-02-10,3,7,1516.7119663660612,1551.4120203821249,0.019943874939118526,0.02287847316138906,0.019943874939118526,0.21224064773901852,false,m12_joint_hybrid_synergy,P_pure_alpha,-0.0943166012843899,0.75
81,2026-02-14,6,11,1551.4120203821249,1566.798303246721,0.06655881055055954,0.009917599362680182,0.06655881055055954,0.29214433104567,false,m12_joint_hybrid_synergy,P_pure_alpha,-0.07359594795415914,0.75
82,2026-02-17,4,10,1566.798303246721,1576.2683199173703,0.04029713507840231,0.00604418363935247,0.04029713507840232,0.27374578576218256,false,m12_joint_hybrid_synergy,P_pure_alpha,-0.06440824371800502,0.75
83,2026-02-21,9,11,1576.2683199173703,1645.3022327850663,0.036457908047807026,0.04379578780807766,0.036457908047807026,0.18466138537044355,false,m12_joint_hybrid_synergy,P_pure_alpha,-0.05875335533157211,0.75
84,2026-02-24,3,4,1645.3022327850663,1680.535253222239,0.01162936844074168,0.021414315093666567,0.01162936844074168,0.26931575421217924,false,m12_joint_hybrid_synergy,P_pure_alpha,-0.017530717006608687,1.0
85,2026-02-28,9,16,1680.535253222239,1609.3731735821896,0.09508066299853898,-0.04234488952469386,0.09508066299853898,0.24473067139431395,false,m12_joint_hybrid_synergy,P_pure_alpha,0.0,1.0
86,2026-03-03,2,2,1609.3731735821896,1577.9047565084372,0.019553213381647897,-0.019553213381647897,0.019553213381647897,0.27475740255924214,false,m12_joint_hybrid_synergy,P_pure_alpha,-0.04234488952469395,1.0
87,2026-03-07,9,11,1577.9047565084372,1573.4599284078802,0.028237006230478475,-0.002816917866698413,0.02823700623047848,0.17978024705867318,false,m12_joint_hybrid_synergy,P_pure_alpha,-0.06107012424584324,0.75
88,2026-03-10,3,6,1573.4599284078802,1585.793556979503,0.020557589305758513,0.007838539990086092,0.020557589305758513,0.21788167629783559,false,m12_joint_hybrid_synergy,P_pure_alpha,-0.06371501258843204,0.75
89,2026-03-14,9,13,1585.793556979503,1628.2781100070551,0.06867842810217771,0.026790721175884682,0.06867842810217772,0.23094372665444535,false,m12_joint_hybrid_synergy,P_pure_alpha,-0.05637590527248948,0.75
90,2026-03-17,1,2,1628.2781100070551,1599.5976746704248,0.01761396604202098,-0.01761396604202098,0.01761396604202098,0.21495201216261092,false,m12_joint_hybrid_synergy,P_pure_alpha,-0.031095535255798112,1.0
91,2026-03-21,9,14,1599.5976746704248,1627.395033107643,0.06409253640458618,0.0173777187085155,0.06409253640458618,0.22423257655930126,false,m12_joint_hybrid_synergy,P_pure_alpha,-0.048161785595765005,1.0
92,2026-03-24,2,1,1627.395033107643,1627.395033107647,1.165733220090118e-15,2.4861456745255297e-15,1.165733220090118e-15,5.048426954257224e-13,false,m12_joint_hybrid_synergy,P_pure_alpha,-0.03162100884983243,1.0
93,2026-03-27,1,3,1627.395033107647,1664.8050765687897,0.011189851236986511,0.02298768442822699,0.011189851236986511,0.24056152972667144,false,m12_joint_hybrid_synergy,P_pure_alpha,-0.03162100884983021,1.0
94,2026-03-28,7,9,1664.8050765687897,1647.1324982029205,0.02574099672482856,-0.010615403938035107,0.02574099672482856,0.2249184846779092,false,m12_joint_hybrid_synergy,P_pure_alpha,-0.009360218194345182,1.0
95,2026-04-04,8,12,1647.1324982029205,1613.655139060969,0.040380429152391616,-0.02032463033695014,0.040380429152391616,0.23025669212694277,false,m12_joint_hybrid_synergy,P_pure_alpha,-0.019876259635299154,1.0
96,2026-04-07,1,3,1613.655139060969,1599.8074863949855,0.00858154405534367,-0.00858154405534367,0.00858154405534367,0.24205130955493423,false,m12_joint_hybrid_synergy,P_pure_alpha,-0.03979691234268046,1.0
97,2026-04-11,9,18,1599.8074863949855,1658.073122539959,0.11084541680863884,0.0364204047302402,0.11084541680863887,0.2483832155065861,false,m12_joint_hybrid_synergy,P_pure_alpha,-0.04803693744148885,1.0
98,2026-04-14,1,3,1658.073122539959,1625.0523649108743,0.042723329333819775,-0.019915139555788164,0.042723329333819775,0.2681544943662629,false,m12_joint_hybrid_synergy,P_pure_alpha,-0.01336605741486896,1.0
99,2026-04-18,9,16,1625.0523649108743,1678.3581854465788,0.09601952575229304,0.03280252482117896,0.09601952575229307,0.24297396334105814,false,m12_joint_hybrid_synergy,P_pure_alpha,-0.03301501007192942,1.0
100,2026-04-25,9,23,1678.3581854465788,1738.0712094150788,0.10580846531493683,0.03557823621100978,0.10580846531493683,0.2359821117637162,false,m12_joint_hybrid_synergy,P_pure_alpha,-0.0012954609381063964,1.0
1,2024-08-03,9,29,1000.0,1001.8725336560661,0.16110201289942397,0.001872533656066181,0.16110201289942394,0.26324031357778555,false,m13_joint_composite,P_baseline,0.0,1.0
2,2024-08-10,9,23,1001.8725336560661,961.2123214967431,0.1260055008495911,-0.040584216847371075,0.12600550084959114,0.2529255327547205,false,m13_joint_composite,P_baseline,0.0,1.0
3,2024-08-17,8,22,961.2123214967431,1009.768504131508,0.11436411394486652,0.05051556409426391,0.11436411394486654,0.2693126597714554,false,m13_joint_composite,P_baseline,-0.040584216847371235,1.0
4,2024-08-24,8,22,1009.768504131508,1143.4422704983926,0.10764646304113151,0.1323806058714973,0.10764646304113148,0.26897576400393874,false,m13_joint_composite,P_baseline,0.0,1.0
5,2024-08-31,9,18,1143.4422704983926,1160.1545100423273,0.08946517745116235,0.01461572654354482,0.08946517745116236,0.26548145018550284,false,m13_joint_composite,P_baseline,0.0,1.0
6,2024-09-14,8,22,1160.1545100423273,1192.1311092353722,0.11437017806142649,0.027562362526934867,0.11437017806142649,0.25392166808828787,false,m13_joint_composite,P_baseline,0.0,1.0
7,2024-09-21,9,18,1192.1311092353722,1178.3015864744364,0.08225687680755013,-0.011600672655716548,0.08225687680755013,0.27328501053094745,false,m13_joint_composite,P_baseline,0.0,1.0
8,2024-09-28,9,24,1178.3015864744364,1191.8096281293863,0.06768959963650935,0.011463993437679103,0.06768959963650936,0.26707281007232087,false,m13_joint_composite,P_baseline,-0.011600672655716515,1.0
9,2024-10-05,9,20,1191.8096281293863,1211.056913179171,0.09063164856915756,0.016149630440555163,0.09063164856915755,0.2726890779510493,false,m13_joint_composite,P_baseline,-0.00026966925323512747,1.0
10,2024-10-19,9,26,1211.056913179171,1209.3290536189465,0.09718812396081308,-0.0014267368786895222,0.09718812396081311,0.26482636622089617,false,m13_joint_composite,P_baseline,0.0,1.0
11,2024-10-26,5,8,1209.3290536189465,1228.7099716932373,0.049003157225150765,0.01602617419658673,0.049003157225150765,0.27740076407031,false,m13_joint_composite,P_baseline,-0.0014267368786894385,1.0
12,2024-11-02,9,17,1228.7099716932373,1183.5566107886882,0.10719527402156577,-0.03674859156740215,0.10719527402156577,0.26434491572488783,false,m13_joint_composite,P_baseline,0.0,1.0
13,2024-11-09,9,19,1183.5566107886882,1304.6995604027024,0.08655935474158079,0.10235501074451182,0.0865593547415808,0.2640403587286933,false,m13_joint_composite,P_baseline,-0.03674859156740218,1.0
14,2024-11-16,9,23,1304.6995604027024,1373.9873972372432,0.08636960546886449,0.05310635408902467,0.08636960546886452,0.26208623296829336,false,m13_joint_composite,P_baseline,0.0,1.0
15,2024-11-23,1,3,1373.9873972372432,1362.2881200416998,0.0289954725305784,-0.008514835885007177,0.0289954725305784,0.27800133607376015,false,m13_joint_composite,P_baseline,0.0,1.0
16,2024-11-30,1,2,1362.2881200416998,1354.503413090162,0.005714435028105256,-0.005714435028105256,0.005714435028105256,0.27470932998595055,false,m13_joint_composite,P_baseline,-0.008514835885007233,1.0
17,2024-12-03,3,6,1354.503413090162,1370.776044952588,0.03130482971610768,0.012013725255443714,0.03130482971610768,0.2713015482408155,false,m13_joint_composite,P_baseline,-0.01418061343667254,1.0
18,2024-12-07,8,16,1370.776044952588,1439.0377216433096,0.05541414469307328,0.04979783309029362,0.055414144693073285,0.2643598940848135,false,m13_joint_composite,P_baseline,-0.002337250175010519,1.0
19,2024-12-14,9,22,1439.0377216433096,1578.3220303523212,0.08896297065490943,0.09678989411754677,0.08896297065490943,0.2710764681724848,false,m13_joint_composite,P_baseline,0.0,1.0
20,2024-12-17,3,7,1578.3220303523212,1568.6152482784732,0.03560735461687829,-0.006150064364039415,0.03560735461687829,0.2800108121313581,false,m13_joint_composite,P_baseline,0.0,1.0
21,2024-12-21,9,24,1568.6152482784732,1579.8400135462414,0.08290212254572761,0.007155843525101004,0.08290212254572764,0.2684538402225366,false,m13_joint_composite,P_baseline,-0.006150064364039309,1.0
22,2024-12-28,8,32,1579.8400135462414,1705.6103215125124,0.14069219557472362,0.0796095217793329,0.14069219557472362,0.2699771683101026,false,m13_joint_composite,P_baseline,0.0,1.0
23,2025-01-04,8,16,1705.6103215125124,1672.4330840553246,0.06673842129745831,-0.019451827324641666,0.0667384212974583,0.2681185429226621,false,m13_joint_composite,P_baseline,0.0,1.0
24,2025-01-08,1,5,1672.4330840553246,1708.4802746169858,0.02000355318692402,0.021553741614734084,0.02000355318692402,0.27214675343411404,false,m13_joint_composite,P_baseline,-0.01945182732464157,1.0
25,2025-01-11,5,16,1708.4802746169858,1634.6510837025044,0.06194889029657679,-0.04321337039201853,0.06194889029657679,0.2721536319121216,false,m13_joint_composite,P_baseline,0.0,1.0
26,2025-01-14,1,2,1634.6510837025044,1610.5247417660994,0.014759322143388874,-0.014759322143388874,0.014759322143388874,0.25905806505987455,false,m13_joint_composite,P_baseline,-0.04321337039201856,1.0
27,2025-01-17,1,3,1610.5247417660994,1646.3012394177645,0.01397112338530887,0.02221418691924763,0.01397112338530887,0.26805039908466677,false,m13_joint_composite,P_baseline,-0.057334892480890076,0.75
28,2025-01-18,3,9,1646.3012394177645,1558.4114999991316,0.053386183108090436,-0.053386183108090436,0.05338618310809044,0.26353750959701666,false,m13_joint_composite,P_baseline,-0.03639435358020793,1.0
29,2025-01-21,1,4,1558.4114999991316,1606.0885488618044,0.016558071274194,0.03059336308972259,0.016558071274194,0.2686794229631678,false,m13_joint_composite,P_baseline,-0.08783758106396466,0.75
30,2025-01-25,8,16,1606.0885488618044,1563.2398970786903,0.09667195034965169,-0.026678885054924162,0.09667195034965169,0.2655328326319781,false,m13_joint_composite,P_baseline,-0.05993146498465485,0.75
31,2025-01-28,1,4,1563.2398970786903,1596.6582317486996,0.018135692517049877,0.02137761116029596,0.018135692517049877,0.2763970730916884,false,m13_joint_composite,P_baseline,-0.08501144537408023,0.75
32,2025-02-01,9,21,1596.6582317486996,1803.740417380315,0.11394357866829564,0.12969725236991617,0.11394357866829566,0.26992844737672744,false,m13_joint_composite,P_baseline,-0.06545117583716609,0.75
33,2025-02-04,1,1,1803.740417380315,1805.4849098270406,0.011610476803327885,0.0009671527177172124,0.011610476803327885,0.28928334674083395,false,m13_joint_composite,P_baseline,0.0,1.0
34,2025-02-08,8,23,1805.4849098270406,1813.1066942041123,0.09622909756464663,0.004221461135225736,0.09622909756464662,0.27129516715342505,false,m13_joint_composite,P_baseline,0.0,1.0
35,2025-02-11,1,3,1813.1066942041123,1818.0884206666726,0.007806397424693635,0.002747619033389042,0.007806397424693635,0.27874874915143977,false,m13_joint_composite,P_baseline,0.0,1.0
36,2025-02-15,8,26,1818.0884206666726,1818.605778802682,0.09216992726828724,0.00028456159234528655,0.09216992726828727,0.2662443134986299,false,m13_joint_composite,P_baseline,0.0,1.0
37,2025-02-22,9,26,1818.605778802682,1842.592821698989,0.13591006114338644,0.013189798017742775,0.13591006114338644,0.2710979225695418,false,m13_joint_composite,P_baseline,0.0,1.0
38,2025-02-25,1,3,1842.592821698989,1802.6378186782997,0.02168411954619914,-0.02168411954619914,0.02168411954619914,0.26963446825387916,false,m13_joint_composite,P_baseline,0.0,1.0
39,2025-03-01,9,27,1802.6378186782997,1917.6010206744454,0.12768680419136236,0.06377498619242179,0.12768680419136236,0.26712823402062136,false,m13_joint_composite,P_baseline,-0.021684119546199088,1.0
40,2025-03-04,2,6,1917.6010206744454,1861.1794722141926,0.04214273793038644,-0.02942298624789466,0.04214273793038644,0.26198876220119166,false,m13_joint_composite,P_baseline,0.0,1.0
41,2025-03-08,9,27,1861.1794722141926,1727.2542324143578,0.14623879840737716,-0.07195718725637336,0.1462387984073772,0.2681331145997828,false,m13_joint_composite,P_baseline,-0.029422986247894523,1.0
42,2025-03-11,2,7,1727.2542324143578,1669.43223982922,0.04757633938398867,-0.03347624889262211,0.047576339383988676,0.26768783329726425,false,m13_joint_composite,P_baseline,-0.09926297817318652,0.75
43,2025-03-15,9,25,1669.43223982922,1780.7364609092526,0.11088065289151179,0.06667190103589885,0.1108806528915118,0.25665544229626186,false,m13_joint_composite,P_baseline,-0.12941627490266006,0.5
44,2025-03-22,9,33,1780.7364609092526,1751.3843868986107,0.14384960181823153,-0.016483109463403995,0.14384960181823153,0.2659584501470669,false,m13_joint_composite,P_baseline,-0.07137280293950599,0.75
45,2025-03-29,9,20,1751.3843868986107,1870.7198800143567,0.1001786262756411,0.06813780801544536,0.10017862627564111,0.27056780910415595,false,m13_joint_composite,P_baseline,-0.08667946667934823,0.75
46,2025-04-05,9,23,1870.7198800143567,1924.5974297482476,0.09820268421273762,0.02880043683155662,0.09820268421273765,0.26251433450790357,false,m13_joint_composite,P_baseline,-0.024447807523381493,1.0
47,2025-04-12,9,29,1924.5974297482476,1886.4436497617485,0.13757705769930006,-0.019824291250087455,0.1375770576993001,0.2669491141692754,false,m13_joint_composite,P_baseline,0.0,1.0
48,2025-04-19,9,22,1886.4436497617485,1928.1063989576553,0.1139957731669667,0.02208533989402157,0.11399577316696669,0.2709151943873707,false,m13_joint_composite,P_baseline,-0.019824291250087556,1.0
49,2025-04-26,8,17,1928.1063989576553,1873.176374615247,0.0645864229014402,-0.028489104321267646,0.06458642290144023,0.26715379428569463,false,m13_joint_composite,P_baseline,0.0,1.0
50,2025-05-03,9,29,1873.176374615247,1918.8055355438444,0.2,0.024359244301257948,0.2,0.2752532887029542,true,m13_joint_composite,P_baseline,-0.028489104321267722,1.0
51,2025-08-02,9,27,1918.8055355438444,1791.566965141066,0.12869808852985398,-0.06631134215834726,0.12869808852985395,0.26999660501765244,false,m13_joint_composite,P_baseline,-0.004823833072095551,1.0
52,2025-08-09,9,29,1791.566965141066,1846.3054703533855,0.20000000000000004,0.030553424056917484,0.2,0.29313670689233506,true,m13_joint_composite,P_baseline,-0.07081530038508421,0.75
53,2025-08-16,6,21,1846.3054703533855,1999.4554410531755,0.11120331677206988,0.08294942151174853,0.11120331677206982,0.2623239969705112,false,m13_joint_composite,P_baseline,-0.04242552623055018,1.0
54,2025-08-23,9,31,1999.4554410531755,1856.0958654708083,0.16078372922770856,-0.07169931004156575,0.1607837292277086,0.2861000999763142,false,m13_joint_composite,P_baseline,0.0,1.0
55,2025-08-30,9,29,1856.0958654708083,1704.9577052644406,0.1897434784896598,-0.08142799249651396,0.1897434784896598,0.27955559194718727,false,m13_joint_composite,P_baseline,-0.07169931004156571,0.75
56,2025-09-13,8,24,1704.9577052644406,1619.3667150821323,0.1777098829228505,-0.0502012395486569,0.17770988292285056,0.28502507769817637,false,m13_joint_composite,P_baseline,-0.14728897165800992,0.5
57,2025-09-20,9,23,1619.3667150821323,1582.6719744309803,0.14253685227581753,-0.022659932620197738,0.14253685227581747,0.2741470582547047,false,m13_joint_composite,P_baseline,-0.19009612225758765,0.25
58,2025-09-27,9,32,1582.6719744309803,1812.0351058073309,0.18772211167203756,0.14492145882523375,0.18772211167203756,0.2677606914025062,false,m13_joint_composite,P_baseline,-0.20844848955606754,0.25
59,2025-10-04,9,32,1812.0351058073309,1856.7195815399018,0.18178265609299654,0.024659828934529386,0.18178265609299654,0.279626658356674,false,m13_joint_composite,P_baseline,-0.09373568992721559,0.75
60,2025-10-07,1,4,1856.7195815399018,1841.7945532346803,0.014906326701875847,-0.008038385792669413,0.014906326701875847,0.26578857882374474,false,m13_joint_composite,P_baseline,-0.0713873670713513,0.75
61,2025-10-18,9,27,1841.7945532346803,1997.8863366972746,0.18061015190337593,0.08474983444187935,0.18061015190337598,0.2713411812887082,false,m13_joint_composite,P_baseline,-0.07885191366677835,0.75
62,2025-10-24,1,6,1997.8863366972746,2096.9704695651267,0.031914226039914194,0.0495944794495411,0.031914226039914194,0.26917832093435584,false,m13_joint_composite,P_baseline,-0.0007847658535837798,1.0
63,2025-10-25,4,12,2096.9704695651267,2156.6391252890944,0.06888544340629316,0.028454695280635846,0.06888544340629314,0.27252635100649075,false,m13_joint_composite,P_baseline,0.0,1.0
64,2025-11-01,9,26,2156.6391252890944,2198.7355012547614,0.12142380419936458,0.019519434416281393,0.12142380419936458,0.2730292023736569,false,m13_joint_composite,P_baseline,0.0,1.0
65,2025-11-08,9,25,2198.7355012547614,2167.947077857423,0.11880458025468596,-0.014002786319577005,0.11880458025468596,0.26390085566751115,false,m13_joint_composite,P_baseline,0.0,1.0
66,2025-11-15,8,28,2167.947077857423,2250.8016876138972,0.13335951255863215,0.03821800384461391,0.13335951255863218,0.26764009138151296,false,m13_joint_composite,P_baseline,-0.014002786319576854,1.0
67,2025-11-22,9,36,2250.8016876138972,2359.6672188150815,0.19999999999999993,0.04836744694135803,0.2,0.2682667452734378,true,m13_joint_composite,P_baseline,0.0,1.0
68,2025-11-25,1,5,2359.6672188150815,2368.0539636597446,0.028497285456594416,0.0035542066176919487,0.028497285456594416,0.26636701165780413,false,m13_joint_composite,P_baseline,0.0,1.0
69,2025-12-06,8,21,2368.0539636597446,2163.830641928492,0.1382089184285527,-0.08624099149144092,0.1382089184285527,0.2714482713999244,false,m13_joint_composite,P_baseline,0.0,1.0
70,2025-12-13,9,34,2163.830641928492,2242.7338999278168,0.17295779196998598,0.036464618103847296,0.172957791969986,0.272358131669077,false,m13_joint_composite,P_baseline,-0.08624099149144082,0.75
71,2025-12-20,9,28,2242.7338999278168,2475.26900889932,0.12256077696391225,0.10368377139124148,0.12256077696391222,0.2654504305453143,false,m13_joint_composite,P_baseline,-0.052921118207226114,0.75
72,2025-12-27,9,38,2475.26900889932,2691.866437342014,0.15927443101487865,0.08750460158631755,0.15927443101487865,0.2724732121375637,false,m13_joint_composite,P_baseline,0.0,1.0
73,2026-01-03,4,12,2691.866437342014,2670.8253925316258,0.04278913472933715,-0.007816526302532411,0.042789134729337146,0.2623003281564329,false,m13_joint_composite,P_baseline,0.0,1.0
74,2026-01-10,5,18,2670.8253925316258,2627.4056826263895,0.10408431877184371,-0.01625703800280227,0.1040843187718437,0.2707070348736846,false,m13_joint_composite,P_baseline,-0.007816526302532378,1.0
75,2026-01-17,2,10,2627.4056826263895,2733.4651222045363,0.05947367469372434,0.04036660203616843,0.05947367469372434,0.2680308481527596,false,m13_joint_composite,P_baseline,-0.023946490740184623,1.0
76,2026-01-20,2,9,2733.4651222045363,2640.399831061306,0.05753145727280415,-0.034046635673980516,0.057531457272804135,0.26062928857648215,false,m13_joint_composite,P_baseline,0.0,1.0
77,2026-01-24,8,32,2640.399831061306,2615.0474016039634,0.18314932367779743,-0.009601738781793469,0.1831493236777974,0.2763913734260018,false,m13_joint_composite,P_baseline,-0.034046635673980474,1.0
78,2026-01-31,9,31,2615.0474016039634,2667.553423714295,0.1623747969151972,0.02007842078813809,0.16237479691519718,0.26806986719197723,false,m13_joint_composite,P_baseline,-0.04332146755363364,1.0
79,2026-02-07,5,16,2667.553423714295,2617.6232236573896,0.09745794068376458,-0.01871760078468564,0.0974579406837646,0.262140144848472,false,m13_joint_composite,P_baseline,-0.024112873420196967,1.0
80,2026-02-10,3,13,2617.6232236573896,2623.193809366081,0.05160629218052042,0.0021281083000585167,0.051606292180520416,0.2723461079414241,false,m13_joint_composite,P_baseline,-0.04237913906643165,1.0
81,2026-02-14,6,25,2623.193809366081,2695.570026042383,0.15628042390000693,0.027590876593976226,0.15628042390000693,0.294454417412074,false,m13_joint_composite,P_baseline,-0.04034121816396974,1.0
82,2026-02-17,4,16,2695.570026042383,2665.4900189274317,0.07190983487149764,-0.011159052380143364,0.07190983487149766,0.28544297134537083,false,m13_joint_composite,P_baseline,-0.013863391142006298,1.0
83,2026-02-21,9,27,2665.4900189274317,2765.528588768776,0.129457406419844,0.037531023988451886,0.129457406419844,0.26029811347624837,false,m13_joint_composite,P_baseline,-0.024867741214229522,1.0
84,2026-02-24,3,6,2765.528588768776,2841.89728271148,0.0201147703756555,0.027614501709672445,0.0201147703756555,0.26923126708024386,false,m13_joint_composite,P_baseline,0.0,1.0
85,2026-02-28,9,28,2841.89728271148,2843.9324173306804,0.16815430147545224,0.0007161182888562169,0.16815430147545224,0.2623526468381328,false,m13_joint_composite,P_baseline,0.0,1.0
86,2026-03-03,2,9,2843.9324173306804,2753.5544616074903,0.03965706128100795,-0.03177922062157124,0.03965706128100796,0.2725377390747098,false,m13_joint_composite,P_baseline,0.0,1.0
87,2026-03-07,9,22,2753.5544616074903,2597.949134831885,0.13773565595220147,-0.05651071331444257,0.13773565595220144,0.26325580340692617,false,m13_joint_composite,P_baseline,-0.031779220621571236,1.0
88,2026-03-10,3,9,2597.949134831885,2574.401637957133,0.05214676770844778,-0.009063879103343463,0.05214676770844778,0.2706893318236272,false,m13_joint_composite,P_baseline,-0.0864940675101118,0.75
89,2026-03-14,9,27,2574.401637957133,2534.38079926981,0.15787806461400097,-0.015545685683715095,0.15787806461400095,0.2607752100235647,false,m13_joint_composite,P_baseline,-0.09477397484238725,0.75
90,2026-03-17,1,3,2534.38079926981,2435.7023489443795,0.0389359208978622,-0.0389359208978622,0.0389359208978622,0.25330302521292986,false,m13_joint_composite,P_baseline,-0.10884633410220634,0.5
91,2026-03-21,9,28,2435.7023489443795,2276.258512352523,0.17061285419323596,-0.06546113348412977,0.17061285419323596,0.2621111861267013,false,m13_joint_composite,P_baseline,-0.14354422274544287,0.5
92,2026-03-24,2,6,2276.258512352523,2266.8154233742935,0.014847736085304541,-0.0041485134166375556,0.014847736085304541,0.2723343386355317,false,m13_joint_composite,P_baseline,-0.19960878870355747,0.25
93,2026-03-27,1,7,2266.8154233742935,2307.1952722909864,0.035279207956407786,0.01781347016625843,0.035279207956407786,0.26211892442928636,false,m13_joint_composite,P_baseline,-0.20292922238217947,0.25
94,2026-03-28,7,23,2307.1952722909864,2398.4845973567667,0.08556707327575062,0.03956722959783645,0.08556707327575061,0.2670772864963394,false,m13_joint_composite,P_baseline,-0.18873062586468792,0.25
95,2026-04-04,8,27,2398.4845973567667,2258.418849643559,0.1369940697215449,-0.05839760149703115,0.13699406972154488,0.2670498450031622,false,m13_joint_composite,P_baseline,-0.15663094427258284,0.25
96,2026-04-07,1,5,2258.418849643559,2260.110722266416,0.013876977191007282,0.0007491403213908459,0.013876977191007282,0.27431058476429,false,m13_joint_composite,P_baseline,-0.20588167430388005,0.25
97,2026-04-11,9,28,2260.110722266416,2339.2640345314553,0.18138001463744277,0.03502187370080054,0.18138001463744272,0.26603356700921627,false,m13_joint_composite,P_baseline,-0.20528676824614578,0.25
98,2026-04-14,1,6,2339.2640345314553,2275.7602893523344,0.06446656487480647,-0.027146890749269625,0.06446656487480647,0.2680649663687142,false,m13_joint_composite,P_baseline,-0.17745442181530735,0.25
99,2026-04-18,9,28,2275.7602893523344,2325.1230607247594,0.1774997042060249,0.02169067260878932,0.1774997042060249,0.24849999737658038,false,m13_joint_composite,P_baseline,-0.19978397676258186,0.25
100,2026-04-25,9,38,2325.1230607247594,2278.5852516082346,0.19999999999999998,-0.02001520259405898,0.19999999999999998,0.2600728653284043,true,m13_joint_composite,P_baseline,-0.1824267529862318,0.25
1,2024-08-03,9,24,1000.0,1006.2035293056957,0.15487062324321504,0.006203529305695628,0.15487062324321504,0.2629952930647681,false,m13_joint_composite,P_symmetric_core,0.0,1.0
2,2024-08-10,9,20,1006.2035293056957,960.7807561269645,0.11276713409904503,-0.045142728936832396,0.11276713409904501,0.25165126696632695,false,m13_joint_composite,P_symmetric_core,0.0,1.0
3,2024-08-17,8,16,960.7807561269645,994.229380667691,0.10047435985471655,0.034814003431503156,0.10047435985471656,0.27422420671230535,false,m13_joint_composite,P_symmetric_core,-0.045142728936832466,1.0
4,2024-08-24,8,18,994.229380667691,1117.8802702553594,0.10030348315727755,0.12436857328097536,0.10030348315727755,0.26973618096728424,false,m13_joint_composite,P_symmetric_core,-0.011900324625443548,1.0
5,2024-08-31,9,16,1117.8802702553594,1112.9402915241642,0.0740780703825896,-0.004419058876552789,0.0740780703825896,0.26386242265721527,false,m13_joint_composite,P_symmetric_core,0.0,1.0
6,2024-09-14,8,18,1112.9402915241642,1145.388025696397,0.1012122681417274,0.02915496403476952,0.1012122681417274,0.2535657746393752,false,m13_joint_composite,P_symmetric_core,-0.004419058876552806,1.0
7,2024-09-21,9,16,1145.388025696397,1124.3391302353834,0.06379657121603194,-0.018377087055904955,0.06379657121603194,0.2721208584939751,false,m13_joint_composite,P_symmetric_core,0.0,1.0
8,2024-09-28,9,16,1124.3391302353834,1127.2331340270491,0.054274868841951394,0.002573959861256466,0.0542748688419514,0.26976241647963806,false,m13_joint_composite,P_symmetric_core,-0.018377087055904906,1.0
9,2024-10-05,9,14,1127.2331340270491,1137.6687444456795,0.07499062457528992,0.009257721498434917,0.07499062457528992,0.27382919002301687,false,m13_joint_composite,P_symmetric_core,-0.015850429079097283,1.0
10,2024-10-19,9,21,1137.6687444456795,1141.6711174095708,0.08711967327090704,0.003518047747581716,0.08711967327090703,0.2641805632254852,false,m13_joint_composite,P_symmetric_core,-0.006739446438707275,1.0
11,2024-10-26,5,6,1141.6711174095708,1167.866397980534,0.03849116549319356,0.022944681854087542,0.03849116549319356,0.2989785811401913,false,m13_joint_composite,P_symmetric_core,-0.0032451083854891927,1.0
12,2024-11-02,9,16,1167.866397980534,1121.6906560019893,0.09950972132674538,-0.03953854829490046,0.09950972132674536,0.2643560160482917,false,m13_joint_composite,P_symmetric_core,0.0,1.0
13,2024-11-09,9,13,1121.6906560019893,1238.205059398914,0.07718422476846892,0.10387391815513011,0.07718422476846892,0.26268742731825456,false,m13_joint_composite,P_symmetric_core,-0.03953854829490033,1.0
14,2024-11-16,9,14,1238.205059398914,1308.0162300568957,0.07492158266276412,0.05638094443893756,0.07492158266276412,0.26338168987686217,false,m13_joint_composite,P_symmetric_core,0.0,1.0
15,2024-11-23,1,2,1308.0162300568957,1296.8443789641326,0.008541064580121547,-0.008541064580121547,0.008541064580121547,0.22957301951224068,false,m13_joint_composite,P_symmetric_core,0.0,1.0
16,2024-11-30,1,1,1296.8443789641326,1292.8089707987097,0.0031117135030854226,-0.0031117135030854226,0.0031117135030854226,0.2737259760580467,false,m13_joint_composite,P_symmetric_core,-0.008541064580121493,1.0
17,2024-12-03,3,3,1292.8089707987097,1321.1716791794308,0.018864653453238685,0.02193882392632096,0.018864653453238685,0.2648668124238558,false,m13_joint_composite,P_symmetric_core,-0.011626200737222092,1.0
18,2024-12-07,8,12,1321.1716791794308,1392.544018644469,0.04726822976843471,0.054022002280102524,0.04726822976843471,0.2624712999433586,false,m13_joint_composite,P_symmetric_core,0.0,1.0
19,2024-12-14,9,18,1392.544018644469,1516.9539561159102,0.08568066347839808,0.08934003938528609,0.08568066347839808,0.2894240087237113,false,m13_joint_composite,P_symmetric_core,0.0,1.0
20,2024-12-17,3,5,1516.9539561159102,1514.8071543948104,0.03446952330059655,-0.001415205591735148,0.03446952330059655,0.3142029109488178,false,m13_joint_composite,P_symmetric_core,0.0,1.0
21,2024-12-21,9,18,1514.8071543948104,1524.6497158832385,0.07428200059944992,0.00649756733711784,0.07428200059944992,0.26743429221028964,false,m13_joint_composite,P_symmetric_core,-0.0014152055917350248,1.0
22,2024-12-28,8,22,1524.6497158832385,1653.1974064446601,0.1153269256631673,0.08431293379866812,0.11532692566316731,0.2790014926474749,false,m13_joint_composite,P_symmetric_core,0.0,1.0
23,2025-01-04,8,13,1653.1974064446601,1639.031789210772,0.05751912012994159,-0.008568618108561077,0.05751912012994158,0.2775530266538163,false,m13_joint_composite,P_symmetric_core,0.0,1.0
24,2025-01-08,1,2,1639.031789210772,1643.9678824758303,0.011725903089659429,0.0030115909267598127,0.011725903089659429,0.5238859403296409,false,m13_joint_composite,P_symmetric_core,-0.008568618108561132,1.0
25,2025-01-11,5,11,1643.9678824758303,1583.0066308582516,0.05151730447429664,-0.03708177773264684,0.05151730447429663,0.2691215036512481,false,m13_joint_composite,P_symmetric_core,-0.005582832354351863,1.0
26,2025-01-14,1,2,1583.0066308582516,1559.642526038294,0.014759322143388874,-0.014759322143388874,0.014759322143388874,0.25905806505987455,false,m13_joint_composite,P_symmetric_core,-0.042457588738515906,1.0
27,2025-01-17,1,2,1559.642526038294,1599.9334907013626,0.009413589756167792,0.025833461187682122,0.009413589756167792,0.2611000428775333,false,m13_joint_composite,P_symmetric_core,-0.056590265652281535,0.75
28,2025-01-18,3,6,1599.9334907013626,1528.7049933441938,0.044519661455392406,-0.044519661455392406,0.044519661455392406,0.26216071234944244,false,m13_joint_composite,P_symmetric_core,-0.03221872689592831,1.0
29,2025-01-21,1,2,1528.7049933441938,1571.7374265135763,0.012816220784248633,0.028149599403901177,0.012816220784248633,0.2559904368916493,false,m13_joint_composite,P_symmetric_core,-0.07530402153739024,0.75
30,2025-01-25,8,14,1571.7374265135763,1533.239662161932,0.09386463257194726,-0.024493763208935072,0.09386463257194724,0.2631724066739951,false,m13_joint_composite,P_symmetric_core,-0.049274200173269334,1.0
31,2025-01-28,1,2,1533.239662161932,1541.2103498454192,0.010581926532783502,0.0051985921576331974,0.010581926532783502,0.305305770826308,false,m13_joint_composite,P_symmetric_core,-0.07256105279085046,0.75
32,2025-02-01,9,16,1541.2103498454192,1708.3994009316298,0.08547860084430467,0.10847906069601682,0.08547860084430468,0.27002739537381926,false,m13_joint_composite,P_symmetric_core,-0.06773967595320551,0.75
33,2025-02-04,1,0,1708.3994009316298,1708.3994009316298,0.0,0.0,0.0,1.0,false,m13_joint_composite,P_symmetric_core,0.0,1.0
34,2025-02-08,8,17,1708.3994009316298,1737.916287235673,0.06761085178967322,0.017277509163224524,0.06761085178967322,0.2606348456855545,false,m13_joint_composite,P_symmetric_core,0.0,1.0
35,2025-02-11,1,2,1737.916287235673,1741.3765053449172,0.00614869483973296,0.00199101541003914,0.00614869483973296,0.3334939884101082,false,m13_joint_composite,P_symmetric_core,0.0,1.0
36,2025-02-15,8,18,1741.3765053449172,1738.0082256236283,0.07652510872834335,-0.0019342627576233997,0.07652510872834335,0.2646437411901995,false,m13_joint_composite,P_symmetric_core,0.0,1.0
37,2025-02-22,9,18,1738.0082256236283,1771.464133833217,0.09906636471640733,0.019249568394639784,0.09906636471640733,0.2685347617021674,false,m13_joint_composite,P_symmetric_core,-0.0019342627576233173,1.0
38,2025-02-25,1,3,1771.464133833217,1733.0514937833734,0.02168411954619914,-0.02168411954619914,0.02168411954619914,0.26963446825387916,false,m13_joint_composite,P_symmetric_core,0.0,1.0
39,2025-03-01,9,23,1733.0514937833734,1846.705353701183,0.12047750521889963,0.06558019789111705,0.1204775052188996,0.2707110209855561,false,m13_joint_composite,P_symmetric_core,-0.021684119546199088,1.0
40,2025-03-04,2,4,1846.705353701183,1797.0694493154995,0.039545972708605936,-0.026878085497614827,0.039545972708605936,0.26092050953165397,false,m13_joint_composite,P_symmetric_core,0.0,1.0
41,2025-03-08,9,21,1797.0694493154995,1679.0083970706698,0.1280682309689836,-0.0656964327615713,0.12806823096898357,0.2655998895146643,false,m13_joint_composite,P_symmetric_core,-0.026878085497614834,1.0
42,2025-03-11,2,5,1679.0083970706698,1633.2873075249252,0.03732027124192043,-0.027231007078650123,0.03732027124192043,0.2677160284024215,false,m13_joint_composite,P_symmetric_core,-0.09080872392253236,0.75
43,2025-03-15,9,20,1633.2873075249252,1750.0420568349405,0.09668910981388219,0.07148451394442341,0.09668910981388219,0.2551435703139097,false,m13_joint_composite,P_symmetric_core,-0.11556691799724494,0.5
44,2025-03-22,9,25,1750.0420568349405,1709.448660670596,0.127914758068689,-0.023195668930242854,0.127914758068689,0.26752308409952147,false,m13_joint_composite,P_symmetric_core,-0.05234364901390964,0.75
45,2025-03-29,9,15,1709.448660670596,1797.349469656528,0.06349719687512462,0.05142056091432978,0.06349719687512462,0.26982210600325135,false,m13_joint_composite,P_symmetric_core,-0.07432517199102495,0.75
46,2025-04-05,9,18,1797.349469656528,1867.031865015024,0.08285053132294051,0.03876953065327503,0.08285053132294051,0.26299712545699044,false,m13_joint_composite,P_symmetric_core,-0.02672645311052757,1.0
47,2025-04-12,9,21,1867.031865015024,1833.1492220430052,0.11403834182620334,-0.018147865393687908,0.11403834182620336,0.26454472350059155,false,m13_joint_composite,P_symmetric_core,0.0,1.0
48,2025-04-19,9,20,1833.1492220430052,1881.284746752051,0.1061909758591819,0.02625837773064635,0.10619097585918187,0.2716890739628669,false,m13_joint_composite,P_symmetric_core,-0.018147865393687956,1.0
49,2025-04-26,8,14,1881.284746752051,1834.6304856176992,0.06065103984228699,-0.024799149206359245,0.06065103984228699,0.2653373987996111,false,m13_joint_composite,P_symmetric_core,0.0,1.0
50,2025-05-03,9,20,1834.6304856176992,1846.8092237383144,0.15182491506207615,0.006638251253365937,0.15182491506207615,0.2789735334443369,false,m13_joint_composite,P_symmetric_core,-0.024799149206359172,1.0
51,2025-08-02,9,19,1846.8092237383144,1732.9639820872565,0.117361197819017,-0.06164428907313568,0.117361197819017,0.2672412649978298,false,m13_joint_composite,P_symmetric_core,-0.018325520936294692,1.0
52,2025-08-09,9,20,1732.9639820872565,1801.5173731195707,0.17985681995400354,0.039558462692193624,0.17985681995400357,0.29444501909556176,false,m13_joint_composite,P_symmetric_core,-0.0788401462994176,0.75
53,2025-08-16,6,16,1801.5173731195707,1970.8374129063639,0.10057270144130423,0.09398745874628607,0.1005727014413042,0.262874473585961,false,m13_joint_composite,P_symmetric_core,-0.04240047859325646,1.0
54,2025-08-23,9,21,1970.8374129063639,1877.2437845306058,0.10850951119608103,-0.047489269161851894,0.108509511196081,0.29731751828153874,false,m13_joint_composite,P_symmetric_core,0.0,1.0
55,2025-08-30,9,19,1877.2437845306058,1678.3931277466365,0.13252373176673232,-0.1059269224501338,0.13252373176673232,0.281483125048327,false,m13_joint_composite,P_symmetric_core,-0.04748926916185181,1.0
56,2025-09-13,8,16,1678.3931277466365,1640.2114450249492,0.11928413779932254,-0.022748950821163804,0.11928413779932254,0.2784790121806397,false,m13_joint_composite,P_symmetric_core,-0.14838579948026465,0.5
57,2025-09-20,9,17,1640.2114450249492,1620.6400979753628,0.1112584893422594,-0.011932209782433699,0.11125848934225938,0.2739170221807546,false,m13_joint_composite,P_symmetric_core,-0.16775912904649282,0.25
58,2025-09-27,9,22,1620.6400979753628,1870.9379370046777,0.15747060874420413,0.15444381472605034,0.15747060874420413,0.2722918489221792,false,m13_joint_composite,P_symmetric_core,-0.17768960170822534,0.25
59,2025-10-04,9,20,1870.9379370046777,1931.426270195415,0.13099177180178334,0.032330486219963865,0.13099177180178337,0.29804345450619874,false,m13_joint_composite,P_symmetric_core,-0.050688846907145924,0.75
60,2025-10-07,1,3,1931.426270195415,1917.5310564841134,0.014007022315420448,-0.007194276025817846,0.014007022315420448,0.2636525529468251,false,m13_joint_composite,P_symmetric_core,-0.019997155753619378,1.0
61,2025-10-18,9,15,1917.5310564841134,2063.1401484515845,0.10554363826348376,0.07593571508273367,0.10554363826348376,0.28417688441644756,false,m13_joint_composite,P_symmetric_core,-0.027047566721214444,1.0
62,2025-10-24,1,3,2063.1401484515845,2162.4583336644914,0.019659108542591168,0.04813933037338578,0.019659108542591168,0.2816418644968896,false,m13_joint_composite,P_symmetric_core,0.0,1.0
63,2025-10-25,4,8,2162.4583336644914,2231.2018859861914,0.06295148708005296,0.03178953843943318,0.06295148708005298,0.2730389492938949,false,m13_joint_composite,P_symmetric_core,0.0,1.0
64,2025-11-01,9,18,2231.2018859861914,2276.0620453719525,0.10325088724810404,0.02010582711834396,0.10325088724810404,0.27533238541452665,false,m13_joint_composite,P_symmetric_core,0.0,1.0
65,2025-11-08,9,13,2276.0620453719525,2228.009484436854,0.09003565016760803,-0.021112148956047305,0.09003565016760805,0.27188361577699716,false,m13_joint_composite,P_symmetric_core,0.0,1.0
66,2025-11-15,8,15,2228.009484436854,2328.942400222602,0.10186457056482051,0.045301833987147155,0.10186457056482051,0.2642243804384194,false,m13_joint_composite,P_symmetric_core,-0.021112148956047294,1.0
67,2025-11-22,9,18,2328.942400222602,2414.8872975385852,0.1452512602472833,0.036902972485609045,0.14525126024728333,0.2837910057541018,false,m13_joint_composite,P_symmetric_core,0.0,1.0
68,2025-11-25,1,3,2414.8872975385852,2420.743605626189,0.02233178605175766,0.0024250854661305834,0.02233178605175766,0.27002264741565457,false,m13_joint_composite,P_symmetric_core,0.0,1.0
69,2025-12-06,8,16,2420.743605626189,2248.038174928939,0.1056988829402912,-0.07134395823492222,0.1056988829402912,0.2691636960739689,false,m13_joint_composite,P_symmetric_core,0.0,1.0
70,2025-12-13,9,19,2248.038174928939,2384.7541393832694,0.11931518954981596,0.060815677411106155,0.11931518954981597,0.2845050901220281,false,m13_joint_composite,P_symmetric_core,-0.07134395823492223,0.75
71,2025-12-20,9,18,2384.7541393832694,2661.7337541507113,0.08894097137824379,0.11614598343419695,0.0889409713782438,0.26534237471406463,false,m13_joint_composite,P_symmetric_core,-0.014867111973062563,1.0
72,2025-12-27,9,19,2661.7337541507113,2924.8851316799473,0.1141857272632568,0.0988646505755422,0.1141857272632568,0.27621738870684315,false,m13_joint_composite,P_symmetric_core,0.0,1.0
73,2026-01-03,4,8,2924.8851316799473,2913.00565322346,0.03562360717783849,-0.004061519656898184,0.035623607177838496,0.2614105378207284,false,m13_joint_composite,P_symmetric_core,0.0,1.0
74,2026-01-10,5,12,2913.00565322346,2829.713568307552,0.07842602975605736,-0.028593176543869413,0.07842602975605736,0.2697552110074856,false,m13_joint_composite,P_symmetric_core,-0.0040615196568982714,1.0
75,2026-01-17,2,5,2829.713568307552,2924.797374408627,0.03369486528942886,0.03360191899491237,0.03369486528942886,0.2675563075421019,false,m13_joint_composite,P_symmetric_core,-0.032538564452181507,1.0
76,2026-01-20,2,5,2924.797374408627,2832.088238533811,0.035971699663570854,-0.0316976268804129,0.035971699663570854,0.26140356075581306,false,m13_joint_composite,P_symmetric_core,-3.0003664201916358e-5,1.0
77,2026-01-24,8,19,2832.088238533811,2834.241196080635,0.1277350955409296,0.0007602014363571772,0.12773509554092957,0.2876634509827756,false,m13_joint_composite,P_symmetric_core,-0.031726679499662014,1.0
78,2026-01-31,9,19,2834.241196080635,2899.2015767238227,0.12132348675175987,0.022919849140933646,0.1213234867517599,0.26699155490638904,false,m13_joint_composite,P_symmetric_core,-0.030990596730631204,1.0
79,2026-02-07,5,12,2899.2015767238227,2813.4174752351305,0.06930782854777345,-0.029588871011042364,0.06930782854777344,0.267991280848964,false,m13_joint_composite,P_symmetric_core,-0.008781047391551056,1.0
80,2026-02-10,3,9,2813.4174752351305,2819.4213510344503,0.046819803308051466,0.0021340152509069484,0.046819803308051466,0.295008173679708,false,m13_joint_composite,P_symmetric_core,-0.038110097123983055,1.0
81,2026-02-14,6,14,2819.4213510344503,2769.2232583291348,0.08862851767992021,-0.017804395461110383,0.08862851767992024,0.3012187117225851,false,m13_joint_composite,P_symmetric_core,-0.03605740940155233,1.0
82,2026-02-17,4,11,2769.2232583291348,2770.8030983649805,0.044491954686697914,0.0005704993380703062,0.04449195468669792,0.2775563285581605,false,m13_joint_composite,P_symmetric_core,-0.0532198244863743,0.75
83,2026-02-21,9,17,2770.8030983649805,2840.050834940266,0.11324233121755306,0.024991937036647642,0.11324233121755309,0.25846382367211573,false,m13_joint_composite,P_symmetric_core,-0.052679687022945676,0.75
84,2026-02-24,3,4,2840.050834940266,2901.9144581264104,0.015498055141150456,0.021782576010631674,0.015498055141150456,0.26855747656168244,false,m13_joint_composite,P_symmetric_core,-0.02900431740748577,1.0
85,2026-02-28,9,19,2901.9144581264104,2969.7822115431304,0.11543043785250513,0.023387234322729836,0.11543043785250515,0.26219111552976493,false,m13_joint_composite,P_symmetric_core,-0.00785353014541923,1.0
86,2026-03-03,2,4,2969.7822115431304,2892.175690099719,0.02613205814950539,-0.02613205814950539,0.02613205814950539,0.2738058781228143,false,m13_joint_composite,P_symmetric_core,0.0,1.0
87,2026-03-07,9,20,2892.175690099719,2751.017683303025,0.13039746367580157,-0.04880685750865536,0.1303974636758016,0.2644409448558379,false,m13_joint_composite,P_symmetric_core,-0.026132058149505366,1.0
88,2026-03-10,3,9,2751.017683303025,2726.082791610406,0.05214676770844778,-0.009063879103343463,0.05214676770844778,0.2706893318236272,false,m13_joint_composite,P_symmetric_core,-0.07366349201964983,0.75
89,2026-03-14,9,21,2726.082791610406,2683.122415571936,0.133369765515197,-0.01575901369198382,0.133369765515197,0.26004685645139974,false,m13_joint_composite,P_symmetric_core,-0.08205969413699732,0.75
90,2026-03-17,1,3,2683.122415571936,2578.652573439946,0.0389359208978622,-0.0389359208978622,0.0389359208978622,0.25330302521292986,false,m13_joint_composite,P_symmetric_core,-0.09652552798551617,0.75
91,2026-03-21,9,18,2578.652573439946,2475.381967223094,0.13669382008309286,-0.040048282300817466,0.13669382008309286,0.26197319003146463,false,m13_joint_composite,P_symmetric_core,-0.13170313856110993,0.5
92,2026-03-24,2,4,2475.381967223094,2469.675756459632,0.012552214486583495,-0.0023051839429302622,0.012552214486583495,0.26082439561299253,false,m13_joint_composite,P_symmetric_core,-0.16647693638892835,0.25
93,2026-03-27,1,3,2469.675756459632,2502.354358924498,0.02066026622245947,0.01323194041946307,0.02066026622245947,0.27337729771956937,false,m13_joint_composite,P_symmetric_core,-0.16839836037122669,0.25
94,2026-03-28,7,14,2502.354358924498,2566.050633543104,0.06322511047042889,0.025454538199770557,0.06322511047042889,0.26737326155251495,false,m13_joint_composite,P_symmetric_core,-0.15739465702293098,0.25
95,2026-04-04,8,19,2566.050633543104,2366.2663098931753,0.1031085348718788,-0.0778567347964114,0.1031085348718788,0.26787335077526553,false,m13_joint_composite,P_symmetric_core,-0.13594652713279032,0.5
96,2026-04-07,1,3,2366.2663098931753,2376.1467016529964,0.014262622256125429,0.0041755197707511625,0.014262622256125429,0.3458045183263584,false,m13_joint_composite,P_symmetric_core,-0.20321890921973096,0.25
97,2026-04-11,9,21,2376.1467016529964,2441.4347433362836,0.1481426762950098,0.02747643554073013,0.1481426762950098,0.2654321327612124,false,m13_joint_composite,P_symmetric_core,-0.19989193402221728,0.25
98,2026-04-14,1,3,2441.4347433362836,2389.5646354229502,0.04429691709666145,-0.021245748244924118,0.04429691709666145,0.2691395045065945,false,m13_joint_composite,P_symmetric_core,-0.17790781632176045,0.25
99,2026-04-18,9,18,2389.5646354229502,2477.8826372863646,0.133251271481288,0.0369598714988442,0.133251271481288,0.24007287343427788,false,m13_joint_composite,P_symmetric_core,-0.19537377989030813,0.25
100,2026-04-25,9,21,2477.8826372863646,2444.2702855098937,0.14655132860642664,-0.013564949070098415,0.14655132860642656,0.2579782311042948,false,m13_joint_composite,P_symmetric_core,-0.1656348981904534,0.25
1,2024-08-03,9,24,1000.0,1006.2035293056957,0.15487062324321504,0.006203529305695628,0.15487062324321504,0.2629952930647681,false,m13_joint_composite,P_asymmetric_core,0.0,1.0
2,2024-08-10,9,20,1006.2035293056957,960.7807561269645,0.11276713409904503,-0.045142728936832396,0.11276713409904501,0.25165126696632695,false,m13_joint_composite,P_asymmetric_core,0.0,1.0
3,2024-08-17,8,15,960.7807561269645,987.3479832543308,0.0915640788097368,0.027651706133730417,0.09156407880973678,0.26854667416044825,false,m13_joint_composite,P_asymmetric_core,-0.045142728936832466,1.0
4,2024-08-24,8,18,987.3479832543308,1110.1430432635202,0.10030348315727755,0.12436857328097536,0.10030348315727755,0.26973618096728424,false,m13_joint_composite,P_asymmetric_core,-0.01873929627773796,1.0
5,2024-08-31,9,16,1110.1430432635202,1105.2372557939432,0.0740780703825896,-0.004419058876552789,0.0740780703825896,0.26386242265721527,false,m13_joint_composite,P_asymmetric_core,0.0,1.0
6,2024-09-14,8,17,1105.2372557939432,1132.948091712894,0.09839505620650259,0.025072296263705864,0.09839505620650257,0.25384408253175006,false,m13_joint_composite,P_asymmetric_core,-0.004419058876552806,1.0
7,2024-09-21,9,16,1132.948091712894,1112.1278060016648,0.06379657121603194,-0.018377087055904955,0.06379657121603194,0.2721208584939751,false,m13_joint_composite,P_asymmetric_core,0.0,1.0
8,2024-09-28,9,14,1112.1278060016648,1115.045017620915,0.052774744672355885,0.0026230902631039325,0.052774744672355885,0.26978443168597444,false,m13_joint_composite,P_asymmetric_core,-0.018377087055904906,1.0
9,2024-10-05,9,14,1115.045017620915,1125.367793852267,0.07499062457528992,0.009257721498434917,0.07499062457528992,0.27382919002301687,false,m13_joint_composite,P_asymmetric_core,-0.01580220155092149,1.0
10,2024-10-19,9,20,1125.367793852267,1130.5468393853907,0.08597366657715201,0.0046020914774852735,0.085973666577152,0.26399996059662983,false,m13_joint_composite,P_asymmetric_core,-0.0066907724335070196,1.0
11,2024-10-26,5,6,1130.5468393853907,1156.4868769362326,0.03849116549319356,0.022944681854087542,0.03849116549319356,0.2989785811401913,false,m13_joint_composite,P_asymmetric_core,-0.0021194725028159667,1.0
12,2024-11-02,9,15,1156.4868769362326,1119.9194207603396,0.09136618030192409,-0.03161943028075482,0.0913661803019241,0.26336674787139164,false,m13_joint_composite,P_asymmetric_core,0.0,1.0
13,2024-11-09,9,13,1119.9194207603396,1236.2498390127396,0.07718422476846892,0.10387391815513011,0.07718422476846892,0.26268742731825456,false,m13_joint_composite,P_asymmetric_core,-0.03161943028075487,1.0
14,2024-11-16,9,13,1236.2498390127396,1304.8141545947494,0.07380186120744346,0.0554615365100995,0.07380186120744345,0.2629424186741134,false,m13_joint_composite,P_asymmetric_core,0.0,1.0
15,2024-11-23,1,2,1304.8141545947494,1293.669652635299,0.008541064580121547,-0.008541064580121547,0.008541064580121547,0.22957301951224068,false,m13_joint_composite,P_asymmetric_core,0.0,1.0
16,2024-11-30,1,1,1293.669652635299,1289.644123308662,0.0031117135030854226,-0.0031117135030854226,0.0031117135030854226,0.2737259760580467,false,m13_joint_composite,P_asymmetric_core,-0.008541064580121605,1.0
17,2024-12-03,3,3,1289.644123308662,1317.9373986575454,0.018864653453238685,0.02193882392632096,0.018864653453238685,0.2648668124238558,false,m13_joint_composite,P_asymmetric_core,-0.011626200737222092,1.0
18,2024-12-07,8,12,1317.9373986575454,1389.1350158128557,0.04726822976843471,0.054022002280102524,0.04726822976843471,0.2624712999433586,false,m13_joint_composite,P_asymmetric_core,0.0,1.0
19,2024-12-14,9,17,1389.1350158128557,1513.800936539414,0.08507517372559328,0.089743559342653,0.08507517372559328,0.28909002019046753,false,m13_joint_composite,P_asymmetric_core,0.0,1.0
20,2024-12-17,3,5,1513.800936539414,1511.6585969892494,0.03446952330059655,-0.001415205591735148,0.03446952330059655,0.3142029109488178,false,m13_joint_composite,P_asymmetric_core,0.0,1.0
21,2024-12-21,9,18,1511.6585969892494,1521.48070051392,0.07428200059944992,0.00649756733711784,0.07428200059944992,0.26743429221028964,false,m13_joint_composite,P_asymmetric_core,-0.0014152055917351358,1.0
22,2024-12-28,8,22,1521.48070051392,1649.7612020923013,0.1153269256631673,0.08431293379866812,0.11532692566316731,0.2790014926474749,false,m13_joint_composite,P_asymmetric_core,0.0,1.0
23,2025-01-04,8,12,1649.7612020923013,1648.0939307948265,0.04873468791528538,-0.0010106137151002152,0.04873468791528539,0.2705990887024438,false,m13_joint_composite,P_asymmetric_core,0.0,1.0
24,2025-01-08,1,1,1648.0939307948265,1643.1117173794069,0.00302301544974265,-0.00302301544974265,0.00302301544974265,0.31501329240732884,false,m13_joint_composite,P_asymmetric_core,-0.0010106137151002503,1.0
25,2025-01-11,5,11,1643.1117173794069,1582.1822138856357,0.05151730447429664,-0.03708177773264684,0.05151730447429663,0.2691215036512481,false,m13_joint_composite,P_asymmetric_core,-0.00403057406396834,1.0
26,2025-01-14,1,2,1582.1822138856357,1558.8302769013576,0.014759322143388874,-0.014759322143388874,0.014759322143388874,0.25905806505987455,false,m13_joint_composite,P_asymmetric_core,-0.04096289094504035,1.0
27,2025-01-17,1,2,1558.8302769013576,1599.1002583578725,0.009413589756167792,0.025833461187682122,0.009413589756167792,0.2611000428775333,false,m13_joint_composite,P_asymmetric_core,-0.05511762858504676,0.75
28,2025-01-18,3,6,1599.1002583578725,1527.9088562225493,0.044519661455392406,-0.044519661455392406,0.044519661455392406,0.26216071234944244,false,m13_joint_composite,P_asymmetric_core,-0.030708046516173648,1.0
29,2025-01-21,1,2,1527.9088562225493,1570.918878450887,0.012816220784248633,0.028149599403901177,0.012816220784248633,0.2559904368916493,false,m13_joint_composite,P_asymmetric_core,-0.07386059613670959,0.75
30,2025-01-25,8,13,1570.918878450887,1519.5812721231398,0.08827215786297016,-0.0326799856007663,0.08827215786297016,0.26511118337452166,false,m13_joint_composite,P_asymmetric_core,-0.04779014292579009,1.0
31,2025-01-28,1,2,1519.5812721231398,1527.4809554072854,0.010581926532783502,0.0051985921576331974,0.010581926532783502,0.305305770826308,false,m13_joint_composite,P_asymmetric_core,-0.07890834734388319,0.75
32,2025-02-01,9,15,1527.4809554072854,1678.9784124216344,0.07674908629857903,0.09918124116575569,0.076749086298579,0.27188890734594434,false,m13_joint_composite,P_asymmetric_core,-0.07411996750192373,0.75
33,2025-02-04,1,0,1678.9784124216344,1678.9784124216344,0.0,0.0,0.0,1.0,false,m13_joint_composite,P_asymmetric_core,0.0,1.0
34,2025-02-08,8,16,1678.9784124216344,1704.9463309097418,0.06579604467798814,0.01546649932839426,0.06579604467798814,0.2587878666245869,false,m13_joint_composite,P_asymmetric_core,0.0,1.0
35,2025-02-11,1,2,1704.9463309097418,1708.3409053278729,0.00614869483973296,0.00199101541003914,0.00614869483973296,0.3334939884101082,false,m13_joint_composite,P_asymmetric_core,0.0,1.0
36,2025-02-15,8,18,1708.3409053278729,1705.0365251373726,0.07652510872834335,-0.0019342627576233997,0.07652510872834335,0.2646437411901995,false,m13_joint_composite,P_asymmetric_core,0.0,1.0
37,2025-02-22,9,16,1705.0365251373726,1745.9805196718382,0.08922899289609754,0.024013558613453813,0.08922899289609755,0.2691951007172169,false,m13_joint_composite,P_asymmetric_core,-0.0019342627576233173,1.0
38,2025-02-25,1,3,1745.9805196718382,1708.1204693579393,0.02168411954619914,-0.02168411954619914,0.02168411954619914,0.26963446825387916,false,m13_joint_composite,P_asymmetric_core,0.0,1.0
39,2025-03-01,9,20,1708.1204693579393,1845.1378120650159,0.10574613182995646,0.08021526886717759,0.10574613182995646,0.27057090249500687,false,m13_joint_composite,P_asymmetric_core,-0.021684119546199088,1.0
40,2025-03-04,2,4,1845.1378120650159,1795.5440401974506,0.039545972708605936,-0.026878085497614827,0.039545972708605936,0.26092050953165397,false,m13_joint_composite,P_asymmetric_core,0.0,1.0
41,2025-03-08,9,19,1795.5440401974506,1674.69099605629,0.12116481743652692,-0.06730720129140942,0.1211648174365269,0.2655065650033895,false,m13_joint_composite,P_asymmetric_core,-0.026878085497614723,1.0
42,2025-03-11,2,4,1674.69099605629,1619.1481391903185,0.033166033015504956,-0.033166033015504956,0.033166033015504956,0.26727544742304893,false,m13_joint_composite,P_asymmetric_core,-0.0923761980781086,0.75
43,2025-03-15,9,20,1619.1481391903185,1734.8921569243557,0.09668910981388219,0.07148451394442341,0.09668910981388219,0.2551435703139097,false,m13_joint_composite,P_asymmetric_core,-0.122478479058308,0.5
44,2025-03-22,9,21,1734.8921569243557,1701.0261852745293,0.11456209696043815,-0.01952050536090072,0.11456209696043816,0.26605786449356766,false,m13_joint_composite,P_asymmetric_core,-0.05974927965802024,0.75
45,2025-03-29,9,14,1701.0261852745293,1776.1688265839014,0.05768590365222147,0.044174888052793015,0.05768590365222148,0.2714194345843249,false,m13_joint_composite,P_asymmetric_core,-0.0781034488850465,0.75
46,2025-04-05,9,17,1776.1688265839014,1837.2968127411762,0.07784445462245078,0.03441563957343072,0.07784445462245078,0.26289968524228485,false,m13_joint_composite,P_asymmetric_core,-0.037378771943287425,1.0
47,2025-04-12,9,19,1837.2968127411762,1798.0360517755787,0.11042695880309053,-0.021368763442756965,0.11042695880309053,0.264059331361208,false,m13_joint_composite,P_asymmetric_core,-0.0042495467127543485,1.0
48,2025-04-19,9,18,1798.0360517755787,1852.004448231311,0.10266749648915918,0.03001519152101427,0.10266749648915917,0.2721677053103899,false,m13_joint_composite,P_asymmetric_core,-0.025527502597067486,1.0
49,2025-04-26,8,14,1852.004448231311,1806.0763135887817,0.06065103984228699,-0.024799149206359245,0.06065103984228699,0.2653373987996111,false,m13_joint_composite,P_asymmetric_core,0.0,1.0
50,2025-05-03,9,20,1806.0763135887817,1818.0655019411372,0.15182491506207615,0.006638251253365937,0.15182491506207615,0.2789735334443369,false,m13_joint_composite,P_asymmetric_core,-0.024799149206359283,1.0
51,2025-08-02,9,18,1818.0655019411372,1712.6060440992997,0.11370908232796016,-0.058006412711334665,0.11370908232796015,0.267172968263491,false,m13_joint_composite,P_asymmetric_core,-0.018325520936294692,1.0
52,2025-08-09,9,20,1712.6060440992997,1780.3541064012272,0.17985681995400354,0.039558462692193624,0.17985681995400357,0.29444501909556176,false,m13_joint_composite,P_asymmetric_core,-0.07526893591704853,0.75
53,2025-08-16,6,15,1780.3541064012272,1940.9233690544638,0.09739783440932476,0.09018950897235177,0.09739783440932476,0.26289528498741194,false,m13_joint_composite,P_asymmetric_core,-0.03868799661821054,1.0
54,2025-08-23,9,21,1940.9233690544638,1848.750336758908,0.10850951119608103,-0.047489269161851894,0.108509511196081,0.29731751828153874,false,m13_joint_composite,P_asymmetric_core,0.0,1.0
55,2025-08-30,9,19,1848.750336758908,1652.9179032073885,0.13252373176673232,-0.1059269224501338,0.13252373176673232,0.281483125048327,false,m13_joint_composite,P_asymmetric_core,-0.04748926916185192,1.0
56,2025-09-13,8,16,1652.9179032073885,1615.3157551159022,0.11928413779932254,-0.022748950821163804,0.11928413779932254,0.2784790121806397,false,m13_joint_composite,P_asymmetric_core,-0.14838579948026465,0.5
57,2025-09-20,9,17,1615.3157551159022,1596.041468660989,0.1112584893422594,-0.011932209782433699,0.11125848934225938,0.2739170221807546,false,m13_joint_composite,P_asymmetric_core,-0.16775912904649293,0.25
58,2025-09-27,9,22,1596.041468660989,1842.54020154196,0.15747060874420413,0.15444381472605034,0.15747060874420413,0.2722918489221792,false,m13_joint_composite,P_asymmetric_core,-0.17768960170822545,0.25
59,2025-10-04,9,18,1842.54020154196,1883.2889892971093,0.12258566156477485,0.022115548806505507,0.12258566156477482,0.29737161908757487,false,m13_joint_composite,P_asymmetric_core,-0.050688846907146035,0.75
60,2025-10-07,1,3,1883.2889892971093,1869.7400884717226,0.014007022315420448,-0.007194276025817846,0.014007022315420448,0.2636525529468251,false,m13_joint_composite,P_asymmetric_core,-0.029694309768361182,1.0
61,2025-10-18,9,15,1869.7400884717226,2011.7201391086764,0.10554363826348376,0.07593571508273367,0.10554363826348376,0.28417688441644756,false,m13_joint_composite,P_asymmetric_core,-0.03667495673330923,1.0
62,2025-10-24,1,3,2011.7201391086764,2108.5629995040226,0.019659108542591168,0.04813933037338578,0.019659108542591168,0.2816418644968896,false,m13_joint_composite,P_asymmetric_core,0.0,1.0
63,2025-10-25,4,7,2108.5629995040226,2180.6688607832975,0.06059628581879785,0.03419668337926612,0.06059628581879785,0.27318864840622326,false,m13_joint_composite,P_asymmetric_core,0.0,1.0
64,2025-11-01,9,16,2180.6688607832975,2224.6716573964277,0.09514503413286123,0.020178577960399076,0.0951450341328612,0.2742339712367498,false,m13_joint_composite,P_asymmetric_core,0.0,1.0
65,2025-11-08,9,13,2224.6716573964277,2177.7040579871777,0.09003565016760803,-0.021112148956047305,0.09003565016760805,0.27188361577699716,false,m13_joint_composite,P_asymmetric_core,0.0,1.0
66,2025-11-15,8,15,2177.7040579871777,2276.3580456952495,0.10186457056482051,0.045301833987147155,0.10186457056482051,0.2642243804384194,false,m13_joint_composite,P_asymmetric_core,-0.021112148956047294,1.0
67,2025-11-22,9,18,2276.3580456952495,2360.362424022936,0.1452512602472833,0.036902972485609045,0.14525126024728333,0.2837910057541018,false,m13_joint_composite,P_asymmetric_core,0.0,1.0
68,2025-11-25,1,3,2360.362424022936,2366.0865046322347,0.02233178605175766,0.0024250854661305834,0.02233178605175766,0.27002264741565457,false,m13_joint_composite,P_asymmetric_core,0.0,1.0
69,2025-12-06,8,16,2366.0865046322347,2197.2805278655396,0.1056988829402912,-0.07134395823492222,0.1056988829402912,0.2691636960739689,false,m13_joint_composite,P_asymmetric_core,0.0,1.0
70,2025-12-13,9,19,2197.2805278655396,2330.909631629915,0.11931518954981596,0.060815677411106155,0.11931518954981597,0.2845050901220281,false,m13_joint_composite,P_asymmetric_core,-0.07134395823492212,0.75
71,2025-12-20,9,18,2330.909631629915,2601.6354230918137,0.08894097137824379,0.11614598343419695,0.0889409713782438,0.26534237471406463,false,m13_joint_composite,P_asymmetric_core,-0.014867111973062563,1.0
72,2025-12-27,9,19,2601.6354230918137,2858.8452001207384,0.1141857272632568,0.0988646505755422,0.1141857272632568,0.27621738870684315,false,m13_joint_composite,P_asymmetric_core,0.0,1.0
73,2026-01-03,4,8,2858.8452001207384,2847.2339441444187,0.03562360717783849,-0.004061519656898184,0.035623607177838496,0.2614105378207284,false,m13_joint_composite,P_asymmetric_core,0.0,1.0
74,2026-01-10,5,11,2847.2339441444187,2763.337632317862,0.07764921453250735,-0.029465900404530156,0.07764921453250735,0.27008051698798685,false,m13_joint_composite,P_asymmetric_core,-0.0040615196568982714,1.0
75,2026-01-17,2,5,2763.337632317862,2856.1910795945996,0.03369486528942886,0.03360191899491237,0.03369486528942886,0.2675563075421019,false,m13_joint_composite,P_asymmetric_core,-0.033407743727727146,1.0
76,2026-01-20,2,5,2856.1910795945996,2765.6566004544466,0.035971699663570854,-0.0316976268804129,0.035971699663570854,0.26140356075581306,false,m13_joint_composite,P_asymmetric_core,-0.0009283890313566134,1.0
77,2026-01-24,8,18,2765.6566004544466,2778.217412364634,0.1226877436343145,0.0045417106043186255,0.12268774363431453,0.2848295987004859,false,m13_joint_composite,P_asymmetric_core,-0.03259658818265365,1.0
78,2026-01-31,9,18,2778.217412364634,2835.845945367441,0.1191034305560143,0.020742988920279294,0.1191034305560143,0.2669959162504856,false,m13_joint_composite,P_asymmetric_core,-0.02820292184854889,1.0
79,2026-02-07,5,11,2835.845945367441,2755.537040513558,0.06807866139828897,-0.028319205768237404,0.06807866139828897,0.26826452910556436,false,m13_joint_composite,P_asymmetric_core,-0.008044945823693528,1.0
80,2026-02-10,3,9,2755.537040513558,2761.4173985824527,0.046819803308051466,0.0021340152509069484,0.046819803308051466,0.295008173679708,false,m13_joint_composite,P_asymmetric_core,-0.036136325115755485,1.0
81,2026-02-14,6,13,2761.4173985824527,2723.9462757031824,0.08357889091696717,-0.013569525164325358,0.08357889091696719,0.29775350967816644,false,m13_joint_composite,P_asymmetric_core,-0.03407942533375752,1.0
82,2026-02-17,4,10,2723.9462757031824,2724.6723289092006,0.04415145289600171,0.0002665446130472103,0.044151452896001704,0.27759594329859877,false,m13_joint_composite,P_asymmetric_core,-0.047186508878430566,1.0
83,2026-02-21,9,15,2724.6723289092006,2795.0397989579324,0.1071134713262246,0.025826030272382196,0.1071134713262246,0.2580961157031691,false,m13_joint_composite,P_asymmetric_core,-0.0469325415751336,1.0
84,2026-02-24,3,4,2795.0397989579324,2855.922965831474,0.015498055141150456,0.021782576010631674,0.015498055141150456,0.26855747656168244,false,m13_joint_composite,P_asymmetric_core,-0.022318592542230453,1.0
85,2026-02-28,9,18,2855.922965831474,2930.9324764768235,0.11244483172462047,0.026264542686469602,0.11244483172462048,0.2619865687228232,false,m13_joint_composite,P_asymmetric_core,-0.0010221729701003213,1.0
86,2026-03-03,2,3,2930.9324764768235,2866.05097035673,0.022136813673061938,-0.022136813673061938,0.022136813673061938,0.2727916976602319,false,m13_joint_composite,P_asymmetric_core,0.0,1.0
87,2026-03-07,9,18,2866.05097035673,2761.318715117199,0.11797137452862633,-0.03654235612791455,0.11797137452862634,0.26391722743737017,false,m13_joint_composite,P_asymmetric_core,-0.022136813673061972,1.0
88,2026-03-10,3,8,2761.318715117199,2740.8790868009,0.05058300227809326,-0.007402125732317749,0.05058300227809326,0.2713049890148192,false,m13_joint_composite,P_asymmetric_core,-0.05787023847219819,0.75
89,2026-03-14,9,20,2740.8790868009,2710.751354727814,0.12891966622815512,-0.010991996041770005,0.12891966622815512,0.26074758850877544,false,m13_joint_composite,P_asymmetric_core,-0.06484400142318536,0.75
90,2026-03-17,1,3,2710.751354727814,2605.205754406359,0.0389359208978622,-0.0389359208978622,0.0389359208978622,0.25330302521292986,false,m13_joint_composite,P_asymmetric_core,-0.07512323245797936,0.75
91,2026-03-21,9,18,2605.205754406359,2500.871738902179,0.13669382008309286,-0.040048282300817466,0.13669382008309286,0.26197319003146463,false,m13_joint_composite,P_asymmetric_core,-0.11113416111926588,0.5
92,2026-03-24,2,3,2500.871738902179,2484.8033865608513,0.009219901591363527,-0.006425100532497313,0.009219901591363527,0.27679632224257894,false,m13_joint_composite,P_asymmetric_core,-0.14673171116231454,0.5
93,2026-03-27,1,3,2484.8033865608513,2517.682156925904,0.02066026622245947,0.01323194041946307,0.02066026622245947,0.27337729771956937,false,m13_joint_composite,P_asymmetric_core,-0.15221404569928854,0.25
94,2026-03-28,7,13,2517.682156925904,2565.4432576036497,0.05698198061346488,0.018970266181677995,0.05698198061346488,0.266965596551226,false,m13_joint_composite,P_asymmetric_core,-0.14099619246352402,0.5
95,2026-04-04,8,18,2565.4432576036497,2369.437400204247,0.10164349800907535,-0.07640233586085624,0.10164349800907535,0.267760502692801,false,m13_joint_composite,P_asymmetric_core,-0.12470066158348214,0.5
96,2026-04-07,1,3,2369.437400204247,2379.3310329143565,0.014262622256125429,0.0041755197707511625,0.014262622256125429,0.3458045183263584,false,m13_joint_composite,P_asymmetric_core,-0.19157557561596616,0.25
97,2026-04-11,9,21,2379.3310329143565,2444.7065686702867,0.1481426762950098,0.02747643554073013,0.1481426762950098,0.2654321327612124,false,m13_joint_composite,P_asymmetric_core,-0.18819998344879263,0.25
98,2026-04-14,1,3,2444.7065686702867,2392.7669483796058,0.04429691709666145,-0.021245748244924118,0.04429691709666145,0.2691395045065945,false,m13_joint_composite,P_asymmetric_core,-0.16589461262205973,0.25
99,2026-04-18,9,17,2392.7669483796058,2495.220904092853,0.12730783481373248,0.042818192462341156,0.12730783481373248,0.2399528227061648,false,m13_joint_composite,P_asymmetric_core,-0.1836158056920263,0.25
100,2026-04-25,9,21,2495.220904092853,2461.3733596101883,0.14655132860642664,-0.013564949070098415,0.14655132860642656,0.2579782311042948,false,m13_joint_composite,P_asymmetric_core,-0.14865971013693402,0.5
1,2024-08-03,9,27,1000.0,1004.7733713297737,0.1570862199893575,0.004773371329773641,0.15708621998935754,0.26212656051131455,false,m13_joint_composite,P_under_expansion,0.0,1.0
2,2024-08-10,9,23,1004.7733713297737,963.9954309452621,0.1260055008495911,-0.040584216847371075,0.12600550084959114,0.2529255327547205,false,m13_joint_composite,P_under_expansion,0.0,1.0
3,2024-08-17,8,17,963.9954309452621,992.6142983394433,0.09576490520439249,0.029687762488789377,0.09576490520439247,0.2685870175059025,false,m13_joint_composite,P_under_expansion,-0.04058421684737101,1.0
4,2024-08-24,8,19,992.6142983394433,1117.1834167678655,0.10284303780110204,0.12549599440267536,0.10284303780110204,0.26970878263007697,false,m13_joint_composite,P_under_expansion,-0.012101308949139855,1.0
5,2024-08-31,9,18,1117.1834167678655,1133.511864086328,0.08946517745116235,0.01461572654354482,0.08946517745116236,0.26548145018550284,false,m13_joint_composite,P_under_expansion,0.0,1.0
6,2024-09-14,8,18,1133.511864086328,1158.5356777371137,0.10093127581927168,0.022076357948803946,0.10093127581927167,0.25289891873070597,false,m13_joint_composite,P_under_expansion,0.0,1.0
7,2024-09-21,9,18,1158.5356777371137,1145.0958845797168,0.08225687680755013,-0.011600672655716548,0.08225687680755013,0.27328501053094745,false,m13_joint_composite,P_under_expansion,0.0,1.0
8,2024-09-28,9,22,1145.0958845797168,1158.2769007856457,0.06619107450715915,0.01151084060595204,0.06619107450715916,0.2670361220342102,false,m13_joint_composite,P_under_expansion,-0.011600672655716515,1.0
9,2024-10-05,9,16,1158.2769007856457,1177.8275589440877,0.07963402483566709,0.01687908836408729,0.07963402483566709,0.2731512269067404,false,m13_joint_composite,P_under_expansion,-0.0002233655436261195,1.0
10,2024-10-19,9,23,1177.8275589440877,1179.9876346025617,0.09351951807465823,0.0018339489869049009,0.09351951807465822,0.2636982708575622,false,m13_joint_composite,P_under_expansion,0.0,1.0
11,2024-10-26,5,7,1179.9876346025617,1196.140340486255,0.04332707216728761,0.013688877247543266,0.04332707216728761,0.2774690737485444,false,m13_joint_composite,P_under_expansion,0.0,1.0
12,2024-11-02,9,16,1196.140340486255,1161.6417713453354,0.09902787466381832,-0.028841573160967894,0.09902787466381835,0.2633678593436163,false,m13_joint_composite,P_under_expansion,0.0,1.0
13,2024-11-09,9,14,1161.6417713453354,1280.2497788802932,0.07900100044620806,0.10210377283316337,0.07900100044620803,0.2627550807692123,false,m13_joint_composite,P_under_expansion,-0.028841573160968026,1.0
14,2024-11-16,9,16,1280.2497788802932,1353.499863291,0.07718568267099878,0.057215463434620854,0.07718568267099878,0.262626902303639,false,m13_joint_composite,P_under_expansion,0.0,1.0
15,2024-11-23,1,2,1353.499863291,1341.939533549446,0.008541064580121547,-0.008541064580121547,0.008541064580121547,0.22957301951224068,false,m13_joint_composite,P_under_expansion,0.0,1.0
16,2024-11-30,1,2,1341.939533549446,1334.2711072733318,0.005714435028105256,-0.005714435028105256,0.005714435028105256,0.27470932998595055,false,m13_joint_composite,P_under_expansion,-0.008541064580121605,1.0
17,2024-12-03,3,4,1334.2711072733318,1351.7190990676052,0.028783844904532938,0.013076796536447053,0.028783844904532938,0.27172916076129755,false,m13_joint_composite,P_under_expansion,-0.014206692249612796,1.0
18,2024-12-07,8,12,1351.7190990676052,1424.7416713194934,0.04726822976843471,0.054022002280102524,0.04726822976843471,0.2624712999433586,false,m13_joint_composite,P_under_expansion,-0.0013156737371698979,1.0
19,2024-12-14,9,18,1424.7416713194934,1566.8808422029676,0.08208708846609597,0.09976487228862711,0.082087088466096,0.2669634633697804,false,m13_joint_composite,P_under_expansion,0.0,1.0
20,2024-12-17,3,5,1566.8808422029676,1564.6633836734993,0.03446952330059655,-0.001415205591735148,0.03446952330059655,0.3142029109488178,false,m13_joint_composite,P_under_expansion,0.0,1.0
21,2024-12-21,9,19,1564.6633836734993,1572.0869103795328,0.0760735404333776,0.004744488037167809,0.0760735404333776,0.26756162225110414,false,m13_joint_composite,P_under_expansion,-0.0014152055917351358,1.0
22,2024-12-28,8,29,1572.0869103795328,1694.3416565972184,0.13362155828818925,0.07776589539071416,0.13362155828818922,0.26863081313837567,false,m13_joint_composite,P_under_expansion,0.0,1.0
23,2025-01-04,8,12,1694.3416565972184,1692.6293316809956,0.04873468791528538,-0.0010106137151002152,0.04873468791528539,0.2705990887024438,false,m13_joint_composite,P_under_expansion,0.0,1.0
24,2025-01-08,1,1,1692.6293316809956,1687.5124870606367,0.00302301544974265,-0.00302301544974265,0.00302301544974265,0.31501329240732884,false,m13_joint_composite,P_under_expansion,-0.0010106137151002503,1.0
25,2025-01-11,5,11,1687.5124870606367,1624.936524094388,0.05151730447429664,-0.03708177773264684,0.05151730447429663,0.2691215036512481,false,m13_joint_composite,P_under_expansion,-0.004030574063968229,1.0
26,2025-01-14,1,2,1624.936524094388,1600.9535624727205,0.014759322143388874,-0.014759322143388874,0.014759322143388874,0.25905806505987455,false,m13_joint_composite,P_under_expansion,-0.04096289094504002,1.0
27,2025-01-17,1,2,1600.9535624727205,1642.3117341921406,0.009413589756167792,0.025833461187682122,0.009413589756167792,0.2611000428775333,false,m13_joint_composite,P_under_expansion,-0.05511762858504654,0.75
28,2025-01-18,3,7,1642.3117341921406,1562.0826839930799,0.048851292071249657,-0.048851292071249657,0.04885129207124965,0.26267770827978515,false,m13_joint_composite,P_under_expansion,-0.030708046516173426,1.0
29,2025-01-21,1,2,1562.0826839930799,1606.0546857832558,0.012816220784248633,0.028149599403901177,0.012816220784248633,0.2559904368916493,false,m13_joint_composite,P_under_expansion,-0.07805921083812395,0.75
30,2025-01-25,8,13,1606.0546857832558,1553.5688417778158,0.08827215786297016,-0.0326799856007663,0.08827215786297016,0.26511118337452166,false,m13_joint_composite,P_under_expansion,-0.052106946949100674,0.75
31,2025-01-28,1,2,1553.5688417778158,1561.6452125750252,0.010581926532783502,0.0051985921576331974,0.010581926532783502,0.305305770826308,false,m13_joint_composite,P_under_expansion,-0.08308407827387043,0.75
32,2025-02-01,9,18,1561.6452125750252,1727.1157558304224,0.09465670151099412,0.1059591140951598,0.09465670151099415,0.2725046101536629,false,m13_joint_composite,P_under_expansion,-0.078317406353976,0.75
33,2025-02-04,1,0,1727.1157558304224,1727.1157558304224,0.0,0.0,0.0,1.0,false,m13_joint_composite,P_under_expansion,0.0,1.0
34,2025-02-08,8,17,1727.1157558304224,1750.8303156221464,0.06754657591553295,0.013730729808739309,0.06754657591553295,0.2588348766404207,false,m13_joint_composite,P_under_expansion,0.0,1.0
35,2025-02-11,1,3,1750.8303156221464,1755.6409303215844,0.007806397424693635,0.002747619033389042,0.007806397424693635,0.27874874915143977,false,m13_joint_composite,P_under_expansion,0.0,1.0
36,2025-02-15,8,20,1755.6409303215844,1741.4437898017811,0.08261951363092813,-0.008086585516779151,0.08261951363092816,0.2644382521915808,false,m13_joint_composite,P_under_expansion,0.0,1.0
37,2025-02-22,9,17,1741.4437898017811,1787.6991785972552,0.09644446068909479,0.026561516981687332,0.09644446068909479,0.2714016964305783,false,m13_joint_composite,P_under_expansion,-0.00808658551677921,1.0
38,2025-02-25,1,3,1787.6991785972552,1748.9344958959102,0.02168411954619914,-0.02168411954619914,0.02168411954619914,0.26963446825387916,false,m13_joint_composite,P_under_expansion,0.0,1.0
39,2025-03-01,9,23,1748.9344958959102,1884.8832948210704,0.11129035095284794,0.07773235603973776,0.11129035095284792,0.26683187698321675,false,m13_joint_composite,P_under_expansion,-0.0216841195461992,1.0
40,2025-03-04,2,5,1884.8832948210704,1829.9275675310125,0.04187719935079624,-0.029156037109064014,0.041877199350796236,0.26201781549394776,false,m13_joint_composite,P_under_expansion,0.0,1.0
41,2025-03-08,9,20,1829.9275675310125,1714.337361523619,0.12265259748057603,-0.06316654716741094,0.12265259748057603,0.26512417368164787,false,m13_joint_composite,P_under_expansion,-0.029156037109064004,1.0
42,2025-03-11,2,5,1714.337361523619,1644.214958928072,0.04090350252486216,-0.04090350252486216,0.04090350252486216,0.2687043019482119,false,m13_joint_composite,P_under_expansion,-0.09048089808321058,0.75
43,2025-03-15,9,21,1644.214958928072,1759.6983725072619,0.09765852647836519,0.07023620175215896,0.09765852647836519,0.2547204456935768,false,m13_joint_composite,P_under_expansion,-0.12768341496487434,0.5
44,2025-03-22,9,22,1759.6983725072619,1730.3143273181781,0.11547855088005846,-0.016698341970514383,0.11547855088005846,0.2660259999076698,false,m13_joint_composite,P_under_expansion,-0.066415211306593,0.75
45,2025-03-29,9,17,1730.3143273181781,1839.494886455143,0.07296972004143636,0.06309868525806185,0.07296972004143637,0.27192372215838817,false,m13_joint_composite,P_under_expansion,-0.0820045293666658,0.75
46,2025-04-05,9,19,1839.494886455143,1889.2479327419333,0.08544883146039235,0.02704712399753858,0.08544883146039234,0.26345204404794775,false,m13_joint_composite,P_under_expansion,-0.024080222096846682,1.0
47,2025-04-12,9,20,1889.2479327419333,1852.7986297962755,0.11646471997111435,-0.019293022537681257,0.11646471997111432,0.26378282099267536,false,m13_joint_composite,P_under_expansion,0.0,1.0
48,2025-04-19,9,19,1852.7986297962755,1900.092095015374,0.10691785794306026,0.025525421089230206,0.10691785794306026,0.27167661341951627,false,m13_joint_composite,P_under_expansion,-0.01929302253768128,1.0
49,2025-04-26,8,15,1900.092095015374,1851.9427135514693,0.06112543174634217,-0.025340551434437326,0.061125431746342176,0.2648414599591881,false,m13_joint_composite,P_under_expansion,0.0,1.0
50,2025-05-03,9,24,1851.9427135514693,1928.2007437700127,0.1854889698835203,0.041177315939920925,0.1854889698835203,0.27753447134184145,false,m13_joint_composite,P_under_expansion,-0.025340551434437253,1.0
51,2025-08-02,9,20,1928.2007437700127,1817.4957813051703,0.11685517603655474,-0.057413608423567054,0.11685517603655474,0.26698203733735776,false,m13_joint_composite,P_under_expansion,0.0,1.0
52,2025-08-09,9,23,1817.4957813051703,1883.5259734898589,0.1916605430318669,0.036330313865857305,0.19166054303186691,0.29156928256754094,false,m13_joint_composite,P_under_expansion,-0.05741360842356713,0.75
53,2025-08-16,6,18,1883.5259734898589,2035.4725409641992,0.10658258474731405,0.08067134173510171,0.10658258474731408,0.26242801609191707,false,m13_joint_composite,P_under_expansion,-0.02316914897190936,1.0
54,2025-08-23,9,25,2035.4725409641992,1878.3458082551101,0.13996074731706998,-0.07719422863580289,0.13996074731706998,0.2854150598994463,false,m13_joint_composite,P_under_expansion,0.0,1.0
55,2025-08-30,9,25,1878.3458082551101,1716.47897637058,0.1770897628394692,-0.08617520329491205,0.17708976283946917,0.27716065613833546,false,m13_joint_composite,P_under_expansion,-0.07719422863580294,0.75
56,2025-09-13,8,19,1716.47897637058,1621.2356970567382,0.16607869137428738,-0.055487588618900234,0.16607869137428738,0.29182655174167366,false,m13_joint_composite,P_under_expansion,-0.15671720358483077,0.25
57,2025-09-20,9,20,1621.2356970567382,1602.4040624299776,0.13113161630568201,-0.01161560571417744,0.13113161630568204,0.2733216937182379,false,m13_joint_composite,P_under_expansion,-0.20350893248171154,0.25
58,2025-09-27,9,28,1602.4040624299776,1827.953812423232,0.18017190340799027,0.1407571007098034,0.18017190340799025,0.2685430783807873,false,m13_joint_composite,P_under_expansion,-0.21276065867686822,0.25
59,2025-10-04,9,25,1827.953812423232,1840.6933485509207,0.1570511808654515,0.006969287758316335,0.1570511808654515,0.28108148284737866,false,m13_joint_composite,P_under_expansion,-0.10195113142752887,0.5
60,2025-10-07,1,3,1840.6933485509207,1827.4508925225584,0.014007022315420448,-0.007194276025817846,0.014007022315420448,0.2636525529468251,false,m13_joint_composite,P_under_expansion,-0.09569237044141699,0.75
61,2025-10-18,9,20,1827.4508925225584,1963.655974182365,0.13639704113971673,0.07453282723881749,0.13639704113971673,0.25695051473390784,false,m13_joint_composite,P_under_expansion,-0.10219820914071454,0.5
62,2025-10-24,1,5,1963.655974182365,2050.5740478499324,0.026539208627584125,0.044263391760238795,0.026539208627584125,0.2596539363377206,false,m13_joint_composite,P_under_expansion,-0.0352825033678984,1.0
63,2025-10-25,4,7,2050.5740478499324,2120.696879309997,0.06059628581879785,0.03419668337926612,0.06059628581879785,0.27318864840622326,false,m13_joint_composite,P_under_expansion,0.0,1.0
64,2025-11-01,9,19,2120.696879309997,2153.7429928006686,0.10510697413867899,0.015582667100176913,0.10510697413867898,0.274327585162304,false,m13_joint_composite,P_under_expansion,0.0,1.0
65,2025-11-08,9,17,2153.7429928006686,2117.661734069573,0.10697289396760488,-0.01675281537848508,0.10697289396760487,0.2645500467468678,false,m13_joint_composite,P_under_expansion,0.0,1.0
66,2025-11-15,8,23,2117.661734069573,2198.5909905786493,0.12850919468268582,0.038216328513219,0.12850919468268582,0.2666441280910261,false,m13_joint_composite,P_under_expansion,-0.016752815378485164,1.0
67,2025-11-22,9,23,2198.5909905786493,2294.0985677645594,0.1762193525274856,0.04344035684453225,0.1762193525274856,0.26847901160701027,false,m13_joint_composite,P_under_expansion,0.0,1.0
68,2025-11-25,1,4,2294.0985677645594,2304.7105851193132,0.027709079475705785,0.004625789625549752,0.027709079475705785,0.26872204373154673,false,m13_joint_composite,P_under_expansion,0.0,1.0
69,2025-12-06,8,19,2304.7105851193132,2126.3858045868815,0.12929368358942323,-0.07737404500322546,0.12929368358942325,0.2711960429552489,false,m13_joint_composite,P_under_expansion,0.0,1.0
70,2025-12-13,9,26,2126.3858045868815,2215.949267951907,0.14478924819724526,0.0421200438658996,0.14478924819724523,0.27079352398129086,false,m13_joint_composite,P_under_expansion,-0.07737404500322542,0.75
71,2025-12-20,9,19,2215.949267951907,2463.788608236076,0.09311345831568067,0.11184341801887647,0.09311345831568066,0.26517407862593756,false,m13_joint_composite,P_under_expansion,-0.03851299930694374,1.0
72,2025-12-27,9,29,2463.788608236076,2700.9995008533706,0.13625625340862915,0.09627891444271411,0.13625625340862912,0.26946944872682554,false,m13_joint_composite,P_under_expansion,0.0,1.0
73,2026-01-03,4,9,2700.9995008533706,2693.0567886736962,0.03779256862726499,-0.0029406566632704917,0.03779256862726498,0.2613950847895074,false,m13_joint_composite,P_under_expansion,0.0,1.0
74,2026-01-10,5,15,2693.0567886736962,2663.574647190152,0.09498273535601244,-0.010947463717637922,0.09498273535601244,0.2693211971284999,false,m13_joint_composite,P_under_expansion,-0.002940656663270369,1.0
75,2026-01-17,2,8,2663.574647190152,2745.4371849598306,0.04634022617933034,0.03073408806321094,0.04634022617933035,0.2539043685575357,false,m13_joint_composite,P_under_expansion,-0.013855927648781186,1.0
76,2026-01-20,2,7,2745.4371849598306,2659.6899656035625,0.04394403097689898,-0.03123262838647776,0.04394403097689898,0.25580729693390947,false,m13_joint_composite,P_under_expansion,0.0,1.0
77,2026-01-24,8,25,2659.6899656035625,2625.0520791609165,0.15489161599151563,-0.013023279739593835,0.15489161599151563,0.2732093745853709,false,m13_joint_composite,P_under_expansion,-0.03123262838647778,1.0
78,2026-01-31,9,22,2625.0520791609165,2667.8865708024364,0.12302455895792759,0.016317577842193422,0.12302455895792758,0.2660331356825013,false,m13_joint_composite,P_under_expansion,-0.04384915686959179,1.0
79,2026-02-07,5,14,2667.8865708024364,2628.795891072248,0.0934671833728518,-0.014652301997393542,0.09346718337285179,0.2623883062539261,false,m13_joint_composite,P_under_expansion,-0.02824709105793255,1.0
80,2026-02-10,3,11,2628.795891072248,2642.715747176334,0.047644358822267335,0.005295145260748398,0.04764435882226734,0.2683172746771311,false,m13_joint_composite,P_under_expansion,-0.04248550814659746,1.0
81,2026-02-14,6,17,2642.715747176334,2691.658758362412,0.10506220351417458,0.018519968043620365,0.10506220351417457,0.289403062741961,false,m13_joint_composite,P_under_expansion,-0.03741532982296214,1.0
82,2026-02-17,4,13,2691.658758362412,2659.1040445445087,0.06248340315890182,-0.012094666055554986,0.062483403158901836,0.28570873524374835,false,m13_joint_composite,P_under_expansion,-0.019588292492004555,1.0
83,2026-02-21,9,16,2659.1040445445087,2725.2648226359493,0.10803655636969667,0.024880853469114145,0.10803655636969665,0.2580532255364103,false,m13_joint_composite,P_under_expansion,-0.031446044691270214,1.0
84,2026-02-24,3,4,2725.2648226359493,2784.628110784117,0.015498055141150456,0.021782576010631674,0.015498055141150456,0.26855747656168244,false,m13_joint_composite,P_under_expansion,-0.007347595652302807,1.0
85,2026-02-28,9,20,2784.628110784117,2851.993296611178,0.12137781992946325,0.02419180700150695,0.12137781992946327,0.2608124188578143,false,m13_joint_composite,P_under_expansion,0.0,1.0
86,2026-03-03,2,3,2851.993296611178,2788.859252407274,0.022136813673061938,-0.022136813673061938,0.022136813673061938,0.2727916976602319,false,m13_joint_composite,P_under_expansion,0.0,1.0
87,2026-03-07,9,19,2788.859252407274,2673.035633468506,0.12246218421109648,-0.04153082262534112,0.12246218421109649,0.2623042863827171,false,m13_joint_composite,P_under_expansion,-0.022136813673062083,1.0
88,2026-03-10,3,8,2673.035633468506,2653.2494876226065,0.05058300227809326,-0.007402125732317749,0.05058300227809326,0.2713049890148192,false,m13_joint_composite,P_under_expansion,-0.062748276216257,0.75
89,2026-03-14,9,20,2653.2494876226065,2624.0849797568308,0.12891966622815512,-0.010991996041770005,0.12891966622815512,0.26074758850877544,false,m13_joint_composite,P_under_expansion,-0.06968593131853595,0.75
90,2026-03-17,1,3,2624.0849797568308,2521.91381455575,0.0389359208978622,-0.0389359208978622,0.0389359208978622,0.25330302521292986,false,m13_joint_composite,P_under_expansion,-0.0799119398790854,0.75
91,2026-03-21,9,22,2521.91381455575,2394.7746522528128,0.15019900308380343,-0.05041376179040194,0.15019900308380346,0.26159013578380796,false,m13_joint_composite,P_under_expansion,-0.11573641580702099,0.5
92,2026-03-24,2,3,2394.7746522528128,2379.3879843594123,0.009219901591363527,-0.006425100532497313,0.009219901591363527,0.27679632224257894,false,m13_joint_composite,P_under_expansion,-0.16031546950045283,0.25
93,2026-03-27,1,5,2379.3879843594123,2414.7732663965094,0.030757866933928284,0.014871589782623946,0.030757866933928284,0.26051329298072157,false,m13_joint_composite,P_under_expansion,-0.16571052702449518,0.25
94,2026-03-28,7,16,2414.7732663965094,2468.8497113944873,0.06492155605599666,0.022394005164167716,0.06492155605599667,0.2659648825270403,false,m13_joint_composite,P_under_expansion,-0.1533033162224421,0.25
95,2026-04-04,8,22,2468.8497113944873,2301.9052866987236,0.12190288339922117,-0.06762032695844744,0.12190288339922115,0.2662225130656246,false,m13_joint_composite,P_under_expansion,-0.13434238631344364,0.5
96,2026-04-07,1,4,2301.9052866987236,2304.154012081226,0.013935498485452898,0.0009768974403492527,0.013935498485452898,0.2796796923842502,false,m13_joint_composite,P_under_expansion,-0.19287843718499798,0.25
97,2026-04-11,9,25,2304.154012081226,2385.354575852607,0.17377951361699157,0.03524094454868346,0.17377951361699162,0.2646724536166641,false,m13_joint_composite,P_under_expansion,-0.1920899621962332,0.25
98,2026-04-14,1,4,2385.354575852607,2346.4329455707034,0.0533637862908206,-0.01631691601572123,0.0533637862908206,0.26610543277935916,false,m13_joint_composite,P_under_expansion,-0.16361844935366598,0.25
99,2026-04-18,9,24,2346.4329455707034,2405.142439108457,0.15432117710051063,0.025020742079409353,0.15432117710051063,0.24559446547243946,false,m13_joint_composite,P_under_expansion,-0.17726561687266096,0.25
100,2026-04-25,9,34,2405.142439108457,2375.7059206419453,0.18633142819926665,-0.012238991748623071,0.1863314281992667,0.2506373547986611,false,m13_joint_composite,P_under_expansion,-0.15668019207256978,0.25
1,2024-08-03,9,23,1000.0,1027.1746379131832,0.13006274596819517,0.027174637913183093,0.13006274596819514,0.2567307739959311,false,m13_joint_composite,P_pure_alpha,0.0,1.0
2,2024-08-10,9,13,1027.1746379131832,1026.0448390525917,0.03761306048495571,-0.001099909225647287,0.03761306048495572,0.1832443701682685,false,m13_joint_composite,P_pure_alpha,0.0,1.0
3,2024-08-17,8,8,1026.0448390525917,1025.7146396519981,0.005327728951983711,-0.0003218177101288101,0.005327728951983711,0.05189062144677729,false,m13_joint_composite,P_pure_alpha,-0.0010999092256471776,1.0
4,2024-08-24,8,14,1025.7146396519981,1077.522028048179,0.07873149313122817,0.05050857850070066,0.07873149313122818,0.2624334947147381,false,m13_joint_composite,P_pure_alpha,-0.0014213729655078167,1.0
5,2024-08-31,9,13,1077.522028048179,1094.7638047250161,0.06903673406806292,0.01600132176236691,0.0690367340680629,0.2665415784392143,false,m13_joint_composite,P_pure_alpha,0.0,1.0
6,2024-09-14,8,13,1094.7638047250161,1162.8692297418306,0.04522256457877471,0.062210154119884495,0.045222564578774715,0.22087749811054724,false,m13_joint_composite,P_pure_alpha,0.0,1.0
7,2024-09-21,9,8,1162.8692297418306,1154.0308407071836,0.02463615762810891,-0.007600501250350611,0.02463615762810891,0.20167069288953737,false,m13_joint_composite,P_pure_alpha,0.0,1.0
8,2024-09-28,9,14,1154.0308407071836,1182.7369935718002,0.024071542466714634,0.024874684325616323,0.024071542466714637,0.1978009511743847,false,m13_joint_composite,P_pure_alpha,-0.007600501250350611,1.0
9,2024-10-05,9,12,1182.7369935718002,1206.886695329666,0.051607130841066814,0.0204184885474286,0.051607130841066814,0.23836129662141928,false,m13_joint_composite,P_pure_alpha,0.0,1.0
10,2024-10-19,9,16,1206.886695329666,1199.6083679222797,0.05570356099994656,-0.006030663388329122,0.055703560999946555,0.24068640724053625,false,m13_joint_composite,P_pure_alpha,0.0,1.0
11,2024-10-26,5,5,1199.6083679222797,1217.1441475537088,0.03352902746144407,0.014617920398305381,0.03352902746144407,0.29038004938996725,false,m13_joint_composite,P_pure_alpha,-0.006030663388329249,1.0
12,2024-11-02,9,9,1217.1441475537088,1237.174791014048,0.027932198105843967,0.016457083986804854,0.027932198105843967,0.195670239150155,false,m13_joint_composite,P_pure_alpha,0.0,1.0
13,2024-11-09,9,10,1237.174791014048,1280.610924480231,0.05413254194450115,0.03510913234061343,0.05413254194450114,0.2546159407538178,false,m13_joint_composite,P_pure_alpha,0.0,1.0
14,2024-11-16,9,10,1280.610924480231,1277.949486682158,0.04191826007607339,-0.0020782563596769034,0.04191826007607339,0.24960841678529158,false,m13_joint_composite,P_pure_alpha,0.0,1.0
15,2024-11-23,1,1,1277.949486682158,1276.6549821109604,0.0010129544122737255,-0.0010129544122737255,0.0010129544122737255,0.05907965788480859,false,m13_joint_composite,P_pure_alpha,-0.0020782563596770665,1.0
16,2024-11-30,1,1,1276.6549821109604,1273.380146770776,0.0025651686525122726,-0.0025651686525122726,0.0025651686525122726,0.27191361456829055,false,m13_joint_composite,P_pure_alpha,-0.003089105593001462,1.0
17,2024-12-03,3,1,1273.380146770776,1273.3801467707758,2.775540628637678e-16,-2.775540628637678e-16,2.775540628637678e-16,5.1889048613418254e-14,false,m13_joint_composite,P_pure_alpha,-0.0056463501686819795,1.0
18,2024-12-07,8,6,1273.3801467707758,1281.0977918431727,0.012696983497023898,0.006060754985043995,0.012696983497023898,0.18088067198668456,false,m13_joint_composite,P_pure_alpha,-0.0056463501686822015,1.0
19,2024-12-14,9,11,1281.0977918431727,1333.8682076866487,0.03763872865651958,0.041191559441807,0.03763872865651958,0.22838681811851785,false,m13_joint_composite,P_pure_alpha,0.0,1.0
20,2024-12-17,3,5,1333.8682076866487,1331.9805099404928,0.03446952330059655,-0.001415205591735148,0.03446952330059655,0.3142029109488178,false,m13_joint_composite,P_pure_alpha,0.0,1.0
21,2024-12-21,9,14,1331.9805099404928,1326.0781900176794,0.04808376246528767,-0.004431235951851096,0.04808376246528767,0.2501236295764584,false,m13_joint_composite,P_pure_alpha,-0.0014152055917351358,1.0
22,2024-12-28,8,21,1326.0781900176794,1326.250824597431,0.039528791776484384,0.0001301843142064059,0.0395287917764844,0.18443351361257462,false,m13_joint_composite,P_pure_alpha,-0.005840170433689007,1.0
23,2025-01-04,8,6,1326.250824597431,1327.8774209602582,0.003742980982318083,0.0012264620934889507,0.003742980982318083,0.0970651479934774,false,m13_joint_composite,P_pure_alpha,-0.005710746418065349,1.0
24,2025-01-08,1,1,1327.8774209602582,1323.863227001331,0.00302301544974265,-0.00302301544974265,0.00302301544974265,0.31501329240732884,false,m13_joint_composite,P_pure_alpha,-0.004491288338583699,1.0
25,2025-01-11,5,7,1323.863227001331,1311.1711076334786,0.022774561561273277,-0.00958718325955868,0.022774561561273273,0.24585227413528155,false,m13_joint_composite,P_pure_alpha,-0.00750072655428935,1.0
26,2025-01-14,1,1,1311.1711076334786,1310.0972451626858,0.0008190101692609475,-0.0008190101692609475,0.0008190101692609475,0.04845459256205918,false,m13_joint_composite,P_pure_alpha,-0.017015998973792246,1.0
27,2025-01-17,1,1,1310.0972451626858,1310.0972451626858,5.55084113765409e-17,-5.55084113765409e-17,5.55084113765409e-17,8.661474315552198e-15,false,m13_joint_composite,P_pure_alpha,-0.017821072866853416,1.0
28,2025-01-18,3,6,1310.0972451626858,1256.7999549797678,0.04068193439815967,-0.04068193439815967,0.04068193439815966,0.257421439756677,false,m13_joint_composite,P_pure_alpha,-0.017821072866853416,1.0
29,2025-01-21,1,2,1256.7999549797678,1292.1783702432892,0.012816220784248633,0.028149599403901177,0.012816220784248633,0.2559904368916493,false,m13_joint_composite,P_pure_alpha,-0.05777801154773887,0.75
30,2025-01-25,8,9,1292.1783702432892,1235.474611274467,0.04388230005594815,-0.04388230005594815,0.04388230005594815,0.24036322420421022,false,m13_joint_composite,P_pure_alpha,-0.03125484002326051,1.0
31,2025-01-28,1,1,1235.474611274467,1242.042166655188,0.00364594696713022,0.005315815736550235,0.00364594696713022,0.1733832660311225,false,m13_joint_composite,P_pure_alpha,-0.07376560581110747,0.75
32,2025-02-01,9,11,1242.042166655188,1312.490965828833,0.037170218572599875,0.05672013484321784,0.03717021857259988,0.25280150331923273,false,m13_joint_composite,P_pure_alpha,-0.06884191444274401,0.75
33,2025-02-04,1,0,1312.490965828833,1312.490965828833,0.0,0.0,0.0,1.0,false,m13_joint_composite,P_pure_alpha,-0.016026502269583798,1.0
34,2025-02-08,8,11,1312.490965828833,1341.4416169558629,0.044506799221976485,0.02205779078162867,0.044506799221976485,0.2502283804513369,false,m13_joint_composite,P_pure_alpha,-0.016026502269583798,1.0
35,2025-02-11,1,1,1341.4416169558629,1347.220667501765,0.004147178957228548,0.004308089500769015,0.004147178957228548,0.34642279818433863,false,m13_joint_composite,P_pure_alpha,0.0,1.0
36,2025-02-15,8,13,1347.220667501765,1377.8073909725547,0.03376073953152172,0.022703573518886532,0.03376073953152173,0.21321695395313503,false,m13_joint_composite,P_pure_alpha,0.0,1.0
37,2025-02-22,9,12,1377.8073909725547,1411.3678633232068,0.06622691340734738,0.024357883816374683,0.06622691340734738,0.2526021941879241,false,m13_joint_composite,P_pure_alpha,0.0,1.0
38,2025-02-25,1,2,1411.3678633232068,1402.0082667807058,0.006631578333137711,-0.006631578333137711,0.006631578333137711,0.17161358090112883,false,m13_joint_composite,P_pure_alpha,0.0,1.0
39,2025-03-01,9,16,1402.0082667807058,1420.0578583063725,0.05053819784391998,0.012874097787677409,0.05053819784391998,0.22363241143958246,false,m13_joint_composite,P_pure_alpha,-0.0066315783331377665,1.0
40,2025-03-04,2,4,1420.0578583063725,1367.1761680637474,0.03723910961324795,-0.03723910961324795,0.03723910961324795,0.26109520251197454,false,m13_joint_composite,P_pure_alpha,0.0,1.0
41,2025-03-08,9,17,1367.1761680637474,1283.1593230409878,0.10219000087722147,-0.06145283028283602,0.10219000087722147,0.2595795214233139,false,m13_joint_composite,P_pure_alpha,-0.037239109613247945,1.0
42,2025-03-11,2,3,1283.1593230409878,1260.236218781507,0.017864581465343476,-0.017864581465343476,0.017864581465343476,0.2413106501761821,false,m13_joint_composite,P_pure_alpha,-0.09640349121313707,0.75
43,2025-03-15,9,14,1260.236218781507,1284.0823709956885,0.03609044198941973,0.018921970229706462,0.03609044198941973,0.18502228377814878,false,m13_joint_composite,P_pure_alpha,-0.11254586465616012,0.5
44,2025-03-22,9,16,1284.0823709956885,1296.958718974291,0.07273622472341289,0.010027665101124392,0.07273622472341287,0.25143723939435725,false,m13_joint_composite,P_pure_alpha,-0.09575348392695404,0.75
45,2025-03-29,9,10,1296.958718974291,1299.6378582312461,0.03399487763311526,0.0020657089680339957,0.03399487763311526,0.2534636545439502,false,m13_joint_composite,P_pure_alpha,-0.086686002694915,0.75
46,2025-04-05,9,12,1299.6378582312461,1283.1952228628982,0.04168824326070967,-0.012651705445642815,0.041688243260709676,0.23945248206464492,false,m13_joint_composite,P_pure_alpha,-0.08479936178005087,0.75
47,2025-04-12,9,12,1283.1952228628982,1232.581520242324,0.053788119262420955,-0.03944349364678244,0.05378811926242096,0.2293674818780561,false,m13_joint_composite,P_pure_alpha,-0.09637821067847419,0.75
48,2025-04-19,9,14,1232.581520242324,1243.4739404395782,0.07363277875282244,0.00883707894234292,0.07363277875282244,0.2634818275685463,false,m13_joint_composite,P_pure_alpha,-0.13202021098467187,0.5
49,2025-04-26,8,7,1243.4739404395782,1247.5102225900612,0.0040751087656725115,0.003245972448008051,0.0040751087656725115,0.07174412059237158,false,m13_joint_composite,P_pure_alpha,-0.12434980506878546,0.5
50,2025-05-03,9,16,1247.5102225900612,1337.783201943819,0.10205211300048975,0.07236251673059196,0.10205211300048975,0.2655035863173702,false,m13_joint_composite,P_pure_alpha,-0.12150746866194573,0.5
51,2025-08-02,9,16,1337.783201943819,1294.858176566138,0.08665818719828174,-0.03208668289100223,0.08665818719828175,0.26174743308942017,false,m13_joint_composite,P_pure_alpha,-0.05793753816529568,0.75
52,2025-08-09,9,17,1294.858176566138,1273.3794754480668,0.1334667913671099,-0.016587686209026474,0.13346679136710993,0.2956675722222062,false,m13_joint_composite,P_pure_alpha,-0.08816519764170283,0.75
53,2025-08-16,6,12,1273.3794754480668,1271.2915443161266,0.01820089321730582,-0.0016396770736433102,0.01820089321730582,0.12262456648805022,false,m13_joint_composite,P_pure_alpha,-0.10329042721769177,0.5
54,2025-08-23,9,21,1271.2915443161266,1216.312520064962,0.10555621549787937,-0.04324659005007363,0.10555621549787936,0.30359996266160094,false,m13_joint_composite,P_pure_alpha,-0.10476074134589952,0.5
55,2025-08-30,9,14,1216.312520064962,1211.205507886498,0.048164033738889465,-0.004198766430679596,0.04816403373888947,0.21046885692001432,false,m13_joint_composite,P_pure_alpha,-0.1434767865616453,0.5
56,2025-09-13,8,15,1211.205507886498,1169.9479279546947,0.10984393981532671,-0.03406323672008061,0.10984393981532668,0.2751878602626266,false,m13_joint_composite,P_pure_alpha,-0.14707312747732804,0.5
57,2025-09-20,9,14,1169.9479279546947,1180.5222606867567,0.08334118549731949,0.009038293482469798,0.0833411854973195,0.2547594846488973,false,m13_joint_composite,P_pure_alpha,-0.1761265774409858,0.25
58,2025-09-27,9,19,1180.5222606867567,1213.949169824205,0.08349614561792007,0.028315356898058534,0.08349614561792007,0.23444950351582247,false,m13_joint_composite,P_pure_alpha,-0.16868016765549065,0.25
59,2025-10-04,9,20,1213.949169824205,1253.1518659558449,0.12175844344984296,0.032293523572586615,0.12175844344984293,0.2902126551126226,false,m13_joint_composite,P_pure_alpha,-0.14514104990622168,0.5
60,2025-10-07,1,3,1253.1518659558449,1244.13634552989,0.014007022315420448,-0.007194276025817846,0.014007022315420448,0.2636525529468251,false,m13_joint_composite,P_pure_alpha,-0.11753464225013166,0.5
61,2025-10-18,9,10,1244.13634552989,1308.2900206154354,0.07385107555891274,0.05156482672984036,0.07385107555891274,0.3071715137926167,false,m13_joint_composite,P_pure_alpha,-0.1238833416170062,0.5
62,2025-10-24,1,3,1308.2900206154354,1297.1139313232798,0.008542516656129762,-0.008542516656129762,0.008542516656129762,0.21075889144434315,false,m13_joint_composite,P_pure_alpha,-0.07870653793236049,0.75
63,2025-10-25,4,5,1297.1139313232798,1293.4610802714478,0.03496575506401281,-0.0028161373982817594,0.0349657550640128,0.2686243331465056,false,m13_joint_composite,P_pure_alpha,-0.0865767026772567,0.75
64,2025-11-01,9,13,1293.4610802714478,1314.7073528551387,0.059702736257077275,0.0164259079053482,0.05970273625707728,0.24186899490307004,false,m13_joint_composite,P_pure_alpha,-0.08914902818530923,0.75
65,2025-11-08,9,8,1314.7073528551387,1342.9374036538486,0.03625416040602709,0.021472497843267335,0.03625416040602709,0.2277152538053106,false,m13_joint_composite,P_pure_alpha,-0.07418747400678438,0.75
66,2025-11-15,8,17,1342.9374036538486,1412.5952223529716,0.09027831969634238,0.05186974352609364,0.09027831969634238,0.26215119537672343,false,m13_joint_composite,P_pure_alpha,-0.05430796653912495,0.75
67,2025-11-22,9,16,1412.5952223529716,1451.8136909213881,0.1095098758185462,0.027763415837617097,0.10950987581854618,0.2840885589884188,false,m13_joint_composite,P_pure_alpha,-0.005255163308839572,1.0
68,2025-11-25,1,3,1451.8136909213881,1455.3344632027708,0.02233178605175766,0.0024250854661305834,0.02233178605175766,0.27002264741565457,false,m13_joint_composite,P_pure_alpha,0.0,1.0
69,2025-12-06,8,11,1455.3344632027708,1419.7944164027424,0.05384612299396202,-0.02442053541549149,0.053846122993962034,0.23054336400660533,false,m13_joint_composite,P_pure_alpha,0.0,1.0
70,2025-12-13,9,18,1419.7944164027424,1445.664515802084,0.06430997694169202,0.01822101784629323,0.06430997694169202,0.2505376630076012,false,m13_joint_composite,P_pure_alpha,-0.024420535415491385,1.0
71,2025-12-20,9,15,1445.664515802084,1539.4841603238008,0.0668651085591249,0.06489724517424689,0.0668651085591249,0.2534146994365099,false,m13_joint_composite,P_pure_alpha,-0.006644484580820009,1.0
72,2025-12-27,9,17,1539.4841603238008,1649.5480610189027,0.05021739997122395,0.07149401308029825,0.05021739997122395,0.22364074798748407,false,m13_joint_composite,P_pure_alpha,0.0,1.0
73,2026-01-03,4,5,1649.5480610189027,1669.0757705467452,0.015701287755580953,0.011838217987889666,0.015701287755580953,0.2280938167648555,false,m13_joint_composite,P_pure_alpha,0.0,1.0
74,2026-01-10,5,11,1669.0757705467452,1655.4324819380377,0.05038656599357082,-0.008174157728164828,0.05038656599357081,0.25531640690496055,false,m13_joint_composite,P_pure_alpha,0.0,1.0
75,2026-01-17,2,6,1655.4324819380377,1616.277220912419,0.023652587135283808,-0.023652587135283808,0.023652587135283808,0.23627404897494325,false,m13_joint_composite,P_pure_alpha,-0.008174157728164877,1.0
76,2026-01-20,2,5,1616.277220912419,1573.8289710913118,0.03046440199459149,-0.02626297597459452,0.03046440199459149,0.2569604631458483,false,m13_joint_composite,P_pure_alpha,-0.031633404885525906,1.0
77,2026-01-24,8,20,1573.8289710913118,1524.4724693981445,0.10676211755197676,-0.03136077845799398,0.10676211755197676,0.27420571378650893,false,m13_joint_composite,P_pure_alpha,-0.057065593507617085,0.75
78,2026-01-31,9,15,1524.4724693981445,1544.4584481197824,0.04757959422532857,0.013110094883857266,0.04757959422532857,0.210106038287056,false,m13_joint_composite,P_pure_alpha,-0.08663675053004483,0.75
79,2026-02-07,5,10,1544.4584481197824,1521.010492599134,0.05472617683894075,-0.015181991816739073,0.05472617683894075,0.2668120578045874,false,m13_joint_composite,P_pure_alpha,-0.07466247166606554,0.75
80,2026-02-10,3,8,1521.010492599134,1554.1524477103865,0.020930431759365542,0.021789432270528715,0.020930431759365542,0.21652030349782342,false,m13_joint_composite,P_pure_alpha,-0.08871093844895295,0.75
81,2026-02-14,6,11,1554.1524477103865,1566.7115146307394,0.07193529452745422,0.008080974899763005,0.07193529452745419,0.2929237944199444,false,m13_joint_composite,P_pure_alpha,-0.0688544671634127,0.75
82,2026-02-17,4,10,1566.7115146307394,1564.4600225357597,0.039797708149557846,-0.0014370814754050964,0.03979770814955783,0.27360959162994114,false,m13_joint_composite,P_pure_alpha,-0.06132990348453382,0.75
83,2026-02-21,9,11,1564.4600225357597,1649.4866430312043,0.0472114896152938,0.05434886112182595,0.0472114896152938,0.19717489323712642,false,m13_joint_composite,P_pure_alpha,-0.0626788488917529,0.75
84,2026-02-24,3,3,1649.4866430312043,1690.705083547583,0.01225800110916895,0.024988647644113706,0.01225800110916895,0.26831267847467105,false,m13_joint_composite,P_pure_alpha,-0.011736511823620788,1.0
85,2026-02-28,9,14,1690.705083547583,1645.9568196862865,0.08131963447729297,-0.026467220272030925,0.081319634477293,0.24715232204057638,false,m13_joint_composite,P_pure_alpha,0.0,1.0
86,2026-03-03,2,2,1645.9568196862865,1623.6206077792517,0.013570351080833432,-0.013570351080833432,0.013570351080833432,0.27517000326204183,false,m13_joint_composite,P_pure_alpha,-0.026467220272030967,1.0
87,2026-03-07,9,11,1623.6206077792517,1619.248123579897,0.03064499660907928,-0.002693045517163776,0.030644996609079277,0.17926579478205534,false,m13_joint_composite,P_pure_alpha,-0.03967840188163907,1.0
88,2026-03-10,3,6,1619.248123579897,1643.1780954226435,0.025674923585075133,0.014778446548291512,0.025674923585075136,0.25416809517543676,false,m13_joint_composite,P_pure_alpha,-0.04226459165648733,1.0
89,2026-03-14,9,15,1643.1780954226435,1687.3585474318704,0.07583863363845195,0.026887196301057736,0.07583863363845195,0.23146952926517633,false,m13_joint_composite,P_pure_alpha,-0.028110750116876804,1.0
90,2026-03-17,1,2,1687.3585474318704,1657.6970351101984,0.01757866599651653,-0.01757866599651653,0.01757866599651653,0.21712270719111104,false,m13_joint_composite,P_pure_alpha,-0.001979373072381496,1.0
91,2026-03-21,9,15,1657.6970351101984,1678.050815938822,0.0717020757598178,0.012278347850981631,0.07170207575981778,0.22764237209873256,false,m13_joint_composite,P_pure_alpha,-0.019523244330776013,1.0
92,2026-03-24,2,1,1678.050815938822,1678.0508159389408,3.3140155828835676e-14,7.067762473183403e-14,3.3140155828835676e-14,1.0282084211832299e-11,false,m13_joint_composite,P_pure_alpha,-0.007484609664867525,1.0
93,2026-03-27,1,3,1678.0508159389408,1713.1585077795426,0.010092860295786764,0.020921709585390448,0.010092860295786764,0.25016604535755943,false,m13_joint_composite,P_pure_alpha,-0.007484609664797248,1.0
94,2026-03-28,7,9,1713.1585077795426,1695.619142481533,0.0241934956839343,-0.010238028307574771,0.0241934956839343,0.2289246244335754,false,m13_joint_composite,P_pure_alpha,0.0,1.0
95,2026-04-04,8,13,1695.619142481533,1655.9033970289684,0.044246111883340294,-0.023422562565813588,0.04424611188334029,0.22089807118895588,false,m13_joint_composite,P_pure_alpha,-0.010238028307574809,1.0
96,2026-04-07,1,3,1655.9033970289684,1643.6337319605364,0.007409650279386059,-0.007409650279386059,0.007409650279386059,0.24799140957661783,false,m13_joint_composite,P_pure_alpha,-0.03342079001480347,1.0
97,2026-04-11,9,18,1643.6337319605364,1707.1148512159095,0.1063600089357726,0.03862242421835205,0.10636000893577258,0.24947688883367233,false,m13_joint_composite,P_pure_alpha,-0.04058280392811908,1.0
98,2026-04-14,1,3,1707.1148512159095,1670.8459188618053,0.04429691709666145,-0.021245748244924118,0.04429691709666145,0.2691395045065945,false,m13_joint_composite,P_pure_alpha,-0.003527785979048903,1.0
99,2026-04-18,9,16,1670.8459188618053,1729.0461477408062,0.09773619851655373,0.034832792313157834,0.09773619851655375,0.24508313344623103,false,m13_joint_composite,P_pure_alpha,-0.024698583771200155,1.0
100,2026-04-25,9,23,1729.0461477408062,1788.4298746372958,0.10348746290475479,0.034344790030087585,0.10348746290475477,0.23624710478994665,false,m13_joint_composite,P_pure_alpha,0.0,1.0
