model,market_key,selection,source,bin,lower,upper,n,mean_predicted,realized_win_rate,calibration_gap
m00_joint_baseline,1X2,ALL,model,1,0.0,0.1,0,NaN,NaN,NaN
m00_joint_baseline,1X2,ALL,model,2,0.1,0.2,5,0.18858675515068252,0.4,0.2114132448493175
m00_joint_baseline,1X2,ALL,model,3,0.2,0.3,761,0.25714638795992956,0.24967148488830487,-0.007474903071624683
m00_joint_baseline,1X2,ALL,model,4,0.3,0.4,604,0.3517819164929886,0.33278145695364236,-0.01900045953934626
m00_joint_baseline,1X2,ALL,model,5,0.4,0.5,373,0.4387042261822304,0.48525469168900803,0.04655046550677766
m00_joint_baseline,1X2,ALL,model,6,0.5,0.6,40,0.5262812169001182,0.5,-0.0262812169001182
m00_joint_baseline,1X2,ALL,model,7,0.6,0.7,2,0.6021630483704122,0.5,-0.10216304837041223
m00_joint_baseline,1X2,ALL,model,8,0.7,0.8,0,NaN,NaN,NaN
m00_joint_baseline,1X2,ALL,model,9,0.8,0.9,0,NaN,NaN,NaN
m00_joint_baseline,1X2,ALL,model,10,0.9,1.0,0,NaN,NaN,NaN
m00_joint_baseline,1X2,ALL,market,1,0.0,0.1,15,0.0750368067661535,0.06666666666666667,-0.008370140099486834
m00_joint_baseline,1X2,ALL,market,2,0.1,0.2,112,0.1642668353413148,0.24107142857142858,0.07680459323011377
m00_joint_baseline,1X2,ALL,market,3,0.2,0.3,840,0.25776042573994257,0.2571428571428571,-0.0006175685970854494
m00_joint_baseline,1X2,ALL,market,4,0.3,0.4,347,0.3475734912735116,0.3400576368876081,-0.00751585438590352
m00_joint_baseline,1X2,ALL,market,5,0.4,0.5,258,0.4461330820988877,0.47674418604651164,0.030611103947623952
m00_joint_baseline,1X2,ALL,market,6,0.5,0.6,149,0.5386387091268434,0.48322147651006714,-0.05541723261677628
m00_joint_baseline,1X2,ALL,market,7,0.6,0.7,46,0.6361909158794056,0.5434782608695652,-0.09271265500984038
m00_joint_baseline,1X2,ALL,market,8,0.7,0.8,15,0.743394863763088,0.7333333333333333,-0.010061530429754773
m00_joint_baseline,1X2,ALL,market,9,0.8,0.9,2,0.8290213877706651,0.5,-0.32902138777066514
m00_joint_baseline,1X2,ALL,market,10,0.9,1.0,1,0.9165525429670892,1.0,0.08344745703291079
m00_joint_baseline,1X2,home,model,1,0.0,0.1,0,NaN,NaN,NaN
m00_joint_baseline,1X2,home,model,2,0.1,0.2,0,NaN,NaN,NaN
m00_joint_baseline,1X2,home,model,3,0.2,0.3,13,0.2730197336970272,0.07692307692307693,-0.19609665677395027
m00_joint_baseline,1X2,home,model,4,0.3,0.4,240,0.3618541324742455,0.35833333333333334,-0.0035207991409121897
m00_joint_baseline,1X2,home,model,5,0.4,0.5,304,0.4419594173535236,0.5032894736842105,0.06133005633068689
m00_joint_baseline,1X2,home,model,6,0.5,0.6,36,0.5269748826668741,0.5,-0.02697488266687409
m00_joint_baseline,1X2,home,model,7,0.6,0.7,2,0.6021630483704122,0.5,-0.10216304837041223
m00_joint_baseline,1X2,home,model,8,0.7,0.8,0,NaN,NaN,NaN
m00_joint_baseline,1X2,home,model,9,0.8,0.9,0,NaN,NaN,NaN
m00_joint_baseline,1X2,home,model,10,0.9,1.0,0,NaN,NaN,NaN
m00_joint_baseline,1X2,home,market,1,0.0,0.1,0,NaN,NaN,NaN
m00_joint_baseline,1X2,home,market,2,0.1,0.2,22,0.15778162061472642,0.13636363636363635,-0.021417984251090066
m00_joint_baseline,1X2,home,market,3,0.2,0.3,89,0.25663682671733473,0.2808988764044944,0.02426204968715967
m00_joint_baseline,1X2,home,market,4,0.3,0.4,148,0.35558730285975815,0.40540540540540543,0.04981810254564728
m00_joint_baseline,1X2,home,market,5,0.4,0.5,178,0.44816207715645123,0.4943820224719101,0.046219945315458866
m00_joint_baseline,1X2,home,market,6,0.5,0.6,107,0.5388822298014356,0.4953271028037383,-0.04355512699769731
m00_joint_baseline,1X2,home,market,7,0.6,0.7,35,0.6332182875840212,0.5428571428571428,-0.0903611447268784
m00_joint_baseline,1X2,home,market,8,0.7,0.8,13,0.7462348494322888,0.6923076923076923,-0.0539271571245965
m00_joint_baseline,1X2,home,market,9,0.8,0.9,2,0.8290213877706651,0.5,-0.32902138777066514
m00_joint_baseline,1X2,home,market,10,0.9,1.0,1,0.9165525429670892,1.0,0.08344745703291079
m00_joint_baseline,1X2,draw,model,1,0.0,0.1,0,NaN,NaN,NaN
m00_joint_baseline,1X2,draw,model,2,0.1,0.2,0,NaN,NaN,NaN
m00_joint_baseline,1X2,draw,model,3,0.2,0.3,595,0.25343065220040634,0.2571428571428571,0.003712204942450781
m00_joint_baseline,1X2,draw,model,4,0.3,0.4,0,NaN,NaN,NaN
m00_joint_baseline,1X2,draw,model,5,0.4,0.5,0,NaN,NaN,NaN
m00_joint_baseline,1X2,draw,model,6,0.5,0.6,0,NaN,NaN,NaN
m00_joint_baseline,1X2,draw,model,7,0.6,0.7,0,NaN,NaN,NaN
m00_joint_baseline,1X2,draw,model,8,0.7,0.8,0,NaN,NaN,NaN
m00_joint_baseline,1X2,draw,model,9,0.8,0.9,0,NaN,NaN,NaN
m00_joint_baseline,1X2,draw,model,10,0.9,1.0,0,NaN,NaN,NaN
m00_joint_baseline,1X2,draw,market,1,0.0,0.1,2,0.08153156303948728,0.5,0.4184684369605127
m00_joint_baseline,1X2,draw,market,2,0.1,0.2,21,0.1703640382685322,0.19047619047619047,0.020112152207658274
m00_joint_baseline,1X2,draw,market,3,0.2,0.3,553,0.2604806907328671,0.2603978300180832,-8.286071478391666e-5
m00_joint_baseline,1X2,draw,market,4,0.3,0.4,19,0.3083394003686288,0.21052631578947367,-0.09781308457915511
m00_joint_baseline,1X2,draw,market,5,0.4,0.5,0,NaN,NaN,NaN
m00_joint_baseline,1X2,draw,market,6,0.5,0.6,0,NaN,NaN,NaN
m00_joint_baseline,1X2,draw,market,7,0.6,0.7,0,NaN,NaN,NaN
m00_joint_baseline,1X2,draw,market,8,0.7,0.8,0,NaN,NaN,NaN
m00_joint_baseline,1X2,draw,market,9,0.8,0.9,0,NaN,NaN,NaN
m00_joint_baseline,1X2,draw,market,10,0.9,1.0,0,NaN,NaN,NaN
m00_joint_baseline,1X2,away,model,1,0.0,0.1,0,NaN,NaN,NaN
m00_joint_baseline,1X2,away,model,2,0.1,0.2,5,0.18858675515068252,0.4,0.2114132448493175
m00_joint_baseline,1X2,away,model,3,0.2,0.3,153,0.2702477558183217,0.23529411764705882,-0.0349536381712629
m00_joint_baseline,1X2,away,model,4,0.3,0.4,364,0.3451408949668853,0.3159340659340659,-0.029206829032819404
m00_joint_baseline,1X2,away,model,5,0.4,0.5,69,0.4243625143550831,0.4057971014492754,-0.01856541290580771
m00_joint_baseline,1X2,away,model,6,0.5,0.6,4,0.5200382249993154,0.5,-0.0200382249993154
m00_joint_baseline,1X2,away,model,7,0.6,0.7,0,NaN,NaN,NaN
m00_joint_baseline,1X2,away,model,8,0.7,0.8,0,NaN,NaN,NaN
m00_joint_baseline,1X2,away,model,9,0.8,0.9,0,NaN,NaN,NaN
m00_joint_baseline,1X2,away,model,10,0.9,1.0,0,NaN,NaN,NaN
m00_joint_baseline,1X2,away,market,1,0.0,0.1,13,0.07403761349333292,0.0,-0.07403761349333292
m00_joint_baseline,1X2,away,market,2,0.1,0.2,69,0.1644789145081753,0.2898550724637681,0.12537615795559282
m00_joint_baseline,1X2,away,market,3,0.2,0.3,198,0.2506679700425934,0.23737373737373738,-0.013294232668856015
m00_joint_baseline,1X2,away,market,4,0.3,0.4,180,0.3451257335647796,0.3,-0.04512573356477961
m00_joint_baseline,1X2,away,market,5,0.4,0.5,80,0.44161856809580924,0.4375,-0.0041185680958092385
m00_joint_baseline,1X2,away,market,6,0.5,0.6,42,0.5380183112177629,0.4523809523809524,-0.0856373588368105
m00_joint_baseline,1X2,away,market,7,0.6,0.7,11,0.645649278637448,0.5454545454545454,-0.10019473318290262
m00_joint_baseline,1X2,away,market,8,0.7,0.8,2,0.7249349569132821,1.0,0.27506504308671786
m00_joint_baseline,1X2,away,market,9,0.8,0.9,0,NaN,NaN,NaN
m00_joint_baseline,1X2,away,market,10,0.9,1.0,0,NaN,NaN,NaN
m00_joint_baseline,OU0.5,ALL,model,1,0.0,0.1,141,0.06861194430418403,0.03546099290780142,-0.03315095139638261
m00_joint_baseline,OU0.5,ALL,model,2,0.1,0.2,8,0.10519065993122108,0.0,-0.10519065993122108
m00_joint_baseline,OU0.5,ALL,model,3,0.2,0.3,0,NaN,NaN,NaN
m00_joint_baseline,OU0.5,ALL,model,4,0.3,0.4,0,NaN,NaN,NaN
m00_joint_baseline,OU0.5,ALL,model,5,0.4,0.5,0,NaN,NaN,NaN
m00_joint_baseline,OU0.5,ALL,model,6,0.5,0.6,0,NaN,NaN,NaN
m00_joint_baseline,OU0.5,ALL,model,7,0.6,0.7,0,NaN,NaN,NaN
m00_joint_baseline,OU0.5,ALL,model,8,0.7,0.8,0,NaN,NaN,NaN
m00_joint_baseline,OU0.5,ALL,model,9,0.8,0.9,10,0.8946840386391057,1.0,0.10531596136089427
m00_joint_baseline,OU0.5,ALL,model,10,0.9,1.0,374,0.9326117849605567,0.9358288770053476,0.0032170920447908147
m00_joint_baseline,OU0.5,ALL,market,1,0.0,0.1,147,0.06740041896494867,0.034013605442176874,-0.03338681352277179
m00_joint_baseline,OU0.5,ALL,market,2,0.1,0.2,2,0.10244658799633993,0.0,-0.10244658799633993
m00_joint_baseline,OU0.5,ALL,market,3,0.2,0.3,0,NaN,NaN,NaN
m00_joint_baseline,OU0.5,ALL,market,4,0.3,0.4,0,NaN,NaN,NaN
m00_joint_baseline,OU0.5,ALL,market,5,0.4,0.5,0,NaN,NaN,NaN
m00_joint_baseline,OU0.5,ALL,market,6,0.5,0.6,0,NaN,NaN,NaN
m00_joint_baseline,OU0.5,ALL,market,7,0.6,0.7,0,NaN,NaN,NaN
m00_joint_baseline,OU0.5,ALL,market,8,0.7,0.8,0,NaN,NaN,NaN
m00_joint_baseline,OU0.5,ALL,market,9,0.8,0.9,2,0.8975534120036601,1.0,0.10244658799633988
m00_joint_baseline,OU0.5,ALL,market,10,0.9,1.0,382,0.9740631895606092,0.93717277486911,-0.03689041469149923
m00_joint_baseline,OU0.5,over_05,model,1,0.0,0.1,0,NaN,NaN,NaN
m00_joint_baseline,OU0.5,over_05,model,2,0.1,0.2,0,NaN,NaN,NaN
m00_joint_baseline,OU0.5,over_05,model,3,0.2,0.3,0,NaN,NaN,NaN
m00_joint_baseline,OU0.5,over_05,model,4,0.3,0.4,0,NaN,NaN,NaN
m00_joint_baseline,OU0.5,over_05,model,5,0.4,0.5,0,NaN,NaN,NaN
m00_joint_baseline,OU0.5,over_05,model,6,0.5,0.6,0,NaN,NaN,NaN
m00_joint_baseline,OU0.5,over_05,model,7,0.6,0.7,0,NaN,NaN,NaN
m00_joint_baseline,OU0.5,over_05,model,8,0.7,0.8,0,NaN,NaN,NaN
m00_joint_baseline,OU0.5,over_05,model,9,0.8,0.9,10,0.8946840386391057,1.0,0.10531596136089427
m00_joint_baseline,OU0.5,over_05,model,10,0.9,1.0,374,0.9326117849605567,0.9358288770053476,0.0032170920447908147
m00_joint_baseline,OU0.5,over_05,market,1,0.0,0.1,0,NaN,NaN,NaN
m00_joint_baseline,OU0.5,over_05,market,2,0.1,0.2,0,NaN,NaN,NaN
m00_joint_baseline,OU0.5,over_05,market,3,0.2,0.3,0,NaN,NaN,NaN
m00_joint_baseline,OU0.5,over_05,market,4,0.3,0.4,0,NaN,NaN,NaN
m00_joint_baseline,OU0.5,over_05,market,5,0.4,0.5,0,NaN,NaN,NaN
m00_joint_baseline,OU0.5,over_05,market,6,0.5,0.6,0,NaN,NaN,NaN
m00_joint_baseline,OU0.5,over_05,market,7,0.6,0.7,0,NaN,NaN,NaN
m00_joint_baseline,OU0.5,over_05,market,8,0.7,0.8,0,NaN,NaN,NaN
m00_joint_baseline,OU0.5,over_05,market,9,0.8,0.9,2,0.8975534120036601,1.0,0.10244658799633988
m00_joint_baseline,OU0.5,over_05,market,10,0.9,1.0,382,0.9740631895606092,0.93717277486911,-0.03689041469149923
m00_joint_baseline,OU0.5,under_05,model,1,0.0,0.1,141,0.06861194430418403,0.03546099290780142,-0.03315095139638261
m00_joint_baseline,OU0.5,under_05,model,2,0.1,0.2,8,0.10519065993122108,0.0,-0.10519065993122108
m00_joint_baseline,OU0.5,under_05,model,3,0.2,0.3,0,NaN,NaN,NaN
m00_joint_baseline,OU0.5,under_05,model,4,0.3,0.4,0,NaN,NaN,NaN
m00_joint_baseline,OU0.5,under_05,model,5,0.4,0.5,0,NaN,NaN,NaN
m00_joint_baseline,OU0.5,under_05,model,6,0.5,0.6,0,NaN,NaN,NaN
m00_joint_baseline,OU0.5,under_05,model,7,0.6,0.7,0,NaN,NaN,NaN
m00_joint_baseline,OU0.5,under_05,model,8,0.7,0.8,0,NaN,NaN,NaN
m00_joint_baseline,OU0.5,under_05,model,9,0.8,0.9,0,NaN,NaN,NaN
m00_joint_baseline,OU0.5,under_05,model,10,0.9,1.0,0,NaN,NaN,NaN
m00_joint_baseline,OU0.5,under_05,market,1,0.0,0.1,147,0.06740041896494867,0.034013605442176874,-0.03338681352277179
m00_joint_baseline,OU0.5,under_05,market,2,0.1,0.2,2,0.10244658799633993,0.0,-0.10244658799633993
m00_joint_baseline,OU0.5,under_05,market,3,0.2,0.3,0,NaN,NaN,NaN
m00_joint_baseline,OU0.5,under_05,market,4,0.3,0.4,0,NaN,NaN,NaN
m00_joint_baseline,OU0.5,under_05,market,5,0.4,0.5,0,NaN,NaN,NaN
m00_joint_baseline,OU0.5,under_05,market,6,0.5,0.6,0,NaN,NaN,NaN
m00_joint_baseline,OU0.5,under_05,market,7,0.6,0.7,0,NaN,NaN,NaN
m00_joint_baseline,OU0.5,under_05,market,8,0.7,0.8,0,NaN,NaN,NaN
m00_joint_baseline,OU0.5,under_05,market,9,0.8,0.9,0,NaN,NaN,NaN
m00_joint_baseline,OU0.5,under_05,market,10,0.9,1.0,0,NaN,NaN,NaN
m00_joint_baseline,OU1.5,ALL,model,1,0.0,0.1,0,NaN,NaN,NaN
m00_joint_baseline,OU1.5,ALL,model,2,0.1,0.2,32,0.18832696051739709,0.125,-0.06332696051739709
m00_joint_baseline,OU1.5,ALL,model,3,0.2,0.3,160,0.246588444658566,0.23125,-0.015338444658565986
m00_joint_baseline,OU1.5,ALL,model,4,0.3,0.4,23,0.3230874077640066,0.34782608695652173,0.024738679192515156
m00_joint_baseline,OU1.5,ALL,model,5,0.4,0.5,0,NaN,NaN,NaN
m00_joint_baseline,OU1.5,ALL,model,6,0.5,0.6,0,NaN,NaN,NaN
m00_joint_baseline,OU1.5,ALL,model,7,0.6,0.7,23,0.6769125600931056,0.6521739130434783,-0.02473864704962736
m00_joint_baseline,OU1.5,ALL,model,8,0.7,0.8,160,0.7534113615073861,0.76875,0.015338638492613965
m00_joint_baseline,OU1.5,ALL,model,9,0.8,0.9,32,0.8116723905144565,0.875,0.0633276094855435
m00_joint_baseline,OU1.5,ALL,model,10,0.9,1.0,0,NaN,NaN,NaN
m00_joint_baseline,OU1.5,ALL,market,1,0.0,0.1,0,NaN,NaN,NaN
m00_joint_baseline,OU1.5,ALL,market,2,0.1,0.2,51,0.17588692718889973,0.19607843137254902,0.02019150418364929
m00_joint_baseline,OU1.5,ALL,market,3,0.2,0.3,154,0.24291855455351105,0.24025974025974026,-0.002658814293770795
m00_joint_baseline,OU1.5,ALL,market,4,0.3,0.4,10,0.31675878370299293,0.2,-0.11675878370299292
m00_joint_baseline,OU1.5,ALL,market,5,0.4,0.5,0,NaN,NaN,NaN
m00_joint_baseline,OU1.5,ALL,market,6,0.5,0.6,0,NaN,NaN,NaN
m00_joint_baseline,OU1.5,ALL,market,7,0.6,0.7,10,0.683241216297007,0.8,0.11675878370299309
m00_joint_baseline,OU1.5,ALL,market,8,0.7,0.8,152,0.7565167276234162,0.756578947368421,6.22197450048656e-5
m00_joint_baseline,OU1.5,ALL,market,9,0.8,0.9,53,0.8232031455352096,0.8113207547169812,-0.011882390818228394
m00_joint_baseline,OU1.5,ALL,market,10,0.9,1.0,0,NaN,NaN,NaN
m00_joint_baseline,OU1.5,over_15,model,1,0.0,0.1,0,NaN,NaN,NaN
m00_joint_baseline,OU1.5,over_15,model,2,0.1,0.2,0,NaN,NaN,NaN
m00_joint_baseline,OU1.5,over_15,model,3,0.2,0.3,0,NaN,NaN,NaN
m00_joint_baseline,OU1.5,over_15,model,4,0.3,0.4,0,NaN,NaN,NaN
m00_joint_baseline,OU1.5,over_15,model,5,0.4,0.5,0,NaN,NaN,NaN
m00_joint_baseline,OU1.5,over_15,model,6,0.5,0.6,0,NaN,NaN,NaN
m00_joint_baseline,OU1.5,over_15,model,7,0.6,0.7,23,0.6769125600931056,0.6521739130434783,-0.02473864704962736
m00_joint_baseline,OU1.5,over_15,model,8,0.7,0.8,160,0.7534113615073861,0.76875,0.015338638492613965
m00_joint_baseline,OU1.5,over_15,model,9,0.8,0.9,32,0.8116723905144565,0.875,0.0633276094855435
m00_joint_baseline,OU1.5,over_15,model,10,0.9,1.0,0,NaN,NaN,NaN
m00_joint_baseline,OU1.5,over_15,market,1,0.0,0.1,0,NaN,NaN,NaN
m00_joint_baseline,OU1.5,over_15,market,2,0.1,0.2,0,NaN,NaN,NaN
m00_joint_baseline,OU1.5,over_15,market,3,0.2,0.3,0,NaN,NaN,NaN
m00_joint_baseline,OU1.5,over_15,market,4,0.3,0.4,0,NaN,NaN,NaN
m00_joint_baseline,OU1.5,over_15,market,5,0.4,0.5,0,NaN,NaN,NaN
m00_joint_baseline,OU1.5,over_15,market,6,0.5,0.6,0,NaN,NaN,NaN
m00_joint_baseline,OU1.5,over_15,market,7,0.6,0.7,10,0.683241216297007,0.8,0.11675878370299309
m00_joint_baseline,OU1.5,over_15,market,8,0.7,0.8,152,0.7565167276234162,0.756578947368421,6.22197450048656e-5
m00_joint_baseline,OU1.5,over_15,market,9,0.8,0.9,53,0.8232031455352096,0.8113207547169812,-0.011882390818228394
m00_joint_baseline,OU1.5,over_15,market,10,0.9,1.0,0,NaN,NaN,NaN
m00_joint_baseline,OU1.5,under_15,model,1,0.0,0.1,0,NaN,NaN,NaN
m00_joint_baseline,OU1.5,under_15,model,2,0.1,0.2,32,0.18832696051739709,0.125,-0.06332696051739709
m00_joint_baseline,OU1.5,under_15,model,3,0.2,0.3,160,0.246588444658566,0.23125,-0.015338444658565986
m00_joint_baseline,OU1.5,under_15,model,4,0.3,0.4,23,0.3230874077640066,0.34782608695652173,0.024738679192515156
m00_joint_baseline,OU1.5,under_15,model,5,0.4,0.5,0,NaN,NaN,NaN
m00_joint_baseline,OU1.5,under_15,model,6,0.5,0.6,0,NaN,NaN,NaN
m00_joint_baseline,OU1.5,under_15,model,7,0.6,0.7,0,NaN,NaN,NaN
m00_joint_baseline,OU1.5,under_15,model,8,0.7,0.8,0,NaN,NaN,NaN
m00_joint_baseline,OU1.5,under_15,model,9,0.8,0.9,0,NaN,NaN,NaN
m00_joint_baseline,OU1.5,under_15,model,10,0.9,1.0,0,NaN,NaN,NaN
m00_joint_baseline,OU1.5,under_15,market,1,0.0,0.1,0,NaN,NaN,NaN
m00_joint_baseline,OU1.5,under_15,market,2,0.1,0.2,51,0.17588692718889973,0.19607843137254902,0.02019150418364929
m00_joint_baseline,OU1.5,under_15,market,3,0.2,0.3,154,0.24291855455351105,0.24025974025974026,-0.002658814293770795
m00_joint_baseline,OU1.5,under_15,market,4,0.3,0.4,10,0.31675878370299293,0.2,-0.11675878370299292
m00_joint_baseline,OU1.5,under_15,market,5,0.4,0.5,0,NaN,NaN,NaN
m00_joint_baseline,OU1.5,under_15,market,6,0.5,0.6,0,NaN,NaN,NaN
m00_joint_baseline,OU1.5,under_15,market,7,0.6,0.7,0,NaN,NaN,NaN
m00_joint_baseline,OU1.5,under_15,market,8,0.7,0.8,0,NaN,NaN,NaN
m00_joint_baseline,OU1.5,under_15,market,9,0.8,0.9,0,NaN,NaN,NaN
m00_joint_baseline,OU1.5,under_15,market,10,0.9,1.0,0,NaN,NaN,NaN
m00_joint_baseline,OU2.5,ALL,model,1,0.0,0.1,0,NaN,NaN,NaN
m00_joint_baseline,OU2.5,ALL,model,2,0.1,0.2,0,NaN,NaN,NaN
m00_joint_baseline,OU2.5,ALL,model,3,0.2,0.3,0,NaN,NaN,NaN
m00_joint_baseline,OU2.5,ALL,model,4,0.3,0.4,22,0.38743642132552714,0.2727272727272727,-0.11470914859825443
m00_joint_baseline,OU2.5,ALL,model,5,0.4,0.5,357,0.46065666453913406,0.46218487394957986,0.001528209410445791
m00_joint_baseline,OU2.5,ALL,model,6,0.5,0.6,357,0.5393431127153044,0.5378151260504201,-0.0015279866648842955
m00_joint_baseline,OU2.5,ALL,model,7,0.6,0.7,22,0.6125628296084831,0.7272727272727273,0.11470989766424422
m00_joint_baseline,OU2.5,ALL,model,8,0.7,0.8,0,NaN,NaN,NaN
m00_joint_baseline,OU2.5,ALL,model,9,0.8,0.9,0,NaN,NaN,NaN
m00_joint_baseline,OU2.5,ALL,model,10,0.9,1.0,0,NaN,NaN,NaN
m00_joint_baseline,OU2.5,ALL,market,1,0.0,0.1,0,NaN,NaN,NaN
m00_joint_baseline,OU2.5,ALL,market,2,0.1,0.2,0,NaN,NaN,NaN
m00_joint_baseline,OU2.5,ALL,market,3,0.2,0.3,2,0.2920623374158074,1.0,0.7079376625841927
m00_joint_baseline,OU2.5,ALL,market,4,0.3,0.4,41,0.36865306278742255,0.3902439024390244,0.021590839651601856
m00_joint_baseline,OU2.5,ALL,market,5,0.4,0.5,332,0.46194550362195913,0.4759036144578313,0.013958110835872173
m00_joint_baseline,OU2.5,ALL,market,6,0.5,0.6,340,0.5371590964632633,0.5235294117647059,-0.01362968469855741
m00_joint_baseline,OU2.5,ALL,market,7,0.6,0.7,41,0.6313469372125775,0.6097560975609756,-0.021590839651601912
m00_joint_baseline,OU2.5,ALL,market,8,0.7,0.8,2,0.7079376625841927,0.0,-0.7079376625841927
m00_joint_baseline,OU2.5,ALL,market,9,0.8,0.9,0,NaN,NaN,NaN
m00_joint_baseline,OU2.5,ALL,market,10,0.9,1.0,0,NaN,NaN,NaN
m00_joint_baseline,OU2.5,over_25,model,1,0.0,0.1,0,NaN,NaN,NaN
m00_joint_baseline,OU2.5,over_25,model,2,0.1,0.2,0,NaN,NaN,NaN
m00_joint_baseline,OU2.5,over_25,model,3,0.2,0.3,0,NaN,NaN,NaN
m00_joint_baseline,OU2.5,over_25,model,4,0.3,0.4,6,0.3916235675093988,0.16666666666666666,-0.22495690084273215
m00_joint_baseline,OU2.5,over_25,model,5,0.4,0.5,156,0.46608111051360435,0.4551282051282051,-0.010952905385399225
m00_joint_baseline,OU2.5,over_25,model,6,0.5,0.6,201,0.5435530224404956,0.5323383084577115,-0.011214713982784175
m00_joint_baseline,OU2.5,over_25,model,7,0.6,0.7,16,0.6141327374357406,0.6875,0.0733672625642594
m00_joint_baseline,OU2.5,over_25,model,8,0.7,0.8,0,NaN,NaN,NaN
m00_joint_baseline,OU2.5,over_25,model,9,0.8,0.9,0,NaN,NaN,NaN
m00_joint_baseline,OU2.5,over_25,model,10,0.9,1.0,0,NaN,NaN,NaN
m00_joint_baseline,OU2.5,over_25,market,1,0.0,0.1,0,NaN,NaN,NaN
m00_joint_baseline,OU2.5,over_25,market,2,0.1,0.2,0,NaN,NaN,NaN
m00_joint_baseline,OU2.5,over_25,market,3,0.2,0.3,0,NaN,NaN,NaN
m00_joint_baseline,OU2.5,over_25,market,4,0.3,0.4,1,0.34553775743707094,0.0,-0.34553775743707094
m00_joint_baseline,OU2.5,over_25,market,5,0.4,0.5,108,0.4684195702664828,0.4537037037037037,-0.014715866562779067
m00_joint_baseline,OU2.5,over_25,market,6,0.5,0.6,228,0.540453536781972,0.5131578947368421,-0.02729564204512991
m00_joint_baseline,OU2.5,over_25,market,7,0.6,0.7,40,0.6307690545788187,0.6,-0.030769054578818733
m00_joint_baseline,OU2.5,over_25,market,8,0.7,0.8,2,0.7079376625841927,0.0,-0.7079376625841927
m00_joint_baseline,OU2.5,over_25,market,9,0.8,0.9,0,NaN,NaN,NaN
m00_joint_baseline,OU2.5,over_25,market,10,0.9,1.0,0,NaN,NaN,NaN
m00_joint_baseline,OU2.5,under_25,model,1,0.0,0.1,0,NaN,NaN,NaN
m00_joint_baseline,OU2.5,under_25,model,2,0.1,0.2,0,NaN,NaN,NaN
m00_joint_baseline,OU2.5,under_25,model,3,0.2,0.3,0,NaN,NaN,NaN
m00_joint_baseline,OU2.5,under_25,model,4,0.3,0.4,16,0.3858662415065752,0.3125,-0.07336624150657522
m00_joint_baseline,OU2.5,under_25,model,5,0.4,0.5,201,0.45644664676790286,0.46766169154228854,0.011215044774385674
m00_joint_baseline,OU2.5,under_25,model,6,0.5,0.6,156,0.5339188059540008,0.5448717948717948,0.01095298891779406
m00_joint_baseline,OU2.5,under_25,model,7,0.6,0.7,6,0.6083764087357967,0.8333333333333334,0.2249569245975367
m00_joint_baseline,OU2.5,under_25,model,8,0.7,0.8,0,NaN,NaN,NaN
m00_joint_baseline,OU2.5,under_25,model,9,0.8,0.9,0,NaN,NaN,NaN
m00_joint_baseline,OU2.5,under_25,model,10,0.9,1.0,0,NaN,NaN,NaN
m00_joint_baseline,OU2.5,under_25,market,1,0.0,0.1,0,NaN,NaN,NaN
m00_joint_baseline,OU2.5,under_25,market,2,0.1,0.2,0,NaN,NaN,NaN
m00_joint_baseline,OU2.5,under_25,market,3,0.2,0.3,2,0.2920623374158074,1.0,0.7079376625841927
m00_joint_baseline,OU2.5,under_25,market,4,0.3,0.4,40,0.3692309454211813,0.4,0.030769054578818733
m00_joint_baseline,OU2.5,under_25,market,5,0.4,0.5,224,0.4588240786326357,0.48660714285714285,0.02778306422450716
m00_joint_baseline,OU2.5,under_25,market,6,0.5,0.6,112,0.5304525572430345,0.5446428571428571,0.014190299899822567
m00_joint_baseline,OU2.5,under_25,market,7,0.6,0.7,1,0.654462242562929,1.0,0.34553775743707105
m00_joint_baseline,OU2.5,under_25,market,8,0.7,0.8,0,NaN,NaN,NaN
m00_joint_baseline,OU2.5,under_25,market,9,0.8,0.9,0,NaN,NaN,NaN
m00_joint_baseline,OU2.5,under_25,market,10,0.9,1.0,0,NaN,NaN,NaN
m00_joint_baseline,OU3.5,ALL,model,1,0.0,0.1,0,NaN,NaN,NaN
m00_joint_baseline,OU3.5,ALL,model,2,0.1,0.2,2,0.18262383112868963,0.5,0.31737616887131037
m00_joint_baseline,OU3.5,ALL,model,3,0.2,0.3,135,0.2656657738962396,0.24444444444444444,-0.02122132945179514
m00_joint_baseline,OU3.5,ALL,model,4,0.3,0.4,123,0.33918226473097424,0.37398373983739835,0.03480147510642412
m00_joint_baseline,OU3.5,ALL,model,5,0.4,0.5,4,0.41702280323182694,0.25,-0.16702280323182694
m00_joint_baseline,OU3.5,ALL,model,6,0.5,0.6,4,0.5829751003655124,0.75,0.16702489963448763
m00_joint_baseline,OU3.5,ALL,model,7,0.6,0.7,123,0.6608173425732404,0.6260162601626016,-0.03480108241063884
m00_joint_baseline,OU3.5,ALL,model,8,0.7,0.8,135,0.7343341127384542,0.7555555555555555,0.021221442817101366
m00_joint_baseline,OU3.5,ALL,model,9,0.8,0.9,2,0.8173761575716961,0.5,-0.3173761575716961
m00_joint_baseline,OU3.5,ALL,model,10,0.9,1.0,0,NaN,NaN,NaN
m00_joint_baseline,OU3.5,ALL,market,1,0.0,0.1,0,NaN,NaN,NaN
m00_joint_baseline,OU3.5,ALL,market,2,0.1,0.2,2,0.1734420642648491,0.5,0.3265579357351509
m00_joint_baseline,OU3.5,ALL,market,3,0.2,0.3,114,0.2689286120479383,0.2631578947368421,-0.005770717311096185
m00_joint_baseline,OU3.5,ALL,market,4,0.3,0.4,128,0.33795599353061917,0.3203125,-0.01764349353061917
m00_joint_baseline,OU3.5,ALL,market,5,0.4,0.5,20,0.432505314193414,0.45,0.01749468580658603
m00_joint_baseline,OU3.5,ALL,market,6,0.5,0.6,20,0.5674946858065859,0.55,-0.017494685806585863
m00_joint_baseline,OU3.5,ALL,market,7,0.6,0.7,128,0.6620440064693806,0.6796875,0.017643493530619447
m00_joint_baseline,OU3.5,ALL,market,8,0.7,0.8,114,0.7310713879520621,0.7368421052631579,0.0057707173110957966
m00_joint_baseline,OU3.5,ALL,market,9,0.8,0.9,2,0.8265579357351509,0.5,-0.3265579357351509
m00_joint_baseline,OU3.5,ALL,market,10,0.9,1.0,0,NaN,NaN,NaN
m00_joint_baseline,OU3.5,over_35,model,1,0.0,0.1,0,NaN,NaN,NaN
m00_joint_baseline,OU3.5,over_35,model,2,0.1,0.2,2,0.18262383112868963,0.5,0.31737616887131037
m00_joint_baseline,OU3.5,over_35,model,3,0.2,0.3,135,0.2656657738962396,0.24444444444444444,-0.02122132945179514
m00_joint_baseline,OU3.5,over_35,model,4,0.3,0.4,123,0.33918226473097424,0.37398373983739835,0.03480147510642412
m00_joint_baseline,OU3.5,over_35,model,5,0.4,0.5,4,0.41702280323182694,0.25,-0.16702280323182694
m00_joint_baseline,OU3.5,over_35,model,6,0.5,0.6,0,NaN,NaN,NaN
m00_joint_baseline,OU3.5,over_35,model,7,0.6,0.7,0,NaN,NaN,NaN
m00_joint_baseline,OU3.5,over_35,model,8,0.7,0.8,0,NaN,NaN,NaN
m00_joint_baseline,OU3.5,over_35,model,9,0.8,0.9,0,NaN,NaN,NaN
m00_joint_baseline,OU3.5,over_35,model,10,0.9,1.0,0,NaN,NaN,NaN
m00_joint_baseline,OU3.5,over_35,market,1,0.0,0.1,0,NaN,NaN,NaN
m00_joint_baseline,OU3.5,over_35,market,2,0.1,0.2,2,0.1734420642648491,0.5,0.3265579357351509
m00_joint_baseline,OU3.5,over_35,market,3,0.2,0.3,114,0.2689286120479383,0.2631578947368421,-0.005770717311096185
m00_joint_baseline,OU3.5,over_35,market,4,0.3,0.4,128,0.33795599353061917,0.3203125,-0.01764349353061917
m00_joint_baseline,OU3.5,over_35,market,5,0.4,0.5,20,0.432505314193414,0.45,0.01749468580658603
m00_joint_baseline,OU3.5,over_35,market,6,0.5,0.6,0,NaN,NaN,NaN
m00_joint_baseline,OU3.5,over_35,market,7,0.6,0.7,0,NaN,NaN,NaN
m00_joint_baseline,OU3.5,over_35,market,8,0.7,0.8,0,NaN,NaN,NaN
m00_joint_baseline,OU3.5,over_35,market,9,0.8,0.9,0,NaN,NaN,NaN
m00_joint_baseline,OU3.5,over_35,market,10,0.9,1.0,0,NaN,NaN,NaN
m00_joint_baseline,OU3.5,under_35,model,1,0.0,0.1,0,NaN,NaN,NaN
m00_joint_baseline,OU3.5,under_35,model,2,0.1,0.2,0,NaN,NaN,NaN
m00_joint_baseline,OU3.5,under_35,model,3,0.2,0.3,0,NaN,NaN,NaN
m00_joint_baseline,OU3.5,under_35,model,4,0.3,0.4,0,NaN,NaN,NaN
m00_joint_baseline,OU3.5,under_35,model,5,0.4,0.5,0,NaN,NaN,NaN
m00_joint_baseline,OU3.5,under_35,model,6,0.5,0.6,4,0.5829751003655124,0.75,0.16702489963448763
m00_joint_baseline,OU3.5,under_35,model,7,0.6,0.7,123,0.6608173425732404,0.6260162601626016,-0.03480108241063884
m00_joint_baseline,OU3.5,under_35,model,8,0.7,0.8,135,0.7343341127384542,0.7555555555555555,0.021221442817101366
m00_joint_baseline,OU3.5,under_35,model,9,0.8,0.9,2,0.8173761575716961,0.5,-0.3173761575716961
m00_joint_baseline,OU3.5,under_35,model,10,0.9,1.0,0,NaN,NaN,NaN
m00_joint_baseline,OU3.5,under_35,market,1,0.0,0.1,0,NaN,NaN,NaN
m00_joint_baseline,OU3.5,under_35,market,2,0.1,0.2,0,NaN,NaN,NaN
m00_joint_baseline,OU3.5,under_35,market,3,0.2,0.3,0,NaN,NaN,NaN
m00_joint_baseline,OU3.5,under_35,market,4,0.3,0.4,0,NaN,NaN,NaN
m00_joint_baseline,OU3.5,under_35,market,5,0.4,0.5,0,NaN,NaN,NaN
m00_joint_baseline,OU3.5,under_35,market,6,0.5,0.6,20,0.5674946858065859,0.55,-0.017494685806585863
m00_joint_baseline,OU3.5,under_35,market,7,0.6,0.7,128,0.6620440064693806,0.6796875,0.017643493530619447
m00_joint_baseline,OU3.5,under_35,market,8,0.7,0.8,114,0.7310713879520621,0.7368421052631579,0.0057707173110957966
m00_joint_baseline,OU3.5,under_35,market,9,0.8,0.9,2,0.8265579357351509,0.5,-0.3265579357351509
m00_joint_baseline,OU3.5,under_35,market,10,0.9,1.0,0,NaN,NaN,NaN
m00_joint_baseline,BTTS,ALL,model,1,0.0,0.1,0,NaN,NaN,NaN
m00_joint_baseline,BTTS,ALL,model,2,0.1,0.2,0,NaN,NaN,NaN
m00_joint_baseline,BTTS,ALL,model,3,0.2,0.3,0,NaN,NaN,NaN
m00_joint_baseline,BTTS,ALL,model,4,0.3,0.4,25,0.38614914162813563,0.4,0.013850858371864394
m00_joint_baseline,BTTS,ALL,model,5,0.4,0.5,153,0.45351240100119483,0.45098039215686275,-0.0025320088443320787
m00_joint_baseline,BTTS,ALL,model,6,0.5,0.6,153,0.5464874100642723,0.5490196078431373,0.002532197778865042
m00_joint_baseline,BTTS,ALL,model,7,0.6,0.7,25,0.613850412762221,0.6,-0.013850412762220987
m00_joint_baseline,BTTS,ALL,model,8,0.7,0.8,0,NaN,NaN,NaN
m00_joint_baseline,BTTS,ALL,model,9,0.8,0.9,0,NaN,NaN,NaN
m00_joint_baseline,BTTS,ALL,model,10,0.9,1.0,0,NaN,NaN,NaN
m00_joint_baseline,BTTS,ALL,market,1,0.0,0.1,0,NaN,NaN,NaN
m00_joint_baseline,BTTS,ALL,market,2,0.1,0.2,0,NaN,NaN,NaN
m00_joint_baseline,BTTS,ALL,market,3,0.2,0.3,0,NaN,NaN,NaN
m00_joint_baseline,BTTS,ALL,market,4,0.3,0.4,35,0.3840704967440444,0.45714285714285713,0.07307236039881271
m00_joint_baseline,BTTS,ALL,market,5,0.4,0.5,142,0.4492274153643716,0.4295774647887324,-0.01964995057563923
m00_joint_baseline,BTTS,ALL,market,6,0.5,0.6,144,0.5500674098490225,0.5694444444444444,0.01937703459542195
m00_joint_baseline,BTTS,ALL,market,7,0.6,0.7,35,0.6159295032559556,0.5428571428571428,-0.07307236039881282
m00_joint_baseline,BTTS,ALL,market,8,0.7,0.8,0,NaN,NaN,NaN
m00_joint_baseline,BTTS,ALL,market,9,0.8,0.9,0,NaN,NaN,NaN
m00_joint_baseline,BTTS,ALL,market,10,0.9,1.0,0,NaN,NaN,NaN
m00_joint_baseline,BTTS,btts_yes,model,1,0.0,0.1,0,NaN,NaN,NaN
m00_joint_baseline,BTTS,btts_yes,model,2,0.1,0.2,0,NaN,NaN,NaN
m00_joint_baseline,BTTS,btts_yes,model,3,0.2,0.3,0,NaN,NaN,NaN
m00_joint_baseline,BTTS,btts_yes,model,4,0.3,0.4,0,NaN,NaN,NaN
m00_joint_baseline,BTTS,btts_yes,model,5,0.4,0.5,23,0.47590422300738944,0.4782608695652174,0.0023566465578279683
m00_joint_baseline,BTTS,btts_yes,model,6,0.5,0.6,130,0.5504490257908006,0.5538461538461539,0.0033971280553533045
m00_joint_baseline,BTTS,btts_yes,model,7,0.6,0.7,25,0.613850412762221,0.6,-0.013850412762220987
m00_joint_baseline,BTTS,btts_yes,model,8,0.7,0.8,0,NaN,NaN,NaN
m00_joint_baseline,BTTS,btts_yes,model,9,0.8,0.9,0,NaN,NaN,NaN
m00_joint_baseline,BTTS,btts_yes,model,10,0.9,1.0,0,NaN,NaN,NaN
m00_joint_baseline,BTTS,btts_yes,market,1,0.0,0.1,0,NaN,NaN,NaN
m00_joint_baseline,BTTS,btts_yes,market,2,0.1,0.2,0,NaN,NaN,NaN
m00_joint_baseline,BTTS,btts_yes,market,3,0.2,0.3,0,NaN,NaN,NaN
m00_joint_baseline,BTTS,btts_yes,market,4,0.3,0.4,0,NaN,NaN,NaN
m00_joint_baseline,BTTS,btts_yes,market,5,0.4,0.5,19,0.4736309497898031,0.42105263157894735,-0.052578318210855735
m00_joint_baseline,BTTS,btts_yes,market,6,0.5,0.6,124,0.5541023795505282,0.5725806451612904,0.018478265610762157
m00_joint_baseline,BTTS,btts_yes,market,7,0.6,0.7,35,0.6159295032559556,0.5428571428571428,-0.07307236039881282
m00_joint_baseline,BTTS,btts_yes,market,8,0.7,0.8,0,NaN,NaN,NaN
m00_joint_baseline,BTTS,btts_yes,market,9,0.8,0.9,0,NaN,NaN,NaN
m00_joint_baseline,BTTS,btts_yes,market,10,0.9,1.0,0,NaN,NaN,NaN
m00_joint_baseline,BTTS,btts_no,model,1,0.0,0.1,0,NaN,NaN,NaN
m00_joint_baseline,BTTS,btts_no,model,2,0.1,0.2,0,NaN,NaN,NaN
m00_joint_baseline,BTTS,btts_no,model,3,0.2,0.3,0,NaN,NaN,NaN
m00_joint_baseline,BTTS,btts_no,model,4,0.3,0.4,25,0.38614914162813563,0.4,0.013850858371864394
m00_joint_baseline,BTTS,btts_no,model,5,0.4,0.5,130,0.44955077095394497,0.4461538461538462,-0.0033969248000987884
m00_joint_baseline,BTTS,btts_no,model,6,0.5,0.6,23,0.5240956690012856,0.5217391304347826,-0.0023565385665029748
m00_joint_baseline,BTTS,btts_no,model,7,0.6,0.7,0,NaN,NaN,NaN
m00_joint_baseline,BTTS,btts_no,model,8,0.7,0.8,0,NaN,NaN,NaN
m00_joint_baseline,BTTS,btts_no,model,9,0.8,0.9,0,NaN,NaN,NaN
m00_joint_baseline,BTTS,btts_no,model,10,0.9,1.0,0,NaN,NaN,NaN
m00_joint_baseline,BTTS,btts_no,market,1,0.0,0.1,0,NaN,NaN,NaN
m00_joint_baseline,BTTS,btts_no,market,2,0.1,0.2,0,NaN,NaN,NaN
m00_joint_baseline,BTTS,btts_no,market,3,0.2,0.3,0,NaN,NaN,NaN
m00_joint_baseline,BTTS,btts_no,market,4,0.3,0.4,35,0.3840704967440444,0.45714285714285713,0.07307236039881271
m00_joint_baseline,BTTS,btts_no,market,5,0.4,0.5,123,0.44545776370515855,0.43089430894308944,-0.014563454762069106
m00_joint_baseline,BTTS,btts_no,market,6,0.5,0.6,20,0.5250505976996871,0.55,0.02494940230031295
m00_joint_baseline,BTTS,btts_no,market,7,0.6,0.7,0,NaN,NaN,NaN
m00_joint_baseline,BTTS,btts_no,market,8,0.7,0.8,0,NaN,NaN,NaN
m00_joint_baseline,BTTS,btts_no,market,9,0.8,0.9,0,NaN,NaN,NaN
m00_joint_baseline,BTTS,btts_no,market,10,0.9,1.0,0,NaN,NaN,NaN
m05_joint_production_wealth,1X2,ALL,model,1,0.0,0.1,0,NaN,NaN,NaN
m05_joint_production_wealth,1X2,ALL,model,2,0.1,0.2,4,0.19044017451574363,0.25,0.05955982548425637
m05_joint_production_wealth,1X2,ALL,model,3,0.2,0.3,773,0.2569428188282617,0.2522639068564036,-0.004678911971858102
m05_joint_production_wealth,1X2,ALL,model,4,0.3,0.4,591,0.3520021206148139,0.3248730964467005,-0.027129024168113414
m05_joint_production_wealth,1X2,ALL,model,5,0.4,0.5,369,0.4394685814254673,0.4878048780487805,0.04833629662331318
m05_joint_production_wealth,1X2,ALL,model,6,0.5,0.6,47,0.528056876570549,0.5531914893617021,0.025134612791153144
m05_joint_production_wealth,1X2,ALL,model,7,0.6,0.7,1,0.6054723643059803,1.0,0.3945276356940197
m05_joint_production_wealth,1X2,ALL,model,8,0.7,0.8,0,NaN,NaN,NaN
m05_joint_production_wealth,1X2,ALL,model,9,0.8,0.9,0,NaN,NaN,NaN
m05_joint_production_wealth,1X2,ALL,model,10,0.9,1.0,0,NaN,NaN,NaN
m05_joint_production_wealth,1X2,ALL,market,1,0.0,0.1,15,0.0750368067661535,0.06666666666666667,-0.008370140099486834
m05_joint_production_wealth,1X2,ALL,market,2,0.1,0.2,112,0.1642668353413148,0.24107142857142858,0.07680459323011377
m05_joint_production_wealth,1X2,ALL,market,3,0.2,0.3,840,0.25776042573994257,0.2571428571428571,-0.0006175685970854494
m05_joint_production_wealth,1X2,ALL,market,4,0.3,0.4,347,0.3475734912735116,0.3400576368876081,-0.00751585438590352
m05_joint_production_wealth,1X2,ALL,market,5,0.4,0.5,258,0.4461330820988877,0.47674418604651164,0.030611103947623952
m05_joint_production_wealth,1X2,ALL,market,6,0.5,0.6,149,0.5386387091268434,0.48322147651006714,-0.05541723261677628
m05_joint_production_wealth,1X2,ALL,market,7,0.6,0.7,46,0.6361909158794056,0.5434782608695652,-0.09271265500984038
m05_joint_production_wealth,1X2,ALL,market,8,0.7,0.8,15,0.743394863763088,0.7333333333333333,-0.010061530429754773
m05_joint_production_wealth,1X2,ALL,market,9,0.8,0.9,2,0.8290213877706651,0.5,-0.32902138777066514
m05_joint_production_wealth,1X2,ALL,market,10,0.9,1.0,1,0.9165525429670892,1.0,0.08344745703291079
m05_joint_production_wealth,1X2,home,model,1,0.0,0.1,0,NaN,NaN,NaN
m05_joint_production_wealth,1X2,home,model,2,0.1,0.2,0,NaN,NaN,NaN
m05_joint_production_wealth,1X2,home,model,3,0.2,0.3,17,0.2811942025235168,0.23529411764705882,-0.04590008487645797
m05_joint_production_wealth,1X2,home,model,4,0.3,0.4,239,0.3606589333392863,0.3389121338912134,-0.021746799448072895
m05_joint_production_wealth,1X2,home,model,5,0.4,0.5,292,0.4423164659131939,0.5068493150684932,0.06453284915529928
m05_joint_production_wealth,1X2,home,model,6,0.5,0.6,46,0.5279790596798704,0.5434782608695652,0.015499201189694833
m05_joint_production_wealth,1X2,home,model,7,0.6,0.7,1,0.6054723643059803,1.0,0.3945276356940197
m05_joint_production_wealth,1X2,home,model,8,0.7,0.8,0,NaN,NaN,NaN
m05_joint_production_wealth,1X2,home,model,9,0.8,0.9,0,NaN,NaN,NaN
m05_joint_production_wealth,1X2,home,model,10,0.9,1.0,0,NaN,NaN,NaN
m05_joint_production_wealth,1X2,home,market,1,0.0,0.1,0,NaN,NaN,NaN
m05_joint_production_wealth,1X2,home,market,2,0.1,0.2,22,0.15778162061472642,0.13636363636363635,-0.021417984251090066
m05_joint_production_wealth,1X2,home,market,3,0.2,0.3,89,0.25663682671733473,0.2808988764044944,0.02426204968715967
m05_joint_production_wealth,1X2,home,market,4,0.3,0.4,148,0.35558730285975815,0.40540540540540543,0.04981810254564728
m05_joint_production_wealth,1X2,home,market,5,0.4,0.5,178,0.44816207715645123,0.4943820224719101,0.046219945315458866
m05_joint_production_wealth,1X2,home,market,6,0.5,0.6,107,0.5388822298014356,0.4953271028037383,-0.04355512699769731
m05_joint_production_wealth,1X2,home,market,7,0.6,0.7,35,0.6332182875840212,0.5428571428571428,-0.0903611447268784
m05_joint_production_wealth,1X2,home,market,8,0.7,0.8,13,0.7462348494322888,0.6923076923076923,-0.0539271571245965
m05_joint_production_wealth,1X2,home,market,9,0.8,0.9,2,0.8290213877706651,0.5,-0.32902138777066514
m05_joint_production_wealth,1X2,home,market,10,0.9,1.0,1,0.9165525429670892,1.0,0.08344745703291079
m05_joint_production_wealth,1X2,draw,model,1,0.0,0.1,0,NaN,NaN,NaN
m05_joint_production_wealth,1X2,draw,model,2,0.1,0.2,0,NaN,NaN,NaN
m05_joint_production_wealth,1X2,draw,model,3,0.2,0.3,595,0.2532244632165856,0.2571428571428571,0.003918393926271524
m05_joint_production_wealth,1X2,draw,model,4,0.3,0.4,0,NaN,NaN,NaN
m05_joint_production_wealth,1X2,draw,model,5,0.4,0.5,0,NaN,NaN,NaN
m05_joint_production_wealth,1X2,draw,model,6,0.5,0.6,0,NaN,NaN,NaN
m05_joint_production_wealth,1X2,draw,model,7,0.6,0.7,0,NaN,NaN,NaN
m05_joint_production_wealth,1X2,draw,model,8,0.7,0.8,0,NaN,NaN,NaN
m05_joint_production_wealth,1X2,draw,model,9,0.8,0.9,0,NaN,NaN,NaN
m05_joint_production_wealth,1X2,draw,model,10,0.9,1.0,0,NaN,NaN,NaN
m05_joint_production_wealth,1X2,draw,market,1,0.0,0.1,2,0.08153156303948728,0.5,0.4184684369605127
m05_joint_production_wealth,1X2,draw,market,2,0.1,0.2,21,0.1703640382685322,0.19047619047619047,0.020112152207658274
m05_joint_production_wealth,1X2,draw,market,3,0.2,0.3,553,0.2604806907328671,0.2603978300180832,-8.286071478391666e-5
m05_joint_production_wealth,1X2,draw,market,4,0.3,0.4,19,0.3083394003686288,0.21052631578947367,-0.09781308457915511
m05_joint_production_wealth,1X2,draw,market,5,0.4,0.5,0,NaN,NaN,NaN
m05_joint_production_wealth,1X2,draw,market,6,0.5,0.6,0,NaN,NaN,NaN
m05_joint_production_wealth,1X2,draw,market,7,0.6,0.7,0,NaN,NaN,NaN
m05_joint_production_wealth,1X2,draw,market,8,0.7,0.8,0,NaN,NaN,NaN
m05_joint_production_wealth,1X2,draw,market,9,0.8,0.9,0,NaN,NaN,NaN
m05_joint_production_wealth,1X2,draw,market,10,0.9,1.0,0,NaN,NaN,NaN
m05_joint_production_wealth,1X2,away,model,1,0.0,0.1,0,NaN,NaN,NaN
m05_joint_production_wealth,1X2,away,model,2,0.1,0.2,4,0.19044017451574363,0.25,0.05955982548425637
m05_joint_production_wealth,1X2,away,model,3,0.2,0.3,161,0.26812386271725525,0.2360248447204969,-0.03209901799675835
m05_joint_production_wealth,1X2,away,model,4,0.3,0.4,352,0.34612434152064075,0.3153409090909091,-0.03078343242973164
m05_joint_production_wealth,1X2,away,model,5,0.4,0.5,77,0.4286688116798013,0.4155844155844156,-0.013084396095385697
m05_joint_production_wealth,1X2,away,model,6,0.5,0.6,1,0.5316364535417648,1.0,0.4683635464582352
m05_joint_production_wealth,1X2,away,model,7,0.6,0.7,0,NaN,NaN,NaN
m05_joint_production_wealth,1X2,away,model,8,0.7,0.8,0,NaN,NaN,NaN
m05_joint_production_wealth,1X2,away,model,9,0.8,0.9,0,NaN,NaN,NaN
m05_joint_production_wealth,1X2,away,model,10,0.9,1.0,0,NaN,NaN,NaN
m05_joint_production_wealth,1X2,away,market,1,0.0,0.1,13,0.07403761349333292,0.0,-0.07403761349333292
m05_joint_production_wealth,1X2,away,market,2,0.1,0.2,69,0.1644789145081753,0.2898550724637681,0.12537615795559282
m05_joint_production_wealth,1X2,away,market,3,0.2,0.3,198,0.2506679700425934,0.23737373737373738,-0.013294232668856015
m05_joint_production_wealth,1X2,away,market,4,0.3,0.4,180,0.3451257335647796,0.3,-0.04512573356477961
m05_joint_production_wealth,1X2,away,market,5,0.4,0.5,80,0.44161856809580924,0.4375,-0.0041185680958092385
m05_joint_production_wealth,1X2,away,market,6,0.5,0.6,42,0.5380183112177629,0.4523809523809524,-0.0856373588368105
m05_joint_production_wealth,1X2,away,market,7,0.6,0.7,11,0.645649278637448,0.5454545454545454,-0.10019473318290262
m05_joint_production_wealth,1X2,away,market,8,0.7,0.8,2,0.7249349569132821,1.0,0.27506504308671786
m05_joint_production_wealth,1X2,away,market,9,0.8,0.9,0,NaN,NaN,NaN
m05_joint_production_wealth,1X2,away,market,10,0.9,1.0,0,NaN,NaN,NaN
m05_joint_production_wealth,OU0.5,ALL,model,1,0.0,0.1,143,0.06886221761319354,0.03496503496503497,-0.03389718264815857
m05_joint_production_wealth,OU0.5,ALL,model,2,0.1,0.2,6,0.10424322130925041,0.0,-0.10424322130925041
m05_joint_production_wealth,OU0.5,ALL,model,3,0.2,0.3,0,NaN,NaN,NaN
m05_joint_production_wealth,OU0.5,ALL,model,4,0.3,0.4,0,NaN,NaN,NaN
m05_joint_production_wealth,OU0.5,ALL,model,5,0.4,0.5,0,NaN,NaN,NaN
m05_joint_production_wealth,OU0.5,ALL,model,6,0.5,0.6,0,NaN,NaN,NaN
m05_joint_production_wealth,OU0.5,ALL,model,7,0.6,0.7,0,NaN,NaN,NaN
m05_joint_production_wealth,OU0.5,ALL,model,8,0.7,0.8,0,NaN,NaN,NaN
m05_joint_production_wealth,OU0.5,ALL,model,9,0.8,0.9,8,0.8962372982982145,1.0,0.10376270170178548
m05_joint_production_wealth,OU0.5,ALL,model,10,0.9,1.0,376,0.9326079807926415,0.9361702127659575,0.0035622319733159546
m05_joint_production_wealth,OU0.5,ALL,market,1,0.0,0.1,147,0.06740041896494867,0.034013605442176874,-0.03338681352277179
m05_joint_production_wealth,OU0.5,ALL,market,2,0.1,0.2,2,0.10244658799633993,0.0,-0.10244658799633993
m05_joint_production_wealth,OU0.5,ALL,market,3,0.2,0.3,0,NaN,NaN,NaN
m05_joint_production_wealth,OU0.5,ALL,market,4,0.3,0.4,0,NaN,NaN,NaN
m05_joint_production_wealth,OU0.5,ALL,market,5,0.4,0.5,0,NaN,NaN,NaN
m05_joint_production_wealth,OU0.5,ALL,market,6,0.5,0.6,0,NaN,NaN,NaN
m05_joint_production_wealth,OU0.5,ALL,market,7,0.6,0.7,0,NaN,NaN,NaN
m05_joint_production_wealth,OU0.5,ALL,market,8,0.7,0.8,0,NaN,NaN,NaN
m05_joint_production_wealth,OU0.5,ALL,market,9,0.8,0.9,2,0.8975534120036601,1.0,0.10244658799633988
m05_joint_production_wealth,OU0.5,ALL,market,10,0.9,1.0,382,0.9740631895606092,0.93717277486911,-0.03689041469149923
m05_joint_production_wealth,OU0.5,over_05,model,1,0.0,0.1,0,NaN,NaN,NaN
m05_joint_production_wealth,OU0.5,over_05,model,2,0.1,0.2,0,NaN,NaN,NaN
m05_joint_production_wealth,OU0.5,over_05,model,3,0.2,0.3,0,NaN,NaN,NaN
m05_joint_production_wealth,OU0.5,over_05,model,4,0.3,0.4,0,NaN,NaN,NaN
m05_joint_production_wealth,OU0.5,over_05,model,5,0.4,0.5,0,NaN,NaN,NaN
m05_joint_production_wealth,OU0.5,over_05,model,6,0.5,0.6,0,NaN,NaN,NaN
m05_joint_production_wealth,OU0.5,over_05,model,7,0.6,0.7,0,NaN,NaN,NaN
m05_joint_production_wealth,OU0.5,over_05,model,8,0.7,0.8,0,NaN,NaN,NaN
m05_joint_production_wealth,OU0.5,over_05,model,9,0.8,0.9,8,0.8962372982982145,1.0,0.10376270170178548
m05_joint_production_wealth,OU0.5,over_05,model,10,0.9,1.0,376,0.9326079807926415,0.9361702127659575,0.0035622319733159546
m05_joint_production_wealth,OU0.5,over_05,market,1,0.0,0.1,0,NaN,NaN,NaN
m05_joint_production_wealth,OU0.5,over_05,market,2,0.1,0.2,0,NaN,NaN,NaN
m05_joint_production_wealth,OU0.5,over_05,market,3,0.2,0.3,0,NaN,NaN,NaN
m05_joint_production_wealth,OU0.5,over_05,market,4,0.3,0.4,0,NaN,NaN,NaN
m05_joint_production_wealth,OU0.5,over_05,market,5,0.4,0.5,0,NaN,NaN,NaN
m05_joint_production_wealth,OU0.5,over_05,market,6,0.5,0.6,0,NaN,NaN,NaN
m05_joint_production_wealth,OU0.5,over_05,market,7,0.6,0.7,0,NaN,NaN,NaN
m05_joint_production_wealth,OU0.5,over_05,market,8,0.7,0.8,0,NaN,NaN,NaN
m05_joint_production_wealth,OU0.5,over_05,market,9,0.8,0.9,2,0.8975534120036601,1.0,0.10244658799633988
m05_joint_production_wealth,OU0.5,over_05,market,10,0.9,1.0,382,0.9740631895606092,0.93717277486911,-0.03689041469149923
m05_joint_production_wealth,OU0.5,under_05,model,1,0.0,0.1,143,0.06886221761319354,0.03496503496503497,-0.03389718264815857
m05_joint_production_wealth,OU0.5,under_05,model,2,0.1,0.2,6,0.10424322130925041,0.0,-0.10424322130925041
m05_joint_production_wealth,OU0.5,under_05,model,3,0.2,0.3,0,NaN,NaN,NaN
m05_joint_production_wealth,OU0.5,under_05,model,4,0.3,0.4,0,NaN,NaN,NaN
m05_joint_production_wealth,OU0.5,under_05,model,5,0.4,0.5,0,NaN,NaN,NaN
m05_joint_production_wealth,OU0.5,under_05,model,6,0.5,0.6,0,NaN,NaN,NaN
m05_joint_production_wealth,OU0.5,under_05,model,7,0.6,0.7,0,NaN,NaN,NaN
m05_joint_production_wealth,OU0.5,under_05,model,8,0.7,0.8,0,NaN,NaN,NaN
m05_joint_production_wealth,OU0.5,under_05,model,9,0.8,0.9,0,NaN,NaN,NaN
m05_joint_production_wealth,OU0.5,under_05,model,10,0.9,1.0,0,NaN,NaN,NaN
m05_joint_production_wealth,OU0.5,under_05,market,1,0.0,0.1,147,0.06740041896494867,0.034013605442176874,-0.03338681352277179
m05_joint_production_wealth,OU0.5,under_05,market,2,0.1,0.2,2,0.10244658799633993,0.0,-0.10244658799633993
m05_joint_production_wealth,OU0.5,under_05,market,3,0.2,0.3,0,NaN,NaN,NaN
m05_joint_production_wealth,OU0.5,under_05,market,4,0.3,0.4,0,NaN,NaN,NaN
m05_joint_production_wealth,OU0.5,under_05,market,5,0.4,0.5,0,NaN,NaN,NaN
m05_joint_production_wealth,OU0.5,under_05,market,6,0.5,0.6,0,NaN,NaN,NaN
m05_joint_production_wealth,OU0.5,under_05,market,7,0.6,0.7,0,NaN,NaN,NaN
m05_joint_production_wealth,OU0.5,under_05,market,8,0.7,0.8,0,NaN,NaN,NaN
m05_joint_production_wealth,OU0.5,under_05,market,9,0.8,0.9,0,NaN,NaN,NaN
m05_joint_production_wealth,OU0.5,under_05,market,10,0.9,1.0,0,NaN,NaN,NaN
m05_joint_production_wealth,OU1.5,ALL,model,1,0.0,0.1,0,NaN,NaN,NaN
m05_joint_production_wealth,OU1.5,ALL,model,2,0.1,0.2,23,0.18857568695531127,0.13043478260869565,-0.05814090434661562
m05_joint_production_wealth,OU1.5,ALL,model,3,0.2,0.3,172,0.2449747103749672,0.23255813953488372,-0.01241657084008349
m05_joint_production_wealth,OU1.5,ALL,model,4,0.3,0.4,20,0.3219631814178985,0.3,-0.021963181417898492
m05_joint_production_wealth,OU1.5,ALL,model,5,0.4,0.5,0,NaN,NaN,NaN
m05_joint_production_wealth,OU1.5,ALL,model,6,0.5,0.6,0,NaN,NaN,NaN
m05_joint_production_wealth,OU1.5,ALL,model,7,0.6,0.7,20,0.6780367847779573,0.7,0.021963215222042698
m05_joint_production_wealth,OU1.5,ALL,model,8,0.7,0.8,172,0.7550251025354762,0.7674418604651163,0.012416757929640143
m05_joint_production_wealth,OU1.5,ALL,model,9,0.8,0.9,23,0.8114236696691843,0.8695652173913043,0.05814154772211999
m05_joint_production_wealth,OU1.5,ALL,model,10,0.9,1.0,0,NaN,NaN,NaN
m05_joint_production_wealth,OU1.5,ALL,market,1,0.0,0.1,0,NaN,NaN,NaN
m05_joint_production_wealth,OU1.5,ALL,market,2,0.1,0.2,51,0.17588692718889973,0.19607843137254902,0.02019150418364929
m05_joint_production_wealth,OU1.5,ALL,market,3,0.2,0.3,154,0.24291855455351105,0.24025974025974026,-0.002658814293770795
m05_joint_production_wealth,OU1.5,ALL,market,4,0.3,0.4,10,0.31675878370299293,0.2,-0.11675878370299292
m05_joint_production_wealth,OU1.5,ALL,market,5,0.4,0.5,0,NaN,NaN,NaN
m05_joint_production_wealth,OU1.5,ALL,market,6,0.5,0.6,0,NaN,NaN,NaN
m05_joint_production_wealth,OU1.5,ALL,market,7,0.6,0.7,10,0.683241216297007,0.8,0.11675878370299309
m05_joint_production_wealth,OU1.5,ALL,market,8,0.7,0.8,152,0.7565167276234162,0.756578947368421,6.22197450048656e-5
m05_joint_production_wealth,OU1.5,ALL,market,9,0.8,0.9,53,0.8232031455352096,0.8113207547169812,-0.011882390818228394
m05_joint_production_wealth,OU1.5,ALL,market,10,0.9,1.0,0,NaN,NaN,NaN
m05_joint_production_wealth,OU1.5,over_15,model,1,0.0,0.1,0,NaN,NaN,NaN
m05_joint_production_wealth,OU1.5,over_15,model,2,0.1,0.2,0,NaN,NaN,NaN
m05_joint_production_wealth,OU1.5,over_15,model,3,0.2,0.3,0,NaN,NaN,NaN
m05_joint_production_wealth,OU1.5,over_15,model,4,0.3,0.4,0,NaN,NaN,NaN
m05_joint_production_wealth,OU1.5,over_15,model,5,0.4,0.5,0,NaN,NaN,NaN
m05_joint_production_wealth,OU1.5,over_15,model,6,0.5,0.6,0,NaN,NaN,NaN
m05_joint_production_wealth,OU1.5,over_15,model,7,0.6,0.7,20,0.6780367847779573,0.7,0.021963215222042698
m05_joint_production_wealth,OU1.5,over_15,model,8,0.7,0.8,172,0.7550251025354762,0.7674418604651163,0.012416757929640143
m05_joint_production_wealth,OU1.5,over_15,model,9,0.8,0.9,23,0.8114236696691843,0.8695652173913043,0.05814154772211999
m05_joint_production_wealth,OU1.5,over_15,model,10,0.9,1.0,0,NaN,NaN,NaN
m05_joint_production_wealth,OU1.5,over_15,market,1,0.0,0.1,0,NaN,NaN,NaN
m05_joint_production_wealth,OU1.5,over_15,market,2,0.1,0.2,0,NaN,NaN,NaN
m05_joint_production_wealth,OU1.5,over_15,market,3,0.2,0.3,0,NaN,NaN,NaN
m05_joint_production_wealth,OU1.5,over_15,market,4,0.3,0.4,0,NaN,NaN,NaN
m05_joint_production_wealth,OU1.5,over_15,market,5,0.4,0.5,0,NaN,NaN,NaN
m05_joint_production_wealth,OU1.5,over_15,market,6,0.5,0.6,0,NaN,NaN,NaN
m05_joint_production_wealth,OU1.5,over_15,market,7,0.6,0.7,10,0.683241216297007,0.8,0.11675878370299309
m05_joint_production_wealth,OU1.5,over_15,market,8,0.7,0.8,152,0.7565167276234162,0.756578947368421,6.22197450048656e-5
m05_joint_production_wealth,OU1.5,over_15,market,9,0.8,0.9,53,0.8232031455352096,0.8113207547169812,-0.011882390818228394
m05_joint_production_wealth,OU1.5,over_15,market,10,0.9,1.0,0,NaN,NaN,NaN
m05_joint_production_wealth,OU1.5,under_15,model,1,0.0,0.1,0,NaN,NaN,NaN
m05_joint_production_wealth,OU1.5,under_15,model,2,0.1,0.2,23,0.18857568695531127,0.13043478260869565,-0.05814090434661562
m05_joint_production_wealth,OU1.5,under_15,model,3,0.2,0.3,172,0.2449747103749672,0.23255813953488372,-0.01241657084008349
m05_joint_production_wealth,OU1.5,under_15,model,4,0.3,0.4,20,0.3219631814178985,0.3,-0.021963181417898492
m05_joint_production_wealth,OU1.5,under_15,model,5,0.4,0.5,0,NaN,NaN,NaN
m05_joint_production_wealth,OU1.5,under_15,model,6,0.5,0.6,0,NaN,NaN,NaN
m05_joint_production_wealth,OU1.5,under_15,model,7,0.6,0.7,0,NaN,NaN,NaN
m05_joint_production_wealth,OU1.5,under_15,model,8,0.7,0.8,0,NaN,NaN,NaN
m05_joint_production_wealth,OU1.5,under_15,model,9,0.8,0.9,0,NaN,NaN,NaN
m05_joint_production_wealth,OU1.5,under_15,model,10,0.9,1.0,0,NaN,NaN,NaN
m05_joint_production_wealth,OU1.5,under_15,market,1,0.0,0.1,0,NaN,NaN,NaN
m05_joint_production_wealth,OU1.5,under_15,market,2,0.1,0.2,51,0.17588692718889973,0.19607843137254902,0.02019150418364929
m05_joint_production_wealth,OU1.5,under_15,market,3,0.2,0.3,154,0.24291855455351105,0.24025974025974026,-0.002658814293770795
m05_joint_production_wealth,OU1.5,under_15,market,4,0.3,0.4,10,0.31675878370299293,0.2,-0.11675878370299292
m05_joint_production_wealth,OU1.5,under_15,market,5,0.4,0.5,0,NaN,NaN,NaN
m05_joint_production_wealth,OU1.5,under_15,market,6,0.5,0.6,0,NaN,NaN,NaN
m05_joint_production_wealth,OU1.5,under_15,market,7,0.6,0.7,0,NaN,NaN,NaN
m05_joint_production_wealth,OU1.5,under_15,market,8,0.7,0.8,0,NaN,NaN,NaN
m05_joint_production_wealth,OU1.5,under_15,market,9,0.8,0.9,0,NaN,NaN,NaN
m05_joint_production_wealth,OU1.5,under_15,market,10,0.9,1.0,0,NaN,NaN,NaN
m05_joint_production_wealth,OU2.5,ALL,model,1,0.0,0.1,0,NaN,NaN,NaN
m05_joint_production_wealth,OU2.5,ALL,model,2,0.1,0.2,0,NaN,NaN,NaN
m05_joint_production_wealth,OU2.5,ALL,model,3,0.2,0.3,0,NaN,NaN,NaN
m05_joint_production_wealth,OU2.5,ALL,model,4,0.3,0.4,16,0.38919964785834227,0.25,-0.13919964785834227
m05_joint_production_wealth,OU2.5,ALL,model,5,0.4,0.5,363,0.4612837090793591,0.465564738292011,0.004281029212651888
m05_joint_production_wealth,OU2.5,ALL,model,6,0.5,0.6,363,0.5387160783733924,0.5344352617079889,-0.004280816665403475
m05_joint_production_wealth,OU2.5,ALL,model,7,0.6,0.7,16,0.6107994766642145,0.75,0.13920052333578548
m05_joint_production_wealth,OU2.5,ALL,model,8,0.7,0.8,0,NaN,NaN,NaN
m05_joint_production_wealth,OU2.5,ALL,model,9,0.8,0.9,0,NaN,NaN,NaN
m05_joint_production_wealth,OU2.5,ALL,model,10,0.9,1.0,0,NaN,NaN,NaN
m05_joint_production_wealth,OU2.5,ALL,market,1,0.0,0.1,0,NaN,NaN,NaN
m05_joint_production_wealth,OU2.5,ALL,market,2,0.1,0.2,0,NaN,NaN,NaN
m05_joint_production_wealth,OU2.5,ALL,market,3,0.2,0.3,2,0.2920623374158074,1.0,0.7079376625841927
m05_joint_production_wealth,OU2.5,ALL,market,4,0.3,0.4,41,0.36865306278742255,0.3902439024390244,0.021590839651601856
m05_joint_production_wealth,OU2.5,ALL,market,5,0.4,0.5,332,0.46194550362195913,0.4759036144578313,0.013958110835872173
m05_joint_production_wealth,OU2.5,ALL,market,6,0.5,0.6,340,0.5371590964632633,0.5235294117647059,-0.01362968469855741
m05_joint_production_wealth,OU2.5,ALL,market,7,0.6,0.7,41,0.6313469372125775,0.6097560975609756,-0.021590839651601912
m05_joint_production_wealth,OU2.5,ALL,market,8,0.7,0.8,2,0.7079376625841927,0.0,-0.7079376625841927
m05_joint_production_wealth,OU2.5,ALL,market,9,0.8,0.9,0,NaN,NaN,NaN
m05_joint_production_wealth,OU2.5,ALL,market,10,0.9,1.0,0,NaN,NaN,NaN
m05_joint_production_wealth,OU2.5,over_25,model,1,0.0,0.1,0,NaN,NaN,NaN
m05_joint_production_wealth,OU2.5,over_25,model,2,0.1,0.2,0,NaN,NaN,NaN
m05_joint_production_wealth,OU2.5,over_25,model,3,0.2,0.3,0,NaN,NaN,NaN
m05_joint_production_wealth,OU2.5,over_25,model,4,0.3,0.4,5,0.3942488316564151,0.2,-0.1942488316564151
m05_joint_production_wealth,OU2.5,over_25,model,5,0.4,0.5,149,0.46593418849125273,0.4563758389261745,-0.009558349565078228
m05_joint_production_wealth,OU2.5,over_25,model,6,0.5,0.6,214,0.5419539391698218,0.5280373831775701,-0.013916555992251722
m05_joint_production_wealth,OU2.5,over_25,model,7,0.6,0.7,11,0.6130941714475904,0.7272727272727273,0.11417855582513692
m05_joint_production_wealth,OU2.5,over_25,model,8,0.7,0.8,0,NaN,NaN,NaN
m05_joint_production_wealth,OU2.5,over_25,model,9,0.8,0.9,0,NaN,NaN,NaN
m05_joint_production_wealth,OU2.5,over_25,model,10,0.9,1.0,0,NaN,NaN,NaN
m05_joint_production_wealth,OU2.5,over_25,market,1,0.0,0.1,0,NaN,NaN,NaN
m05_joint_production_wealth,OU2.5,over_25,market,2,0.1,0.2,0,NaN,NaN,NaN
m05_joint_production_wealth,OU2.5,over_25,market,3,0.2,0.3,0,NaN,NaN,NaN
m05_joint_production_wealth,OU2.5,over_25,market,4,0.3,0.4,1,0.34553775743707094,0.0,-0.34553775743707094
m05_joint_production_wealth,OU2.5,over_25,market,5,0.4,0.5,108,0.4684195702664828,0.4537037037037037,-0.014715866562779067
m05_joint_production_wealth,OU2.5,over_25,market,6,0.5,0.6,228,0.540453536781972,0.5131578947368421,-0.02729564204512991
m05_joint_production_wealth,OU2.5,over_25,market,7,0.6,0.7,40,0.6307690545788187,0.6,-0.030769054578818733
m05_joint_production_wealth,OU2.5,over_25,market,8,0.7,0.8,2,0.7079376625841927,0.0,-0.7079376625841927
m05_joint_production_wealth,OU2.5,over_25,market,9,0.8,0.9,0,NaN,NaN,NaN
m05_joint_production_wealth,OU2.5,over_25,market,10,0.9,1.0,0,NaN,NaN,NaN
m05_joint_production_wealth,OU2.5,under_25,model,1,0.0,0.1,0,NaN,NaN,NaN
m05_joint_production_wealth,OU2.5,under_25,model,2,0.1,0.2,0,NaN,NaN,NaN
m05_joint_production_wealth,OU2.5,under_25,model,3,0.2,0.3,0,NaN,NaN,NaN
m05_joint_production_wealth,OU2.5,under_25,model,4,0.3,0.4,11,0.3869045643137637,0.2727272727272727,-0.11417729158649098
m05_joint_production_wealth,OU2.5,under_25,model,5,0.4,0.5,214,0.45804575846079687,0.4719626168224299,0.013916858361633033
m05_joint_production_wealth,OU2.5,under_25,model,6,0.5,0.6,149,0.5340657279677833,0.5436241610738255,0.009558433106042208
m05_joint_production_wealth,OU2.5,under_25,model,7,0.6,0.7,5,0.605751148140788,0.8,0.19424885185921204
m05_joint_production_wealth,OU2.5,under_25,model,8,0.7,0.8,0,NaN,NaN,NaN
m05_joint_production_wealth,OU2.5,under_25,model,9,0.8,0.9,0,NaN,NaN,NaN
m05_joint_production_wealth,OU2.5,under_25,model,10,0.9,1.0,0,NaN,NaN,NaN
m05_joint_production_wealth,OU2.5,under_25,market,1,0.0,0.1,0,NaN,NaN,NaN
m05_joint_production_wealth,OU2.5,under_25,market,2,0.1,0.2,0,NaN,NaN,NaN
m05_joint_production_wealth,OU2.5,under_25,market,3,0.2,0.3,2,0.2920623374158074,1.0,0.7079376625841927
m05_joint_production_wealth,OU2.5,under_25,market,4,0.3,0.4,40,0.3692309454211813,0.4,0.030769054578818733
m05_joint_production_wealth,OU2.5,under_25,market,5,0.4,0.5,224,0.4588240786326357,0.48660714285714285,0.02778306422450716
m05_joint_production_wealth,OU2.5,under_25,market,6,0.5,0.6,112,0.5304525572430345,0.5446428571428571,0.014190299899822567
m05_joint_production_wealth,OU2.5,under_25,market,7,0.6,0.7,1,0.654462242562929,1.0,0.34553775743707105
m05_joint_production_wealth,OU2.5,under_25,market,8,0.7,0.8,0,NaN,NaN,NaN
m05_joint_production_wealth,OU2.5,under_25,market,9,0.8,0.9,0,NaN,NaN,NaN
m05_joint_production_wealth,OU2.5,under_25,market,10,0.9,1.0,0,NaN,NaN,NaN
m05_joint_production_wealth,OU3.5,ALL,model,1,0.0,0.1,0,NaN,NaN,NaN
m05_joint_production_wealth,OU3.5,ALL,model,2,0.1,0.2,2,0.18911024833121737,0.5,0.31088975166878263
m05_joint_production_wealth,OU3.5,ALL,model,3,0.2,0.3,135,0.2672423647295123,0.24444444444444444,-0.022797920285067858
m05_joint_production_wealth,OU3.5,ALL,model,4,0.3,0.4,124,0.33652646189666663,0.3709677419354839,0.034441280038817246
m05_joint_production_wealth,OU3.5,ALL,model,5,0.4,0.5,3,0.4144434751945487,0.3333333333333333,-0.0811101418612154
m05_joint_production_wealth,OU3.5,ALL,model,6,0.5,0.6,3,0.5855540021444492,0.6666666666666666,0.08111266452221744
m05_joint_production_wealth,OU3.5,ALL,model,7,0.6,0.7,124,0.663473161096281,0.6290322580645161,-0.034440903031764836
m05_joint_production_wealth,OU3.5,ALL,model,8,0.7,0.8,135,0.7327575210236174,0.7555555555555555,0.022798034531938183
m05_joint_production_wealth,OU3.5,ALL,model,9,0.8,0.9,2,0.8108897388894108,0.5,-0.31088973888941085
m05_joint_production_wealth,OU3.5,ALL,model,10,0.9,1.0,0,NaN,NaN,NaN
m05_joint_production_wealth,OU3.5,ALL,market,1,0.0,0.1,0,NaN,NaN,NaN
m05_joint_production_wealth,OU3.5,ALL,market,2,0.1,0.2,2,0.1734420642648491,0.5,0.3265579357351509
m05_joint_production_wealth,OU3.5,ALL,market,3,0.2,0.3,114,0.2689286120479383,0.2631578947368421,-0.005770717311096185
m05_joint_production_wealth,OU3.5,ALL,market,4,0.3,0.4,128,0.33795599353061917,0.3203125,-0.01764349353061917
m05_joint_production_wealth,OU3.5,ALL,market,5,0.4,0.5,20,0.432505314193414,0.45,0.01749468580658603
m05_joint_production_wealth,OU3.5,ALL,market,6,0.5,0.6,20,0.5674946858065859,0.55,-0.017494685806585863
m05_joint_production_wealth,OU3.5,ALL,market,7,0.6,0.7,128,0.6620440064693806,0.6796875,0.017643493530619447
m05_joint_production_wealth,OU3.5,ALL,market,8,0.7,0.8,114,0.7310713879520621,0.7368421052631579,0.0057707173110957966
m05_joint_production_wealth,OU3.5,ALL,market,9,0.8,0.9,2,0.8265579357351509,0.5,-0.3265579357351509
m05_joint_production_wealth,OU3.5,ALL,market,10,0.9,1.0,0,NaN,NaN,NaN
m05_joint_production_wealth,OU3.5,over_35,model,1,0.0,0.1,0,NaN,NaN,NaN
m05_joint_production_wealth,OU3.5,over_35,model,2,0.1,0.2,2,0.18911024833121737,0.5,0.31088975166878263
m05_joint_production_wealth,OU3.5,over_35,model,3,0.2,0.3,135,0.2672423647295123,0.24444444444444444,-0.022797920285067858
m05_joint_production_wealth,OU3.5,over_35,model,4,0.3,0.4,124,0.33652646189666663,0.3709677419354839,0.034441280038817246
m05_joint_production_wealth,OU3.5,over_35,model,5,0.4,0.5,3,0.4144434751945487,0.3333333333333333,-0.0811101418612154
m05_joint_production_wealth,OU3.5,over_35,model,6,0.5,0.6,0,NaN,NaN,NaN
m05_joint_production_wealth,OU3.5,over_35,model,7,0.6,0.7,0,NaN,NaN,NaN
m05_joint_production_wealth,OU3.5,over_35,model,8,0.7,0.8,0,NaN,NaN,NaN
m05_joint_production_wealth,OU3.5,over_35,model,9,0.8,0.9,0,NaN,NaN,NaN
m05_joint_production_wealth,OU3.5,over_35,model,10,0.9,1.0,0,NaN,NaN,NaN
m05_joint_production_wealth,OU3.5,over_35,market,1,0.0,0.1,0,NaN,NaN,NaN
m05_joint_production_wealth,OU3.5,over_35,market,2,0.1,0.2,2,0.1734420642648491,0.5,0.3265579357351509
m05_joint_production_wealth,OU3.5,over_35,market,3,0.2,0.3,114,0.2689286120479383,0.2631578947368421,-0.005770717311096185
m05_joint_production_wealth,OU3.5,over_35,market,4,0.3,0.4,128,0.33795599353061917,0.3203125,-0.01764349353061917
m05_joint_production_wealth,OU3.5,over_35,market,5,0.4,0.5,20,0.432505314193414,0.45,0.01749468580658603
m05_joint_production_wealth,OU3.5,over_35,market,6,0.5,0.6,0,NaN,NaN,NaN
m05_joint_production_wealth,OU3.5,over_35,market,7,0.6,0.7,0,NaN,NaN,NaN
m05_joint_production_wealth,OU3.5,over_35,market,8,0.7,0.8,0,NaN,NaN,NaN
m05_joint_production_wealth,OU3.5,over_35,market,9,0.8,0.9,0,NaN,NaN,NaN
m05_joint_production_wealth,OU3.5,over_35,market,10,0.9,1.0,0,NaN,NaN,NaN
m05_joint_production_wealth,OU3.5,under_35,model,1,0.0,0.1,0,NaN,NaN,NaN
m05_joint_production_wealth,OU3.5,under_35,model,2,0.1,0.2,0,NaN,NaN,NaN
m05_joint_production_wealth,OU3.5,under_35,model,3,0.2,0.3,0,NaN,NaN,NaN
m05_joint_production_wealth,OU3.5,under_35,model,4,0.3,0.4,0,NaN,NaN,NaN
m05_joint_production_wealth,OU3.5,under_35,model,5,0.4,0.5,0,NaN,NaN,NaN
m05_joint_production_wealth,OU3.5,under_35,model,6,0.5,0.6,3,0.5855540021444492,0.6666666666666666,0.08111266452221744
m05_joint_production_wealth,OU3.5,under_35,model,7,0.6,0.7,124,0.663473161096281,0.6290322580645161,-0.034440903031764836
m05_joint_production_wealth,OU3.5,under_35,model,8,0.7,0.8,135,0.7327575210236174,0.7555555555555555,0.022798034531938183
m05_joint_production_wealth,OU3.5,under_35,model,9,0.8,0.9,2,0.8108897388894108,0.5,-0.31088973888941085
m05_joint_production_wealth,OU3.5,under_35,model,10,0.9,1.0,0,NaN,NaN,NaN
m05_joint_production_wealth,OU3.5,under_35,market,1,0.0,0.1,0,NaN,NaN,NaN
m05_joint_production_wealth,OU3.5,under_35,market,2,0.1,0.2,0,NaN,NaN,NaN
m05_joint_production_wealth,OU3.5,under_35,market,3,0.2,0.3,0,NaN,NaN,NaN
m05_joint_production_wealth,OU3.5,under_35,market,4,0.3,0.4,0,NaN,NaN,NaN
m05_joint_production_wealth,OU3.5,under_35,market,5,0.4,0.5,0,NaN,NaN,NaN
m05_joint_production_wealth,OU3.5,under_35,market,6,0.5,0.6,20,0.5674946858065859,0.55,-0.017494685806585863
m05_joint_production_wealth,OU3.5,under_35,market,7,0.6,0.7,128,0.6620440064693806,0.6796875,0.017643493530619447
m05_joint_production_wealth,OU3.5,under_35,market,8,0.7,0.8,114,0.7310713879520621,0.7368421052631579,0.0057707173110957966
m05_joint_production_wealth,OU3.5,under_35,market,9,0.8,0.9,2,0.8265579357351509,0.5,-0.3265579357351509
m05_joint_production_wealth,OU3.5,under_35,market,10,0.9,1.0,0,NaN,NaN,NaN
m05_joint_production_wealth,BTTS,ALL,model,1,0.0,0.1,0,NaN,NaN,NaN
m05_joint_production_wealth,BTTS,ALL,model,2,0.1,0.2,0,NaN,NaN,NaN
m05_joint_production_wealth,BTTS,ALL,model,3,0.2,0.3,0,NaN,NaN,NaN
m05_joint_production_wealth,BTTS,ALL,model,4,0.3,0.4,20,0.3892876215702861,0.4,0.010712378429713898
m05_joint_production_wealth,BTTS,ALL,model,5,0.4,0.5,158,0.452505700705694,0.44936708860759494,-0.0031386120980990695
m05_joint_production_wealth,BTTS,ALL,model,6,0.5,0.6,158,0.5474941016379045,0.5506329113924051,0.003138809754500649
m05_joint_production_wealth,BTTS,ALL,model,7,0.6,0.7,20,0.6107119869196248,0.6,-0.010711986919624827
m05_joint_production_wealth,BTTS,ALL,model,8,0.7,0.8,0,NaN,NaN,NaN
m05_joint_production_wealth,BTTS,ALL,model,9,0.8,0.9,0,NaN,NaN,NaN
m05_joint_production_wealth,BTTS,ALL,model,10,0.9,1.0,0,NaN,NaN,NaN
m05_joint_production_wealth,BTTS,ALL,market,1,0.0,0.1,0,NaN,NaN,NaN
m05_joint_production_wealth,BTTS,ALL,market,2,0.1,0.2,0,NaN,NaN,NaN
m05_joint_production_wealth,BTTS,ALL,market,3,0.2,0.3,0,NaN,NaN,NaN
m05_joint_production_wealth,BTTS,ALL,market,4,0.3,0.4,35,0.3840704967440444,0.45714285714285713,0.07307236039881271
m05_joint_production_wealth,BTTS,ALL,market,5,0.4,0.5,142,0.4492274153643716,0.4295774647887324,-0.01964995057563923
m05_joint_production_wealth,BTTS,ALL,market,6,0.5,0.6,144,0.5500674098490225,0.5694444444444444,0.01937703459542195
m05_joint_production_wealth,BTTS,ALL,market,7,0.6,0.7,35,0.6159295032559556,0.5428571428571428,-0.07307236039881282
m05_joint_production_wealth,BTTS,ALL,market,8,0.7,0.8,0,NaN,NaN,NaN
m05_joint_production_wealth,BTTS,ALL,market,9,0.8,0.9,0,NaN,NaN,NaN
m05_joint_production_wealth,BTTS,ALL,market,10,0.9,1.0,0,NaN,NaN,NaN
m05_joint_production_wealth,BTTS,btts_yes,model,1,0.0,0.1,0,NaN,NaN,NaN
m05_joint_production_wealth,BTTS,btts_yes,model,2,0.1,0.2,0,NaN,NaN,NaN
m05_joint_production_wealth,BTTS,btts_yes,model,3,0.2,0.3,0,NaN,NaN,NaN
m05_joint_production_wealth,BTTS,btts_yes,model,4,0.3,0.4,0,NaN,NaN,NaN
m05_joint_production_wealth,BTTS,btts_yes,model,5,0.4,0.5,23,0.47949395405423517,0.4782608695652174,-0.0012330844890177661
m05_joint_production_wealth,BTTS,btts_yes,model,6,0.5,0.6,135,0.5520920831989014,0.5555555555555556,0.003463472356654229
m05_joint_production_wealth,BTTS,btts_yes,model,7,0.6,0.7,20,0.6107119869196248,0.6,-0.010711986919624827
m05_joint_production_wealth,BTTS,btts_yes,model,8,0.7,0.8,0,NaN,NaN,NaN
m05_joint_production_wealth,BTTS,btts_yes,model,9,0.8,0.9,0,NaN,NaN,NaN
m05_joint_production_wealth,BTTS,btts_yes,model,10,0.9,1.0,0,NaN,NaN,NaN
m05_joint_production_wealth,BTTS,btts_yes,market,1,0.0,0.1,0,NaN,NaN,NaN
m05_joint_production_wealth,BTTS,btts_yes,market,2,0.1,0.2,0,NaN,NaN,NaN
m05_joint_production_wealth,BTTS,btts_yes,market,3,0.2,0.3,0,NaN,NaN,NaN
m05_joint_production_wealth,BTTS,btts_yes,market,4,0.3,0.4,0,NaN,NaN,NaN
m05_joint_production_wealth,BTTS,btts_yes,market,5,0.4,0.5,19,0.4736309497898031,0.42105263157894735,-0.052578318210855735
m05_joint_production_wealth,BTTS,btts_yes,market,6,0.5,0.6,124,0.5541023795505282,0.5725806451612904,0.018478265610762157
m05_joint_production_wealth,BTTS,btts_yes,market,7,0.6,0.7,35,0.6159295032559556,0.5428571428571428,-0.07307236039881282
m05_joint_production_wealth,BTTS,btts_yes,market,8,0.7,0.8,0,NaN,NaN,NaN
m05_joint_production_wealth,BTTS,btts_yes,market,9,0.8,0.9,0,NaN,NaN,NaN
m05_joint_production_wealth,BTTS,btts_yes,market,10,0.9,1.0,0,NaN,NaN,NaN
m05_joint_production_wealth,BTTS,btts_no,model,1,0.0,0.1,0,NaN,NaN,NaN
m05_joint_production_wealth,BTTS,btts_no,model,2,0.1,0.2,0,NaN,NaN,NaN
m05_joint_production_wealth,BTTS,btts_no,model,3,0.2,0.3,0,NaN,NaN,NaN
m05_joint_production_wealth,BTTS,btts_no,model,4,0.3,0.4,20,0.3892876215702861,0.4,0.010712378429713898
m05_joint_production_wealth,BTTS,btts_no,model,5,0.4,0.5,135,0.4479077019870537,0.4444444444444444,-0.003463257542609288
m05_joint_production_wealth,BTTS,btts_no,model,6,0.5,0.6,23,0.5205059489972689,0.5217391304347826,0.0012331814375137196
m05_joint_production_wealth,BTTS,btts_no,model,7,0.6,0.7,0,NaN,NaN,NaN
m05_joint_production_wealth,BTTS,btts_no,model,8,0.7,0.8,0,NaN,NaN,NaN
m05_joint_production_wealth,BTTS,btts_no,model,9,0.8,0.9,0,NaN,NaN,NaN
m05_joint_production_wealth,BTTS,btts_no,model,10,0.9,1.0,0,NaN,NaN,NaN
m05_joint_production_wealth,BTTS,btts_no,market,1,0.0,0.1,0,NaN,NaN,NaN
m05_joint_production_wealth,BTTS,btts_no,market,2,0.1,0.2,0,NaN,NaN,NaN
m05_joint_production_wealth,BTTS,btts_no,market,3,0.2,0.3,0,NaN,NaN,NaN
m05_joint_production_wealth,BTTS,btts_no,market,4,0.3,0.4,35,0.3840704967440444,0.45714285714285713,0.07307236039881271
m05_joint_production_wealth,BTTS,btts_no,market,5,0.4,0.5,123,0.44545776370515855,0.43089430894308944,-0.014563454762069106
m05_joint_production_wealth,BTTS,btts_no,market,6,0.5,0.6,20,0.5250505976996871,0.55,0.02494940230031295
m05_joint_production_wealth,BTTS,btts_no,market,7,0.6,0.7,0,NaN,NaN,NaN
m05_joint_production_wealth,BTTS,btts_no,market,8,0.7,0.8,0,NaN,NaN,NaN
m05_joint_production_wealth,BTTS,btts_no,market,9,0.8,0.9,0,NaN,NaN,NaN
m05_joint_production_wealth,BTTS,btts_no,market,10,0.9,1.0,0,NaN,NaN,NaN
m12_joint_hybrid_synergy,1X2,ALL,model,1,0.0,0.1,0,NaN,NaN,NaN
m12_joint_hybrid_synergy,1X2,ALL,model,2,0.1,0.2,3,0.19640169051638687,0.0,-0.19640169051638687
m12_joint_hybrid_synergy,1X2,ALL,model,3,0.2,0.3,781,0.2570846177994445,0.2496798975672215,-0.007404720232223022
m12_joint_hybrid_synergy,1X2,ALL,model,4,0.3,0.4,580,0.3508578360695326,0.33793103448275863,-0.01292680158677395
m12_joint_hybrid_synergy,1X2,ALL,model,5,0.4,0.5,363,0.43957905513721524,0.46005509641873277,0.020476041281517532
m12_joint_hybrid_synergy,1X2,ALL,model,6,0.5,0.6,58,0.5269460128016058,0.6379310344827587,0.11098502168115287
m12_joint_hybrid_synergy,1X2,ALL,model,7,0.6,0.7,0,NaN,NaN,NaN
m12_joint_hybrid_synergy,1X2,ALL,model,8,0.7,0.8,0,NaN,NaN,NaN
m12_joint_hybrid_synergy,1X2,ALL,model,9,0.8,0.9,0,NaN,NaN,NaN
m12_joint_hybrid_synergy,1X2,ALL,model,10,0.9,1.0,0,NaN,NaN,NaN
m12_joint_hybrid_synergy,1X2,ALL,market,1,0.0,0.1,15,0.0750368067661535,0.06666666666666667,-0.008370140099486834
m12_joint_hybrid_synergy,1X2,ALL,market,2,0.1,0.2,112,0.1642668353413148,0.24107142857142858,0.07680459323011377
m12_joint_hybrid_synergy,1X2,ALL,market,3,0.2,0.3,840,0.25776042573994257,0.2571428571428571,-0.0006175685970854494
m12_joint_hybrid_synergy,1X2,ALL,market,4,0.3,0.4,347,0.3475734912735116,0.3400576368876081,-0.00751585438590352
m12_joint_hybrid_synergy,1X2,ALL,market,5,0.4,0.5,258,0.4461330820988877,0.47674418604651164,0.030611103947623952
m12_joint_hybrid_synergy,1X2,ALL,market,6,0.5,0.6,149,0.5386387091268434,0.48322147651006714,-0.05541723261677628
m12_joint_hybrid_synergy,1X2,ALL,market,7,0.6,0.7,46,0.6361909158794056,0.5434782608695652,-0.09271265500984038
m12_joint_hybrid_synergy,1X2,ALL,market,8,0.7,0.8,15,0.743394863763088,0.7333333333333333,-0.010061530429754773
m12_joint_hybrid_synergy,1X2,ALL,market,9,0.8,0.9,2,0.8290213877706651,0.5,-0.32902138777066514
m12_joint_hybrid_synergy,1X2,ALL,market,10,0.9,1.0,1,0.9165525429670892,1.0,0.08344745703291079
m12_joint_hybrid_synergy,1X2,home,model,1,0.0,0.1,0,NaN,NaN,NaN
m12_joint_hybrid_synergy,1X2,home,model,2,0.1,0.2,0,NaN,NaN,NaN
m12_joint_hybrid_synergy,1X2,home,model,3,0.2,0.3,21,0.2803164285527884,0.23809523809523808,-0.042221190457550295
m12_joint_hybrid_synergy,1X2,home,model,4,0.3,0.4,245,0.3588177745232602,0.3551020408163265,-0.003715733706933677
m12_joint_hybrid_synergy,1X2,home,model,5,0.4,0.5,272,0.44306879135776095,0.47794117647058826,0.03487238511282731
m12_joint_hybrid_synergy,1X2,home,model,6,0.5,0.6,57,0.5265956494726727,0.6491228070175439,0.1225271575448712
m12_joint_hybrid_synergy,1X2,home,model,7,0.6,0.7,0,NaN,NaN,NaN
m12_joint_hybrid_synergy,1X2,home,model,8,0.7,0.8,0,NaN,NaN,NaN
m12_joint_hybrid_synergy,1X2,home,model,9,0.8,0.9,0,NaN,NaN,NaN
m12_joint_hybrid_synergy,1X2,home,model,10,0.9,1.0,0,NaN,NaN,NaN
m12_joint_hybrid_synergy,1X2,home,market,1,0.0,0.1,0,NaN,NaN,NaN
m12_joint_hybrid_synergy,1X2,home,market,2,0.1,0.2,22,0.15778162061472642,0.13636363636363635,-0.021417984251090066
m12_joint_hybrid_synergy,1X2,home,market,3,0.2,0.3,89,0.25663682671733473,0.2808988764044944,0.02426204968715967
m12_joint_hybrid_synergy,1X2,home,market,4,0.3,0.4,148,0.35558730285975815,0.40540540540540543,0.04981810254564728
m12_joint_hybrid_synergy,1X2,home,market,5,0.4,0.5,178,0.44816207715645123,0.4943820224719101,0.046219945315458866
m12_joint_hybrid_synergy,1X2,home,market,6,0.5,0.6,107,0.5388822298014356,0.4953271028037383,-0.04355512699769731
m12_joint_hybrid_synergy,1X2,home,market,7,0.6,0.7,35,0.6332182875840212,0.5428571428571428,-0.0903611447268784
m12_joint_hybrid_synergy,1X2,home,market,8,0.7,0.8,13,0.7462348494322888,0.6923076923076923,-0.0539271571245965
m12_joint_hybrid_synergy,1X2,home,market,9,0.8,0.9,2,0.8290213877706651,0.5,-0.32902138777066514
m12_joint_hybrid_synergy,1X2,home,market,10,0.9,1.0,1,0.9165525429670892,1.0,0.08344745703291079
m12_joint_hybrid_synergy,1X2,draw,model,1,0.0,0.1,0,NaN,NaN,NaN
m12_joint_hybrid_synergy,1X2,draw,model,2,0.1,0.2,0,NaN,NaN,NaN
m12_joint_hybrid_synergy,1X2,draw,model,3,0.2,0.3,595,0.2538658961008128,0.2571428571428571,0.003276961042044335
m12_joint_hybrid_synergy,1X2,draw,model,4,0.3,0.4,0,NaN,NaN,NaN
m12_joint_hybrid_synergy,1X2,draw,model,5,0.4,0.5,0,NaN,NaN,NaN
m12_joint_hybrid_synergy,1X2,draw,model,6,0.5,0.6,0,NaN,NaN,NaN
m12_joint_hybrid_synergy,1X2,draw,model,7,0.6,0.7,0,NaN,NaN,NaN
m12_joint_hybrid_synergy,1X2,draw,model,8,0.7,0.8,0,NaN,NaN,NaN
m12_joint_hybrid_synergy,1X2,draw,model,9,0.8,0.9,0,NaN,NaN,NaN
m12_joint_hybrid_synergy,1X2,draw,model,10,0.9,1.0,0,NaN,NaN,NaN
m12_joint_hybrid_synergy,1X2,draw,market,1,0.0,0.1,2,0.08153156303948728,0.5,0.4184684369605127
m12_joint_hybrid_synergy,1X2,draw,market,2,0.1,0.2,21,0.1703640382685322,0.19047619047619047,0.020112152207658274
m12_joint_hybrid_synergy,1X2,draw,market,3,0.2,0.3,553,0.2604806907328671,0.2603978300180832,-8.286071478391666e-5
m12_joint_hybrid_synergy,1X2,draw,market,4,0.3,0.4,19,0.3083394003686288,0.21052631578947367,-0.09781308457915511
m12_joint_hybrid_synergy,1X2,draw,market,5,0.4,0.5,0,NaN,NaN,NaN
m12_joint_hybrid_synergy,1X2,draw,market,6,0.5,0.6,0,NaN,NaN,NaN
m12_joint_hybrid_synergy,1X2,draw,market,7,0.6,0.7,0,NaN,NaN,NaN
m12_joint_hybrid_synergy,1X2,draw,market,8,0.7,0.8,0,NaN,NaN,NaN
m12_joint_hybrid_synergy,1X2,draw,market,9,0.8,0.9,0,NaN,NaN,NaN
m12_joint_hybrid_synergy,1X2,draw,market,10,0.9,1.0,0,NaN,NaN,NaN
m12_joint_hybrid_synergy,1X2,away,model,1,0.0,0.1,0,NaN,NaN,NaN
m12_joint_hybrid_synergy,1X2,away,model,2,0.1,0.2,3,0.19640169051638687,0.0,-0.19640169051638687
m12_joint_hybrid_synergy,1X2,away,model,3,0.2,0.3,165,0.2657347474046908,0.22424242424242424,-0.04149232316226653
m12_joint_hybrid_synergy,1X2,away,model,4,0.3,0.4,335,0.34503638854367247,0.3253731343283582,-0.019663254215314285
m12_joint_hybrid_synergy,1X2,away,model,5,0.4,0.5,91,0.4291481952252544,0.4065934065934066,-0.02255478863184779
m12_joint_hybrid_synergy,1X2,away,model,6,0.5,0.6,1,0.5469167225507914,0.0,-0.5469167225507914
m12_joint_hybrid_synergy,1X2,away,model,7,0.6,0.7,0,NaN,NaN,NaN
m12_joint_hybrid_synergy,1X2,away,model,8,0.7,0.8,0,NaN,NaN,NaN
m12_joint_hybrid_synergy,1X2,away,model,9,0.8,0.9,0,NaN,NaN,NaN
m12_joint_hybrid_synergy,1X2,away,model,10,0.9,1.0,0,NaN,NaN,NaN
m12_joint_hybrid_synergy,1X2,away,market,1,0.0,0.1,13,0.07403761349333292,0.0,-0.07403761349333292
m12_joint_hybrid_synergy,1X2,away,market,2,0.1,0.2,69,0.1644789145081753,0.2898550724637681,0.12537615795559282
m12_joint_hybrid_synergy,1X2,away,market,3,0.2,0.3,198,0.2506679700425934,0.23737373737373738,-0.013294232668856015
m12_joint_hybrid_synergy,1X2,away,market,4,0.3,0.4,180,0.3451257335647796,0.3,-0.04512573356477961
m12_joint_hybrid_synergy,1X2,away,market,5,0.4,0.5,80,0.44161856809580924,0.4375,-0.0041185680958092385
m12_joint_hybrid_synergy,1X2,away,market,6,0.5,0.6,42,0.5380183112177629,0.4523809523809524,-0.0856373588368105
m12_joint_hybrid_synergy,1X2,away,market,7,0.6,0.7,11,0.645649278637448,0.5454545454545454,-0.10019473318290262
m12_joint_hybrid_synergy,1X2,away,market,8,0.7,0.8,2,0.7249349569132821,1.0,0.27506504308671786
m12_joint_hybrid_synergy,1X2,away,market,9,0.8,0.9,0,NaN,NaN,NaN
m12_joint_hybrid_synergy,1X2,away,market,10,0.9,1.0,0,NaN,NaN,NaN
m12_joint_hybrid_synergy,OU0.5,ALL,model,1,0.0,0.1,149,0.06965379199427489,0.03355704697986577,-0.03609674501440912
m12_joint_hybrid_synergy,OU0.5,ALL,model,2,0.1,0.2,0,NaN,NaN,NaN
m12_joint_hybrid_synergy,OU0.5,ALL,model,3,0.2,0.3,0,NaN,NaN,NaN
m12_joint_hybrid_synergy,OU0.5,ALL,model,4,0.3,0.4,0,NaN,NaN,NaN
m12_joint_hybrid_synergy,OU0.5,ALL,model,5,0.4,0.5,0,NaN,NaN,NaN
m12_joint_hybrid_synergy,OU0.5,ALL,model,6,0.5,0.6,0,NaN,NaN,NaN
m12_joint_hybrid_synergy,OU0.5,ALL,model,7,0.6,0.7,0,NaN,NaN,NaN
m12_joint_hybrid_synergy,OU0.5,ALL,model,8,0.7,0.8,0,NaN,NaN,NaN
m12_joint_hybrid_synergy,OU0.5,ALL,model,9,0.8,0.9,0,NaN,NaN,NaN
m12_joint_hybrid_synergy,OU0.5,ALL,model,10,0.9,1.0,384,0.9316851668702751,0.9375,0.005814833129724861
m12_joint_hybrid_synergy,OU0.5,ALL,market,1,0.0,0.1,147,0.06740041896494867,0.034013605442176874,-0.03338681352277179
m12_joint_hybrid_synergy,OU0.5,ALL,market,2,0.1,0.2,2,0.10244658799633993,0.0,-0.10244658799633993
m12_joint_hybrid_synergy,OU0.5,ALL,market,3,0.2,0.3,0,NaN,NaN,NaN
m12_joint_hybrid_synergy,OU0.5,ALL,market,4,0.3,0.4,0,NaN,NaN,NaN
m12_joint_hybrid_synergy,OU0.5,ALL,market,5,0.4,0.5,0,NaN,NaN,NaN
m12_joint_hybrid_synergy,OU0.5,ALL,market,6,0.5,0.6,0,NaN,NaN,NaN
m12_joint_hybrid_synergy,OU0.5,ALL,market,7,0.6,0.7,0,NaN,NaN,NaN
m12_joint_hybrid_synergy,OU0.5,ALL,market,8,0.7,0.8,0,NaN,NaN,NaN
m12_joint_hybrid_synergy,OU0.5,ALL,market,9,0.8,0.9,2,0.8975534120036601,1.0,0.10244658799633988
m12_joint_hybrid_synergy,OU0.5,ALL,market,10,0.9,1.0,382,0.9740631895606092,0.93717277486911,-0.03689041469149923
m12_joint_hybrid_synergy,OU0.5,over_05,model,1,0.0,0.1,0,NaN,NaN,NaN
m12_joint_hybrid_synergy,OU0.5,over_05,model,2,0.1,0.2,0,NaN,NaN,NaN
m12_joint_hybrid_synergy,OU0.5,over_05,model,3,0.2,0.3,0,NaN,NaN,NaN
m12_joint_hybrid_synergy,OU0.5,over_05,model,4,0.3,0.4,0,NaN,NaN,NaN
m12_joint_hybrid_synergy,OU0.5,over_05,model,5,0.4,0.5,0,NaN,NaN,NaN
m12_joint_hybrid_synergy,OU0.5,over_05,model,6,0.5,0.6,0,NaN,NaN,NaN
m12_joint_hybrid_synergy,OU0.5,over_05,model,7,0.6,0.7,0,NaN,NaN,NaN
m12_joint_hybrid_synergy,OU0.5,over_05,model,8,0.7,0.8,0,NaN,NaN,NaN
m12_joint_hybrid_synergy,OU0.5,over_05,model,9,0.8,0.9,0,NaN,NaN,NaN
m12_joint_hybrid_synergy,OU0.5,over_05,model,10,0.9,1.0,384,0.9316851668702751,0.9375,0.005814833129724861
m12_joint_hybrid_synergy,OU0.5,over_05,market,1,0.0,0.1,0,NaN,NaN,NaN
m12_joint_hybrid_synergy,OU0.5,over_05,market,2,0.1,0.2,0,NaN,NaN,NaN
m12_joint_hybrid_synergy,OU0.5,over_05,market,3,0.2,0.3,0,NaN,NaN,NaN
m12_joint_hybrid_synergy,OU0.5,over_05,market,4,0.3,0.4,0,NaN,NaN,NaN
m12_joint_hybrid_synergy,OU0.5,over_05,market,5,0.4,0.5,0,NaN,NaN,NaN
m12_joint_hybrid_synergy,OU0.5,over_05,market,6,0.5,0.6,0,NaN,NaN,NaN
m12_joint_hybrid_synergy,OU0.5,over_05,market,7,0.6,0.7,0,NaN,NaN,NaN
m12_joint_hybrid_synergy,OU0.5,over_05,market,8,0.7,0.8,0,NaN,NaN,NaN
m12_joint_hybrid_synergy,OU0.5,over_05,market,9,0.8,0.9,2,0.8975534120036601,1.0,0.10244658799633988
m12_joint_hybrid_synergy,OU0.5,over_05,market,10,0.9,1.0,382,0.9740631895606092,0.93717277486911,-0.03689041469149923
m12_joint_hybrid_synergy,OU0.5,under_05,model,1,0.0,0.1,149,0.06965379199427489,0.03355704697986577,-0.03609674501440912
m12_joint_hybrid_synergy,OU0.5,under_05,model,2,0.1,0.2,0,NaN,NaN,NaN
m12_joint_hybrid_synergy,OU0.5,under_05,model,3,0.2,0.3,0,NaN,NaN,NaN
m12_joint_hybrid_synergy,OU0.5,under_05,model,4,0.3,0.4,0,NaN,NaN,NaN
m12_joint_hybrid_synergy,OU0.5,under_05,model,5,0.4,0.5,0,NaN,NaN,NaN
m12_joint_hybrid_synergy,OU0.5,under_05,model,6,0.5,0.6,0,NaN,NaN,NaN
m12_joint_hybrid_synergy,OU0.5,under_05,model,7,0.6,0.7,0,NaN,NaN,NaN
m12_joint_hybrid_synergy,OU0.5,under_05,model,8,0.7,0.8,0,NaN,NaN,NaN
m12_joint_hybrid_synergy,OU0.5,under_05,model,9,0.8,0.9,0,NaN,NaN,NaN
m12_joint_hybrid_synergy,OU0.5,under_05,model,10,0.9,1.0,0,NaN,NaN,NaN
m12_joint_hybrid_synergy,OU0.5,under_05,market,1,0.0,0.1,147,0.06740041896494867,0.034013605442176874,-0.03338681352277179
m12_joint_hybrid_synergy,OU0.5,under_05,market,2,0.1,0.2,2,0.10244658799633993,0.0,-0.10244658799633993
m12_joint_hybrid_synergy,OU0.5,under_05,market,3,0.2,0.3,0,NaN,NaN,NaN
m12_joint_hybrid_synergy,OU0.5,under_05,market,4,0.3,0.4,0,NaN,NaN,NaN
m12_joint_hybrid_synergy,OU0.5,under_05,market,5,0.4,0.5,0,NaN,NaN,NaN
m12_joint_hybrid_synergy,OU0.5,under_05,market,6,0.5,0.6,0,NaN,NaN,NaN
m12_joint_hybrid_synergy,OU0.5,under_05,market,7,0.6,0.7,0,NaN,NaN,NaN
m12_joint_hybrid_synergy,OU0.5,under_05,market,8,0.7,0.8,0,NaN,NaN,NaN
m12_joint_hybrid_synergy,OU0.5,under_05,market,9,0.8,0.9,0,NaN,NaN,NaN
m12_joint_hybrid_synergy,OU0.5,under_05,market,10,0.9,1.0,0,NaN,NaN,NaN
m12_joint_hybrid_synergy,OU1.5,ALL,model,1,0.0,0.1,0,NaN,NaN,NaN
m12_joint_hybrid_synergy,OU1.5,ALL,model,2,0.1,0.2,9,0.19194991444033396,0.0,-0.19194991444033396
m12_joint_hybrid_synergy,OU1.5,ALL,model,3,0.2,0.3,193,0.24571096662743475,0.23834196891191708,-0.007368997715517661
m12_joint_hybrid_synergy,OU1.5,ALL,model,4,0.3,0.4,13,0.3104939201696607,0.23076923076923078,-0.07972468940042993
m12_joint_hybrid_synergy,OU1.5,ALL,model,5,0.4,0.5,0,NaN,NaN,NaN
m12_joint_hybrid_synergy,OU1.5,ALL,model,6,0.5,0.6,0,NaN,NaN,NaN
m12_joint_hybrid_synergy,OU1.5,ALL,model,7,0.6,0.7,13,0.689506052902514,0.7692307692307693,0.07972471632825529
m12_joint_hybrid_synergy,OU1.5,ALL,model,8,0.7,0.8,193,0.754288869155977,0.7616580310880829,0.007369161932105905
m12_joint_hybrid_synergy,OU1.5,ALL,model,9,0.8,0.9,9,0.8080495574528216,1.0,0.1919504425471784
m12_joint_hybrid_synergy,OU1.5,ALL,model,10,0.9,1.0,0,NaN,NaN,NaN
m12_joint_hybrid_synergy,OU1.5,ALL,market,1,0.0,0.1,0,NaN,NaN,NaN
m12_joint_hybrid_synergy,OU1.5,ALL,market,2,0.1,0.2,51,0.17588692718889973,0.19607843137254902,0.02019150418364929
m12_joint_hybrid_synergy,OU1.5,ALL,market,3,0.2,0.3,154,0.24291855455351105,0.24025974025974026,-0.002658814293770795
m12_joint_hybrid_synergy,OU1.5,ALL,market,4,0.3,0.4,10,0.31675878370299293,0.2,-0.11675878370299292
m12_joint_hybrid_synergy,OU1.5,ALL,market,5,0.4,0.5,0,NaN,NaN,NaN
m12_joint_hybrid_synergy,OU1.5,ALL,market,6,0.5,0.6,0,NaN,NaN,NaN
m12_joint_hybrid_synergy,OU1.5,ALL,market,7,0.6,0.7,10,0.683241216297007,0.8,0.11675878370299309
m12_joint_hybrid_synergy,OU1.5,ALL,market,8,0.7,0.8,152,0.7565167276234162,0.756578947368421,6.22197450048656e-5
m12_joint_hybrid_synergy,OU1.5,ALL,market,9,0.8,0.9,53,0.8232031455352096,0.8113207547169812,-0.011882390818228394
m12_joint_hybrid_synergy,OU1.5,ALL,market,10,0.9,1.0,0,NaN,NaN,NaN
m12_joint_hybrid_synergy,OU1.5,over_15,model,1,0.0,0.1,0,NaN,NaN,NaN
m12_joint_hybrid_synergy,OU1.5,over_15,model,2,0.1,0.2,0,NaN,NaN,NaN
m12_joint_hybrid_synergy,OU1.5,over_15,model,3,0.2,0.3,0,NaN,NaN,NaN
m12_joint_hybrid_synergy,OU1.5,over_15,model,4,0.3,0.4,0,NaN,NaN,NaN
m12_joint_hybrid_synergy,OU1.5,over_15,model,5,0.4,0.5,0,NaN,NaN,NaN
m12_joint_hybrid_synergy,OU1.5,over_15,model,6,0.5,0.6,0,NaN,NaN,NaN
m12_joint_hybrid_synergy,OU1.5,over_15,model,7,0.6,0.7,13,0.689506052902514,0.7692307692307693,0.07972471632825529
m12_joint_hybrid_synergy,OU1.5,over_15,model,8,0.7,0.8,193,0.754288869155977,0.7616580310880829,0.007369161932105905
m12_joint_hybrid_synergy,OU1.5,over_15,model,9,0.8,0.9,9,0.8080495574528216,1.0,0.1919504425471784
m12_joint_hybrid_synergy,OU1.5,over_15,model,10,0.9,1.0,0,NaN,NaN,NaN
m12_joint_hybrid_synergy,OU1.5,over_15,market,1,0.0,0.1,0,NaN,NaN,NaN
m12_joint_hybrid_synergy,OU1.5,over_15,market,2,0.1,0.2,0,NaN,NaN,NaN
m12_joint_hybrid_synergy,OU1.5,over_15,market,3,0.2,0.3,0,NaN,NaN,NaN
m12_joint_hybrid_synergy,OU1.5,over_15,market,4,0.3,0.4,0,NaN,NaN,NaN
m12_joint_hybrid_synergy,OU1.5,over_15,market,5,0.4,0.5,0,NaN,NaN,NaN
m12_joint_hybrid_synergy,OU1.5,over_15,market,6,0.5,0.6,0,NaN,NaN,NaN
m12_joint_hybrid_synergy,OU1.5,over_15,market,7,0.6,0.7,10,0.683241216297007,0.8,0.11675878370299309
m12_joint_hybrid_synergy,OU1.5,over_15,market,8,0.7,0.8,152,0.7565167276234162,0.756578947368421,6.22197450048656e-5
m12_joint_hybrid_synergy,OU1.5,over_15,market,9,0.8,0.9,53,0.8232031455352096,0.8113207547169812,-0.011882390818228394
m12_joint_hybrid_synergy,OU1.5,over_15,market,10,0.9,1.0,0,NaN,NaN,NaN
m12_joint_hybrid_synergy,OU1.5,under_15,model,1,0.0,0.1,0,NaN,NaN,NaN
m12_joint_hybrid_synergy,OU1.5,under_15,model,2,0.1,0.2,9,0.19194991444033396,0.0,-0.19194991444033396
m12_joint_hybrid_synergy,OU1.5,under_15,model,3,0.2,0.3,193,0.24571096662743475,0.23834196891191708,-0.007368997715517661
m12_joint_hybrid_synergy,OU1.5,under_15,model,4,0.3,0.4,13,0.3104939201696607,0.23076923076923078,-0.07972468940042993
m12_joint_hybrid_synergy,OU1.5,under_15,model,5,0.4,0.5,0,NaN,NaN,NaN
m12_joint_hybrid_synergy,OU1.5,under_15,model,6,0.5,0.6,0,NaN,NaN,NaN
m12_joint_hybrid_synergy,OU1.5,under_15,model,7,0.6,0.7,0,NaN,NaN,NaN
m12_joint_hybrid_synergy,OU1.5,under_15,model,8,0.7,0.8,0,NaN,NaN,NaN
m12_joint_hybrid_synergy,OU1.5,under_15,model,9,0.8,0.9,0,NaN,NaN,NaN
m12_joint_hybrid_synergy,OU1.5,under_15,model,10,0.9,1.0,0,NaN,NaN,NaN
m12_joint_hybrid_synergy,OU1.5,under_15,market,1,0.0,0.1,0,NaN,NaN,NaN
m12_joint_hybrid_synergy,OU1.5,under_15,market,2,0.1,0.2,51,0.17588692718889973,0.19607843137254902,0.02019150418364929
m12_joint_hybrid_synergy,OU1.5,under_15,market,3,0.2,0.3,154,0.24291855455351105,0.24025974025974026,-0.002658814293770795
m12_joint_hybrid_synergy,OU1.5,under_15,market,4,0.3,0.4,10,0.31675878370299293,0.2,-0.11675878370299292
m12_joint_hybrid_synergy,OU1.5,under_15,market,5,0.4,0.5,0,NaN,NaN,NaN
m12_joint_hybrid_synergy,OU1.5,under_15,market,6,0.5,0.6,0,NaN,NaN,NaN
m12_joint_hybrid_synergy,OU1.5,under_15,market,7,0.6,0.7,0,NaN,NaN,NaN
m12_joint_hybrid_synergy,OU1.5,under_15,market,8,0.7,0.8,0,NaN,NaN,NaN
m12_joint_hybrid_synergy,OU1.5,under_15,market,9,0.8,0.9,0,NaN,NaN,NaN
m12_joint_hybrid_synergy,OU1.5,under_15,market,10,0.9,1.0,0,NaN,NaN,NaN
m12_joint_hybrid_synergy,OU2.5,ALL,model,1,0.0,0.1,0,NaN,NaN,NaN
m12_joint_hybrid_synergy,OU2.5,ALL,model,2,0.1,0.2,0,NaN,NaN,NaN
m12_joint_hybrid_synergy,OU2.5,ALL,model,3,0.2,0.3,0,NaN,NaN,NaN
m12_joint_hybrid_synergy,OU2.5,ALL,model,4,0.3,0.4,2,0.39218778325190184,0.5,0.10781221674809816
m12_joint_hybrid_synergy,OU2.5,ALL,model,5,0.4,0.5,377,0.4683941942681126,0.4588859416445623,-0.009508252623550262
m12_joint_hybrid_synergy,OU2.5,ALL,model,6,0.5,0.6,377,0.5316056396983624,0.5411140583554377,0.009508418657075302
m12_joint_hybrid_synergy,OU2.5,ALL,model,7,0.6,0.7,2,0.6078110036083724,0.5,-0.10781100360837237
m12_joint_hybrid_synergy,OU2.5,ALL,model,8,0.7,0.8,0,NaN,NaN,NaN
m12_joint_hybrid_synergy,OU2.5,ALL,model,9,0.8,0.9,0,NaN,NaN,NaN
m12_joint_hybrid_synergy,OU2.5,ALL,model,10,0.9,1.0,0,NaN,NaN,NaN
m12_joint_hybrid_synergy,OU2.5,ALL,market,1,0.0,0.1,0,NaN,NaN,NaN
m12_joint_hybrid_synergy,OU2.5,ALL,market,2,0.1,0.2,0,NaN,NaN,NaN
m12_joint_hybrid_synergy,OU2.5,ALL,market,3,0.2,0.3,2,0.2920623374158074,1.0,0.7079376625841927
m12_joint_hybrid_synergy,OU2.5,ALL,market,4,0.3,0.4,41,0.36865306278742255,0.3902439024390244,0.021590839651601856
m12_joint_hybrid_synergy,OU2.5,ALL,market,5,0.4,0.5,332,0.46194550362195913,0.4759036144578313,0.013958110835872173
m12_joint_hybrid_synergy,OU2.5,ALL,market,6,0.5,0.6,340,0.5371590964632633,0.5235294117647059,-0.01362968469855741
m12_joint_hybrid_synergy,OU2.5,ALL,market,7,0.6,0.7,41,0.6313469372125775,0.6097560975609756,-0.021590839651601912
m12_joint_hybrid_synergy,OU2.5,ALL,market,8,0.7,0.8,2,0.7079376625841927,0.0,-0.7079376625841927
m12_joint_hybrid_synergy,OU2.5,ALL,market,9,0.8,0.9,0,NaN,NaN,NaN
m12_joint_hybrid_synergy,OU2.5,ALL,market,10,0.9,1.0,0,NaN,NaN,NaN
m12_joint_hybrid_synergy,OU2.5,over_25,model,1,0.0,0.1,0,NaN,NaN,NaN
m12_joint_hybrid_synergy,OU2.5,over_25,model,2,0.1,0.2,0,NaN,NaN,NaN
m12_joint_hybrid_synergy,OU2.5,over_25,model,3,0.2,0.3,0,NaN,NaN,NaN
m12_joint_hybrid_synergy,OU2.5,over_25,model,4,0.3,0.4,0,NaN,NaN,NaN
m12_joint_hybrid_synergy,OU2.5,over_25,model,5,0.4,0.5,151,0.472044265792011,0.4503311258278146,-0.021713139964196382
m12_joint_hybrid_synergy,OU2.5,over_25,model,6,0.5,0.6,226,0.534044338341692,0.5353982300884956,0.0013538917468036704
m12_joint_hybrid_synergy,OU2.5,over_25,model,7,0.6,0.7,2,0.6078110036083724,0.5,-0.10781100360837237
m12_joint_hybrid_synergy,OU2.5,over_25,model,8,0.7,0.8,0,NaN,NaN,NaN
m12_joint_hybrid_synergy,OU2.5,over_25,model,9,0.8,0.9,0,NaN,NaN,NaN
m12_joint_hybrid_synergy,OU2.5,over_25,model,10,0.9,1.0,0,NaN,NaN,NaN
m12_joint_hybrid_synergy,OU2.5,over_25,market,1,0.0,0.1,0,NaN,NaN,NaN
m12_joint_hybrid_synergy,OU2.5,over_25,market,2,0.1,0.2,0,NaN,NaN,NaN
m12_joint_hybrid_synergy,OU2.5,over_25,market,3,0.2,0.3,0,NaN,NaN,NaN
m12_joint_hybrid_synergy,OU2.5,over_25,market,4,0.3,0.4,1,0.34553775743707094,0.0,-0.34553775743707094
m12_joint_hybrid_synergy,OU2.5,over_25,market,5,0.4,0.5,108,0.4684195702664828,0.4537037037037037,-0.014715866562779067
m12_joint_hybrid_synergy,OU2.5,over_25,market,6,0.5,0.6,228,0.540453536781972,0.5131578947368421,-0.02729564204512991
m12_joint_hybrid_synergy,OU2.5,over_25,market,7,0.6,0.7,40,0.6307690545788187,0.6,-0.030769054578818733
m12_joint_hybrid_synergy,OU2.5,over_25,market,8,0.7,0.8,2,0.7079376625841927,0.0,-0.7079376625841927
m12_joint_hybrid_synergy,OU2.5,over_25,market,9,0.8,0.9,0,NaN,NaN,NaN
m12_joint_hybrid_synergy,OU2.5,over_25,market,10,0.9,1.0,0,NaN,NaN,NaN
m12_joint_hybrid_synergy,OU2.5,under_25,model,1,0.0,0.1,0,NaN,NaN,NaN
m12_joint_hybrid_synergy,OU2.5,under_25,model,2,0.1,0.2,0,NaN,NaN,NaN
m12_joint_hybrid_synergy,OU2.5,under_25,model,3,0.2,0.3,0,NaN,NaN,NaN
m12_joint_hybrid_synergy,OU2.5,under_25,model,4,0.3,0.4,2,0.39218778325190184,0.5,0.10781221674809816
m12_joint_hybrid_synergy,OU2.5,under_25,model,5,0.4,0.5,226,0.46595542966586206,0.4646017699115044,-0.001353659754357639
m12_joint_hybrid_synergy,OU2.5,under_25,model,6,0.5,0.6,151,0.5279556668944384,0.5496688741721855,0.02171320727774706
m12_joint_hybrid_synergy,OU2.5,under_25,model,7,0.6,0.7,0,NaN,NaN,NaN
m12_joint_hybrid_synergy,OU2.5,under_25,model,8,0.7,0.8,0,NaN,NaN,NaN
m12_joint_hybrid_synergy,OU2.5,under_25,model,9,0.8,0.9,0,NaN,NaN,NaN
m12_joint_hybrid_synergy,OU2.5,under_25,model,10,0.9,1.0,0,NaN,NaN,NaN
m12_joint_hybrid_synergy,OU2.5,under_25,market,1,0.0,0.1,0,NaN,NaN,NaN
m12_joint_hybrid_synergy,OU2.5,under_25,market,2,0.1,0.2,0,NaN,NaN,NaN
m12_joint_hybrid_synergy,OU2.5,under_25,market,3,0.2,0.3,2,0.2920623374158074,1.0,0.7079376625841927
m12_joint_hybrid_synergy,OU2.5,under_25,market,4,0.3,0.4,40,0.3692309454211813,0.4,0.030769054578818733
m12_joint_hybrid_synergy,OU2.5,under_25,market,5,0.4,0.5,224,0.4588240786326357,0.48660714285714285,0.02778306422450716
m12_joint_hybrid_synergy,OU2.5,under_25,market,6,0.5,0.6,112,0.5304525572430345,0.5446428571428571,0.014190299899822567
m12_joint_hybrid_synergy,OU2.5,under_25,market,7,0.6,0.7,1,0.654462242562929,1.0,0.34553775743707105
m12_joint_hybrid_synergy,OU2.5,under_25,market,8,0.7,0.8,0,NaN,NaN,NaN
m12_joint_hybrid_synergy,OU2.5,under_25,market,9,0.8,0.9,0,NaN,NaN,NaN
m12_joint_hybrid_synergy,OU2.5,under_25,market,10,0.9,1.0,0,NaN,NaN,NaN
m12_joint_hybrid_synergy,OU3.5,ALL,model,1,0.0,0.1,0,NaN,NaN,NaN
m12_joint_hybrid_synergy,OU3.5,ALL,model,2,0.1,0.2,0,NaN,NaN,NaN
m12_joint_hybrid_synergy,OU3.5,ALL,model,3,0.2,0.3,153,0.27154264782880905,0.28104575163398693,0.009503103805177882
m12_joint_hybrid_synergy,OU3.5,ALL,model,4,0.3,0.4,111,0.32777667305058555,0.34234234234234234,0.014565669291756789
m12_joint_hybrid_synergy,OU3.5,ALL,model,5,0.4,0.5,0,NaN,NaN,NaN
m12_joint_hybrid_synergy,OU3.5,ALL,model,6,0.5,0.6,0,NaN,NaN,NaN
m12_joint_hybrid_synergy,OU3.5,ALL,model,7,0.6,0.7,111,0.6722230237272782,0.6576576576576577,-0.014565366069620445
m12_joint_hybrid_synergy,OU3.5,ALL,model,8,0.7,0.8,153,0.7284572513577235,0.7189542483660131,-0.009503002991710474
m12_joint_hybrid_synergy,OU3.5,ALL,model,9,0.8,0.9,0,NaN,NaN,NaN
m12_joint_hybrid_synergy,OU3.5,ALL,model,10,0.9,1.0,0,NaN,NaN,NaN
m12_joint_hybrid_synergy,OU3.5,ALL,market,1,0.0,0.1,0,NaN,NaN,NaN
m12_joint_hybrid_synergy,OU3.5,ALL,market,2,0.1,0.2,2,0.1734420642648491,0.5,0.3265579357351509
m12_joint_hybrid_synergy,OU3.5,ALL,market,3,0.2,0.3,114,0.2689286120479383,0.2631578947368421,-0.005770717311096185
m12_joint_hybrid_synergy,OU3.5,ALL,market,4,0.3,0.4,128,0.33795599353061917,0.3203125,-0.01764349353061917
m12_joint_hybrid_synergy,OU3.5,ALL,market,5,0.4,0.5,20,0.432505314193414,0.45,0.01749468580658603
m12_joint_hybrid_synergy,OU3.5,ALL,market,6,0.5,0.6,20,0.5674946858065859,0.55,-0.017494685806585863
m12_joint_hybrid_synergy,OU3.5,ALL,market,7,0.6,0.7,128,0.6620440064693806,0.6796875,0.017643493530619447
m12_joint_hybrid_synergy,OU3.5,ALL,market,8,0.7,0.8,114,0.7310713879520621,0.7368421052631579,0.0057707173110957966
m12_joint_hybrid_synergy,OU3.5,ALL,market,9,0.8,0.9,2,0.8265579357351509,0.5,-0.3265579357351509
m12_joint_hybrid_synergy,OU3.5,ALL,market,10,0.9,1.0,0,NaN,NaN,NaN
m12_joint_hybrid_synergy,OU3.5,over_35,model,1,0.0,0.1,0,NaN,NaN,NaN
m12_joint_hybrid_synergy,OU3.5,over_35,model,2,0.1,0.2,0,NaN,NaN,NaN
m12_joint_hybrid_synergy,OU3.5,over_35,model,3,0.2,0.3,153,0.27154264782880905,0.28104575163398693,0.009503103805177882
m12_joint_hybrid_synergy,OU3.5,over_35,model,4,0.3,0.4,111,0.32777667305058555,0.34234234234234234,0.014565669291756789
m12_joint_hybrid_synergy,OU3.5,over_35,model,5,0.4,0.5,0,NaN,NaN,NaN
m12_joint_hybrid_synergy,OU3.5,over_35,model,6,0.5,0.6,0,NaN,NaN,NaN
m12_joint_hybrid_synergy,OU3.5,over_35,model,7,0.6,0.7,0,NaN,NaN,NaN
m12_joint_hybrid_synergy,OU3.5,over_35,model,8,0.7,0.8,0,NaN,NaN,NaN
m12_joint_hybrid_synergy,OU3.5,over_35,model,9,0.8,0.9,0,NaN,NaN,NaN
m12_joint_hybrid_synergy,OU3.5,over_35,model,10,0.9,1.0,0,NaN,NaN,NaN
m12_joint_hybrid_synergy,OU3.5,over_35,market,1,0.0,0.1,0,NaN,NaN,NaN
m12_joint_hybrid_synergy,OU3.5,over_35,market,2,0.1,0.2,2,0.1734420642648491,0.5,0.3265579357351509
m12_joint_hybrid_synergy,OU3.5,over_35,market,3,0.2,0.3,114,0.2689286120479383,0.2631578947368421,-0.005770717311096185
m12_joint_hybrid_synergy,OU3.5,over_35,market,4,0.3,0.4,128,0.33795599353061917,0.3203125,-0.01764349353061917
m12_joint_hybrid_synergy,OU3.5,over_35,market,5,0.4,0.5,20,0.432505314193414,0.45,0.01749468580658603
m12_joint_hybrid_synergy,OU3.5,over_35,market,6,0.5,0.6,0,NaN,NaN,NaN
m12_joint_hybrid_synergy,OU3.5,over_35,market,7,0.6,0.7,0,NaN,NaN,NaN
m12_joint_hybrid_synergy,OU3.5,over_35,market,8,0.7,0.8,0,NaN,NaN,NaN
m12_joint_hybrid_synergy,OU3.5,over_35,market,9,0.8,0.9,0,NaN,NaN,NaN
m12_joint_hybrid_synergy,OU3.5,over_35,market,10,0.9,1.0,0,NaN,NaN,NaN
m12_joint_hybrid_synergy,OU3.5,under_35,model,1,0.0,0.1,0,NaN,NaN,NaN
m12_joint_hybrid_synergy,OU3.5,under_35,model,2,0.1,0.2,0,NaN,NaN,NaN
m12_joint_hybrid_synergy,OU3.5,under_35,model,3,0.2,0.3,0,NaN,NaN,NaN
m12_joint_hybrid_synergy,OU3.5,under_35,model,4,0.3,0.4,0,NaN,NaN,NaN
m12_joint_hybrid_synergy,OU3.5,under_35,model,5,0.4,0.5,0,NaN,NaN,NaN
m12_joint_hybrid_synergy,OU3.5,under_35,model,6,0.5,0.6,0,NaN,NaN,NaN
m12_joint_hybrid_synergy,OU3.5,under_35,model,7,0.6,0.7,111,0.6722230237272782,0.6576576576576577,-0.014565366069620445
m12_joint_hybrid_synergy,OU3.5,under_35,model,8,0.7,0.8,153,0.7284572513577235,0.7189542483660131,-0.009503002991710474
m12_joint_hybrid_synergy,OU3.5,under_35,model,9,0.8,0.9,0,NaN,NaN,NaN
m12_joint_hybrid_synergy,OU3.5,under_35,model,10,0.9,1.0,0,NaN,NaN,NaN
m12_joint_hybrid_synergy,OU3.5,under_35,market,1,0.0,0.1,0,NaN,NaN,NaN
m12_joint_hybrid_synergy,OU3.5,under_35,market,2,0.1,0.2,0,NaN,NaN,NaN
m12_joint_hybrid_synergy,OU3.5,under_35,market,3,0.2,0.3,0,NaN,NaN,NaN
m12_joint_hybrid_synergy,OU3.5,under_35,market,4,0.3,0.4,0,NaN,NaN,NaN
m12_joint_hybrid_synergy,OU3.5,under_35,market,5,0.4,0.5,0,NaN,NaN,NaN
m12_joint_hybrid_synergy,OU3.5,under_35,market,6,0.5,0.6,20,0.5674946858065859,0.55,-0.017494685806585863
m12_joint_hybrid_synergy,OU3.5,under_35,market,7,0.6,0.7,128,0.6620440064693806,0.6796875,0.017643493530619447
m12_joint_hybrid_synergy,OU3.5,under_35,market,8,0.7,0.8,114,0.7310713879520621,0.7368421052631579,0.0057707173110957966
m12_joint_hybrid_synergy,OU3.5,under_35,market,9,0.8,0.9,2,0.8265579357351509,0.5,-0.3265579357351509
m12_joint_hybrid_synergy,OU3.5,under_35,market,10,0.9,1.0,0,NaN,NaN,NaN
m12_joint_hybrid_synergy,BTTS,ALL,model,1,0.0,0.1,0,NaN,NaN,NaN
m12_joint_hybrid_synergy,BTTS,ALL,model,2,0.1,0.2,0,NaN,NaN,NaN
m12_joint_hybrid_synergy,BTTS,ALL,model,3,0.2,0.3,0,NaN,NaN,NaN
m12_joint_hybrid_synergy,BTTS,ALL,model,4,0.3,0.4,2,0.3885777328974396,0.0,-0.3885777328974396
m12_joint_hybrid_synergy,BTTS,ALL,model,5,0.4,0.5,176,0.4532706874500388,0.44886363636363635,-0.004407051086402436
m12_joint_hybrid_synergy,BTTS,ALL,model,6,0.5,0.6,176,0.5467291403356201,0.5511363636363636,0.004407223300743501
m12_joint_hybrid_synergy,BTTS,ALL,model,7,0.6,0.7,2,0.6114219303527457,1.0,0.3885780696472543
m12_joint_hybrid_synergy,BTTS,ALL,model,8,0.7,0.8,0,NaN,NaN,NaN
m12_joint_hybrid_synergy,BTTS,ALL,model,9,0.8,0.9,0,NaN,NaN,NaN
m12_joint_hybrid_synergy,BTTS,ALL,model,10,0.9,1.0,0,NaN,NaN,NaN
m12_joint_hybrid_synergy,BTTS,ALL,market,1,0.0,0.1,0,NaN,NaN,NaN
m12_joint_hybrid_synergy,BTTS,ALL,market,2,0.1,0.2,0,NaN,NaN,NaN
m12_joint_hybrid_synergy,BTTS,ALL,market,3,0.2,0.3,0,NaN,NaN,NaN
m12_joint_hybrid_synergy,BTTS,ALL,market,4,0.3,0.4,35,0.3840704967440444,0.45714285714285713,0.07307236039881271
m12_joint_hybrid_synergy,BTTS,ALL,market,5,0.4,0.5,142,0.4492274153643716,0.4295774647887324,-0.01964995057563923
m12_joint_hybrid_synergy,BTTS,ALL,market,6,0.5,0.6,144,0.5500674098490225,0.5694444444444444,0.01937703459542195
m12_joint_hybrid_synergy,BTTS,ALL,market,7,0.6,0.7,35,0.6159295032559556,0.5428571428571428,-0.07307236039881282
m12_joint_hybrid_synergy,BTTS,ALL,market,8,0.7,0.8,0,NaN,NaN,NaN
m12_joint_hybrid_synergy,BTTS,ALL,market,9,0.8,0.9,0,NaN,NaN,NaN
m12_joint_hybrid_synergy,BTTS,ALL,market,10,0.9,1.0,0,NaN,NaN,NaN
m12_joint_hybrid_synergy,BTTS,btts_yes,model,1,0.0,0.1,0,NaN,NaN,NaN
m12_joint_hybrid_synergy,BTTS,btts_yes,model,2,0.1,0.2,0,NaN,NaN,NaN
m12_joint_hybrid_synergy,BTTS,btts_yes,model,3,0.2,0.3,0,NaN,NaN,NaN
m12_joint_hybrid_synergy,BTTS,btts_yes,model,4,0.3,0.4,0,NaN,NaN,NaN
m12_joint_hybrid_synergy,BTTS,btts_yes,model,5,0.4,0.5,11,0.48866569965567,0.45454545454545453,-0.0341202451102155
m12_joint_hybrid_synergy,BTTS,btts_yes,model,6,0.5,0.6,165,0.5490888018459883,0.5515151515151515,0.002426349669163219
m12_joint_hybrid_synergy,BTTS,btts_yes,model,7,0.6,0.7,2,0.6114219303527457,1.0,0.3885780696472543
m12_joint_hybrid_synergy,BTTS,btts_yes,model,8,0.7,0.8,0,NaN,NaN,NaN
m12_joint_hybrid_synergy,BTTS,btts_yes,model,9,0.8,0.9,0,NaN,NaN,NaN
m12_joint_hybrid_synergy,BTTS,btts_yes,model,10,0.9,1.0,0,NaN,NaN,NaN
m12_joint_hybrid_synergy,BTTS,btts_yes,market,1,0.0,0.1,0,NaN,NaN,NaN
m12_joint_hybrid_synergy,BTTS,btts_yes,market,2,0.1,0.2,0,NaN,NaN,NaN
m12_joint_hybrid_synergy,BTTS,btts_yes,market,3,0.2,0.3,0,NaN,NaN,NaN
m12_joint_hybrid_synergy,BTTS,btts_yes,market,4,0.3,0.4,0,NaN,NaN,NaN
m12_joint_hybrid_synergy,BTTS,btts_yes,market,5,0.4,0.5,19,0.4736309497898031,0.42105263157894735,-0.052578318210855735
m12_joint_hybrid_synergy,BTTS,btts_yes,market,6,0.5,0.6,124,0.5541023795505282,0.5725806451612904,0.018478265610762157
m12_joint_hybrid_synergy,BTTS,btts_yes,market,7,0.6,0.7,35,0.6159295032559556,0.5428571428571428,-0.07307236039881282
m12_joint_hybrid_synergy,BTTS,btts_yes,market,8,0.7,0.8,0,NaN,NaN,NaN
m12_joint_hybrid_synergy,BTTS,btts_yes,market,9,0.8,0.9,0,NaN,NaN,NaN
m12_joint_hybrid_synergy,BTTS,btts_yes,market,10,0.9,1.0,0,NaN,NaN,NaN
m12_joint_hybrid_synergy,BTTS,btts_no,model,1,0.0,0.1,0,NaN,NaN,NaN
m12_joint_hybrid_synergy,BTTS,btts_no,model,2,0.1,0.2,0,NaN,NaN,NaN
m12_joint_hybrid_synergy,BTTS,btts_no,model,3,0.2,0.3,0,NaN,NaN,NaN
m12_joint_hybrid_synergy,BTTS,btts_no,model,4,0.3,0.4,2,0.3885777328974396,0.0,-0.3885777328974396
m12_joint_hybrid_synergy,BTTS,btts_no,model,5,0.4,0.5,165,0.4509110199696633,0.4484848484848485,-0.002426171484814832
m12_joint_hybrid_synergy,BTTS,btts_no,model,6,0.5,0.6,11,0.511334217680099,0.5454545454545454,0.0341203277744464
m12_joint_hybrid_synergy,BTTS,btts_no,model,7,0.6,0.7,0,NaN,NaN,NaN
m12_joint_hybrid_synergy,BTTS,btts_no,model,8,0.7,0.8,0,NaN,NaN,NaN
m12_joint_hybrid_synergy,BTTS,btts_no,model,9,0.8,0.9,0,NaN,NaN,NaN
m12_joint_hybrid_synergy,BTTS,btts_no,model,10,0.9,1.0,0,NaN,NaN,NaN
m12_joint_hybrid_synergy,BTTS,btts_no,market,1,0.0,0.1,0,NaN,NaN,NaN
m12_joint_hybrid_synergy,BTTS,btts_no,market,2,0.1,0.2,0,NaN,NaN,NaN
m12_joint_hybrid_synergy,BTTS,btts_no,market,3,0.2,0.3,0,NaN,NaN,NaN
m12_joint_hybrid_synergy,BTTS,btts_no,market,4,0.3,0.4,35,0.3840704967440444,0.45714285714285713,0.07307236039881271
m12_joint_hybrid_synergy,BTTS,btts_no,market,5,0.4,0.5,123,0.44545776370515855,0.43089430894308944,-0.014563454762069106
m12_joint_hybrid_synergy,BTTS,btts_no,market,6,0.5,0.6,20,0.5250505976996871,0.55,0.02494940230031295
m12_joint_hybrid_synergy,BTTS,btts_no,market,7,0.6,0.7,0,NaN,NaN,NaN
m12_joint_hybrid_synergy,BTTS,btts_no,market,8,0.7,0.8,0,NaN,NaN,NaN
m12_joint_hybrid_synergy,BTTS,btts_no,market,9,0.8,0.9,0,NaN,NaN,NaN
m12_joint_hybrid_synergy,BTTS,btts_no,market,10,0.9,1.0,0,NaN,NaN,NaN
m13_joint_composite,1X2,ALL,model,1,0.0,0.1,0,NaN,NaN,NaN
m13_joint_composite,1X2,ALL,model,2,0.1,0.2,3,0.18853411274405965,0.0,-0.18853411274405965
m13_joint_composite,1X2,ALL,model,3,0.2,0.3,798,0.25670471997645705,0.2531328320802005,-0.0035718878962565648
m13_joint_composite,1X2,ALL,model,4,0.3,0.4,560,0.35129922827433396,0.3375,-0.013799228274333941
m13_joint_composite,1X2,ALL,model,5,0.4,0.5,365,0.4428412826263292,0.4684931506849315,0.025651868058602312
m13_joint_composite,1X2,ALL,model,6,0.5,0.6,59,0.5291405761841457,0.559322033898305,0.030181457714159365
m13_joint_composite,1X2,ALL,model,7,0.6,0.7,0,NaN,NaN,NaN
m13_joint_composite,1X2,ALL,model,8,0.7,0.8,0,NaN,NaN,NaN
m13_joint_composite,1X2,ALL,model,9,0.8,0.9,0,NaN,NaN,NaN
m13_joint_composite,1X2,ALL,model,10,0.9,1.0,0,NaN,NaN,NaN
m13_joint_composite,1X2,ALL,market,1,0.0,0.1,15,0.0750368067661535,0.06666666666666667,-0.008370140099486834
m13_joint_composite,1X2,ALL,market,2,0.1,0.2,112,0.1642668353413148,0.24107142857142858,0.07680459323011377
m13_joint_composite,1X2,ALL,market,3,0.2,0.3,840,0.25776042573994257,0.2571428571428571,-0.0006175685970854494
m13_joint_composite,1X2,ALL,market,4,0.3,0.4,347,0.3475734912735116,0.3400576368876081,-0.00751585438590352
m13_joint_composite,1X2,ALL,market,5,0.4,0.5,258,0.4461330820988877,0.47674418604651164,0.030611103947623952
m13_joint_composite,1X2,ALL,market,6,0.5,0.6,149,0.5386387091268434,0.48322147651006714,-0.05541723261677628
m13_joint_composite,1X2,ALL,market,7,0.6,0.7,46,0.6361909158794056,0.5434782608695652,-0.09271265500984038
m13_joint_composite,1X2,ALL,market,8,0.7,0.8,15,0.743394863763088,0.7333333333333333,-0.010061530429754773
m13_joint_composite,1X2,ALL,market,9,0.8,0.9,2,0.8290213877706651,0.5,-0.32902138777066514
m13_joint_composite,1X2,ALL,market,10,0.9,1.0,1,0.9165525429670892,1.0,0.08344745703291079
m13_joint_composite,1X2,home,model,1,0.0,0.1,0,NaN,NaN,NaN
m13_joint_composite,1X2,home,model,2,0.1,0.2,0,NaN,NaN,NaN
m13_joint_composite,1X2,home,model,3,0.2,0.3,23,0.27791766019804937,0.2608695652173913,-0.01704809498065807
m13_joint_composite,1X2,home,model,4,0.3,0.4,236,0.3597580470594742,0.3686440677966102,0.008886020737136013
m13_joint_composite,1X2,home,model,5,0.4,0.5,278,0.4455901130282053,0.4784172661870504,0.0328271531588451
m13_joint_composite,1X2,home,model,6,0.5,0.6,58,0.5290185658971122,0.5689655172413793,0.03994695134426718
m13_joint_composite,1X2,home,model,7,0.6,0.7,0,NaN,NaN,NaN
m13_joint_composite,1X2,home,model,8,0.7,0.8,0,NaN,NaN,NaN
m13_joint_composite,1X2,home,model,9,0.8,0.9,0,NaN,NaN,NaN
m13_joint_composite,1X2,home,model,10,0.9,1.0,0,NaN,NaN,NaN
m13_joint_composite,1X2,home,market,1,0.0,0.1,0,NaN,NaN,NaN
m13_joint_composite,1X2,home,market,2,0.1,0.2,22,0.15778162061472642,0.13636363636363635,-0.021417984251090066
m13_joint_composite,1X2,home,market,3,0.2,0.3,89,0.25663682671733473,0.2808988764044944,0.02426204968715967
m13_joint_composite,1X2,home,market,4,0.3,0.4,148,0.35558730285975815,0.40540540540540543,0.04981810254564728
m13_joint_composite,1X2,home,market,5,0.4,0.5,178,0.44816207715645123,0.4943820224719101,0.046219945315458866
m13_joint_composite,1X2,home,market,6,0.5,0.6,107,0.5388822298014356,0.4953271028037383,-0.04355512699769731
m13_joint_composite,1X2,home,market,7,0.6,0.7,35,0.6332182875840212,0.5428571428571428,-0.0903611447268784
m13_joint_composite,1X2,home,market,8,0.7,0.8,13,0.7462348494322888,0.6923076923076923,-0.0539271571245965
m13_joint_composite,1X2,home,market,9,0.8,0.9,2,0.8290213877706651,0.5,-0.32902138777066514
m13_joint_composite,1X2,home,market,10,0.9,1.0,1,0.9165525429670892,1.0,0.08344745703291079
m13_joint_composite,1X2,draw,model,1,0.0,0.1,0,NaN,NaN,NaN
m13_joint_composite,1X2,draw,model,2,0.1,0.2,0,NaN,NaN,NaN
m13_joint_composite,1X2,draw,model,3,0.2,0.3,595,0.25350691081114657,0.2571428571428571,0.003635946331710549
m13_joint_composite,1X2,draw,model,4,0.3,0.4,0,NaN,NaN,NaN
m13_joint_composite,1X2,draw,model,5,0.4,0.5,0,NaN,NaN,NaN
m13_joint_composite,1X2,draw,model,6,0.5,0.6,0,NaN,NaN,NaN
m13_joint_composite,1X2,draw,model,7,0.6,0.7,0,NaN,NaN,NaN
m13_joint_composite,1X2,draw,model,8,0.7,0.8,0,NaN,NaN,NaN
m13_joint_composite,1X2,draw,model,9,0.8,0.9,0,NaN,NaN,NaN
m13_joint_composite,1X2,draw,model,10,0.9,1.0,0,NaN,NaN,NaN
m13_joint_composite,1X2,draw,market,1,0.0,0.1,2,0.08153156303948728,0.5,0.4184684369605127
m13_joint_composite,1X2,draw,market,2,0.1,0.2,21,0.1703640382685322,0.19047619047619047,0.020112152207658274
m13_joint_composite,1X2,draw,market,3,0.2,0.3,553,0.2604806907328671,0.2603978300180832,-8.286071478391666e-5
m13_joint_composite,1X2,draw,market,4,0.3,0.4,19,0.3083394003686288,0.21052631578947367,-0.09781308457915511
m13_joint_composite,1X2,draw,market,5,0.4,0.5,0,NaN,NaN,NaN
m13_joint_composite,1X2,draw,market,6,0.5,0.6,0,NaN,NaN,NaN
m13_joint_composite,1X2,draw,market,7,0.6,0.7,0,NaN,NaN,NaN
m13_joint_composite,1X2,draw,market,8,0.7,0.8,0,NaN,NaN,NaN
m13_joint_composite,1X2,draw,market,9,0.8,0.9,0,NaN,NaN,NaN
m13_joint_composite,1X2,draw,market,10,0.9,1.0,0,NaN,NaN,NaN
m13_joint_composite,1X2,away,model,1,0.0,0.1,0,NaN,NaN,NaN
m13_joint_composite,1X2,away,model,2,0.1,0.2,3,0.18853411274405965,0.0,-0.18853411274405965
m13_joint_composite,1X2,away,model,3,0.2,0.3,180,0.2645647134668083,0.2388888888888889,-0.02567582457791942
m13_joint_composite,1X2,away,model,4,0.3,0.4,324,0.345137866443183,0.3148148148148148,-0.03032305162836818
m13_joint_composite,1X2,away,model,5,0.4,0.5,87,0.4340576636410245,0.4367816091954023,0.002723945554377827
m13_joint_composite,1X2,away,model,6,0.5,0.6,1,0.5362171728320915,0.0,-0.5362171728320915
m13_joint_composite,1X2,away,model,7,0.6,0.7,0,NaN,NaN,NaN
m13_joint_composite,1X2,away,model,8,0.7,0.8,0,NaN,NaN,NaN
m13_joint_composite,1X2,away,model,9,0.8,0.9,0,NaN,NaN,NaN
m13_joint_composite,1X2,away,model,10,0.9,1.0,0,NaN,NaN,NaN
m13_joint_composite,1X2,away,market,1,0.0,0.1,13,0.07403761349333292,0.0,-0.07403761349333292
m13_joint_composite,1X2,away,market,2,0.1,0.2,69,0.1644789145081753,0.2898550724637681,0.12537615795559282
m13_joint_composite,1X2,away,market,3,0.2,0.3,198,0.2506679700425934,0.23737373737373738,-0.013294232668856015
m13_joint_composite,1X2,away,market,4,0.3,0.4,180,0.3451257335647796,0.3,-0.04512573356477961
m13_joint_composite,1X2,away,market,5,0.4,0.5,80,0.44161856809580924,0.4375,-0.0041185680958092385
m13_joint_composite,1X2,away,market,6,0.5,0.6,42,0.5380183112177629,0.4523809523809524,-0.0856373588368105
m13_joint_composite,1X2,away,market,7,0.6,0.7,11,0.645649278637448,0.5454545454545454,-0.10019473318290262
m13_joint_composite,1X2,away,market,8,0.7,0.8,2,0.7249349569132821,1.0,0.27506504308671786
m13_joint_composite,1X2,away,market,9,0.8,0.9,0,NaN,NaN,NaN
m13_joint_composite,1X2,away,market,10,0.9,1.0,0,NaN,NaN,NaN
m13_joint_composite,OU0.5,ALL,model,1,0.0,0.1,149,0.06964696042495903,0.03355704697986577,-0.03608991344509326
m13_joint_composite,OU0.5,ALL,model,2,0.1,0.2,0,NaN,NaN,NaN
m13_joint_composite,OU0.5,ALL,model,3,0.2,0.3,0,NaN,NaN,NaN
m13_joint_composite,OU0.5,ALL,model,4,0.3,0.4,0,NaN,NaN,NaN
m13_joint_composite,OU0.5,ALL,model,5,0.4,0.5,0,NaN,NaN,NaN
m13_joint_composite,OU0.5,ALL,model,6,0.5,0.6,0,NaN,NaN,NaN
m13_joint_composite,OU0.5,ALL,model,7,0.6,0.7,0,NaN,NaN,NaN
m13_joint_composite,OU0.5,ALL,model,8,0.7,0.8,0,NaN,NaN,NaN
m13_joint_composite,OU0.5,ALL,model,9,0.8,0.9,0,NaN,NaN,NaN
m13_joint_composite,OU0.5,ALL,model,10,0.9,1.0,384,0.9317108804755766,0.9375,0.005789119524423403
m13_joint_composite,OU0.5,ALL,market,1,0.0,0.1,147,0.06740041896494867,0.034013605442176874,-0.03338681352277179
m13_joint_composite,OU0.5,ALL,market,2,0.1,0.2,2,0.10244658799633993,0.0,-0.10244658799633993
m13_joint_composite,OU0.5,ALL,market,3,0.2,0.3,0,NaN,NaN,NaN
m13_joint_composite,OU0.5,ALL,market,4,0.3,0.4,0,NaN,NaN,NaN
m13_joint_composite,OU0.5,ALL,market,5,0.4,0.5,0,NaN,NaN,NaN
m13_joint_composite,OU0.5,ALL,market,6,0.5,0.6,0,NaN,NaN,NaN
m13_joint_composite,OU0.5,ALL,market,7,0.6,0.7,0,NaN,NaN,NaN
m13_joint_composite,OU0.5,ALL,market,8,0.7,0.8,0,NaN,NaN,NaN
m13_joint_composite,OU0.5,ALL,market,9,0.8,0.9,2,0.8975534120036601,1.0,0.10244658799633988
m13_joint_composite,OU0.5,ALL,market,10,0.9,1.0,382,0.9740631895606092,0.93717277486911,-0.03689041469149923
m13_joint_composite,OU0.5,over_05,model,1,0.0,0.1,0,NaN,NaN,NaN
m13_joint_composite,OU0.5,over_05,model,2,0.1,0.2,0,NaN,NaN,NaN
m13_joint_composite,OU0.5,over_05,model,3,0.2,0.3,0,NaN,NaN,NaN
m13_joint_composite,OU0.5,over_05,model,4,0.3,0.4,0,NaN,NaN,NaN
m13_joint_composite,OU0.5,over_05,model,5,0.4,0.5,0,NaN,NaN,NaN
m13_joint_composite,OU0.5,over_05,model,6,0.5,0.6,0,NaN,NaN,NaN
m13_joint_composite,OU0.5,over_05,model,7,0.6,0.7,0,NaN,NaN,NaN
m13_joint_composite,OU0.5,over_05,model,8,0.7,0.8,0,NaN,NaN,NaN
m13_joint_composite,OU0.5,over_05,model,9,0.8,0.9,0,NaN,NaN,NaN
m13_joint_composite,OU0.5,over_05,model,10,0.9,1.0,384,0.9317108804755766,0.9375,0.005789119524423403
m13_joint_composite,OU0.5,over_05,market,1,0.0,0.1,0,NaN,NaN,NaN
m13_joint_composite,OU0.5,over_05,market,2,0.1,0.2,0,NaN,NaN,NaN
m13_joint_composite,OU0.5,over_05,market,3,0.2,0.3,0,NaN,NaN,NaN
m13_joint_composite,OU0.5,over_05,market,4,0.3,0.4,0,NaN,NaN,NaN
m13_joint_composite,OU0.5,over_05,market,5,0.4,0.5,0,NaN,NaN,NaN
m13_joint_composite,OU0.5,over_05,market,6,0.5,0.6,0,NaN,NaN,NaN
m13_joint_composite,OU0.5,over_05,market,7,0.6,0.7,0,NaN,NaN,NaN
m13_joint_composite,OU0.5,over_05,market,8,0.7,0.8,0,NaN,NaN,NaN
m13_joint_composite,OU0.5,over_05,market,9,0.8,0.9,2,0.8975534120036601,1.0,0.10244658799633988
m13_joint_composite,OU0.5,over_05,market,10,0.9,1.0,382,0.9740631895606092,0.93717277486911,-0.03689041469149923
m13_joint_composite,OU0.5,under_05,model,1,0.0,0.1,149,0.06964696042495903,0.03355704697986577,-0.03608991344509326
m13_joint_composite,OU0.5,under_05,model,2,0.1,0.2,0,NaN,NaN,NaN
m13_joint_composite,OU0.5,under_05,model,3,0.2,0.3,0,NaN,NaN,NaN
m13_joint_composite,OU0.5,under_05,model,4,0.3,0.4,0,NaN,NaN,NaN
m13_joint_composite,OU0.5,under_05,model,5,0.4,0.5,0,NaN,NaN,NaN
m13_joint_composite,OU0.5,under_05,model,6,0.5,0.6,0,NaN,NaN,NaN
m13_joint_composite,OU0.5,under_05,model,7,0.6,0.7,0,NaN,NaN,NaN
m13_joint_composite,OU0.5,under_05,model,8,0.7,0.8,0,NaN,NaN,NaN
m13_joint_composite,OU0.5,under_05,model,9,0.8,0.9,0,NaN,NaN,NaN
m13_joint_composite,OU0.5,under_05,model,10,0.9,1.0,0,NaN,NaN,NaN
m13_joint_composite,OU0.5,under_05,market,1,0.0,0.1,147,0.06740041896494867,0.034013605442176874,-0.03338681352277179
m13_joint_composite,OU0.5,under_05,market,2,0.1,0.2,2,0.10244658799633993,0.0,-0.10244658799633993
m13_joint_composite,OU0.5,under_05,market,3,0.2,0.3,0,NaN,NaN,NaN
m13_joint_composite,OU0.5,under_05,market,4,0.3,0.4,0,NaN,NaN,NaN
m13_joint_composite,OU0.5,under_05,market,5,0.4,0.5,0,NaN,NaN,NaN
m13_joint_composite,OU0.5,under_05,market,6,0.5,0.6,0,NaN,NaN,NaN
m13_joint_composite,OU0.5,under_05,market,7,0.6,0.7,0,NaN,NaN,NaN
m13_joint_composite,OU0.5,under_05,market,8,0.7,0.8,0,NaN,NaN,NaN
m13_joint_composite,OU0.5,under_05,market,9,0.8,0.9,0,NaN,NaN,NaN
m13_joint_composite,OU0.5,under_05,market,10,0.9,1.0,0,NaN,NaN,NaN
m13_joint_composite,OU1.5,ALL,model,1,0.0,0.1,0,NaN,NaN,NaN
m13_joint_composite,OU1.5,ALL,model,2,0.1,0.2,9,0.19085234781431518,0.0,-0.19085234781431518
m13_joint_composite,OU1.5,ALL,model,3,0.2,0.3,193,0.245561219412285,0.23834196891191708,-0.007219250500367924
m13_joint_composite,OU1.5,ALL,model,4,0.3,0.4,13,0.3097554547335139,0.23076923076923078,-0.07898622396428312
m13_joint_composite,OU1.5,ALL,model,5,0.4,0.5,0,NaN,NaN,NaN
m13_joint_composite,OU1.5,ALL,model,6,0.5,0.6,0,NaN,NaN,NaN
m13_joint_composite,OU1.5,ALL,model,7,0.6,0.7,13,0.690244516360646,0.7692307692307693,0.07898625287012329
m13_joint_composite,OU1.5,ALL,model,8,0.7,0.8,193,0.7544386060620731,0.7616580310880829,0.007219425026009807
m13_joint_composite,OU1.5,ALL,model,9,0.8,0.9,9,0.8091469676468185,1.0,0.19085303235318152
m13_joint_composite,OU1.5,ALL,model,10,0.9,1.0,0,NaN,NaN,NaN
m13_joint_composite,OU1.5,ALL,market,1,0.0,0.1,0,NaN,NaN,NaN
m13_joint_composite,OU1.5,ALL,market,2,0.1,0.2,51,0.17588692718889973,0.19607843137254902,0.02019150418364929
m13_joint_composite,OU1.5,ALL,market,3,0.2,0.3,154,0.24291855455351105,0.24025974025974026,-0.002658814293770795
m13_joint_composite,OU1.5,ALL,market,4,0.3,0.4,10,0.31675878370299293,0.2,-0.11675878370299292
m13_joint_composite,OU1.5,ALL,market,5,0.4,0.5,0,NaN,NaN,NaN
m13_joint_composite,OU1.5,ALL,market,6,0.5,0.6,0,NaN,NaN,NaN
m13_joint_composite,OU1.5,ALL,market,7,0.6,0.7,10,0.683241216297007,0.8,0.11675878370299309
m13_joint_composite,OU1.5,ALL,market,8,0.7,0.8,152,0.7565167276234162,0.756578947368421,6.22197450048656e-5
m13_joint_composite,OU1.5,ALL,market,9,0.8,0.9,53,0.8232031455352096,0.8113207547169812,-0.011882390818228394
m13_joint_composite,OU1.5,ALL,market,10,0.9,1.0,0,NaN,NaN,NaN
m13_joint_composite,OU1.5,over_15,model,1,0.0,0.1,0,NaN,NaN,NaN
m13_joint_composite,OU1.5,over_15,model,2,0.1,0.2,0,NaN,NaN,NaN
m13_joint_composite,OU1.5,over_15,model,3,0.2,0.3,0,NaN,NaN,NaN
m13_joint_composite,OU1.5,over_15,model,4,0.3,0.4,0,NaN,NaN,NaN
m13_joint_composite,OU1.5,over_15,model,5,0.4,0.5,0,NaN,NaN,NaN
m13_joint_composite,OU1.5,over_15,model,6,0.5,0.6,0,NaN,NaN,NaN
m13_joint_composite,OU1.5,over_15,model,7,0.6,0.7,13,0.690244516360646,0.7692307692307693,0.07898625287012329
m13_joint_composite,OU1.5,over_15,model,8,0.7,0.8,193,0.7544386060620731,0.7616580310880829,0.007219425026009807
m13_joint_composite,OU1.5,over_15,model,9,0.8,0.9,9,0.8091469676468185,1.0,0.19085303235318152
m13_joint_composite,OU1.5,over_15,model,10,0.9,1.0,0,NaN,NaN,NaN
m13_joint_composite,OU1.5,over_15,market,1,0.0,0.1,0,NaN,NaN,NaN
m13_joint_composite,OU1.5,over_15,market,2,0.1,0.2,0,NaN,NaN,NaN
m13_joint_composite,OU1.5,over_15,market,3,0.2,0.3,0,NaN,NaN,NaN
m13_joint_composite,OU1.5,over_15,market,4,0.3,0.4,0,NaN,NaN,NaN
m13_joint_composite,OU1.5,over_15,market,5,0.4,0.5,0,NaN,NaN,NaN
m13_joint_composite,OU1.5,over_15,market,6,0.5,0.6,0,NaN,NaN,NaN
m13_joint_composite,OU1.5,over_15,market,7,0.6,0.7,10,0.683241216297007,0.8,0.11675878370299309
m13_joint_composite,OU1.5,over_15,market,8,0.7,0.8,152,0.7565167276234162,0.756578947368421,6.22197450048656e-5
m13_joint_composite,OU1.5,over_15,market,9,0.8,0.9,53,0.8232031455352096,0.8113207547169812,-0.011882390818228394
m13_joint_composite,OU1.5,over_15,market,10,0.9,1.0,0,NaN,NaN,NaN
m13_joint_composite,OU1.5,under_15,model,1,0.0,0.1,0,NaN,NaN,NaN
m13_joint_composite,OU1.5,under_15,model,2,0.1,0.2,9,0.19085234781431518,0.0,-0.19085234781431518
m13_joint_composite,OU1.5,under_15,model,3,0.2,0.3,193,0.245561219412285,0.23834196891191708,-0.007219250500367924
m13_joint_composite,OU1.5,under_15,model,4,0.3,0.4,13,0.3097554547335139,0.23076923076923078,-0.07898622396428312
m13_joint_composite,OU1.5,under_15,model,5,0.4,0.5,0,NaN,NaN,NaN
m13_joint_composite,OU1.5,under_15,model,6,0.5,0.6,0,NaN,NaN,NaN
m13_joint_composite,OU1.5,under_15,model,7,0.6,0.7,0,NaN,NaN,NaN
m13_joint_composite,OU1.5,under_15,model,8,0.7,0.8,0,NaN,NaN,NaN
m13_joint_composite,OU1.5,under_15,model,9,0.8,0.9,0,NaN,NaN,NaN
m13_joint_composite,OU1.5,under_15,model,10,0.9,1.0,0,NaN,NaN,NaN
m13_joint_composite,OU1.5,under_15,market,1,0.0,0.1,0,NaN,NaN,NaN
m13_joint_composite,OU1.5,under_15,market,2,0.1,0.2,51,0.17588692718889973,0.19607843137254902,0.02019150418364929
m13_joint_composite,OU1.5,under_15,market,3,0.2,0.3,154,0.24291855455351105,0.24025974025974026,-0.002658814293770795
m13_joint_composite,OU1.5,under_15,market,4,0.3,0.4,10,0.31675878370299293,0.2,-0.11675878370299292
m13_joint_composite,OU1.5,under_15,market,5,0.4,0.5,0,NaN,NaN,NaN
m13_joint_composite,OU1.5,under_15,market,6,0.5,0.6,0,NaN,NaN,NaN
m13_joint_composite,OU1.5,under_15,market,7,0.6,0.7,0,NaN,NaN,NaN
m13_joint_composite,OU1.5,under_15,market,8,0.7,0.8,0,NaN,NaN,NaN
m13_joint_composite,OU1.5,under_15,market,9,0.8,0.9,0,NaN,NaN,NaN
m13_joint_composite,OU1.5,under_15,market,10,0.9,1.0,0,NaN,NaN,NaN
m13_joint_composite,OU2.5,ALL,model,1,0.0,0.1,0,NaN,NaN,NaN
m13_joint_composite,OU2.5,ALL,model,2,0.1,0.2,0,NaN,NaN,NaN
m13_joint_composite,OU2.5,ALL,model,3,0.2,0.3,0,NaN,NaN,NaN
m13_joint_composite,OU2.5,ALL,model,4,0.3,0.4,2,0.3942042862217129,0.0,-0.3942042862217129
m13_joint_composite,OU2.5,ALL,model,5,0.4,0.5,377,0.4682506590333627,0.46684350132625996,-0.0014071577071027574
m13_joint_composite,OU2.5,ALL,model,6,0.5,0.6,377,0.5317491640465946,0.53315649867374,0.0014073346271454845
m13_joint_composite,OU2.5,ALL,model,7,0.6,0.7,2,0.6057944871651263,1.0,0.3942055128348737
m13_joint_composite,OU2.5,ALL,model,8,0.7,0.8,0,NaN,NaN,NaN
m13_joint_composite,OU2.5,ALL,model,9,0.8,0.9,0,NaN,NaN,NaN
m13_joint_composite,OU2.5,ALL,model,10,0.9,1.0,0,NaN,NaN,NaN
m13_joint_composite,OU2.5,ALL,market,1,0.0,0.1,0,NaN,NaN,NaN
m13_joint_composite,OU2.5,ALL,market,2,0.1,0.2,0,NaN,NaN,NaN
m13_joint_composite,OU2.5,ALL,market,3,0.2,0.3,2,0.2920623374158074,1.0,0.7079376625841927
m13_joint_composite,OU2.5,ALL,market,4,0.3,0.4,41,0.36865306278742255,0.3902439024390244,0.021590839651601856
m13_joint_composite,OU2.5,ALL,market,5,0.4,0.5,332,0.46194550362195913,0.4759036144578313,0.013958110835872173
m13_joint_composite,OU2.5,ALL,market,6,0.5,0.6,340,0.5371590964632633,0.5235294117647059,-0.01362968469855741
m13_joint_composite,OU2.5,ALL,market,7,0.6,0.7,41,0.6313469372125775,0.6097560975609756,-0.021590839651601912
m13_joint_composite,OU2.5,ALL,market,8,0.7,0.8,2,0.7079376625841927,0.0,-0.7079376625841927
m13_joint_composite,OU2.5,ALL,market,9,0.8,0.9,0,NaN,NaN,NaN
m13_joint_composite,OU2.5,ALL,market,10,0.9,1.0,0,NaN,NaN,NaN
m13_joint_composite,OU2.5,over_25,model,1,0.0,0.1,0,NaN,NaN,NaN
m13_joint_composite,OU2.5,over_25,model,2,0.1,0.2,0,NaN,NaN,NaN
m13_joint_composite,OU2.5,over_25,model,3,0.2,0.3,0,NaN,NaN,NaN
m13_joint_composite,OU2.5,over_25,model,4,0.3,0.4,0,NaN,NaN,NaN
m13_joint_composite,OU2.5,over_25,model,5,0.4,0.5,153,0.4723599082974626,0.45751633986928103,-0.014843568428181575
m13_joint_composite,OU2.5,over_25,model,6,0.5,0.6,224,0.5345558570213252,0.5267857142857143,-0.007770142735610941
m13_joint_composite,OU2.5,over_25,model,7,0.6,0.7,2,0.6057944871651263,1.0,0.3942055128348737
m13_joint_composite,OU2.5,over_25,model,8,0.7,0.8,0,NaN,NaN,NaN
m13_joint_composite,OU2.5,over_25,model,9,0.8,0.9,0,NaN,NaN,NaN
m13_joint_composite,OU2.5,over_25,model,10,0.9,1.0,0,NaN,NaN,NaN
m13_joint_composite,OU2.5,over_25,market,1,0.0,0.1,0,NaN,NaN,NaN
m13_joint_composite,OU2.5,over_25,market,2,0.1,0.2,0,NaN,NaN,NaN
m13_joint_composite,OU2.5,over_25,market,3,0.2,0.3,0,NaN,NaN,NaN
m13_joint_composite,OU2.5,over_25,market,4,0.3,0.4,1,0.34553775743707094,0.0,-0.34553775743707094
m13_joint_composite,OU2.5,over_25,market,5,0.4,0.5,108,0.4684195702664828,0.4537037037037037,-0.014715866562779067
m13_joint_composite,OU2.5,over_25,market,6,0.5,0.6,228,0.540453536781972,0.5131578947368421,-0.02729564204512991
m13_joint_composite,OU2.5,over_25,market,7,0.6,0.7,40,0.6307690545788187,0.6,-0.030769054578818733
m13_joint_composite,OU2.5,over_25,market,8,0.7,0.8,2,0.7079376625841927,0.0,-0.7079376625841927
m13_joint_composite,OU2.5,over_25,market,9,0.8,0.9,0,NaN,NaN,NaN
m13_joint_composite,OU2.5,over_25,market,10,0.9,1.0,0,NaN,NaN,NaN
m13_joint_composite,OU2.5,under_25,model,1,0.0,0.1,0,NaN,NaN,NaN
m13_joint_composite,OU2.5,under_25,model,2,0.1,0.2,0,NaN,NaN,NaN
m13_joint_composite,OU2.5,under_25,model,3,0.2,0.3,0,NaN,NaN,NaN
m13_joint_composite,OU2.5,under_25,model,4,0.3,0.4,2,0.3942042862217129,0.0,-0.3942042862217129
m13_joint_composite,OU2.5,under_25,model,5,0.4,0.5,224,0.4654438950270801,0.4732142857142857,0.007770390687205586
m13_joint_composite,OU2.5,under_25,model,6,0.5,0.6,153,0.5276400187764001,0.5424836601307189,0.014843641354318815
m13_joint_composite,OU2.5,under_25,model,7,0.6,0.7,0,NaN,NaN,NaN
m13_joint_composite,OU2.5,under_25,model,8,0.7,0.8,0,NaN,NaN,NaN
m13_joint_composite,OU2.5,under_25,model,9,0.8,0.9,0,NaN,NaN,NaN
m13_joint_composite,OU2.5,under_25,model,10,0.9,1.0,0,NaN,NaN,NaN
m13_joint_composite,OU2.5,under_25,market,1,0.0,0.1,0,NaN,NaN,NaN
m13_joint_composite,OU2.5,under_25,market,2,0.1,0.2,0,NaN,NaN,NaN
m13_joint_composite,OU2.5,under_25,market,3,0.2,0.3,2,0.2920623374158074,1.0,0.7079376625841927
m13_joint_composite,OU2.5,under_25,market,4,0.3,0.4,40,0.3692309454211813,0.4,0.030769054578818733
m13_joint_composite,OU2.5,under_25,market,5,0.4,0.5,224,0.4588240786326357,0.48660714285714285,0.02778306422450716
m13_joint_composite,OU2.5,under_25,market,6,0.5,0.6,112,0.5304525572430345,0.5446428571428571,0.014190299899822567
m13_joint_composite,OU2.5,under_25,market,7,0.6,0.7,1,0.654462242562929,1.0,0.34553775743707105
m13_joint_composite,OU2.5,under_25,market,8,0.7,0.8,0,NaN,NaN,NaN
m13_joint_composite,OU2.5,under_25,market,9,0.8,0.9,0,NaN,NaN,NaN
m13_joint_composite,OU2.5,under_25,market,10,0.9,1.0,0,NaN,NaN,NaN
m13_joint_composite,OU3.5,ALL,model,1,0.0,0.1,0,NaN,NaN,NaN
m13_joint_composite,OU3.5,ALL,model,2,0.1,0.2,0,NaN,NaN,NaN
m13_joint_composite,OU3.5,ALL,model,3,0.2,0.3,149,0.2708631780626474,0.2751677852348993,0.004304607172251895
m13_joint_composite,OU3.5,ALL,model,4,0.3,0.4,115,0.326797832545744,0.34782608695652173,0.021028254410777714
m13_joint_composite,OU3.5,ALL,model,5,0.4,0.5,0,NaN,NaN,NaN
m13_joint_composite,OU3.5,ALL,model,6,0.5,0.6,0,NaN,NaN,NaN
m13_joint_composite,OU3.5,ALL,model,7,0.6,0.7,115,0.6732018472260197,0.6521739130434783,-0.021027934182541452
m13_joint_composite,OU3.5,ALL,model,8,0.7,0.8,149,0.7291367223370779,0.7248322147651006,-0.004304507571977312
m13_joint_composite,OU3.5,ALL,model,9,0.8,0.9,0,NaN,NaN,NaN
m13_joint_composite,OU3.5,ALL,model,10,0.9,1.0,0,NaN,NaN,NaN
m13_joint_composite,OU3.5,ALL,market,1,0.0,0.1,0,NaN,NaN,NaN
m13_joint_composite,OU3.5,ALL,market,2,0.1,0.2,2,0.1734420642648491,0.5,0.3265579357351509
m13_joint_composite,OU3.5,ALL,market,3,0.2,0.3,114,0.2689286120479383,0.2631578947368421,-0.005770717311096185
m13_joint_composite,OU3.5,ALL,market,4,0.3,0.4,128,0.33795599353061917,0.3203125,-0.01764349353061917
m13_joint_composite,OU3.5,ALL,market,5,0.4,0.5,20,0.432505314193414,0.45,0.01749468580658603
m13_joint_composite,OU3.5,ALL,market,6,0.5,0.6,20,0.5674946858065859,0.55,-0.017494685806585863
m13_joint_composite,OU3.5,ALL,market,7,0.6,0.7,128,0.6620440064693806,0.6796875,0.017643493530619447
m13_joint_composite,OU3.5,ALL,market,8,0.7,0.8,114,0.7310713879520621,0.7368421052631579,0.0057707173110957966
m13_joint_composite,OU3.5,ALL,market,9,0.8,0.9,2,0.8265579357351509,0.5,-0.3265579357351509
m13_joint_composite,OU3.5,ALL,market,10,0.9,1.0,0,NaN,NaN,NaN
m13_joint_composite,OU3.5,over_35,model,1,0.0,0.1,0,NaN,NaN,NaN
m13_joint_composite,OU3.5,over_35,model,2,0.1,0.2,0,NaN,NaN,NaN
m13_joint_composite,OU3.5,over_35,model,3,0.2,0.3,149,0.2708631780626474,0.2751677852348993,0.004304607172251895
m13_joint_composite,OU3.5,over_35,model,4,0.3,0.4,115,0.326797832545744,0.34782608695652173,0.021028254410777714
m13_joint_composite,OU3.5,over_35,model,5,0.4,0.5,0,NaN,NaN,NaN
m13_joint_composite,OU3.5,over_35,model,6,0.5,0.6,0,NaN,NaN,NaN
m13_joint_composite,OU3.5,over_35,model,7,0.6,0.7,0,NaN,NaN,NaN
m13_joint_composite,OU3.5,over_35,model,8,0.7,0.8,0,NaN,NaN,NaN
m13_joint_composite,OU3.5,over_35,model,9,0.8,0.9,0,NaN,NaN,NaN
m13_joint_composite,OU3.5,over_35,model,10,0.9,1.0,0,NaN,NaN,NaN
m13_joint_composite,OU3.5,over_35,market,1,0.0,0.1,0,NaN,NaN,NaN
m13_joint_composite,OU3.5,over_35,market,2,0.1,0.2,2,0.1734420642648491,0.5,0.3265579357351509
m13_joint_composite,OU3.5,over_35,market,3,0.2,0.3,114,0.2689286120479383,0.2631578947368421,-0.005770717311096185
m13_joint_composite,OU3.5,over_35,market,4,0.3,0.4,128,0.33795599353061917,0.3203125,-0.01764349353061917
m13_joint_composite,OU3.5,over_35,market,5,0.4,0.5,20,0.432505314193414,0.45,0.01749468580658603
m13_joint_composite,OU3.5,over_35,market,6,0.5,0.6,0,NaN,NaN,NaN
m13_joint_composite,OU3.5,over_35,market,7,0.6,0.7,0,NaN,NaN,NaN
m13_joint_composite,OU3.5,over_35,market,8,0.7,0.8,0,NaN,NaN,NaN
m13_joint_composite,OU3.5,over_35,market,9,0.8,0.9,0,NaN,NaN,NaN
m13_joint_composite,OU3.5,over_35,market,10,0.9,1.0,0,NaN,NaN,NaN
m13_joint_composite,OU3.5,under_35,model,1,0.0,0.1,0,NaN,NaN,NaN
m13_joint_composite,OU3.5,under_35,model,2,0.1,0.2,0,NaN,NaN,NaN
m13_joint_composite,OU3.5,under_35,model,3,0.2,0.3,0,NaN,NaN,NaN
m13_joint_composite,OU3.5,under_35,model,4,0.3,0.4,0,NaN,NaN,NaN
m13_joint_composite,OU3.5,under_35,model,5,0.4,0.5,0,NaN,NaN,NaN
m13_joint_composite,OU3.5,under_35,model,6,0.5,0.6,0,NaN,NaN,NaN
m13_joint_composite,OU3.5,under_35,model,7,0.6,0.7,115,0.6732018472260197,0.6521739130434783,-0.021027934182541452
m13_joint_composite,OU3.5,under_35,model,8,0.7,0.8,149,0.7291367223370779,0.7248322147651006,-0.004304507571977312
m13_joint_composite,OU3.5,under_35,model,9,0.8,0.9,0,NaN,NaN,NaN
m13_joint_composite,OU3.5,under_35,model,10,0.9,1.0,0,NaN,NaN,NaN
m13_joint_composite,OU3.5,under_35,market,1,0.0,0.1,0,NaN,NaN,NaN
m13_joint_composite,OU3.5,under_35,market,2,0.1,0.2,0,NaN,NaN,NaN
m13_joint_composite,OU3.5,under_35,market,3,0.2,0.3,0,NaN,NaN,NaN
m13_joint_composite,OU3.5,under_35,market,4,0.3,0.4,0,NaN,NaN,NaN
m13_joint_composite,OU3.5,under_35,market,5,0.4,0.5,0,NaN,NaN,NaN
m13_joint_composite,OU3.5,under_35,market,6,0.5,0.6,20,0.5674946858065859,0.55,-0.017494685806585863
m13_joint_composite,OU3.5,under_35,market,7,0.6,0.7,128,0.6620440064693806,0.6796875,0.017643493530619447
m13_joint_composite,OU3.5,under_35,market,8,0.7,0.8,114,0.7310713879520621,0.7368421052631579,0.0057707173110957966
m13_joint_composite,OU3.5,under_35,market,9,0.8,0.9,2,0.8265579357351509,0.5,-0.3265579357351509
m13_joint_composite,OU3.5,under_35,market,10,0.9,1.0,0,NaN,NaN,NaN
m13_joint_composite,BTTS,ALL,model,1,0.0,0.1,0,NaN,NaN,NaN
m13_joint_composite,BTTS,ALL,model,2,0.1,0.2,0,NaN,NaN,NaN
m13_joint_composite,BTTS,ALL,model,3,0.2,0.3,0,NaN,NaN,NaN
m13_joint_composite,BTTS,ALL,model,4,0.3,0.4,2,0.38904596691386156,0.0,-0.38904596691386156
m13_joint_composite,BTTS,ALL,model,5,0.4,0.5,176,0.4535783098137531,0.4431818181818182,-0.010396491631934901
m13_joint_composite,BTTS,ALL,model,6,0.5,0.6,176,0.5464215083545758,0.5568181818181818,0.010396673463605954
m13_joint_composite,BTTS,ALL,model,7,0.6,0.7,2,0.6109536882908515,1.0,0.3890463117091485
m13_joint_composite,BTTS,ALL,model,8,0.7,0.8,0,NaN,NaN,NaN
m13_joint_composite,BTTS,ALL,model,9,0.8,0.9,0,NaN,NaN,NaN
m13_joint_composite,BTTS,ALL,model,10,0.9,1.0,0,NaN,NaN,NaN
m13_joint_composite,BTTS,ALL,market,1,0.0,0.1,0,NaN,NaN,NaN
m13_joint_composite,BTTS,ALL,market,2,0.1,0.2,0,NaN,NaN,NaN
m13_joint_composite,BTTS,ALL,market,3,0.2,0.3,0,NaN,NaN,NaN
m13_joint_composite,BTTS,ALL,market,4,0.3,0.4,35,0.3840704967440444,0.45714285714285713,0.07307236039881271
m13_joint_composite,BTTS,ALL,market,5,0.4,0.5,142,0.4492274153643716,0.4295774647887324,-0.01964995057563923
m13_joint_composite,BTTS,ALL,market,6,0.5,0.6,144,0.5500674098490225,0.5694444444444444,0.01937703459542195
m13_joint_composite,BTTS,ALL,market,7,0.6,0.7,35,0.6159295032559556,0.5428571428571428,-0.07307236039881282
m13_joint_composite,BTTS,ALL,market,8,0.7,0.8,0,NaN,NaN,NaN
m13_joint_composite,BTTS,ALL,market,9,0.8,0.9,0,NaN,NaN,NaN
m13_joint_composite,BTTS,ALL,market,10,0.9,1.0,0,NaN,NaN,NaN
m13_joint_composite,BTTS,btts_yes,model,1,0.0,0.1,0,NaN,NaN,NaN
m13_joint_composite,BTTS,btts_yes,model,2,0.1,0.2,0,NaN,NaN,NaN
m13_joint_composite,BTTS,btts_yes,model,3,0.2,0.3,0,NaN,NaN,NaN
m13_joint_composite,BTTS,btts_yes,model,4,0.3,0.4,0,NaN,NaN,NaN
m13_joint_composite,BTTS,btts_yes,model,5,0.4,0.5,12,0.48869936079771276,0.4166666666666667,-0.07203269413104607
m13_joint_composite,BTTS,btts_yes,model,6,0.5,0.6,164,0.5489913369332301,0.5548780487804879,0.005886711847257753
m13_joint_composite,BTTS,btts_yes,model,7,0.6,0.7,2,0.6109536882908515,1.0,0.3890463117091485
m13_joint_composite,BTTS,btts_yes,model,8,0.7,0.8,0,NaN,NaN,NaN
m13_joint_composite,BTTS,btts_yes,model,9,0.8,0.9,0,NaN,NaN,NaN
m13_joint_composite,BTTS,btts_yes,model,10,0.9,1.0,0,NaN,NaN,NaN
m13_joint_composite,BTTS,btts_yes,market,1,0.0,0.1,0,NaN,NaN,NaN
m13_joint_composite,BTTS,btts_yes,market,2,0.1,0.2,0,NaN,NaN,NaN
m13_joint_composite,BTTS,btts_yes,market,3,0.2,0.3,0,NaN,NaN,NaN
m13_joint_composite,BTTS,btts_yes,market,4,0.3,0.4,0,NaN,NaN,NaN
m13_joint_composite,BTTS,btts_yes,market,5,0.4,0.5,19,0.4736309497898031,0.42105263157894735,-0.052578318210855735
m13_joint_composite,BTTS,btts_yes,market,6,0.5,0.6,124,0.5541023795505282,0.5725806451612904,0.018478265610762157
m13_joint_composite,BTTS,btts_yes,market,7,0.6,0.7,35,0.6159295032559556,0.5428571428571428,-0.07307236039881282
m13_joint_composite,BTTS,btts_yes,market,8,0.7,0.8,0,NaN,NaN,NaN
m13_joint_composite,BTTS,btts_yes,market,9,0.8,0.9,0,NaN,NaN,NaN
m13_joint_composite,BTTS,btts_yes,market,10,0.9,1.0,0,NaN,NaN,NaN
m13_joint_composite,BTTS,btts_no,model,1,0.0,0.1,0,NaN,NaN,NaN
m13_joint_composite,BTTS,btts_no,model,2,0.1,0.2,0,NaN,NaN,NaN
m13_joint_composite,BTTS,btts_no,model,3,0.2,0.3,0,NaN,NaN,NaN
m13_joint_composite,BTTS,btts_no,model,4,0.3,0.4,2,0.38904596691386156,0.0,-0.38904596691386156
m13_joint_composite,BTTS,btts_no,model,5,0.4,0.5,164,0.4510084768149268,0.4451219512195122,-0.005886525595414582
m13_joint_composite,BTTS,btts_no,model,6,0.5,0.6,12,0.5113005177796343,0.5833333333333334,0.07203281555369911
m13_joint_composite,BTTS,btts_no,model,7,0.6,0.7,0,NaN,NaN,NaN
m13_joint_composite,BTTS,btts_no,model,8,0.7,0.8,0,NaN,NaN,NaN
m13_joint_composite,BTTS,btts_no,model,9,0.8,0.9,0,NaN,NaN,NaN
m13_joint_composite,BTTS,btts_no,model,10,0.9,1.0,0,NaN,NaN,NaN
m13_joint_composite,BTTS,btts_no,market,1,0.0,0.1,0,NaN,NaN,NaN
m13_joint_composite,BTTS,btts_no,market,2,0.1,0.2,0,NaN,NaN,NaN
m13_joint_composite,BTTS,btts_no,market,3,0.2,0.3,0,NaN,NaN,NaN
m13_joint_composite,BTTS,btts_no,market,4,0.3,0.4,35,0.3840704967440444,0.45714285714285713,0.07307236039881271
m13_joint_composite,BTTS,btts_no,market,5,0.4,0.5,123,0.44545776370515855,0.43089430894308944,-0.014563454762069106
m13_joint_composite,BTTS,btts_no,market,6,0.5,0.6,20,0.5250505976996871,0.55,0.02494940230031295
m13_joint_composite,BTTS,btts_no,market,7,0.6,0.7,0,NaN,NaN,NaN
m13_joint_composite,BTTS,btts_no,market,8,0.7,0.8,0,NaN,NaN,NaN
m13_joint_composite,BTTS,btts_no,market,9,0.8,0.9,0,NaN,NaN,NaN
m13_joint_composite,BTTS,btts_no,market,10,0.9,1.0,0,NaN,NaN,NaN
