idx,date,n_fixtures,n_bets,bankroll_open,bankroll_close,stake_frac,pnl_frac,exposure,k_risk,capped,model,policy,opening_drawdown,drawdown_trust_multiplier
1,2024-08-03,9,29,1000.0,1008.7562877864565,0.15551485549980562,0.008756287786456433,0.15551485549980562,0.2622946146503351,false,m12_joint_hybrid_synergy,P1_status_quo,0.0,1.0
2,2024-08-10,9,21,1008.7562877864565,970.7482706602059,0.11827992935900994,-0.0376780968668385,0.11827992935900994,0.2527186200470216,false,m12_joint_hybrid_synergy,P1_status_quo,0.0,1.0
3,2024-08-17,8,21,970.7482706602059,1019.1121367888683,0.11116481093174714,0.04982122306102083,0.11116481093174714,0.26787017577709615,false,m12_joint_hybrid_synergy,P1_status_quo,-0.03767809686683854,1.0
4,2024-08-24,8,22,1019.1121367888683,1157.5664685645734,0.10769149217602066,0.13585779893855693,0.10769149217602066,0.2677011100284652,false,m12_joint_hybrid_synergy,P1_status_quo,0.0,1.0
5,2024-08-31,9,19,1157.5664685645734,1174.4941893156554,0.0895270951158684,0.01462354103265697,0.0895270951158684,0.2661354522316203,false,m12_joint_hybrid_synergy,P1_status_quo,0.0,1.0
6,2024-09-14,8,23,1174.4941893156554,1188.2214067017424,0.11727187657010475,0.011687769518966454,0.11727187657010475,0.2541000311830697,false,m12_joint_hybrid_synergy,P1_status_quo,0.0,1.0
7,2024-09-21,9,20,1188.2214067017424,1175.1377322214664,0.08516575661979664,-0.01101114186841105,0.08516575661979664,0.2751575461918246,false,m12_joint_hybrid_synergy,P1_status_quo,0.0,1.0
8,2024-09-28,9,23,1175.1377322214664,1187.7892377765668,0.07041582881785208,0.010765976794213053,0.07041582881785206,0.2665158830789784,false,m12_joint_hybrid_synergy,P1_status_quo,-0.011011141868411123,1.0
9,2024-10-05,9,20,1187.7892377765668,1207.5281534274257,0.07838836975932419,0.016618197086722318,0.07838836975932419,0.27326578215468256,false,m12_joint_hybrid_synergy,P1_status_quo,-0.0003637107720312338,1.0
10,2024-10-19,9,26,1207.5281534274257,1204.656566673214,0.10518210483490677,-0.002378070230545609,0.10518210483490677,0.2698933332904064,false,m12_joint_hybrid_synergy,P1_status_quo,0.0,1.0
11,2024-10-26,5,10,1204.656566673214,1232.6744899459156,0.055896494443483914,0.023258017303700078,0.055896494443483914,0.27557125072773614,false,m12_joint_hybrid_synergy,P1_status_quo,-0.0023780702305457035,1.0
12,2024-11-02,9,17,1232.6744899459156,1184.789130085441,0.1085639921599782,-0.038846719268584615,0.1085639921599782,0.2636576839372803,false,m12_joint_hybrid_synergy,P1_status_quo,0.0,1.0
13,2024-11-09,9,21,1184.789130085441,1319.3339398118574,0.09211020202213704,0.11356013176514684,0.09211020202213706,0.26374106112769957,false,m12_joint_hybrid_synergy,P1_status_quo,-0.03884671926858452,1.0
14,2024-11-16,9,24,1319.3339398118574,1400.1427585275253,0.08498354844890732,0.06124970811195204,0.08498354844890729,0.2603859357832298,false,m12_joint_hybrid_synergy,P1_status_quo,0.0,1.0
15,2024-11-23,1,3,1400.1427585275253,1383.9994303793212,0.03312856821233806,-0.011529772981993144,0.03312856821233806,0.27809275683944795,false,m12_joint_hybrid_synergy,P1_status_quo,0.0,1.0
16,2024-11-30,1,4,1383.9994303793212,1378.2961293892563,0.004120883914310424,-0.004120883914310424,0.004120883914310424,0.27382185317325725,false,m12_joint_hybrid_synergy,P1_status_quo,-0.011529772981993203,1.0
17,2024-12-03,3,6,1378.2961293892563,1402.4957453750062,0.03183066048568318,0.01755763182508034,0.03183066048568317,0.27027367102463523,false,m12_joint_hybrid_synergy,P1_status_quo,-0.01560314404028651,1.0
18,2024-12-07,8,18,1402.4957453750062,1457.2731783789607,0.05445539790846793,0.03905711171288293,0.054455397908467935,0.264936029905608,false,m12_joint_hybrid_synergy,P1_status_quo,0.0,1.0
19,2024-12-14,9,21,1457.2731783789607,1606.6840104031571,0.0901567936651695,0.10252767582698376,0.09015679366516947,0.27100703130771314,false,m12_joint_hybrid_synergy,P1_status_quo,0.0,1.0
20,2024-12-17,3,7,1606.6840104031571,1599.1270668267025,0.03618164469014152,-0.004703441079592334,0.03618164469014152,0.28058809387896777,false,m12_joint_hybrid_synergy,P1_status_quo,0.0,1.0
21,2024-12-21,9,23,1599.1270668267025,1604.7686203746107,0.08075009160578292,0.003527895728200811,0.08075009160578292,0.2674889727857576,false,m12_joint_hybrid_synergy,P1_status_quo,-0.00470344107959253,1.0
22,2024-12-28,8,30,1604.7686203746107,1727.7070253686109,0.12313660230923189,0.07660818103814972,0.1231366023092319,0.26964057453508145,false,m12_joint_hybrid_synergy,P1_status_quo,-0.0011921386010842472,1.0
23,2025-01-04,8,16,1727.7070253686109,1699.1842508279597,0.05997374298298931,-0.016509034299125872,0.05997374298298931,0.26589399278833303,false,m12_joint_hybrid_synergy,P1_status_quo,0.0,1.0
24,2025-01-08,1,6,1699.1842508279597,1729.7968070073512,0.020908615994014147,0.018016031024578275,0.020908615994014147,0.2729220600482164,false,m12_joint_hybrid_synergy,P1_status_quo,-0.01650903429912587,1.0
25,2025-01-11,5,16,1729.7968070073512,1658.3564635812966,0.0586513838331655,-0.041299846974310495,0.05865138383316551,0.2718958281886838,false,m12_joint_hybrid_synergy,P1_status_quo,0.0,1.0
26,2025-01-14,1,2,1658.3564635812966,1629.905523671263,0.017156106382938123,-0.017156106382938123,0.017156106382938123,0.25865480660329093,false,m12_joint_hybrid_synergy,P1_status_quo,-0.04129984697431055,1.0
27,2025-01-17,1,3,1629.905523671263,1662.735114046859,0.013346962186505825,0.020142020441558724,0.013346962186505825,0.2688515173580457,false,m12_joint_hybrid_synergy,P1_status_quo,-0.05774740878895823,0.75
28,2025-01-18,3,9,1662.735114046859,1578.8365152293254,0.0504581867001874,-0.0504581867001874,0.05045818670018741,0.2632016739310123,false,m12_joint_hybrid_synergy,P1_status_quo,-0.03876853783567369,1.0
29,2025-01-21,1,4,1578.8365152293254,1619.6850056283815,0.01348177023924196,0.02587252701912784,0.01348177023924196,0.2691428414453967,false,m12_joint_hybrid_synergy,P1_status_quo,-0.08727053441565535,0.75
30,2025-01-25,8,17,1619.6850056283815,1593.2251429560347,0.0928558579288389,-0.016336425033509155,0.09285585792883888,0.26531249495133186,false,m12_joint_hybrid_synergy,P1_status_quo,-0.06365591665617043,0.75
31,2025-01-28,1,4,1593.2251429560347,1624.5465398054537,0.017821231550601502,0.019659115340915325,0.017821231550601502,0.2763447434702911,false,m12_joint_hybrid_synergy,P1_status_quo,-0.07895243157928666,0.75
32,2025-02-01,9,21,1624.5465398054537,1839.2823168299024,0.11808185589973108,0.13218197925567846,0.11808185589973105,0.26963893296951386,false,m12_joint_hybrid_synergy,P1_status_quo,-0.06084545119723428,0.75
33,2025-02-04,1,1,1839.2823168299024,1841.0193955887662,0.011337730064668039,0.0009444329143868472,0.011337730064668039,0.2889992867222603,false,m12_joint_hybrid_synergy,P1_status_quo,0.0,1.0
34,2025-02-08,8,22,1841.0193955887662,1841.3171809966477,0.09377562046989885,0.00016175028280252315,0.09377562046989883,0.2715796469990296,false,m12_joint_hybrid_synergy,P1_status_quo,0.0,1.0
35,2025-02-11,1,3,1841.3171809966477,1846.9579278537324,0.006515850753694506,0.003063430307010737,0.006515850753694506,0.27909631279767216,false,m12_joint_hybrid_synergy,P1_status_quo,0.0,1.0
36,2025-02-15,8,25,1846.9579278537324,1842.5962127454416,0.08818528013824185,-0.002361567116669231,0.08818528013824187,0.266356326212491,false,m12_joint_hybrid_synergy,P1_status_quo,0.0,1.0
37,2025-02-22,9,27,1842.5962127454416,1871.5323826352694,0.135942740241755,0.01570402114672391,0.135942740241755,0.2711267420651818,false,m12_joint_hybrid_synergy,P1_status_quo,-0.0023615671166691277,1.0
38,2025-02-25,1,3,1871.5323826352694,1832.118295412938,0.021059794416612373,-0.021059794416612373,0.021059794416612373,0.2696723198301303,false,m12_joint_hybrid_synergy,P1_status_quo,0.0,1.0
39,2025-03-01,9,27,1832.118295412938,1954.694446701498,0.13109867532005023,0.06690405941333222,0.1310986753200502,0.26659910210403126,false,m12_joint_hybrid_synergy,P1_status_quo,-0.02105979441661232,1.0
40,2025-03-04,2,6,1954.694446701498,1902.791768086858,0.04146529885744775,-0.026552834742138067,0.041465298857447756,0.2617795565255178,false,m12_joint_hybrid_synergy,P1_status_quo,0.0,1.0
41,2025-03-08,9,28,1902.791768086858,1758.7129515072568,0.15016261236155543,-0.07571969723437669,0.15016261236155543,0.2688956423404578,false,m12_joint_hybrid_synergy,P1_status_quo,-0.02655283474213821,1.0
42,2025-03-11,2,7,1758.7129515072568,1698.5329727053931,0.04811315917707034,-0.034218192770052745,0.04811315917707033,0.2673673219502805,false,m12_joint_hybrid_synergy,P1_status_quo,-0.10026195936912574,0.5
43,2025-03-15,9,25,1698.5329727053931,1818.4589282643767,0.11441681087851423,0.0706056093618057,0.11441681087851423,0.2567807043086084,false,m12_joint_hybrid_synergy,P1_status_quo,-0.13104936908598241,0.5
44,2025-03-22,9,33,1818.4589282643767,1797.5377693525695,0.14531051971540557,-0.011504883935858311,0.14531051971540554,0.26609045986004154,false,m12_joint_hybrid_synergy,P1_status_quo,-0.06969658028497272,0.75
45,2025-03-29,9,19,1797.5377693525695,1920.9136202052216,0.10138678069056267,0.06863602698990252,0.10138678069056266,0.27109453270722045,false,m12_joint_hybrid_synergy,P1_status_quo,-0.0803996131539263,0.75
46,2025-04-05,9,26,1920.9136202052216,1961.6952423393072,0.10731137268571497,0.021230325874689118,0.10731137268571497,0.2624469466287048,false,m12_joint_hybrid_synergy,P1_status_quo,-0.017281896182434475,1.0
47,2025-04-12,9,30,1961.6952423393072,1918.4387496429565,0.14152234714870304,-0.02205056716392284,0.14152234714870304,0.2665328750127719,false,m12_joint_hybrid_synergy,P1_status_quo,0.0,1.0
48,2025-04-19,9,22,1918.4387496429565,1958.6291281923634,0.11363588989599131,0.02094952395894135,0.11363588989599127,0.271044242932968,false,m12_joint_hybrid_synergy,P1_status_quo,-0.02205056716392284,1.0
49,2025-04-26,8,18,1958.6291281923634,1886.9865785246395,0.06974915224461398,-0.03657790473781183,0.06974915224461398,0.2671432967899613,false,m12_joint_hybrid_synergy,P1_status_quo,-0.0015629920900901428,1.0
50,2025-05-03,9,30,1886.9865785246395,1953.087360197651,0.19999999999999998,0.035029810187994434,0.19999999999999998,0.276014668533354,true,m12_joint_hybrid_synergy,P1_status_quo,-0.03808372585212483,1.0
51,2025-08-02,9,28,1953.087360197651,1806.688556356137,0.1343769868296223,-0.07495763211876928,0.1343769868296223,0.26976924971997623,false,m12_joint_hybrid_synergy,P1_status_quo,-0.004387981351981818,1.0
52,2025-08-09,9,29,1806.688556356137,1858.5713914713483,0.2,0.028717088472543725,0.20000000000000007,0.29143514837885687,true,m12_joint_hybrid_synergy,P1_status_quo,-0.07901670077882528,0.75
53,2025-08-16,6,21,1858.5713914713483,2015.4919594704227,0.11601748487963738,0.08443074542046373,0.11601748487963737,0.2626086824148836,false,m12_joint_hybrid_synergy,P1_status_quo,-0.0525687418933557,0.75
54,2025-08-23,9,31,2015.4919594704227,1892.8946753522978,0.16264729794240412,-0.060827473680588474,0.16264729794240412,0.2888087328952062,false,m12_joint_hybrid_synergy,P1_status_quo,0.0,1.0
55,2025-08-30,9,29,1892.8946753522978,1732.0662278324983,0.1923699157317211,-0.08496428756125424,0.19236991573172113,0.27908259312853806,false,m12_joint_hybrid_synergy,P1_status_quo,-0.060827473680588495,0.75
56,2025-09-13,8,25,1732.0662278324983,1636.1062971820545,0.1731956744472109,-0.05540199855436692,0.17319567444721093,0.285727545939265,false,m12_joint_hybrid_synergy,P1_status_quo,-0.14062359827642057,0.5
57,2025-09-20,9,24,1636.1062971820545,1592.777923429161,0.1377924253007981,-0.02648261535788974,0.1377924253007981,0.2737626234680538,false,m12_joint_hybrid_synergy,P1_status_quo,-0.1882347684423673,0.25
58,2025-09-27,9,31,1592.777923429161,1823.5864571858306,0.18186536242589801,0.14490942545194976,0.181865362425898,0.2668373906990405,false,m12_joint_hybrid_synergy,P1_status_quo,-0.20973243483061632,0.25
59,2025-10-04,9,33,1823.5864571858306,1859.0680261980222,0.1901201605983449,0.01945702594597417,0.19012016059834488,0.28354795840105773,false,m12_joint_hybrid_synergy,P1_status_quo,-0.0952152160086096,0.75
60,2025-10-07,1,4,1859.0680261980222,1837.3115414958568,0.019248548393398787,-0.011702898654364819,0.019248548393398787,0.2651409718357545,false,m12_joint_hybrid_synergy,P1_status_quo,-0.07761079499096657,0.75
61,2025-10-18,9,30,1837.3115414958568,2000.1422661822019,0.18260604494280816,0.08862444991434365,0.18260604494280816,0.271944355486141,false,m12_joint_hybrid_synergy,P1_status_quo,-0.08840542237706739,0.75
62,2025-10-24,1,6,2000.1422661822019,2095.5493416262066,0.030659649369632787,0.0477001446632665,0.030659649369632787,0.2689610247762919,false,m12_joint_hybrid_synergy,P1_status_quo,-0.007615854390336518,1.0
63,2025-10-25,4,11,2095.5493416262066,2156.7065967481317,0.05937836628328815,0.02918435462582109,0.05937836628328816,0.2732654068588367,false,m12_joint_hybrid_synergy,P1_status_quo,0.0,1.0
64,2025-11-01,9,27,2156.7065967481317,2198.7955922823935,0.11598976747487122,0.019515401676669274,0.11598976747487122,0.27363461621078583,false,m12_joint_hybrid_synergy,P1_status_quo,0.0,1.0
65,2025-11-08,9,24,2198.7955922823935,2158.911047166809,0.11705008690312323,-0.018139269177897287,0.11705008690312327,0.2630682058056447,false,m12_joint_hybrid_synergy,P1_status_quo,0.0,1.0
66,2025-11-15,8,27,2158.911047166809,2225.3091802961153,0.12711903697088034,0.030755381615394588,0.12711903697088034,0.26793627701639006,false,m12_joint_hybrid_synergy,P1_status_quo,-0.01813926917789732,1.0
67,2025-11-22,9,35,2225.3091802961153,2336.8289979982414,0.19999999999999998,0.05011430262795521,0.2,0.26925805837306305,true,m12_joint_hybrid_synergy,P1_status_quo,0.0,1.0
68,2025-11-25,1,5,2336.8289979982414,2343.6818767482428,0.026008038864999035,0.0029325546524248056,0.026008038864999035,0.2660176995575875,false,m12_joint_hybrid_synergy,P1_status_quo,0.0,1.0
69,2025-12-06,8,22,2343.6818767482428,2131.200175963877,0.15147098985053303,-0.09066149416113363,0.15147098985053306,0.2711369532742675,false,m12_joint_hybrid_synergy,P1_status_quo,0.0,1.0
70,2025-12-13,9,34,2131.200175963877,2222.865498281522,0.1718142114033275,0.04301112741612234,0.1718142114033276,0.27265314432138915,false,m12_joint_hybrid_synergy,P1_status_quo,-0.09066149416113378,0.75
71,2025-12-20,9,25,2222.865498281522,2454.2559273648503,0.12331867476659102,0.10409556010573486,0.123318674766591,0.26695811902109334,false,m12_joint_hybrid_synergy,P1_status_quo,-0.05154981982211182,0.75
72,2025-12-27,9,34,2454.2559273648503,2607.7767096122893,0.12875244037833475,0.06255288233622609,0.12875244037833475,0.27013540088327403,false,m12_joint_hybrid_synergy,P1_status_quo,0.0,1.0
73,2026-01-03,4,11,2607.7767096122893,2592.8239527710734,0.053283610918258166,-0.005733909957129411,0.053283610918258166,0.2614257796849264,false,m12_joint_hybrid_synergy,P1_status_quo,0.0,1.0
74,2026-01-10,5,18,2592.8239527710734,2546.572552683849,0.09112596550524389,-0.017838233883096057,0.09112596550524386,0.2696243950336046,false,m12_joint_hybrid_synergy,P1_status_quo,-0.005733909957129302,1.0
75,2026-01-17,2,10,2546.572552683849,2671.8906173297005,0.07114527332973004,0.049210482738368255,0.07114527332973004,0.2686172014549516,false,m12_joint_hybrid_synergy,P1_status_quo,-0.023469861013345583,1.0
76,2026-01-20,2,9,2671.8906173297005,2586.5086419255163,0.05440808312887754,-0.031955640268506016,0.05440808312887754,0.26038270307613615,false,m12_joint_hybrid_synergy,P1_status_quo,0.0,1.0
77,2026-01-24,8,32,2586.5086419255163,2541.82806279015,0.1827900917955412,-0.01727447510173536,0.1827900917955412,0.275676310141855,false,m12_joint_hybrid_synergy,P1_status_quo,-0.03195564026850595,1.0
78,2026-01-31,9,28,2541.82806279015,2587.9657333220416,0.15811086947500447,0.01815137349661904,0.1581108694750044,0.26654264363207497,false,m12_joint_hybrid_synergy,P1_status_quo,-0.04867809845806326,1.0
79,2026-02-07,5,18,2587.9657333220416,2533.7140802365057,0.09897918060987773,-0.0209630492347732,0.09897918060987775,0.2622028744709389,false,m12_joint_hybrid_synergy,P1_status_quo,-0.031410299307661704,1.0
80,2026-02-10,3,12,2533.7140802365057,2532.02193275121,0.055774918600129605,-0.0006678525799319063,0.055774918600129605,0.2731274651187327,false,m12_joint_hybrid_synergy,P1_status_quo,-0.0517148928915695,0.75
81,2026-02-14,6,25,2532.02193275121,2606.722352786186,0.15568119160734326,0.02950228000347899,0.15568119160734326,0.2919107244764626,false,m12_joint_hybrid_synergy,P1_status_quo,-0.05234820754686276,0.75
82,2026-02-17,4,15,2606.722352786186,2589.9187107582834,0.06809934722734008,-0.006446272273662894,0.06809934722734007,0.28269323259202667,false,m12_joint_hybrid_synergy,P1_status_quo,-0.024390319020111684,1.0
83,2026-02-21,9,28,2589.9187107582834,2665.344309543328,0.11497933448828307,0.02912276685431619,0.11497933448828307,0.2586603991863502,false,m12_joint_hybrid_synergy,P1_status_quo,-0.030679364656529318,1.0
84,2026-02-24,3,6,2665.344309543328,2722.0522892006516,0.01999534311189311,0.02127604281903817,0.01999534311189311,0.2688015697040175,false,m12_joint_hybrid_synergy,P1_status_quo,-0.002450065786343769,1.0
85,2026-02-28,9,29,2722.0522892006516,2729.4122479283196,0.19065011107800642,0.0027038270928402192,0.19065011107800642,0.2643731668129745,false,m12_joint_hybrid_synergy,P1_status_quo,0.0,1.0
86,2026-03-03,2,8,2729.4122479283196,2629.0659302040976,0.04554910755123842,-0.03676480817450237,0.04554910755123842,0.2728192722685407,false,m12_joint_hybrid_synergy,P1_status_quo,0.0,1.0
87,2026-03-07,9,22,2629.0659302040976,2478.833738229857,0.1331710497460661,-0.057142801269566536,0.1331710497460661,0.26355211847487425,false,m12_joint_hybrid_synergy,P1_status_quo,-0.03676480817450234,1.0
88,2026-03-10,3,9,2478.833738229857,2429.8466317597445,0.05483709636063578,-0.019762159000261997,0.05483709636063577,0.269127741619283,false,m12_joint_hybrid_synergy,P1_status_quo,-0.09180676531683951,0.75
89,2026-03-14,9,25,2429.8466317597445,2400.7301984199357,0.14495063673337688,-0.011982827623454524,0.14495063673337683,0.25937046860168106,false,m12_joint_hybrid_synergy,P1_status_quo,-0.1097546244236105,0.5
90,2026-03-17,1,3,2400.7301984199357,2304.4308868954627,0.04011250893076351,-0.04011250893076351,0.04011250893076351,0.25391030163692174,false,m12_joint_hybrid_synergy,P1_status_quo,-0.12042228130171995,0.5
91,2026-03-21,9,27,2304.4308868954627,2172.6575727012455,0.1619015309080351,-0.05718258462146489,0.1619015309080351,0.26227783290815576,false,m12_joint_hybrid_synergy,P1_status_quo,-0.1557043503983052,0.25
92,2026-03-24,2,6,2172.6575727012455,2160.4967097111626,0.01558522829956505,-0.0055972294681317985,0.01558522829956505,0.27149054867893196,false,m12_joint_hybrid_synergy,P1_status_quo,-0.2039833578271888,0.25
93,2026-03-27,1,7,2160.4967097111626,2205.1933179748753,0.041397343022606656,0.020688116794071974,0.041397343022606656,0.26278974789035076,false,m12_joint_hybrid_synergy,P1_status_quo,-0.2084388456338817,0.25
94,2026-03-28,7,23,2205.1933179748753,2304.506744924331,0.09179657308660216,0.04503615449037352,0.09179657308660213,0.2664866667626348,false,m12_joint_hybrid_synergy,P1_status_quo,-0.19206293602270497,0.25
95,2026-04-04,8,25,2304.506744924331,2194.152568337151,0.12384271718578294,-0.047886245865947155,0.12384271718578296,0.2675431345556542,false,m12_joint_hybrid_synergy,P1_status_quo,-0.1556765575909248,0.25
96,2026-04-07,1,5,2194.152568337151,2186.353637955974,0.013604552158728436,-0.003554415720091549,0.013604552158728436,0.27197108492199973,false,m12_joint_hybrid_synergy,P1_status_quo,-0.19610803754450867,0.25
97,2026-04-11,9,28,2186.353637955974,2279.242484062908,0.19363822850924672,0.0424857372084489,0.1936382285092467,0.2667349784656756,false,m12_joint_hybrid_synergy,P1_status_quo,-0.19896540377311567,0.25
98,2026-04-14,1,6,2279.242484062908,2220.87979860097,0.06251909677409678,-0.02560617655647697,0.06251909677409678,0.2664913792848046,false,m12_joint_hybrid_synergy,P1_status_quo,-0.16493285842294436,0.25
99,2026-04-18,9,28,2220.87979860097,2286.2292200154648,0.17684711401077308,0.029425015012366357,0.1768471140107731,0.24724322032776067,false,m12_joint_hybrid_synergy,P1_status_quo,-0.18631573508667898,0.25
100,2026-04-25,9,38,2286.2292200154648,2239.370670076544,0.19999999999999996,-0.020495998182808593,0.19999999999999998,0.26084479766659496,true,m12_joint_hybrid_synergy,P1_status_quo,-0.1623730633762781,0.25
1,2024-08-03,9,23,1000.0,1012.3476830898875,0.14705419853952215,0.012347683089887512,0.1470541985395221,0.2619267334956533,false,m12_joint_hybrid_synergy,P2_hard_pruning,0.0,1.0
2,2024-08-10,9,18,1012.3476830898875,969.5974922979884,0.10687768150213528,-0.0422287634041073,0.10687768150213527,0.2523711794949741,false,m12_joint_hybrid_synergy,P2_hard_pruning,0.0,1.0
3,2024-08-17,8,15,969.5974922979884,1005.161708428163,0.0973470134729992,0.03667936067562003,0.0973470134729992,0.27327431688061626,false,m12_joint_hybrid_synergy,P2_hard_pruning,-0.042228763404107306,1.0
4,2024-08-24,8,18,1005.161708428163,1133.7793949933052,0.10026122407063637,0.1279572087622301,0.10026122407063637,0.26835735045440623,false,m12_joint_hybrid_synergy,P2_hard_pruning,-0.007098326772271957,1.0
5,2024-08-31,9,17,1133.7793949933052,1129.084518970693,0.07431111412525399,-0.0041409078726821,0.07431111412525399,0.26451154259563414,false,m12_joint_hybrid_synergy,P2_hard_pruning,0.0,1.0
6,2024-09-14,8,19,1129.084518970693,1144.3410036627934,0.1056981649149346,0.013512260982914474,0.10569816491493458,0.2540136040175528,false,m12_joint_hybrid_synergy,P2_hard_pruning,-0.004140907872681954,1.0
7,2024-09-21,9,18,1144.3410036627934,1124.2991374168712,0.06751535568907675,-0.017513893307827436,0.06751535568907677,0.2744865383368691,false,m12_joint_hybrid_synergy,P2_hard_pruning,0.0,1.0
8,2024-09-28,9,15,1124.2991374168712,1126.4018057005658,0.05651686314604978,0.0018702035905904246,0.05651686314604977,0.26802953123933,false,m12_joint_hybrid_synergy,P2_hard_pruning,-0.017513893307827266,1.0
9,2024-10-05,9,13,1126.4018057005658,1138.1058713635036,0.062138163709924095,0.010390666637522413,0.062138163709924095,0.2748113252071439,false,m12_joint_hybrid_synergy,P2_hard_pruning,-0.015676444263386546,1.0
10,2024-10-19,9,20,1138.1058713635036,1142.6107282514488,0.09237998742129803,0.003958205472174789,0.092379987421298,0.26662450426128814,false,m12_joint_hybrid_synergy,P2_hard_pruning,-0.005448666332266705,1.0
11,2024-10-26,5,7,1142.6107282514488,1177.1621785070163,0.04425201537851882,0.030239038896862178,0.04425201537851882,0.2883283304061927,false,m12_joint_hybrid_synergy,P2_hard_pruning,-0.0015120278009844723,1.0
12,2024-11-02,9,16,1177.1621785070163,1128.395771000227,0.10147244258676937,-0.041427093392211733,0.10147244258676937,0.26368795018137653,false,m12_joint_hybrid_synergy,P2_hard_pruning,0.0,1.0
13,2024-11-09,9,15,1128.395771000227,1258.7221128786186,0.08272015489638011,0.11549701374976656,0.08272015489638014,0.26241071966168217,false,m12_joint_hybrid_synergy,P2_hard_pruning,-0.04142709339221162,1.0
14,2024-11-16,9,15,1258.7221128786186,1339.9897679159446,0.07443399589682062,0.0645636190910097,0.07443399589682062,0.26159159440764823,false,m12_joint_hybrid_synergy,P2_hard_pruning,0.0,1.0
15,2024-11-23,1,2,1339.9897679159446,1323.9391270217434,0.011978181683554745,-0.011978181683554745,0.011978181683554745,0.24752272525032173,false,m12_joint_hybrid_synergy,P2_hard_pruning,0.0,1.0
16,2024-11-30,1,3,1323.9391270217434,1322.4654115968724,0.001113129293328019,-0.001113129293328019,0.001113129293328019,0.19025623750829665,false,m12_joint_hybrid_synergy,P2_hard_pruning,-0.011978181683554578,1.0
17,2024-12-03,3,3,1322.4654115968724,1358.1149911046402,0.01980438074796562,0.02695690881224729,0.019804380747965623,0.2666489201607607,false,m12_joint_hybrid_synergy,P2_hard_pruning,-0.013077977711969724,1.0
18,2024-12-07,8,13,1358.1149911046402,1416.6406949930151,0.04514480210842241,0.04309333471149778,0.04514480210842241,0.26135687009705644,false,m12_joint_hybrid_synergy,P2_hard_pruning,0.0,1.0
19,2024-12-14,9,17,1416.6406949930151,1550.8418805244023,0.0865957389620615,0.09473198532677267,0.0865957389620615,0.28747644555716817,false,m12_joint_hybrid_synergy,P2_hard_pruning,0.0,1.0
20,2024-12-17,3,5,1550.8418805244023,1551.0466450788408,0.034986920403618255,0.00013203444981062934,0.034986920403618255,0.31304075427108585,false,m12_joint_hybrid_synergy,P2_hard_pruning,0.0,1.0
21,2024-12-21,9,17,1551.0466450788408,1555.1021632516317,0.0711320949420243,0.0026146977498442848,0.07113209494202428,0.26660399347832364,false,m12_joint_hybrid_synergy,P2_hard_pruning,0.0,1.0
22,2024-12-28,8,21,1555.1021632516317,1679.6971171550686,0.10010269289431553,0.08012010840684296,0.10010269289431552,0.2819771855663804,false,m12_joint_hybrid_synergy,P2_hard_pruning,0.0,1.0
23,2025-01-04,8,13,1679.6971171550686,1669.0681583850783,0.05123329393938982,-0.006327902013663454,0.051233293939389815,0.27470732735611747,false,m12_joint_hybrid_synergy,P2_hard_pruning,0.0,1.0
24,2025-01-08,1,3,1669.0681583850783,1664.6505414820158,0.011401077827915163,-0.0026467564436293894,0.011401077827915163,0.3746994077661001,false,m12_joint_hybrid_synergy,P2_hard_pruning,-0.006327902013663511,1.0
25,2025-01-11,5,11,1664.6505414820158,1606.2484229464892,0.04843099347986928,-0.035083711013322985,0.04843099347986928,0.268366295042408,false,m12_joint_hybrid_synergy,P2_hard_pruning,-0.008957910041863637,1.0
26,2025-01-14,1,2,1606.2484229464892,1578.6914541249928,0.017156106382938123,-0.017156106382938123,0.017156106382938123,0.25865480660329093,false,m12_joint_hybrid_synergy,P2_hard_pruning,-0.04372734432799452,1.0
27,2025-01-17,1,2,1578.6914541249928,1616.5598076087686,0.008497755233669742,0.023987178358905327,0.008497755233669742,0.2607909527929396,false,m12_joint_hybrid_synergy,P2_hard_pruning,-0.060133259739798106,0.75
28,2025-01-18,3,6,1616.5598076087686,1548.953326528073,0.04182120621983041,-0.04182120621983041,0.041821206219830404,0.2617495452769882,false,m12_joint_hybrid_synergy,P2_hard_pruning,-0.03758850860757368,1.0
29,2025-01-21,1,2,1548.953326528073,1585.8107636894351,0.010122522867278393,0.02379505988342264,0.010122522867278393,0.2532821926327182,false,m12_joint_hybrid_synergy,P2_hard_pruning,-0.0778377180574309,0.75
30,2025-01-25,8,15,1585.8107636894351,1563.2907087280664,0.0899923512498278,-0.014200972447037242,0.08999235124982778,0.262788144724961,false,m12_joint_hybrid_synergy,P2_hard_pruning,-0.05589481133637375,0.75
31,2025-01-28,1,2,1563.2907087280664,1568.7385098414534,0.010238218615353956,0.0034848292022533244,0.010238218615353956,0.3021684998637898,false,m12_joint_hybrid_synergy,P2_hard_pruning,-0.06930202310769074,0.75
32,2025-02-01,9,16,1568.7385098414534,1743.1950674145394,0.08998715616491455,0.11120818191090216,0.08998715616491457,0.26974011336671666,false,m12_joint_hybrid_synergy,P2_hard_pruning,-0.0660586996193383,0.75
33,2025-02-04,1,0,1743.1950674145394,1743.1950674145394,0.0,0.0,0.0,1.0,false,m12_joint_hybrid_synergy,P2_hard_pruning,0.0,1.0
34,2025-02-08,8,16,1743.1950674145394,1766.545747080533,0.06446338278847899,0.013395333719379222,0.064463382788479,0.2602014005194986,false,m12_joint_hybrid_synergy,P2_hard_pruning,0.0,1.0
35,2025-02-11,1,2,1766.545747080533,1771.1141649033177,0.005048463018911541,0.002586073884774679,0.005048463018911541,0.35866965413672725,false,m12_joint_hybrid_synergy,P2_hard_pruning,0.0,1.0
36,2025-02-15,8,17,1771.1141649033177,1763.1903266645847,0.072660284971611,-0.004473928556246148,0.072660284971611,0.26438033126014576,false,m12_joint_hybrid_synergy,P2_hard_pruning,0.0,1.0
37,2025-02-22,9,19,1763.1903266645847,1801.669488657399,0.09824025287884568,0.021823600895999194,0.09824025287884568,0.26837572426048995,false,m12_joint_hybrid_synergy,P2_hard_pruning,-0.004473928556246176,1.0
38,2025-02-25,1,3,1801.669488657399,1763.726699619591,0.021059794416612373,-0.021059794416612373,0.021059794416612373,0.2696723198301303,false,m12_joint_hybrid_synergy,P2_hard_pruning,0.0,1.0
39,2025-03-01,9,23,1763.726699619591,1885.0239914295496,0.12385223092740594,0.06877329227715422,0.12385223092740594,0.2700796370215866,false,m12_joint_hybrid_synergy,P2_hard_pruning,-0.02105979441661232,1.0
40,2025-03-04,2,4,1885.0239914295496,1839.4987117993728,0.03900680537068189,-0.024151034595401504,0.03900680537068189,0.26078433821041846,false,m12_joint_hybrid_synergy,P2_hard_pruning,0.0,1.0
41,2025-03-08,9,22,1839.4987117993728,1713.3238810291584,0.13092000808005322,-0.06859196473521409,0.13092000808005322,0.2655478328648947,false,m12_joint_hybrid_synergy,P2_hard_pruning,-0.024151034595401466,1.0
42,2025-03-11,2,5,1713.3238810291584,1665.976655892524,0.03765538122737115,-0.02763471965860528,0.03765538122737115,0.26735766596324917,false,m12_joint_hybrid_synergy,P2_hard_pruning,-0.09108643241732883,0.75
43,2025-03-15,9,20,1665.976655892524,1792.9152661066144,0.10037214481614014,0.07619471123146355,0.10037214481614014,0.25555399052111455,false,m12_joint_hybrid_synergy,P2_hard_pruning,-0.11620400405137887,0.5
44,2025-03-22,9,25,1792.9152661066144,1761.8176270061604,0.1296877890055338,-0.01734473440453419,0.1296877890055338,0.2676890568183832,false,m12_joint_hybrid_synergy,P2_hard_pruning,-0.048863423352549784,1.0
45,2025-03-29,9,14,1761.8176270061604,1852.928997728921,0.06448962136909057,0.05171441659236072,0.06448962136909056,0.27050495452988216,false,m12_joint_hybrid_synergy,P2_hard_pruning,-0.06536063465693764,0.75
46,2025-04-05,9,21,1852.928997728921,1911.0031614790382,0.09110495641698266,0.031341818181536814,0.09110495641698269,0.2630117899993679,false,m12_joint_hybrid_synergy,P2_hard_pruning,-0.01702630515396708,1.0
47,2025-04-12,9,22,1911.0031614790382,1871.5880208332862,0.11840668662115818,-0.02062536653013501,0.1184066866211582,0.26436030831155866,false,m12_joint_hybrid_synergy,P2_hard_pruning,0.0,1.0
48,2025-04-19,9,20,1871.5880208332862,1918.690320209103,0.10589155013427547,0.02516702332538193,0.10589155013427547,0.2718664644634393,false,m12_joint_hybrid_synergy,P2_hard_pruning,-0.020625366530135025,1.0
49,2025-04-26,8,15,1918.690320209103,1855.6748968660236,0.06580093614177839,-0.03284293597531253,0.06580093614177837,0.26542591798117676,false,m12_joint_hybrid_synergy,P2_hard_pruning,0.0,1.0
50,2025-05-03,9,20,1855.6748968660236,1888.3827983267927,0.15320327550987015,0.017625879142951363,0.15320327550987012,0.2791108745084129,false,m12_joint_hybrid_synergy,P2_hard_pruning,-0.032842935975312515,1.0
51,2025-08-02,9,19,1888.3827983267927,1756.398819071388,0.1202141506633072,-0.06989259771501276,0.1202141506633072,0.26737283157824826,false,m12_joint_hybrid_synergy,P2_hard_pruning,-0.015795942452561773,1.0
52,2025-08-09,9,20,1756.398819071388,1820.6893147641133,0.17584756257641773,0.03660358626676585,0.17584756257641776,0.29274413137426364,false,m12_joint_hybrid_synergy,P2_hard_pruning,-0.08458452071620814,0.75
53,2025-08-16,6,16,1820.6893147641133,1994.651219638055,0.10529196491107477,0.09554727622295074,0.10529196491107477,0.2631209485484039,false,m12_joint_hybrid_synergy,P2_hard_pruning,-0.051077031250311045,0.75
54,2025-08-23,9,20,1994.651219638055,1927.3154240052052,0.11080382362701623,-0.033758180362514045,0.11080382362701621,0.3003316534223797,false,m12_joint_hybrid_synergy,P2_hard_pruning,0.0,1.0
55,2025-08-30,9,19,1927.3154240052052,1713.6893952856674,0.13473660989246047,-0.11084123857401396,0.1347366098924605,0.280439819364262,false,m12_joint_hybrid_synergy,P2_hard_pruning,-0.03375818036251388,1.0
56,2025-09-13,8,17,1713.6893952856674,1664.7097332010105,0.11523991983157635,-0.02858141167203283,0.11523991983157633,0.27872852284322464,false,m12_joint_hybrid_synergy,P2_hard_pruning,-0.14085762041314187,0.5
57,2025-09-20,9,18,1664.7097332010105,1640.102501863599,0.1061194253203523,-0.014781694878479178,0.10611942532035232,0.273470285445153,false,m12_joint_hybrid_synergy,P2_hard_pruning,-0.16541312244900386,0.25
58,2025-09-27,9,21,1640.102501863599,1893.3593713244068,0.15174883400371703,0.1544152692731337,0.15174883400371705,0.27147902950982905,false,m12_joint_hybrid_synergy,P2_hard_pruning,-0.1777497310225452,0.25
59,2025-10-04,9,21,1893.3593713244068,1942.7734625724374,0.1382568939716599,0.0260986329359467,0.1382568939716599,0.2986894390653843,false,m12_joint_hybrid_synergy,P2_hard_pruning,-0.050781734328484984,0.75
60,2025-10-07,1,3,1942.7734625724374,1921.6502346259908,0.01839468631991842,-0.010872717974270163,0.01839468631991842,0.2643088489737255,false,m12_joint_hybrid_synergy,P2_hard_pruning,-0.026008435236628102,1.0
61,2025-10-18,9,17,1921.6502346259908,2077.136565312332,0.10406240596958626,0.08091291947132248,0.10406240596958627,0.28296768495219193,false,m12_joint_hybrid_synergy,P2_hard_pruning,-0.036598370829618365,1.0
62,2025-10-24,1,3,2077.136565312332,2173.67200251586,0.019010794031619257,0.04647524809665688,0.019010794031619257,0.28180938557776675,false,m12_joint_hybrid_synergy,P2_hard_pruning,0.0,1.0
63,2025-10-25,4,7,2173.67200251586,2243.2723907191958,0.05433474193970305,0.032019728884016656,0.05433474193970305,0.27388089304275337,false,m12_joint_hybrid_synergy,P2_hard_pruning,0.0,1.0
64,2025-11-01,9,18,2243.2723907191958,2286.3061581150714,0.09821393194883737,0.019183478374678646,0.09821393194883736,0.27626986086934086,false,m12_joint_hybrid_synergy,P2_hard_pruning,0.0,1.0
65,2025-11-08,9,13,2286.3061581150714,2227.0674854051176,0.08921144906884858,-0.02591021001264003,0.08921144906884856,0.2711535072473611,false,m12_joint_hybrid_synergy,P2_hard_pruning,0.0,1.0
66,2025-11-15,8,15,2227.0674854051176,2309.955237424626,0.0950707430666659,0.03721833871793531,0.09507074306666588,0.2646009408501432,false,m12_joint_hybrid_synergy,P2_hard_pruning,-0.025910210012640045,1.0
67,2025-11-22,9,17,2309.955237424626,2407.029603405738,0.1410294873194464,0.04202434939360149,0.1410294873194464,0.28481771491798286,false,m12_joint_hybrid_synergy,P2_hard_pruning,0.0,1.0
68,2025-11-25,1,3,2407.029603405738,2411.730465233264,0.020341306502695104,0.001952972169878905,0.020341306502695104,0.26992812070104,false,m12_joint_hybrid_synergy,P2_hard_pruning,0.0,1.0
69,2025-12-06,8,16,2411.730465233264,2228.5052877377984,0.11946613605445452,-0.07597249366659413,0.11946613605445451,0.26937190862458954,false,m12_joint_hybrid_synergy,P2_hard_pruning,0.0,1.0
70,2025-12-13,9,18,2228.5052877377984,2382.761627428222,0.11679743530321914,0.06921964266327255,0.11679743530321915,0.28303202453448484,false,m12_joint_hybrid_synergy,P2_hard_pruning,-0.07597249366659387,0.75
71,2025-12-20,9,17,2382.761627428222,2656.0558625740387,0.0924830250039593,0.1146964228397411,0.09248302500395929,0.2665203305994358,false,m12_joint_hybrid_synergy,P2_hard_pruning,-0.012011639867160917,1.0
72,2025-12-27,9,17,2656.0558625740387,2868.893801592926,0.08711778496387629,0.08013308079018408,0.08711778496387627,0.2805340212836357,false,m12_joint_hybrid_synergy,P2_hard_pruning,0.0,1.0
73,2026-01-03,4,8,2868.893801592926,2861.6508574725362,0.04617031504186852,-0.002524646996820982,0.04617031504186852,0.26089232170118726,false,m12_joint_hybrid_synergy,P2_hard_pruning,0.0,1.0
74,2026-01-10,5,11,2861.6508574725362,2777.5374072794925,0.06629610478475643,-0.02939333076688971,0.06629610478475645,0.26909112501333354,false,m12_joint_hybrid_synergy,P2_hard_pruning,-0.0025246469968209784,1.0
75,2026-01-17,2,5,2777.5374072794925,2890.244243428803,0.041760579588206975,0.04057797236282904,0.041760579588206975,0.26606966127982906,false,m12_joint_hybrid_synergy,P2_hard_pruning,-0.03184376997946348,1.0
76,2026-01-20,2,5,2890.244243428803,2802.3759396101677,0.034263634504539627,-0.030401688029795804,0.034263634504539627,0.2617313074483537,false,m12_joint_hybrid_synergy,P2_hard_pruning,0.0,1.0
77,2026-01-24,8,19,2802.3759396101677,2782.9894983468835,0.12680288993740207,-0.006917858874416653,0.12680288993740205,0.2854792623644914,false,m12_joint_hybrid_synergy,P2_hard_pruning,-0.030401688029795704,1.0
78,2026-01-31,9,17,2782.9894983468835,2841.78319369387,0.11562514366183718,0.021126093139018375,0.1156251436618372,0.26477597744745807,false,m12_joint_hybrid_synergy,P2_hard_pruning,-0.03710923231687835,1.0
79,2026-02-07,5,12,2841.78319369387,2753.49909456394,0.06589819932607088,-0.03106644424030628,0.06589819932607088,0.2662443447718547,false,m12_joint_hybrid_synergy,P2_hard_pruning,-0.016767112276103724,1.0
80,2026-02-10,3,8,2753.49909456394,2751.8543949561167,0.05013298259951683,-0.0005973125653356472,0.05013298259951683,0.293902276440072,false,m12_joint_hybrid_synergy,P2_hard_pruning,-0.04731266195781336,1.0
81,2026-02-14,6,14,2751.8543949561167,2708.2130690708636,0.08826093854785144,-0.015858879003643467,0.08826093854785144,0.30281675271984704,false,m12_joint_hybrid_synergy,P2_hard_pruning,-0.04788171407566222,1.0
82,2026-02-17,4,10,2708.2130690708636,2723.4296786279724,0.03990568775559866,0.0056186899512781375,0.03990568775559866,0.27727637567769725,false,m12_joint_hybrid_synergy,P2_hard_pruning,-0.06298124276929251,0.75
83,2026-02-21,9,18,2723.4296786279724,2768.966140385613,0.09842698383926621,0.016720263465947606,0.09842698383926622,0.2551747825743936,false,m12_joint_hybrid_synergy,P2_hard_pruning,-0.05771642489388118,0.75
84,2026-02-24,3,5,2768.966140385613,2814.160906667252,0.016671782017421085,0.01632189199516346,0.016671782017421085,0.26890816187842154,false,m12_joint_hybrid_synergy,P2_hard_pruning,-0.04196119525847186,1.0
85,2026-02-28,9,20,2814.160906667252,2880.740699548418,0.13905325577248553,0.02365884364445071,0.13905325577248553,0.26390002270531615,false,m12_joint_hybrid_synergy,P2_hard_pruning,-0.026324189360304895,1.0
86,2026-03-03,2,4,2880.740699548418,2789.7602530478325,0.031582310242240036,-0.031582310242240036,0.031582310242240036,0.2737477312148,false,m12_joint_hybrid_synergy,P2_hard_pruning,-0.003288145595996661,1.0
87,2026-03-07,9,20,2789.7602530478325,2654.6484754274984,0.12479444385405286,-0.04843132218000575,0.12479444385405285,0.2647129572736449,false,m12_joint_hybrid_synergy,P2_hard_pruning,-0.03476660860390224,1.0
88,2026-03-10,3,9,2654.6484754274984,2602.1868901662974,0.05483709636063578,-0.019762159000261997,0.05483709636063577,0.269127741619283,false,m12_joint_hybrid_synergy,P2_hard_pruning,-0.0815141379615063,0.75
89,2026-03-14,9,19,2602.1868901662974,2569.7100562859123,0.12134707831196577,-0.012480592382935949,0.12134707831196577,0.2586715568214403,false,m12_joint_hybrid_synergy,P2_hard_pruning,-0.09966540160660353,0.75
90,2026-03-17,1,3,2569.7100562859123,2466.632538703671,0.04011250893076351,-0.04011250893076351,0.04011250893076351,0.25391030163692174,false,m12_joint_hybrid_synergy,P2_hard_pruning,-0.11090211073740586,0.5
91,2026-03-21,9,17,2466.632538703671,2386.9911720042246,0.1277469878931519,-0.03228748727254743,0.1277469878931519,0.2627355192579982,false,m12_joint_hybrid_synergy,P2_hard_pruning,-0.14656605776077458,0.5
92,2026-03-24,2,4,2386.9911720042246,2378.3866070617382,0.013192291341610762,-0.003604774514210694,0.013192291341610764,0.26060477657923664,false,m12_joint_hybrid_synergy,P2_hard_pruning,-0.17412129530878362,0.25
93,2026-03-27,1,3,2378.3866070617382,2413.3205322367976,0.023887494971716657,0.014688076812800812,0.023887494971716657,0.27151748591428404,false,m12_joint_hybrid_synergy,P2_hard_pruning,-0.1770984018152838,0.25
94,2026-03-28,7,14,2413.3205322367976,2488.407994158444,0.0698945664724058,0.031113754231416338,0.06989456647240583,0.2665838507586471,false,m12_joint_hybrid_synergy,P2_hard_pruning,-0.1650115599317702,0.25
95,2026-04-04,8,18,2488.407994158444,2321.402887808307,0.09051505587590243,-0.06711323333721114,0.09051505587590242,0.2686717341496317,false,m12_joint_hybrid_synergy,P2_hard_pruning,-0.13903193482141352,0.5
96,2026-04-07,1,3,2321.402887808307,2318.0687905894442,0.01590226569366121,-0.0014362423844532148,0.01590226569366121,0.39147130767170524,false,m12_joint_hybrid_synergy,P2_hard_pruning,-0.1968142854756313,0.25
97,2026-04-11,9,21,2318.0687905894442,2398.478662298829,0.15958757420661027,0.034688302623209856,0.1595875742066103,0.2660628481005864,false,m12_joint_hybrid_synergy,P2_hard_pruning,-0.19796785484141854,0.25
98,2026-04-14,1,3,2398.478662298829,2350.7126250175675,0.042723329333819775,-0.019915139555788164,0.042723329333819775,0.2681544943662629,false,m12_joint_hybrid_synergy,P2_hard_pruning,-0.17014672107661555,0.25
99,2026-04-18,9,18,2350.7126250175675,2456.67340471333,0.13424869598896674,0.0450760244225813,0.13424869598896672,0.23952426742150756,false,m12_joint_hybrid_synergy,P2_hard_pruning,-0.1866733649372032,0.25
100,2026-04-25,9,21,2456.67340471333,2415.3382587807396,0.15428078629388253,-0.01682565775869313,0.1542807862938825,0.2586407397188098,false,m12_joint_hybrid_synergy,P2_hard_pruning,-0.15001183367157656,0.25
1,2024-08-03,9,29,1000.0,1011.7599464482947,0.1485906487154347,0.011759946448294775,0.14859064871543468,0.26221383435075785,false,m12_joint_hybrid_synergy,P3_damped_tail,0.0,1.0
2,2024-08-10,9,21,1011.7599464482947,969.722310257334,0.10898003078359104,-0.041549021918223385,0.10898003078359104,0.2529027828197313,false,m12_joint_hybrid_synergy,P3_damped_tail,0.0,1.0
3,2024-08-17,8,21,969.722310257334,1007.6732683115362,0.10027668881139053,0.039135902776260785,0.10027668881139053,0.2739653374335564,false,m12_joint_hybrid_synergy,P3_damped_tail,-0.041549021918223406,1.0
4,2024-08-24,8,22,1007.6732683115362,1138.1810806408891,0.10168849029948325,0.12951401653041056,0.10168849029948326,0.2687402606569335,false,m12_joint_hybrid_synergy,P3_damped_tail,-0.0040391776242028055,1.0
5,2024-08-31,9,19,1138.1810806408891,1136.9920669107137,0.07797191683286708,-0.0010446613024934141,0.07797191683286708,0.26870152992658763,false,m12_joint_hybrid_synergy,P3_damped_tail,0.0,1.0
6,2024-09-14,8,23,1136.9920669107137,1152.0459920638211,0.10788623454037376,0.013240132091695275,0.10788623454037376,0.25464088327592627,false,m12_joint_hybrid_synergy,P3_damped_tail,-0.001044661302493255,1.0
7,2024-09-21,9,20,1152.0459920638211,1132.8585374544748,0.07140636050047779,-0.01665511163749036,0.07140636050047779,0.27832144269701764,false,m12_joint_hybrid_synergy,P3_damped_tail,0.0,1.0
8,2024-09-28,9,23,1132.8585374544748,1136.7364180233608,0.05995208101938296,0.0034230933878111576,0.05995208101938296,0.272817067551781,false,m12_joint_hybrid_synergy,P3_damped_tail,-0.01665511163749045,1.0
9,2024-10-05,9,20,1136.7364180233608,1149.8969288128044,0.06567602382744833,0.011577451536503169,0.06567602382744833,0.27800981967505534,false,m12_joint_hybrid_synergy,P3_damped_tail,-0.01328903025219863,1.0
10,2024-10-19,9,26,1149.8969288128044,1153.2644162932322,0.0950005162956522,0.002928512457115819,0.09500051629565218,0.2686012930555588,false,m12_joint_hybrid_synergy,P3_damped_tail,-0.0018654318194074593,1.0
11,2024-10-26,5,10,1153.2644162932322,1187.0461868440002,0.04668350983693281,0.029292302852235417,0.0466835098369328,0.28869614000324423,false,m12_joint_hybrid_synergy,P3_damped_tail,0.0,1.0
12,2024-11-02,9,17,1187.0461868440002,1138.3280933721512,0.10276579965994409,-0.041041447259416074,0.10276579965994409,0.26396884451377245,false,m12_joint_hybrid_synergy,P3_damped_tail,0.0,1.0
13,2024-11-09,9,21,1138.3280933721512,1269.719067989956,0.0844607547247634,0.1154245207359998,0.0844607547247634,0.26319921266774776,false,m12_joint_hybrid_synergy,P3_damped_tail,-0.04104144725941605,1.0
14,2024-11-16,9,24,1269.719067989956,1351.10622002495,0.07630543476892863,0.06409855068478629,0.07630543476892863,0.2617548699233474,false,m12_joint_hybrid_synergy,P3_damped_tail,0.0,1.0
15,2024-11-23,1,3,1351.10622002495,1334.4544471245274,0.01570191386745295,-0.012324547584508239,0.01570191386745295,0.2609093027080925,false,m12_joint_hybrid_synergy,P3_damped_tail,0.0,1.0
16,2024-11-30,1,4,1334.4544471245274,1328.9783915047353,0.00410359127026913,-0.00410359127026913,0.00410359127026913,0.5557543663332453,false,m12_joint_hybrid_synergy,P3_damped_tail,-0.012324547584508294,1.0
17,2024-12-03,3,6,1328.9783915047353,1363.5647001758334,0.022315211987231565,0.026024733654200407,0.02231521198723157,0.2737341738113255,false,m12_joint_hybrid_synergy,P3_damped_tail,-0.016377563948899665,1.0
18,2024-12-07,8,18,1363.5647001758334,1422.0622855019228,0.04719863701672342,0.0429004837970254,0.04719863701672342,0.26486235746164016,false,m12_joint_hybrid_synergy,P3_damped_tail,0.0,1.0
19,2024-12-14,9,21,1422.0622855019228,1561.039198548444,0.08870089786896719,0.09772913216488884,0.0887008978689672,0.2894293204595409,false,m12_joint_hybrid_synergy,P3_damped_tail,0.0,1.0
20,2024-12-17,3,7,1561.039198548444,1559.8583300812406,0.035504206809328406,-0.0007564630460922527,0.035504206809328406,0.30973188018435094,false,m12_joint_hybrid_synergy,P3_damped_tail,0.0,1.0
21,2024-12-21,9,23,1559.8583300812406,1564.1955695702454,0.07310022231529902,0.002780534235297255,0.07310022231529902,0.26810646515083064,false,m12_joint_hybrid_synergy,P3_damped_tail,-0.0007564630460922261,1.0
22,2024-12-28,8,30,1564.1955695702454,1690.460997747193,0.10567042780348515,0.0807222770817834,0.10567042780348514,0.2841005813098459,false,m12_joint_hybrid_synergy,P3_damped_tail,0.0,1.0
23,2025-01-04,8,16,1690.460997747193,1676.5607917109057,0.05371888998597098,-0.008222730991611962,0.053718889985971,0.2783213263783843,false,m12_joint_hybrid_synergy,P3_damped_tail,0.0,1.0
24,2025-01-08,1,6,1676.5607917109057,1680.0283875096443,0.0154141996699068,0.0020682791914750313,0.0154141996699068,0.4043130113335282,false,m12_joint_hybrid_synergy,P3_damped_tail,-0.008222730991612082,1.0
25,2025-01-11,5,16,1680.0283875096443,1618.8690422049906,0.050525717258652354,-0.03640375707895752,0.050525717258652354,0.2711473313649361,false,m12_joint_hybrid_synergy,P3_damped_tail,-0.006171458703544075,1.0
26,2025-01-14,1,2,1618.8690422049906,1591.0955526968767,0.017156106382938123,-0.017156106382938123,0.017156106382938123,0.25865480660329093,false,m12_joint_hybrid_synergy,P3_damped_tail,-0.04235055149903488,1.0
27,2025-01-17,1,3,1591.0955526968767,1629.7461222609138,0.009655057693759794,0.02429179661681858,0.009655057693759794,0.27252733808888996,false,m12_joint_hybrid_synergy,P3_damped_tail,-0.05878008731507944,0.75
28,2025-01-18,3,9,1629.7461222609138,1558.6027709564792,0.0436530268933782,-0.0436530268933782,0.0436530268933782,0.2644068874807167,false,m12_joint_hybrid_synergy,P3_damped_tail,-0.035916164624437585,1.0
29,2025-01-21,1,4,1558.6027709564792,1596.453806043676,0.010725782682002473,0.024285235335471902,0.010725782682002473,0.2575027500608741,false,m12_joint_hybrid_synergy,P3_damped_tail,-0.07800134221755828,0.75
30,2025-01-25,8,17,1596.453806043676,1573.1638393463713,0.09068030930837827,-0.014588562856711541,0.09068030930837827,0.26382959638384884,false,m12_joint_hybrid_synergy,P3_damped_tail,-0.05561038783432237,0.75
31,2025-01-28,1,4,1573.1638393463713,1585.9251478939482,0.014730811808409017,0.008111875081542116,0.014730811808409017,0.3778721271892013,false,m12_joint_hybrid_synergy,P3_damped_tail,-0.06938767505262688,0.75
32,2025-02-01,9,21,1585.9251478939482,1770.2615214134046,0.0959320312119928,0.11623270730289414,0.09593203121199281,0.2733157939497119,false,m12_joint_hybrid_synergy,P3_damped_tail,-0.061838664123310405,0.75
33,2025-02-04,1,1,1770.2615214134046,1771.2257067503635,0.006538499450556342,0.000544657004231343,0.006538499450556342,1.0,false,m12_joint_hybrid_synergy,P3_damped_tail,0.0,1.0
34,2025-02-08,8,22,1771.2257067503635,1792.2337593734842,0.07282061090448831,0.011860742842121252,0.07282061090448831,0.275832540545937,false,m12_joint_hybrid_synergy,P3_damped_tail,0.0,1.0
35,2025-02-11,1,3,1792.2337593734842,1797.1248422708418,0.005438908511414541,0.0027290429453059517,0.005438908511414541,0.3481872277949713,false,m12_joint_hybrid_synergy,P3_damped_tail,0.0,1.0
36,2025-02-15,8,25,1797.1248422708418,1789.670078514512,0.07567165730675426,-0.004148161319115707,0.07567165730675426,0.266255403021822,false,m12_joint_hybrid_synergy,P3_damped_tail,0.0,1.0
37,2025-02-22,9,27,1789.670078514512,1827.7277166463543,0.10674398422834055,0.021265169814668628,0.10674398422834053,0.2746798903538559,false,m12_joint_hybrid_synergy,P3_damped_tail,-0.004148161319115662,1.0
38,2025-02-25,1,3,1827.7277166463543,1789.2361466842378,0.021059794416612373,-0.021059794416612373,0.021059794416612373,0.2696723198301303,false,m12_joint_hybrid_synergy,P3_damped_tail,0.0,1.0
39,2025-03-01,9,27,1789.2361466842378,1911.9823652960877,0.12533655367507834,0.06860258152023112,0.12533655367507834,0.2700609479043582,false,m12_joint_hybrid_synergy,P3_damped_tail,-0.02105979441661232,1.0
40,2025-03-04,2,6,1911.9823652960877,1864.9637576393961,0.03948185680225316,-0.02459154880824974,0.03948185680225316,0.26139061881777015,false,m12_joint_hybrid_synergy,P3_damped_tail,0.0,1.0
41,2025-03-08,9,28,1864.9637576393961,1733.1270536606307,0.13586917363659012,-0.07069129544138675,0.13586917363659012,0.26962317760997073,false,m12_joint_hybrid_synergy,P3_damped_tail,-0.024591548808249764,1.0
42,2025-03-11,2,7,1733.1270536606307,1683.130736369006,0.03955671094669739,-0.028847462271173203,0.03955671094669738,0.2684343177499708,false,m12_joint_hybrid_synergy,P3_damped_tail,-0.0935444358074713,0.75
43,2025-03-15,9,25,1683.130736369006,1810.9226015481452,0.10360171564089171,0.07592509744954379,0.1036017156408917,0.2579941699693748,false,m12_joint_hybrid_synergy,P3_damped_tail,-0.11969337849601036,0.5
44,2025-03-22,9,33,1810.9226015481452,1781.027014478579,0.1334519075895179,-0.016508484152778488,0.13345190758951786,0.2697402920524471,false,m12_joint_hybrid_synergy,P3_damped_tail,-0.05285601247284122,0.75
45,2025-03-29,9,19,1781.027014478579,1883.284236004941,0.07436495077527797,0.05741475041932428,0.07436495077527797,0.2849207400933142,false,m12_joint_hybrid_synergy,P3_damped_tail,-0.06849192398133286,0.75
46,2025-04-05,9,26,1883.284236004941,1939.5372642676255,0.09449449932098691,0.029869643247274997,0.09449449932098693,0.26483344736771575,false,m12_joint_hybrid_synergy,P3_damped_tail,-0.015009620283136127,1.0
47,2025-04-12,9,30,1939.5372642676255,1898.8605566162892,0.12288402297175453,-0.020972377484428505,0.12288402297175452,0.2661296605524384,false,m12_joint_hybrid_synergy,P3_damped_tail,0.0,1.0
48,2025-04-19,9,22,1898.8605566162892,1945.6352359630696,0.10793345784961361,0.024633024886320107,0.10793345784961361,0.2736251625453657,false,m12_joint_hybrid_synergy,P3_damped_tail,-0.020972377484428484,1.0
49,2025-04-26,8,18,1945.6352359630696,1880.35713588899,0.06663210719641352,-0.03355104742527324,0.06663210719641353,0.26641697351768184,false,m12_joint_hybrid_synergy,P3_damped_tail,0.0,1.0
50,2025-05-03,9,30,1880.35713588899,1920.0034707045127,0.16501990862700203,0.021084470635297,0.16501990862700205,0.28440972145558974,false,m12_joint_hybrid_synergy,P3_damped_tail,-0.03355104742527326,1.0
51,2025-08-02,9,28,1920.0034707045127,1783.1797013372131,0.12347848618327813,-0.07126225106098082,0.12347848618327814,0.2697823151169242,false,m12_joint_hybrid_synergy,P3_damped_tail,-0.013173982864197797,1.0
52,2025-08-09,9,29,1783.1797013372131,1846.9720616553257,0.18299171101478506,0.035774498930351374,0.18299171101478506,0.29390504855341276,false,m12_joint_hybrid_synergy,P3_damped_tail,-0.08349742625083711,0.75
53,2025-08-16,6,21,1846.9720616553257,2020.632622888475,0.10746299983077073,0.09402446568547898,0.10746299983077076,0.26397019201974936,false,m12_joint_hybrid_synergy,P3_damped_tail,-0.050710005906583366,0.75
54,2025-08-23,9,31,2020.632622888475,1940.4492297783613,0.12366766832081237,-0.03968232136898405,0.12366766832081236,0.3081603050595159,false,m12_joint_hybrid_synergy,P3_damped_tail,0.0,1.0
55,2025-08-30,9,29,1940.4492297783613,1728.8360018501764,0.14782792810188466,-0.10905373079632469,0.1478279281018847,0.2869023369535995,false,m12_joint_hybrid_synergy,P3_damped_tail,-0.039682321368984086,1.0
56,2025-09-13,8,25,1728.8360018501764,1668.8468503309928,0.1312816217534987,-0.03469915680549468,0.13128162175349872,0.2946397091708771,false,m12_joint_hybrid_synergy,P3_damped_tail,-0.14440854697336225,0.5
57,2025-09-20,9,24,1668.8468503309928,1640.3648780590004,0.1136357014669726,-0.017066858032145672,0.11363570146697256,0.2790243832529941,false,m12_joint_hybrid_synergy,P3_damped_tail,-0.17409684896337452,0.25
58,2025-09-27,9,31,1640.3648780590004,1893.5551174029085,0.15842338664487005,0.1543499514836611,0.15842338664487007,0.2734256448435499,false,m12_joint_hybrid_synergy,P3_damped_tail,-0.1881924207904183,0.25
59,2025-10-04,9,33,1893.5551174029085,1941.7601354008223,0.15032027650103658,0.025457414761725455,0.1503202765010366,0.3021617868624153,false,m12_joint_hybrid_synergy,P3_damped_tail,-0.06288996032535121,0.75
60,2025-10-07,1,4,1941.7601354008223,1920.310442086873,0.018596895897331763,-0.011046520588662519,0.018596895897331763,0.2653070201111062,false,m12_joint_hybrid_synergy,P3_damped_tail,-0.03903356136797653,1.0
61,2025-10-18,9,30,1920.310442086873,2082.3585767956797,0.12065943550813002,0.08438642583888813,0.12065943550813003,0.2884000325039855,false,m12_joint_hybrid_synergy,P3_damped_tail,-0.04964889691733887,1.0
62,2025-10-24,1,6,2082.3585767956797,2180.6249568988155,0.02125527447061972,0.04718994182757304,0.02125527447061972,0.28259248278724564,false,m12_joint_hybrid_synergy,P3_damped_tail,0.0,1.0
63,2025-10-25,4,11,2180.6249568988155,2249.5417664458846,0.05527815166650639,0.031604155189106704,0.05527815166650639,0.2742803973866629,false,m12_joint_hybrid_synergy,P3_damped_tail,0.0,1.0
64,2025-11-01,9,27,2249.5417664458846,2293.138811037489,0.10194287284415196,0.019380411265039227,0.10194287284415199,0.27785103219061397,false,m12_joint_hybrid_synergy,P3_damped_tail,0.0,1.0
65,2025-11-08,9,24,2293.138811037489,2236.1923339124155,0.09493035435841678,-0.024833419089579343,0.09493035435841676,0.27253022228057633,false,m12_joint_hybrid_synergy,P3_damped_tail,0.0,1.0
66,2025-11-15,8,27,2236.1923339124155,2318.0870657960177,0.10166135774657184,0.036622400784426516,0.10166135774657184,0.26859833443933395,false,m12_joint_hybrid_synergy,P3_damped_tail,-0.024833419089579367,1.0
67,2025-11-22,9,35,2318.0870657960177,2420.9788298110784,0.15476066114283332,0.044386496751246084,0.15476066114283335,0.2866529134074799,false,m12_joint_hybrid_synergy,P3_damped_tail,0.0,1.0
68,2025-11-25,1,5,2420.9788298110784,2426.1436161661763,0.02144927727785556,0.002133346352103778,0.02144927727785556,0.2711898766100513,false,m12_joint_hybrid_synergy,P3_damped_tail,0.0,1.0
69,2025-12-06,8,22,2426.1436161661763,2234.327122163497,0.12581352169198853,-0.0790622998261705,0.1258135216919885,0.2719169856914087,false,m12_joint_hybrid_synergy,P3_damped_tail,0.0,1.0
70,2025-12-13,9,34,2234.327122163497,2381.2684484190054,0.12830738609922082,0.06576535942204635,0.1283073860992208,0.2858174922319658,false,m12_joint_hybrid_synergy,P3_damped_tail,-0.07906229982617041,0.75
71,2025-12-20,9,25,2381.2684484190054,2654.877255869551,0.0993167206321499,0.11490044628618082,0.09931672063214989,0.27123994683308833,false,m12_joint_hybrid_synergy,P3_damped_tail,-0.018496500968925855,1.0
72,2025-12-27,9,34,2654.877255869551,2866.034226349702,0.09724401840809872,0.07953549265349798,0.0972440184080987,0.2875148961340568,false,m12_joint_hybrid_synergy,P3_damped_tail,0.0,1.0
73,2026-01-03,4,11,2866.034226349702,2857.218570779964,0.0476215798693825,-0.003075907289832323,0.0476215798693825,0.26245663157282584,false,m12_joint_hybrid_synergy,P3_damped_tail,0.0,1.0
74,2026-01-10,5,18,2857.218570779964,2777.0588048797267,0.07192614379778145,-0.028055174609324784,0.07192614379778146,0.2749074411682928,false,m12_joint_hybrid_synergy,P3_damped_tail,-0.0030759072898323137,1.0
75,2026-01-17,2,10,2777.0588048797267,2896.2570662118997,0.04763715082873548,0.04292248371648562,0.04763715082873547,0.272309477558582,false,m12_joint_hybrid_synergy,P3_damped_tail,-0.031044786783058664,1.0
76,2026-01-20,2,9,2896.2570662118997,2806.975651504508,0.03783766138276864,-0.03082648144357089,0.03783766138276864,0.2629101171241224,false,m12_joint_hybrid_synergy,P3_damped_tail,0.0,1.0
77,2026-01-24,8,32,2806.975651504508,2781.8677735519564,0.14033119122680168,-0.008944815014371102,0.1403311912268017,0.2919574372703621,false,m12_joint_hybrid_synergy,P3_damped_tail,-0.030826481443570808,1.0
78,2026-01-31,9,28,2781.8677735519564,2839.7122766879615,0.12362029290172566,0.02079340495114478,0.12362029290172565,0.2671288686942747,false,m12_joint_hybrid_synergy,P3_damped_tail,-0.03949555928388515,1.0
79,2026-02-07,5,18,2839.7122766879615,2754.5581416378773,0.07300619309276436,-0.02998688837215646,0.07300619309276438,0.27122338767702936,false,m12_joint_hybrid_synergy,P3_damped_tail,-0.019523401490702197,1.0
80,2026-02-10,3,12,2754.5581416378773,2752.8517923113063,0.05194205163657012,-0.0006194638990471055,0.05194205163657012,0.29481996956399986,false,m12_joint_hybrid_synergy,P3_damped_tail,-0.04892484380171214,1.0
81,2026-02-14,6,25,2752.8517923113063,2729.773168431917,0.10379183795940632,-0.008383533012510146,0.10379183795940632,0.3128379824946918,false,m12_joint_hybrid_synergy,P3_damped_tail,-0.04951400052625765,1.0
82,2026-02-17,4,15,2729.773168431917,2740.135351288634,0.04643664438415064,0.003795986778882994,0.04643664438415065,0.29007910603765497,false,m12_joint_hybrid_synergy,P3_damped_tail,-0.05748243128077435,0.75
83,2026-02-21,9,28,2740.135351288634,2791.8103053112072,0.1016638717450653,0.018858540691528758,0.1016638717450653,0.25703662074144945,false,m12_joint_hybrid_synergy,P3_damped_tail,-0.05390464705105125,0.75
84,2026-02-24,3,6,2791.8103053112072,2840.088830206105,0.017371605563137424,0.017292910196316357,0.017371605563137424,0.27116493198232733,false,m12_joint_hybrid_synergy,P3_damped_tail,-0.03606266933939717,1.0
85,2026-02-28,9,29,2840.088830206105,2897.6419347583924,0.14832053569435588,0.02026454381995881,0.1483205356943559,0.26519572809514175,false,m12_joint_hybrid_synergy,P3_damped_tail,-0.019393387645406435,1.0
86,2026-03-03,2,8,2897.6419347583924,2800.7992877861684,0.034933402504286795,-0.03342119183552556,0.034933402504286795,0.2817938208668775,false,m12_joint_hybrid_synergy,P3_damped_tail,0.0,1.0
87,2026-03-07,9,22,2800.7992877861684,2660.755322728755,0.1264811701119865,-0.05000142840228578,0.12648117011198654,0.26511722092655066,false,m12_joint_hybrid_synergy,P3_damped_tail,-0.03342119183552561,1.0
88,2026-03-10,3,9,2660.755322728755,2608.1730529801957,0.05483709636063578,-0.019762159000261997,0.05483709636063577,0.269127741619283,false,m12_joint_hybrid_synergy,P3_damped_tail,-0.08175151290712845,0.75
89,2026-03-14,9,25,2608.1730529801957,2575.792297724288,0.12544689174670903,-0.012415109963239771,0.12544689174670903,0.2591487276397851,false,m12_joint_hybrid_synergy,P3_damped_tail,-0.09989808551080792,0.75
90,2026-03-17,1,3,2575.792297724288,2472.4708061780307,0.04011250893076351,-0.04011250893076351,0.04011250893076351,0.25391030163692174,false,m12_joint_hybrid_synergy,P3_damped_tail,-0.11107294975731385,0.5
91,2026-03-21,9,27,2472.4708061780307,2381.768360559194,0.13433472935258128,-0.03668494098785542,0.1343347293525813,0.26440505266025865,false,m12_joint_hybrid_synergy,P3_damped_tail,-0.14673004399897083,0.5
92,2026-03-24,2,6,2381.768360559194,2372.3700695483917,0.01364773705634277,-0.0039459299092360015,0.013647737056342773,0.26371137902578595,false,m12_joint_hybrid_synergy,P3_damped_tail,-0.17803220198157854,0.25
93,2026-03-27,1,7,2372.3700695483917,2410.105575423181,0.02721227201371312,0.01590624766311158,0.02721227201371312,0.2732983653264469,false,m12_joint_hybrid_synergy,P3_damped_tail,-0.18127562930020824,0.25
94,2026-03-28,7,23,2410.105575423181,2491.381297217817,0.0741795823621395,0.0337228885835696,0.0741795823621395,0.26886403197901554,false,m12_joint_hybrid_synergy,P3_damped_tail,-0.1682527966920324,0.25
95,2026-04-04,8,25,2491.381297217817,2328.997627366733,0.09801508315376779,-0.0651781684451198,0.09801508315376782,0.27386414734434666,false,m12_joint_hybrid_synergy,P3_damped_tail,-0.14020387842518223,0.5
96,2026-04-07,1,5,2328.997627366733,2324.360402896094,0.016044327140584576,-0.001991081663695146,0.016044327140584576,0.38030094838624867,false,m12_joint_hybrid_synergy,P3_damped_tail,-0.19624381486564635,0.25
97,2026-04-11,9,28,2324.360402896094,2408.6531074438803,0.16653546434156866,0.03626490299987884,0.16653546434156863,0.26824394643401267,false,m12_joint_hybrid_synergy,P3_damped_tail,-0.19784415906794883,0.25
98,2026-04-14,1,6,2408.6531074438803,2358.087310096791,0.04631513496843017,-0.020993391364998396,0.04631513496843017,0.26947807227225395,false,m12_joint_hybrid_synergy,P3_damped_tail,-0.1687540553057617,0.25
99,2026-04-18,9,28,2358.087310096791,2459.9131527216546,0.14330595460619544,0.043181540475142194,0.14330595460619544,0.24443270735070055,false,m12_joint_hybrid_synergy,P3_damped_tail,-0.1862047267432958,0.25
100,2026-04-25,9,38,2459.9131527216546,2413.5969690346565,0.17531663609539924,-0.0188283816588215,0.17531663609539924,0.26357345529843285,false,m12_joint_hybrid_synergy,P3_damped_tail,-0.15106379321268204,0.25
1,2024-08-03,9,29,1000.0,1008.7562877864565,0.15551485549980562,0.008756287786456433,0.15551485549980562,0.2622946146503351,false,m12_joint_hybrid_synergy,P4_drawdown_adaptive,0.0,1.0
2,2024-08-10,9,21,1008.7562877864565,970.7482706602059,0.11827992935900994,-0.0376780968668385,0.11827992935900994,0.2527186200470216,false,m12_joint_hybrid_synergy,P4_drawdown_adaptive,0.0,1.0
3,2024-08-17,8,21,970.7482706602059,1019.1121367888683,0.11116481093174714,0.04982122306102083,0.11116481093174714,0.26787017577709615,false,m12_joint_hybrid_synergy,P4_drawdown_adaptive,-0.03767809686683854,1.0
4,2024-08-24,8,22,1019.1121367888683,1157.5664685645734,0.10769149217602066,0.13585779893855693,0.10769149217602066,0.2677011100284652,false,m12_joint_hybrid_synergy,P4_drawdown_adaptive,0.0,1.0
5,2024-08-31,9,19,1157.5664685645734,1174.4941893156554,0.0895270951158684,0.01462354103265697,0.0895270951158684,0.2661354522316203,false,m12_joint_hybrid_synergy,P4_drawdown_adaptive,0.0,1.0
6,2024-09-14,8,23,1174.4941893156554,1188.2214067017424,0.11727187657010475,0.011687769518966454,0.11727187657010475,0.2541000311830697,false,m12_joint_hybrid_synergy,P4_drawdown_adaptive,0.0,1.0
7,2024-09-21,9,20,1188.2214067017424,1175.1377322214664,0.08516575661979664,-0.01101114186841105,0.08516575661979664,0.2751575461918246,false,m12_joint_hybrid_synergy,P4_drawdown_adaptive,0.0,1.0
8,2024-09-28,9,23,1175.1377322214664,1187.7892377765668,0.07041582881785208,0.010765976794213053,0.07041582881785206,0.2665158830789784,false,m12_joint_hybrid_synergy,P4_drawdown_adaptive,-0.011011141868411123,1.0
9,2024-10-05,9,20,1187.7892377765668,1207.5281534274257,0.07838836975932419,0.016618197086722318,0.07838836975932419,0.27326578215468256,false,m12_joint_hybrid_synergy,P4_drawdown_adaptive,-0.0003637107720312338,1.0
10,2024-10-19,9,26,1207.5281534274257,1204.656566673214,0.10518210483490677,-0.002378070230545609,0.10518210483490677,0.2698933332904064,false,m12_joint_hybrid_synergy,P4_drawdown_adaptive,0.0,1.0
11,2024-10-26,5,10,1204.656566673214,1232.6744899459156,0.055896494443483914,0.023258017303700078,0.055896494443483914,0.27557125072773614,false,m12_joint_hybrid_synergy,P4_drawdown_adaptive,-0.0023780702305457035,1.0
12,2024-11-02,9,17,1232.6744899459156,1184.789130085441,0.1085639921599782,-0.038846719268584615,0.1085639921599782,0.2636576839372803,false,m12_joint_hybrid_synergy,P4_drawdown_adaptive,0.0,1.0
13,2024-11-09,9,21,1184.789130085441,1319.3339398118574,0.09211020202213704,0.11356013176514684,0.09211020202213706,0.26374106112769957,false,m12_joint_hybrid_synergy,P4_drawdown_adaptive,-0.03884671926858452,1.0
14,2024-11-16,9,24,1319.3339398118574,1400.1427585275253,0.08498354844890732,0.06124970811195204,0.08498354844890729,0.2603859357832298,false,m12_joint_hybrid_synergy,P4_drawdown_adaptive,0.0,1.0
15,2024-11-23,1,3,1400.1427585275253,1383.9994303793212,0.03312856821233806,-0.011529772981993144,0.03312856821233806,0.27809275683944795,false,m12_joint_hybrid_synergy,P4_drawdown_adaptive,0.0,1.0
16,2024-11-30,1,4,1383.9994303793212,1378.2961293892563,0.004120883914310424,-0.004120883914310424,0.004120883914310424,0.27382185317325725,false,m12_joint_hybrid_synergy,P4_drawdown_adaptive,-0.011529772981993203,1.0
17,2024-12-03,3,6,1378.2961293892563,1402.4957453750062,0.03183066048568318,0.01755763182508034,0.03183066048568317,0.27027367102463523,false,m12_joint_hybrid_synergy,P4_drawdown_adaptive,-0.01560314404028651,1.0
18,2024-12-07,8,18,1402.4957453750062,1457.2731783789607,0.05445539790846793,0.03905711171288293,0.054455397908467935,0.264936029905608,false,m12_joint_hybrid_synergy,P4_drawdown_adaptive,0.0,1.0
19,2024-12-14,9,21,1457.2731783789607,1606.6840104031571,0.0901567936651695,0.10252767582698376,0.09015679366516947,0.27100703130771314,false,m12_joint_hybrid_synergy,P4_drawdown_adaptive,0.0,1.0
20,2024-12-17,3,7,1606.6840104031571,1599.1270668267025,0.03618164469014152,-0.004703441079592334,0.03618164469014152,0.28058809387896777,false,m12_joint_hybrid_synergy,P4_drawdown_adaptive,0.0,1.0
21,2024-12-21,9,23,1599.1270668267025,1604.7686203746107,0.08075009160578292,0.003527895728200811,0.08075009160578292,0.2674889727857576,false,m12_joint_hybrid_synergy,P4_drawdown_adaptive,-0.00470344107959253,1.0
22,2024-12-28,8,30,1604.7686203746107,1727.7070253686109,0.12313660230923189,0.07660818103814972,0.1231366023092319,0.26964057453508145,false,m12_joint_hybrid_synergy,P4_drawdown_adaptive,-0.0011921386010842472,1.0
23,2025-01-04,8,16,1727.7070253686109,1699.1842508279597,0.05997374298298931,-0.016509034299125872,0.05997374298298931,0.26589399278833303,false,m12_joint_hybrid_synergy,P4_drawdown_adaptive,0.0,1.0
24,2025-01-08,1,6,1699.1842508279597,1729.7968070073512,0.020908615994014147,0.018016031024578275,0.020908615994014147,0.2729220600482164,false,m12_joint_hybrid_synergy,P4_drawdown_adaptive,-0.01650903429912587,1.0
25,2025-01-11,5,16,1729.7968070073512,1658.3564635812966,0.0586513838331655,-0.041299846974310495,0.05865138383316551,0.2718958281886838,false,m12_joint_hybrid_synergy,P4_drawdown_adaptive,0.0,1.0
26,2025-01-14,1,2,1658.3564635812966,1629.905523671263,0.017156106382938123,-0.017156106382938123,0.017156106382938123,0.25865480660329093,false,m12_joint_hybrid_synergy,P4_drawdown_adaptive,-0.04129984697431055,1.0
27,2025-01-17,1,3,1629.905523671263,1662.735114046859,0.013346962186505829,0.020142020441558727,0.013346962186505829,0.3584686898107276,false,m12_joint_hybrid_synergy,P4_drawdown_adaptive,-0.05774740878895823,0.75
28,2025-01-18,3,9,1662.735114046859,1578.8365152293254,0.0504581867001874,-0.0504581867001874,0.05045818670018741,0.2632016739310123,false,m12_joint_hybrid_synergy,P4_drawdown_adaptive,-0.03876853783567369,1.0
29,2025-01-21,1,4,1578.8365152293254,1619.6850056283815,0.01348177023924196,0.025872527019127844,0.01348177023924196,0.3588571219271956,false,m12_joint_hybrid_synergy,P4_drawdown_adaptive,-0.08727053441565535,0.75
30,2025-01-25,8,17,1619.6850056283815,1593.2251429560347,0.09285585792883884,-0.01633642503350915,0.09285585792883884,0.3537499932684423,false,m12_joint_hybrid_synergy,P4_drawdown_adaptive,-0.06365591665617043,0.75
31,2025-01-28,1,4,1593.2251429560347,1624.5465398054537,0.017821231550601502,0.019659115340915325,0.017821231550601502,0.36845965796038815,false,m12_joint_hybrid_synergy,P4_drawdown_adaptive,-0.07895243157928666,0.75
32,2025-02-01,9,21,1624.5465398054537,1839.2823168299024,0.11808185589973118,0.1321819792556785,0.11808185589973118,0.3595185772926855,false,m12_joint_hybrid_synergy,P4_drawdown_adaptive,-0.06084545119723428,0.75
33,2025-02-04,1,1,1839.2823168299024,1841.0193955887662,0.011337730064668039,0.0009444329143868472,0.011337730064668039,0.2889992867222603,false,m12_joint_hybrid_synergy,P4_drawdown_adaptive,0.0,1.0
34,2025-02-08,8,22,1841.0193955887662,1841.3171809966477,0.09377562046989885,0.00016175028280252315,0.09377562046989883,0.2715796469990296,false,m12_joint_hybrid_synergy,P4_drawdown_adaptive,0.0,1.0
35,2025-02-11,1,3,1841.3171809966477,1846.9579278537324,0.006515850753694506,0.003063430307010737,0.006515850753694506,0.27909631279767216,false,m12_joint_hybrid_synergy,P4_drawdown_adaptive,0.0,1.0
36,2025-02-15,8,25,1846.9579278537324,1842.5962127454416,0.08818528013824185,-0.002361567116669231,0.08818528013824187,0.266356326212491,false,m12_joint_hybrid_synergy,P4_drawdown_adaptive,0.0,1.0
37,2025-02-22,9,27,1842.5962127454416,1871.5323826352694,0.135942740241755,0.01570402114672391,0.135942740241755,0.2711267420651818,false,m12_joint_hybrid_synergy,P4_drawdown_adaptive,-0.0023615671166691277,1.0
38,2025-02-25,1,3,1871.5323826352694,1832.118295412938,0.021059794416612373,-0.021059794416612373,0.021059794416612373,0.2696723198301303,false,m12_joint_hybrid_synergy,P4_drawdown_adaptive,0.0,1.0
39,2025-03-01,9,27,1832.118295412938,1954.694446701498,0.13109867532005023,0.06690405941333222,0.1310986753200502,0.26659910210403126,false,m12_joint_hybrid_synergy,P4_drawdown_adaptive,-0.02105979441661232,1.0
40,2025-03-04,2,6,1954.694446701498,1902.791768086858,0.04146529885744775,-0.026552834742138067,0.041465298857447756,0.2617795565255178,false,m12_joint_hybrid_synergy,P4_drawdown_adaptive,0.0,1.0
41,2025-03-08,9,28,1902.791768086858,1758.7129515072568,0.15016261236155543,-0.07571969723437669,0.15016261236155543,0.2688956423404578,false,m12_joint_hybrid_synergy,P4_drawdown_adaptive,-0.02655283474213821,1.0
42,2025-03-11,2,7,1758.7129515072568,1698.5329727053931,0.04811315917707034,-0.034218192770052745,0.04811315917707033,0.534734643900561,false,m12_joint_hybrid_synergy,P4_drawdown_adaptive,-0.10026195936912574,0.5
43,2025-03-15,9,25,1698.5329727053931,1818.4589282643767,0.11441681087851423,0.0706056093618057,0.11441681087851423,0.5135614086172168,false,m12_joint_hybrid_synergy,P4_drawdown_adaptive,-0.13104936908598241,0.5
44,2025-03-22,9,33,1818.4589282643767,1797.5377693525695,0.14531051971540584,-0.011504883935858341,0.14531051971540587,0.3547872798133896,false,m12_joint_hybrid_synergy,P4_drawdown_adaptive,-0.06969658028497272,0.75
45,2025-03-29,9,19,1797.5377693525695,1920.9136202052216,0.10138678069056267,0.06863602698990252,0.10138678069056266,0.3614593769429606,false,m12_joint_hybrid_synergy,P4_drawdown_adaptive,-0.0803996131539263,0.75
46,2025-04-05,9,26,1920.9136202052216,1961.6952423393072,0.10731137268571497,0.021230325874689118,0.10731137268571497,0.2624469466287048,false,m12_joint_hybrid_synergy,P4_drawdown_adaptive,-0.017281896182434475,1.0
47,2025-04-12,9,30,1961.6952423393072,1918.4387496429565,0.14152234714870304,-0.02205056716392284,0.14152234714870304,0.2665328750127719,false,m12_joint_hybrid_synergy,P4_drawdown_adaptive,0.0,1.0
48,2025-04-19,9,22,1918.4387496429565,1958.6291281923634,0.11363588989599131,0.02094952395894135,0.11363588989599127,0.271044242932968,false,m12_joint_hybrid_synergy,P4_drawdown_adaptive,-0.02205056716392284,1.0
49,2025-04-26,8,18,1958.6291281923634,1886.9865785246395,0.06974915224461398,-0.03657790473781183,0.06974915224461398,0.2671432967899613,false,m12_joint_hybrid_synergy,P4_drawdown_adaptive,-0.0015629920900901428,1.0
50,2025-05-03,9,30,1886.9865785246395,1953.087360197651,0.19999999999999998,0.035029810187994434,0.19999999999999998,0.276014668533354,true,m12_joint_hybrid_synergy,P4_drawdown_adaptive,-0.03808372585212483,1.0
51,2025-08-02,9,28,1953.087360197651,1806.688556356137,0.1343769868296223,-0.07495763211876928,0.1343769868296223,0.26976924971997623,false,m12_joint_hybrid_synergy,P4_drawdown_adaptive,-0.004387981351981818,1.0
52,2025-08-09,9,29,1806.688556356137,1858.5713914713483,0.2,0.02871708847254371,0.20000000000000007,0.38858019783847575,true,m12_joint_hybrid_synergy,P4_drawdown_adaptive,-0.07901670077882528,0.75
53,2025-08-16,6,21,1858.5713914713483,2015.4919594704231,0.11601748487963766,0.08443074542046396,0.11601748487963767,0.35014490988651237,false,m12_joint_hybrid_synergy,P4_drawdown_adaptive,-0.0525687418933557,0.75
54,2025-08-23,9,31,2015.4919594704231,1892.8946753522982,0.16264729794240412,-0.060827473680588474,0.16264729794240412,0.2888087328952062,false,m12_joint_hybrid_synergy,P4_drawdown_adaptive,0.0,1.0
55,2025-08-30,9,29,1892.8946753522982,1732.0662278324985,0.1923699157317211,-0.08496428756125424,0.19236991573172113,0.3721101241713841,false,m12_joint_hybrid_synergy,P4_drawdown_adaptive,-0.060827473680588495,0.75
56,2025-09-13,8,25,1732.0662278324985,1636.1062971820547,0.1731956744472109,-0.05540199855436692,0.17319567444721093,0.57145509187853,false,m12_joint_hybrid_synergy,P4_drawdown_adaptive,-0.14062359827642068,0.5
57,2025-09-20,9,24,1636.1062971820547,1596.5388306630637,0.12583202881681688,-0.024183921660310297,0.12583202881681685,1.0,false,m12_joint_hybrid_synergy,P4_drawdown_adaptive,-0.18823476844236742,0.25
58,2025-09-27,9,31,1596.5388306630637,1813.2939901040154,0.17038969121743092,0.13576566712814025,0.17038969121743094,1.0,false,m12_joint_hybrid_synergy,P4_drawdown_adaptive,-0.20786643520892079,0.25
59,2025-10-04,9,33,1813.2939901040154,1848.5752983171483,0.1901201605983449,0.01945702594597417,0.19012016059834488,0.5670959168021155,false,m12_joint_hybrid_synergy,P4_drawdown_adaptive,-0.10032189333046804,0.5
60,2025-10-07,1,4,1848.5752983171483,1826.9416089459805,0.019248548393398787,-0.011702898654364819,0.019248548393398787,0.35352129578100605,false,m12_joint_hybrid_synergy,P4_drawdown_adaptive,-0.08281683306597398,0.75
61,2025-10-18,9,30,1826.9416089459805,1988.8533040644438,0.18260604494280805,0.08862444991434358,0.18260604494280805,0.36259247398152106,false,m12_joint_hybrid_synergy,P4_drawdown_adaptive,-0.0935505347160922,0.75
62,2025-10-24,1,6,1988.8533040644438,2083.721894382333,0.030659649369632787,0.0477001446632665,0.030659649369632787,0.2689610247762919,false,m12_joint_hybrid_synergy,P4_drawdown_adaptive,-0.01321694948015506,1.0
63,2025-10-25,4,11,2083.721894382333,2144.533973089575,0.05937836628328815,0.02918435462582109,0.05937836628328816,0.2732654068588367,false,m12_joint_hybrid_synergy,P4_drawdown_adaptive,0.0,1.0
64,2025-11-01,9,27,2144.533973089575,2186.385414983681,0.11598976747487122,0.019515401676669274,0.11598976747487122,0.27363461621078583,false,m12_joint_hybrid_synergy,P4_drawdown_adaptive,0.0,1.0
65,2025-11-08,9,24,2186.385414983681,2146.7259814146632,0.11705008690312323,-0.018139269177897287,0.11705008690312327,0.2630682058056447,false,m12_joint_hybrid_synergy,P4_drawdown_adaptive,0.0,1.0
66,2025-11-15,8,27,2146.7259814146632,2212.7493581967537,0.12711903697088034,0.030755381615394588,0.12711903697088034,0.26793627701639006,false,m12_joint_hybrid_synergy,P4_drawdown_adaptive,-0.018139269177897432,1.0
67,2025-11-22,9,35,2212.7493581967537,2323.6397491732396,0.19999999999999998,0.05011430262795521,0.2,0.26925805837306305,true,m12_joint_hybrid_synergy,P4_drawdown_adaptive,0.0,1.0
68,2025-11-25,1,5,2323.6397491732396,2330.4539497302367,0.026008038864999035,0.0029325546524248056,0.026008038864999035,0.2660176995575875,false,m12_joint_hybrid_synergy,P4_drawdown_adaptive,0.0,1.0
69,2025-12-06,8,22,2330.4539497302367,2119.1715125739775,0.15147098985053303,-0.09066149416113363,0.15147098985053306,0.2711369532742675,false,m12_joint_hybrid_synergy,P4_drawdown_adaptive,0.0,1.0
70,2025-12-13,9,34,2119.1715125739775,2210.3194685179137,0.1718142114033275,0.04301112741612234,0.1718142114033276,0.3635375257618522,false,m12_joint_hybrid_synergy,P4_drawdown_adaptive,-0.0906614941611339,0.75
71,2025-12-20,9,25,2210.3194685179137,2440.4039116058966,0.12331867476659103,0.10409556010573488,0.123318674766591,0.3559441586947912,false,m12_joint_hybrid_synergy,P4_drawdown_adaptive,-0.05154981982211204,0.75
72,2025-12-27,9,34,2440.4039116058966,2593.058210341446,0.12875244037833475,0.06255288233622609,0.12875244037833475,0.27013540088327403,false,m12_joint_hybrid_synergy,P4_drawdown_adaptive,0.0,1.0
73,2026-01-03,4,11,2593.058210341446,2578.1898480497525,0.053283610918258166,-0.005733909957129411,0.053283610918258166,0.2614257796849264,false,m12_joint_hybrid_synergy,P4_drawdown_adaptive,0.0,1.0
74,2026-01-10,5,18,2578.1898480497525,2532.1994945452175,0.09112596550524389,-0.017838233883096057,0.09112596550524386,0.2696243950336046,false,m12_joint_hybrid_synergy,P4_drawdown_adaptive,-0.005733909957129524,1.0
75,2026-01-17,2,10,2532.1994945452175,2656.8102540616396,0.07114527332973004,0.049210482738368255,0.07114527332973004,0.2686172014549516,false,m12_joint_hybrid_synergy,P4_drawdown_adaptive,-0.023469861013345583,1.0
76,2026-01-20,2,9,2656.8102540616396,2571.910181321168,0.05440808312887754,-0.031955640268506016,0.05440808312887754,0.26038270307613615,false,m12_joint_hybrid_synergy,P4_drawdown_adaptive,0.0,1.0
77,2026-01-24,8,32,2571.910181321168,2527.4817829300355,0.1827900917955412,-0.01727447510173536,0.1827900917955412,0.275676310141855,false,m12_joint_hybrid_synergy,P4_drawdown_adaptive,-0.03195564026850606,1.0
78,2026-01-31,9,28,2527.4817829300355,2573.359048777899,0.15811086947500447,0.01815137349661904,0.1581108694750044,0.26654264363207497,false,m12_joint_hybrid_synergy,P4_drawdown_adaptive,-0.048678098458063146,1.0
79,2026-02-07,5,18,2573.359048777899,2519.413596339619,0.09897918060987773,-0.0209630492347732,0.09897918060987775,0.2622028744709389,false,m12_joint_hybrid_synergy,P4_drawdown_adaptive,-0.031410299307661704,1.0
80,2026-02-10,3,12,2519.413596339619,2517.7309994693874,0.0557749186001296,-0.0006678525799319085,0.055774918600129605,0.3641699534916436,false,m12_joint_hybrid_synergy,P4_drawdown_adaptive,-0.051714892891569275,0.75
81,2026-02-14,6,25,2517.7309994693874,2592.009804389172,0.1556811916073432,0.029502280003478976,0.15568119160734323,0.38921429930195,false,m12_joint_hybrid_synergy,P4_drawdown_adaptive,-0.05234820754686287,0.75
82,2026-02-17,4,15,2592.009804389172,2575.3010034540757,0.06809934722734008,-0.006446272273662894,0.06809934722734007,0.28269323259202667,false,m12_joint_hybrid_synergy,P4_drawdown_adaptive,-0.024390319020111684,1.0
83,2026-02-21,9,28,2575.3010034540757,2650.3008941573553,0.11497933448828307,0.02912276685431619,0.11497933448828307,0.2586603991863502,false,m12_joint_hybrid_synergy,P4_drawdown_adaptive,-0.03067936465652954,1.0
84,2026-02-24,3,6,2650.3008941573553,2706.6888094647825,0.01999534311189311,0.02127604281903817,0.01999534311189311,0.2688015697040175,false,m12_joint_hybrid_synergy,P4_drawdown_adaptive,-0.002450065786343991,1.0
85,2026-02-28,9,29,2706.6888094647825,2714.0072279997007,0.19065011107800642,0.0027038270928402192,0.19065011107800642,0.2643731668129745,false,m12_joint_hybrid_synergy,P4_drawdown_adaptive,0.0,1.0
86,2026-03-03,2,8,2714.0072279997007,2614.227272878079,0.04554910755123842,-0.03676480817450237,0.04554910755123842,0.2728192722685407,false,m12_joint_hybrid_synergy,P4_drawdown_adaptive,0.0,1.0
87,2026-03-07,9,22,2614.227272878079,2464.843003350526,0.1331710497460661,-0.057142801269566536,0.1331710497460661,0.26355211847487425,false,m12_joint_hybrid_synergy,P4_drawdown_adaptive,-0.03676480817450234,1.0
88,2026-03-10,3,9,2464.843003350526,2416.1323840076298,0.05483709636063557,-0.019762159000261917,0.05483709636063557,0.35883698882570936,false,m12_joint_hybrid_synergy,P4_drawdown_adaptive,-0.09180676531683951,0.75
89,2026-03-14,9,25,2416.1323840076298,2387.1802861346205,0.14495063673337688,-0.011982827623454524,0.14495063673337683,0.5187409372033621,false,m12_joint_hybrid_synergy,P4_drawdown_adaptive,-0.10975462442361039,0.5
90,2026-03-17,1,3,2387.1802861346205,2291.424495587703,0.04011250893076351,-0.04011250893076351,0.04011250893076351,0.5078206032738435,false,m12_joint_hybrid_synergy,P4_drawdown_adaptive,-0.12042228130171961,0.5
91,2026-03-21,9,27,2291.424495587703,2166.528718398133,0.1543225452117504,-0.05450573537555597,0.1543225452117504,1.0,false,m12_joint_hybrid_synergy,P4_drawdown_adaptive,-0.155704350398305,0.25
92,2026-03-24,2,6,2166.528718398133,2155.3620696462895,0.014351538548397432,-0.0051541660431346625,0.014351538548397432,1.0,false,m12_joint_hybrid_synergy,P4_drawdown_adaptive,-0.2017233056542279,0.25
93,2026-03-27,1,7,2155.3620696462895,2197.7822768540686,0.03938257043410207,0.01968124418870415,0.03938257043410207,1.0,false,m12_joint_hybrid_synergy,P4_drawdown_adaptive,-0.2058377562852507,0.25
94,2026-03-28,7,23,2197.7822768540686,2290.63838796747,0.08611741649383085,0.04224991351114027,0.08611741649383087,1.0,false,m12_joint_hybrid_synergy,P4_drawdown_adaptive,-0.1902076552412516,0.25
95,2026-04-04,8,25,2290.63838796747,2188.140828818396,0.11572219690057235,-0.044746285440550024,0.11572219690057235,1.0,false,m12_joint_hybrid_synergy,P4_drawdown_adaptive,-0.15599399871321107,0.25
96,2026-04-07,1,5,2188.140828818396,2180.9915741816794,0.01250551337344388,-0.003267273542250771,0.01250551337344388,1.0,false,m12_joint_hybrid_synergy,P4_drawdown_adaptive,-0.19376013216032695,0.25
97,2026-04-11,9,28,2180.9915741816794,2267.8390467249624,0.1814893472381283,0.03982017792795415,0.18148934723812832,1.0,false,m12_joint_hybrid_synergy,P4_drawdown_adaptive,-0.19639433834922715,0.25
98,2026-04-14,1,6,2267.8390467249624,2213.3619683407023,0.058650205629429936,-0.024021580571571832,0.058650205629429936,1.0,false,m12_joint_hybrid_synergy,P4_drawdown_adaptive,-0.16439461791838217,0.25
99,2026-04-18,9,28,2213.3619683407023,2278.490177486928,0.17684711401077308,0.029425015012366357,0.1768471140107731,0.9889728813110427,false,m12_joint_hybrid_synergy,P4_drawdown_adaptive,-0.18446717993009476,0.25
100,2026-04-25,9,38,2278.490177486928,2231.790246949609,0.20000000000000004,-0.020495998182808575,0.20000000000000004,1.0,true,m12_joint_hybrid_synergy,P4_drawdown_adaptive,-0.1604701144564603,0.25
1,2024-08-03,9,29,1000.0,1001.8725336560661,0.16110201289942397,0.001872533656066181,0.16110201289942394,0.26324031357778555,false,m13_joint_composite,P1_status_quo,0.0,1.0
2,2024-08-10,9,23,1001.8725336560661,961.2123214967431,0.1260055008495911,-0.040584216847371075,0.12600550084959114,0.2529255327547205,false,m13_joint_composite,P1_status_quo,0.0,1.0
3,2024-08-17,8,22,961.2123214967431,1009.768504131508,0.11436411394486652,0.05051556409426391,0.11436411394486654,0.2693126597714554,false,m13_joint_composite,P1_status_quo,-0.040584216847371235,1.0
4,2024-08-24,8,22,1009.768504131508,1143.4422704983926,0.10764646304113151,0.1323806058714973,0.10764646304113148,0.26897576400393874,false,m13_joint_composite,P1_status_quo,0.0,1.0
5,2024-08-31,9,18,1143.4422704983926,1160.1545100423273,0.08946517745116235,0.01461572654354482,0.08946517745116236,0.26548145018550284,false,m13_joint_composite,P1_status_quo,0.0,1.0
6,2024-09-14,8,22,1160.1545100423273,1192.1311092353722,0.11437017806142649,0.027562362526934867,0.11437017806142649,0.25392166808828787,false,m13_joint_composite,P1_status_quo,0.0,1.0
7,2024-09-21,9,18,1192.1311092353722,1178.3015864744364,0.08225687680755013,-0.011600672655716548,0.08225687680755013,0.27328501053094745,false,m13_joint_composite,P1_status_quo,0.0,1.0
8,2024-09-28,9,24,1178.3015864744364,1191.8096281293863,0.06768959963650935,0.011463993437679103,0.06768959963650936,0.26707281007232087,false,m13_joint_composite,P1_status_quo,-0.011600672655716515,1.0
9,2024-10-05,9,20,1191.8096281293863,1211.056913179171,0.09063164856915756,0.016149630440555163,0.09063164856915755,0.2726890779510493,false,m13_joint_composite,P1_status_quo,-0.00026966925323512747,1.0
10,2024-10-19,9,26,1211.056913179171,1209.3290536189465,0.09718812396081308,-0.0014267368786895222,0.09718812396081311,0.26482636622089617,false,m13_joint_composite,P1_status_quo,0.0,1.0
11,2024-10-26,5,8,1209.3290536189465,1228.7099716932373,0.049003157225150765,0.01602617419658673,0.049003157225150765,0.27740076407031,false,m13_joint_composite,P1_status_quo,-0.0014267368786894385,1.0
12,2024-11-02,9,17,1228.7099716932373,1183.5566107886882,0.10719527402156577,-0.03674859156740215,0.10719527402156577,0.26434491572488783,false,m13_joint_composite,P1_status_quo,0.0,1.0
13,2024-11-09,9,19,1183.5566107886882,1304.6995604027024,0.08655935474158079,0.10235501074451182,0.0865593547415808,0.2640403587286933,false,m13_joint_composite,P1_status_quo,-0.03674859156740218,1.0
14,2024-11-16,9,23,1304.6995604027024,1373.9873972372432,0.08636960546886449,0.05310635408902467,0.08636960546886452,0.26208623296829336,false,m13_joint_composite,P1_status_quo,0.0,1.0
15,2024-11-23,1,3,1373.9873972372432,1362.2881200416998,0.0289954725305784,-0.008514835885007177,0.0289954725305784,0.27800133607376015,false,m13_joint_composite,P1_status_quo,0.0,1.0
16,2024-11-30,1,2,1362.2881200416998,1354.503413090162,0.005714435028105256,-0.005714435028105256,0.005714435028105256,0.27470932998595055,false,m13_joint_composite,P1_status_quo,-0.008514835885007233,1.0
17,2024-12-03,3,6,1354.503413090162,1370.776044952588,0.03130482971610768,0.012013725255443714,0.03130482971610768,0.2713015482408155,false,m13_joint_composite,P1_status_quo,-0.01418061343667254,1.0
18,2024-12-07,8,16,1370.776044952588,1439.0377216433096,0.05541414469307328,0.04979783309029362,0.055414144693073285,0.2643598940848135,false,m13_joint_composite,P1_status_quo,-0.002337250175010519,1.0
19,2024-12-14,9,22,1439.0377216433096,1578.3220303523212,0.08896297065490943,0.09678989411754677,0.08896297065490943,0.2710764681724848,false,m13_joint_composite,P1_status_quo,0.0,1.0
20,2024-12-17,3,7,1578.3220303523212,1568.6152482784732,0.03560735461687829,-0.006150064364039415,0.03560735461687829,0.2800108121313581,false,m13_joint_composite,P1_status_quo,0.0,1.0
21,2024-12-21,9,24,1568.6152482784732,1579.8400135462414,0.08290212254572761,0.007155843525101004,0.08290212254572764,0.2684538402225366,false,m13_joint_composite,P1_status_quo,-0.006150064364039309,1.0
22,2024-12-28,8,32,1579.8400135462414,1705.6103215125124,0.14069219557472362,0.0796095217793329,0.14069219557472362,0.2699771683101026,false,m13_joint_composite,P1_status_quo,0.0,1.0
23,2025-01-04,8,16,1705.6103215125124,1672.4330840553246,0.06673842129745831,-0.019451827324641666,0.0667384212974583,0.2681185429226621,false,m13_joint_composite,P1_status_quo,0.0,1.0
24,2025-01-08,1,5,1672.4330840553246,1708.4802746169858,0.02000355318692402,0.021553741614734084,0.02000355318692402,0.27214675343411404,false,m13_joint_composite,P1_status_quo,-0.01945182732464157,1.0
25,2025-01-11,5,16,1708.4802746169858,1634.6510837025044,0.06194889029657679,-0.04321337039201853,0.06194889029657679,0.2721536319121216,false,m13_joint_composite,P1_status_quo,0.0,1.0
26,2025-01-14,1,2,1634.6510837025044,1610.5247417660994,0.014759322143388874,-0.014759322143388874,0.014759322143388874,0.25905806505987455,false,m13_joint_composite,P1_status_quo,-0.04321337039201856,1.0
27,2025-01-17,1,3,1610.5247417660994,1646.3012394177645,0.01397112338530887,0.02221418691924763,0.01397112338530887,0.26805039908466677,false,m13_joint_composite,P1_status_quo,-0.057334892480890076,0.75
28,2025-01-18,3,9,1646.3012394177645,1558.4114999991316,0.053386183108090436,-0.053386183108090436,0.05338618310809044,0.26353750959701666,false,m13_joint_composite,P1_status_quo,-0.03639435358020793,1.0
29,2025-01-21,1,4,1558.4114999991316,1606.0885488618044,0.016558071274194,0.03059336308972259,0.016558071274194,0.2686794229631678,false,m13_joint_composite,P1_status_quo,-0.08783758106396466,0.75
30,2025-01-25,8,16,1606.0885488618044,1563.2398970786903,0.09667195034965169,-0.026678885054924162,0.09667195034965169,0.2655328326319781,false,m13_joint_composite,P1_status_quo,-0.05993146498465485,0.75
31,2025-01-28,1,4,1563.2398970786903,1596.6582317486996,0.018135692517049877,0.02137761116029596,0.018135692517049877,0.2763970730916884,false,m13_joint_composite,P1_status_quo,-0.08501144537408023,0.75
32,2025-02-01,9,21,1596.6582317486996,1803.740417380315,0.11394357866829564,0.12969725236991617,0.11394357866829566,0.26992844737672744,false,m13_joint_composite,P1_status_quo,-0.06545117583716609,0.75
33,2025-02-04,1,1,1803.740417380315,1805.4849098270406,0.011610476803327885,0.0009671527177172124,0.011610476803327885,0.28928334674083395,false,m13_joint_composite,P1_status_quo,0.0,1.0
34,2025-02-08,8,23,1805.4849098270406,1813.1066942041123,0.09622909756464663,0.004221461135225736,0.09622909756464662,0.27129516715342505,false,m13_joint_composite,P1_status_quo,0.0,1.0
35,2025-02-11,1,3,1813.1066942041123,1818.0884206666726,0.007806397424693635,0.002747619033389042,0.007806397424693635,0.27874874915143977,false,m13_joint_composite,P1_status_quo,0.0,1.0
36,2025-02-15,8,26,1818.0884206666726,1818.605778802682,0.09216992726828724,0.00028456159234528655,0.09216992726828727,0.2662443134986299,false,m13_joint_composite,P1_status_quo,0.0,1.0
37,2025-02-22,9,26,1818.605778802682,1842.592821698989,0.13591006114338644,0.013189798017742775,0.13591006114338644,0.2710979225695418,false,m13_joint_composite,P1_status_quo,0.0,1.0
38,2025-02-25,1,3,1842.592821698989,1802.6378186782997,0.02168411954619914,-0.02168411954619914,0.02168411954619914,0.26963446825387916,false,m13_joint_composite,P1_status_quo,0.0,1.0
39,2025-03-01,9,27,1802.6378186782997,1917.6010206744454,0.12768680419136236,0.06377498619242179,0.12768680419136236,0.26712823402062136,false,m13_joint_composite,P1_status_quo,-0.021684119546199088,1.0
40,2025-03-04,2,6,1917.6010206744454,1861.1794722141926,0.04214273793038644,-0.02942298624789466,0.04214273793038644,0.26198876220119166,false,m13_joint_composite,P1_status_quo,0.0,1.0
41,2025-03-08,9,27,1861.1794722141926,1727.2542324143578,0.14623879840737716,-0.07195718725637336,0.1462387984073772,0.2681331145997828,false,m13_joint_composite,P1_status_quo,-0.029422986247894523,1.0
42,2025-03-11,2,7,1727.2542324143578,1669.43223982922,0.04757633938398867,-0.03347624889262211,0.047576339383988676,0.26768783329726425,false,m13_joint_composite,P1_status_quo,-0.09926297817318652,0.75
43,2025-03-15,9,25,1669.43223982922,1780.7364609092526,0.11088065289151179,0.06667190103589885,0.1108806528915118,0.25665544229626186,false,m13_joint_composite,P1_status_quo,-0.12941627490266006,0.5
44,2025-03-22,9,33,1780.7364609092526,1751.3843868986107,0.14384960181823153,-0.016483109463403995,0.14384960181823153,0.2659584501470669,false,m13_joint_composite,P1_status_quo,-0.07137280293950599,0.75
45,2025-03-29,9,20,1751.3843868986107,1870.7198800143567,0.1001786262756411,0.06813780801544536,0.10017862627564111,0.27056780910415595,false,m13_joint_composite,P1_status_quo,-0.08667946667934823,0.75
46,2025-04-05,9,23,1870.7198800143567,1924.5974297482476,0.09820268421273762,0.02880043683155662,0.09820268421273765,0.26251433450790357,false,m13_joint_composite,P1_status_quo,-0.024447807523381493,1.0
47,2025-04-12,9,29,1924.5974297482476,1886.4436497617485,0.13757705769930006,-0.019824291250087455,0.1375770576993001,0.2669491141692754,false,m13_joint_composite,P1_status_quo,0.0,1.0
48,2025-04-19,9,22,1886.4436497617485,1928.1063989576553,0.1139957731669667,0.02208533989402157,0.11399577316696669,0.2709151943873707,false,m13_joint_composite,P1_status_quo,-0.019824291250087556,1.0
49,2025-04-26,8,17,1928.1063989576553,1873.176374615247,0.0645864229014402,-0.028489104321267646,0.06458642290144023,0.26715379428569463,false,m13_joint_composite,P1_status_quo,0.0,1.0
50,2025-05-03,9,29,1873.176374615247,1918.8055355438444,0.2,0.024359244301257948,0.2,0.2752532887029542,true,m13_joint_composite,P1_status_quo,-0.028489104321267722,1.0
51,2025-08-02,9,27,1918.8055355438444,1791.566965141066,0.12869808852985398,-0.06631134215834726,0.12869808852985395,0.26999660501765244,false,m13_joint_composite,P1_status_quo,-0.004823833072095551,1.0
52,2025-08-09,9,29,1791.566965141066,1846.3054703533855,0.20000000000000004,0.030553424056917484,0.2,0.29313670689233506,true,m13_joint_composite,P1_status_quo,-0.07081530038508421,0.75
53,2025-08-16,6,21,1846.3054703533855,1999.4554410531755,0.11120331677206988,0.08294942151174853,0.11120331677206982,0.2623239969705112,false,m13_joint_composite,P1_status_quo,-0.04242552623055018,1.0
54,2025-08-23,9,31,1999.4554410531755,1856.0958654708083,0.16078372922770856,-0.07169931004156575,0.1607837292277086,0.2861000999763142,false,m13_joint_composite,P1_status_quo,0.0,1.0
55,2025-08-30,9,29,1856.0958654708083,1704.9577052644406,0.1897434784896598,-0.08142799249651396,0.1897434784896598,0.27955559194718727,false,m13_joint_composite,P1_status_quo,-0.07169931004156571,0.75
56,2025-09-13,8,24,1704.9577052644406,1619.3667150821323,0.1777098829228505,-0.0502012395486569,0.17770988292285056,0.28502507769817637,false,m13_joint_composite,P1_status_quo,-0.14728897165800992,0.5
57,2025-09-20,9,23,1619.3667150821323,1582.6719744309803,0.14253685227581753,-0.022659932620197738,0.14253685227581747,0.2741470582547047,false,m13_joint_composite,P1_status_quo,-0.19009612225758765,0.25
58,2025-09-27,9,32,1582.6719744309803,1812.0351058073309,0.18772211167203756,0.14492145882523375,0.18772211167203756,0.2677606914025062,false,m13_joint_composite,P1_status_quo,-0.20844848955606754,0.25
59,2025-10-04,9,32,1812.0351058073309,1856.7195815399018,0.18178265609299654,0.024659828934529386,0.18178265609299654,0.279626658356674,false,m13_joint_composite,P1_status_quo,-0.09373568992721559,0.75
60,2025-10-07,1,4,1856.7195815399018,1841.7945532346803,0.014906326701875847,-0.008038385792669413,0.014906326701875847,0.26578857882374474,false,m13_joint_composite,P1_status_quo,-0.0713873670713513,0.75
61,2025-10-18,9,27,1841.7945532346803,1997.8863366972746,0.18061015190337593,0.08474983444187935,0.18061015190337598,0.2713411812887082,false,m13_joint_composite,P1_status_quo,-0.07885191366677835,0.75
62,2025-10-24,1,6,1997.8863366972746,2096.9704695651267,0.031914226039914194,0.0495944794495411,0.031914226039914194,0.26917832093435584,false,m13_joint_composite,P1_status_quo,-0.0007847658535837798,1.0
63,2025-10-25,4,12,2096.9704695651267,2156.6391252890944,0.06888544340629316,0.028454695280635846,0.06888544340629314,0.27252635100649075,false,m13_joint_composite,P1_status_quo,0.0,1.0
64,2025-11-01,9,26,2156.6391252890944,2198.7355012547614,0.12142380419936458,0.019519434416281393,0.12142380419936458,0.2730292023736569,false,m13_joint_composite,P1_status_quo,0.0,1.0
65,2025-11-08,9,25,2198.7355012547614,2167.947077857423,0.11880458025468596,-0.014002786319577005,0.11880458025468596,0.26390085566751115,false,m13_joint_composite,P1_status_quo,0.0,1.0
66,2025-11-15,8,28,2167.947077857423,2250.8016876138972,0.13335951255863215,0.03821800384461391,0.13335951255863218,0.26764009138151296,false,m13_joint_composite,P1_status_quo,-0.014002786319576854,1.0
67,2025-11-22,9,36,2250.8016876138972,2359.6672188150815,0.19999999999999993,0.04836744694135803,0.2,0.2682667452734378,true,m13_joint_composite,P1_status_quo,0.0,1.0
68,2025-11-25,1,5,2359.6672188150815,2368.0539636597446,0.028497285456594416,0.0035542066176919487,0.028497285456594416,0.26636701165780413,false,m13_joint_composite,P1_status_quo,0.0,1.0
69,2025-12-06,8,21,2368.0539636597446,2163.830641928492,0.1382089184285527,-0.08624099149144092,0.1382089184285527,0.2714482713999244,false,m13_joint_composite,P1_status_quo,0.0,1.0
70,2025-12-13,9,34,2163.830641928492,2242.7338999278168,0.17295779196998598,0.036464618103847296,0.172957791969986,0.272358131669077,false,m13_joint_composite,P1_status_quo,-0.08624099149144082,0.75
71,2025-12-20,9,28,2242.7338999278168,2475.26900889932,0.12256077696391225,0.10368377139124148,0.12256077696391222,0.2654504305453143,false,m13_joint_composite,P1_status_quo,-0.052921118207226114,0.75
72,2025-12-27,9,38,2475.26900889932,2691.866437342014,0.15927443101487865,0.08750460158631755,0.15927443101487865,0.2724732121375637,false,m13_joint_composite,P1_status_quo,0.0,1.0
73,2026-01-03,4,12,2691.866437342014,2670.8253925316258,0.04278913472933715,-0.007816526302532411,0.042789134729337146,0.2623003281564329,false,m13_joint_composite,P1_status_quo,0.0,1.0
74,2026-01-10,5,18,2670.8253925316258,2627.4056826263895,0.10408431877184371,-0.01625703800280227,0.1040843187718437,0.2707070348736846,false,m13_joint_composite,P1_status_quo,-0.007816526302532378,1.0
75,2026-01-17,2,10,2627.4056826263895,2733.4651222045363,0.05947367469372434,0.04036660203616843,0.05947367469372434,0.2680308481527596,false,m13_joint_composite,P1_status_quo,-0.023946490740184623,1.0
76,2026-01-20,2,9,2733.4651222045363,2640.399831061306,0.05753145727280415,-0.034046635673980516,0.057531457272804135,0.26062928857648215,false,m13_joint_composite,P1_status_quo,0.0,1.0
77,2026-01-24,8,32,2640.399831061306,2615.0474016039634,0.18314932367779743,-0.009601738781793469,0.1831493236777974,0.2763913734260018,false,m13_joint_composite,P1_status_quo,-0.034046635673980474,1.0
78,2026-01-31,9,31,2615.0474016039634,2667.553423714295,0.1623747969151972,0.02007842078813809,0.16237479691519718,0.26806986719197723,false,m13_joint_composite,P1_status_quo,-0.04332146755363364,1.0
79,2026-02-07,5,16,2667.553423714295,2617.6232236573896,0.09745794068376458,-0.01871760078468564,0.0974579406837646,0.262140144848472,false,m13_joint_composite,P1_status_quo,-0.024112873420196967,1.0
80,2026-02-10,3,13,2617.6232236573896,2623.193809366081,0.05160629218052042,0.0021281083000585167,0.051606292180520416,0.2723461079414241,false,m13_joint_composite,P1_status_quo,-0.04237913906643165,1.0
81,2026-02-14,6,25,2623.193809366081,2695.570026042383,0.15628042390000693,0.027590876593976226,0.15628042390000693,0.294454417412074,false,m13_joint_composite,P1_status_quo,-0.04034121816396974,1.0
82,2026-02-17,4,16,2695.570026042383,2665.4900189274317,0.07190983487149764,-0.011159052380143364,0.07190983487149766,0.28544297134537083,false,m13_joint_composite,P1_status_quo,-0.013863391142006298,1.0
83,2026-02-21,9,27,2665.4900189274317,2765.528588768776,0.129457406419844,0.037531023988451886,0.129457406419844,0.26029811347624837,false,m13_joint_composite,P1_status_quo,-0.024867741214229522,1.0
84,2026-02-24,3,6,2765.528588768776,2841.89728271148,0.0201147703756555,0.027614501709672445,0.0201147703756555,0.26923126708024386,false,m13_joint_composite,P1_status_quo,0.0,1.0
85,2026-02-28,9,28,2841.89728271148,2843.9324173306804,0.16815430147545224,0.0007161182888562169,0.16815430147545224,0.2623526468381328,false,m13_joint_composite,P1_status_quo,0.0,1.0
86,2026-03-03,2,9,2843.9324173306804,2753.5544616074903,0.03965706128100795,-0.03177922062157124,0.03965706128100796,0.2725377390747098,false,m13_joint_composite,P1_status_quo,0.0,1.0
87,2026-03-07,9,22,2753.5544616074903,2597.949134831885,0.13773565595220147,-0.05651071331444257,0.13773565595220144,0.26325580340692617,false,m13_joint_composite,P1_status_quo,-0.031779220621571236,1.0
88,2026-03-10,3,9,2597.949134831885,2574.401637957133,0.05214676770844778,-0.009063879103343463,0.05214676770844778,0.2706893318236272,false,m13_joint_composite,P1_status_quo,-0.0864940675101118,0.75
89,2026-03-14,9,27,2574.401637957133,2534.38079926981,0.15787806461400097,-0.015545685683715095,0.15787806461400095,0.2607752100235647,false,m13_joint_composite,P1_status_quo,-0.09477397484238725,0.75
90,2026-03-17,1,3,2534.38079926981,2435.7023489443795,0.0389359208978622,-0.0389359208978622,0.0389359208978622,0.25330302521292986,false,m13_joint_composite,P1_status_quo,-0.10884633410220634,0.5
91,2026-03-21,9,28,2435.7023489443795,2276.258512352523,0.17061285419323596,-0.06546113348412977,0.17061285419323596,0.2621111861267013,false,m13_joint_composite,P1_status_quo,-0.14354422274544287,0.5
92,2026-03-24,2,6,2276.258512352523,2266.8154233742935,0.014847736085304541,-0.0041485134166375556,0.014847736085304541,0.2723343386355317,false,m13_joint_composite,P1_status_quo,-0.19960878870355747,0.25
93,2026-03-27,1,7,2266.8154233742935,2307.1952722909864,0.035279207956407786,0.01781347016625843,0.035279207956407786,0.26211892442928636,false,m13_joint_composite,P1_status_quo,-0.20292922238217947,0.25
94,2026-03-28,7,23,2307.1952722909864,2398.4845973567667,0.08556707327575062,0.03956722959783645,0.08556707327575061,0.2670772864963394,false,m13_joint_composite,P1_status_quo,-0.18873062586468792,0.25
95,2026-04-04,8,27,2398.4845973567667,2258.418849643559,0.1369940697215449,-0.05839760149703115,0.13699406972154488,0.2670498450031622,false,m13_joint_composite,P1_status_quo,-0.15663094427258284,0.25
96,2026-04-07,1,5,2258.418849643559,2260.110722266416,0.013876977191007282,0.0007491403213908459,0.013876977191007282,0.27431058476429,false,m13_joint_composite,P1_status_quo,-0.20588167430388005,0.25
97,2026-04-11,9,28,2260.110722266416,2339.2640345314553,0.18138001463744277,0.03502187370080054,0.18138001463744272,0.26603356700921627,false,m13_joint_composite,P1_status_quo,-0.20528676824614578,0.25
98,2026-04-14,1,6,2339.2640345314553,2275.7602893523344,0.06446656487480647,-0.027146890749269625,0.06446656487480647,0.2680649663687142,false,m13_joint_composite,P1_status_quo,-0.17745442181530735,0.25
99,2026-04-18,9,28,2275.7602893523344,2325.1230607247594,0.1774997042060249,0.02169067260878932,0.1774997042060249,0.24849999737658038,false,m13_joint_composite,P1_status_quo,-0.19978397676258186,0.25
100,2026-04-25,9,38,2325.1230607247594,2278.5852516082346,0.19999999999999998,-0.02001520259405898,0.19999999999999998,0.2600728653284043,true,m13_joint_composite,P1_status_quo,-0.1824267529862318,0.25
1,2024-08-03,9,24,1000.0,1006.2035293056957,0.15487062324321504,0.006203529305695628,0.15487062324321504,0.2629952930647681,false,m13_joint_composite,P2_hard_pruning,0.0,1.0
2,2024-08-10,9,20,1006.2035293056957,960.7807561269645,0.11276713409904503,-0.045142728936832396,0.11276713409904501,0.25165126696632695,false,m13_joint_composite,P2_hard_pruning,0.0,1.0
3,2024-08-17,8,16,960.7807561269645,994.229380667691,0.10047435985471655,0.034814003431503156,0.10047435985471656,0.27422420671230535,false,m13_joint_composite,P2_hard_pruning,-0.045142728936832466,1.0
4,2024-08-24,8,18,994.229380667691,1117.8802702553594,0.10030348315727755,0.12436857328097536,0.10030348315727755,0.26973618096728424,false,m13_joint_composite,P2_hard_pruning,-0.011900324625443548,1.0
5,2024-08-31,9,16,1117.8802702553594,1112.9402915241642,0.0740780703825896,-0.004419058876552789,0.0740780703825896,0.26386242265721527,false,m13_joint_composite,P2_hard_pruning,0.0,1.0
6,2024-09-14,8,18,1112.9402915241642,1145.388025696397,0.1012122681417274,0.02915496403476952,0.1012122681417274,0.2535657746393752,false,m13_joint_composite,P2_hard_pruning,-0.004419058876552806,1.0
7,2024-09-21,9,16,1145.388025696397,1124.3391302353834,0.06379657121603194,-0.018377087055904955,0.06379657121603194,0.2721208584939751,false,m13_joint_composite,P2_hard_pruning,0.0,1.0
8,2024-09-28,9,16,1124.3391302353834,1127.2331340270491,0.054274868841951394,0.002573959861256466,0.0542748688419514,0.26976241647963806,false,m13_joint_composite,P2_hard_pruning,-0.018377087055904906,1.0
9,2024-10-05,9,14,1127.2331340270491,1137.6687444456795,0.07499062457528992,0.009257721498434917,0.07499062457528992,0.27382919002301687,false,m13_joint_composite,P2_hard_pruning,-0.015850429079097283,1.0
10,2024-10-19,9,21,1137.6687444456795,1141.6711174095708,0.08711967327090704,0.003518047747581716,0.08711967327090703,0.2641805632254852,false,m13_joint_composite,P2_hard_pruning,-0.006739446438707275,1.0
11,2024-10-26,5,6,1141.6711174095708,1167.866397980534,0.03849116549319356,0.022944681854087542,0.03849116549319356,0.2989785811401913,false,m13_joint_composite,P2_hard_pruning,-0.0032451083854891927,1.0
12,2024-11-02,9,16,1167.866397980534,1121.6906560019893,0.09950972132674538,-0.03953854829490046,0.09950972132674536,0.2643560160482917,false,m13_joint_composite,P2_hard_pruning,0.0,1.0
13,2024-11-09,9,13,1121.6906560019893,1238.205059398914,0.07718422476846892,0.10387391815513011,0.07718422476846892,0.26268742731825456,false,m13_joint_composite,P2_hard_pruning,-0.03953854829490033,1.0
14,2024-11-16,9,14,1238.205059398914,1308.0162300568957,0.07492158266276412,0.05638094443893756,0.07492158266276412,0.26338168987686217,false,m13_joint_composite,P2_hard_pruning,0.0,1.0
15,2024-11-23,1,2,1308.0162300568957,1296.8443789641326,0.008541064580121547,-0.008541064580121547,0.008541064580121547,0.22957301951224068,false,m13_joint_composite,P2_hard_pruning,0.0,1.0
16,2024-11-30,1,1,1296.8443789641326,1292.8089707987097,0.0031117135030854226,-0.0031117135030854226,0.0031117135030854226,0.2737259760580467,false,m13_joint_composite,P2_hard_pruning,-0.008541064580121493,1.0
17,2024-12-03,3,3,1292.8089707987097,1321.1716791794308,0.018864653453238685,0.02193882392632096,0.018864653453238685,0.2648668124238558,false,m13_joint_composite,P2_hard_pruning,-0.011626200737222092,1.0
18,2024-12-07,8,12,1321.1716791794308,1392.544018644469,0.04726822976843471,0.054022002280102524,0.04726822976843471,0.2624712999433586,false,m13_joint_composite,P2_hard_pruning,0.0,1.0
19,2024-12-14,9,18,1392.544018644469,1516.9539561159102,0.08568066347839808,0.08934003938528609,0.08568066347839808,0.2894240087237113,false,m13_joint_composite,P2_hard_pruning,0.0,1.0
20,2024-12-17,3,5,1516.9539561159102,1514.8071543948104,0.03446952330059655,-0.001415205591735148,0.03446952330059655,0.3142029109488178,false,m13_joint_composite,P2_hard_pruning,0.0,1.0
21,2024-12-21,9,18,1514.8071543948104,1524.6497158832385,0.07428200059944992,0.00649756733711784,0.07428200059944992,0.26743429221028964,false,m13_joint_composite,P2_hard_pruning,-0.0014152055917350248,1.0
22,2024-12-28,8,22,1524.6497158832385,1653.1974064446601,0.1153269256631673,0.08431293379866812,0.11532692566316731,0.2790014926474749,false,m13_joint_composite,P2_hard_pruning,0.0,1.0
23,2025-01-04,8,13,1653.1974064446601,1639.031789210772,0.05751912012994159,-0.008568618108561077,0.05751912012994158,0.2775530266538163,false,m13_joint_composite,P2_hard_pruning,0.0,1.0
24,2025-01-08,1,2,1639.031789210772,1643.9678824758303,0.011725903089659429,0.0030115909267598127,0.011725903089659429,0.5238859403296409,false,m13_joint_composite,P2_hard_pruning,-0.008568618108561132,1.0
25,2025-01-11,5,11,1643.9678824758303,1583.0066308582516,0.05151730447429664,-0.03708177773264684,0.05151730447429663,0.2691215036512481,false,m13_joint_composite,P2_hard_pruning,-0.005582832354351863,1.0
26,2025-01-14,1,2,1583.0066308582516,1559.642526038294,0.014759322143388874,-0.014759322143388874,0.014759322143388874,0.25905806505987455,false,m13_joint_composite,P2_hard_pruning,-0.042457588738515906,1.0
27,2025-01-17,1,2,1559.642526038294,1599.9334907013626,0.009413589756167792,0.025833461187682122,0.009413589756167792,0.2611000428775333,false,m13_joint_composite,P2_hard_pruning,-0.056590265652281535,0.75
28,2025-01-18,3,6,1599.9334907013626,1528.7049933441938,0.044519661455392406,-0.044519661455392406,0.044519661455392406,0.26216071234944244,false,m13_joint_composite,P2_hard_pruning,-0.03221872689592831,1.0
29,2025-01-21,1,2,1528.7049933441938,1571.7374265135763,0.012816220784248633,0.028149599403901177,0.012816220784248633,0.2559904368916493,false,m13_joint_composite,P2_hard_pruning,-0.07530402153739024,0.75
30,2025-01-25,8,14,1571.7374265135763,1533.239662161932,0.09386463257194726,-0.024493763208935072,0.09386463257194724,0.2631724066739951,false,m13_joint_composite,P2_hard_pruning,-0.049274200173269334,1.0
31,2025-01-28,1,2,1533.239662161932,1541.2103498454192,0.010581926532783502,0.0051985921576331974,0.010581926532783502,0.305305770826308,false,m13_joint_composite,P2_hard_pruning,-0.07256105279085046,0.75
32,2025-02-01,9,16,1541.2103498454192,1708.3994009316298,0.08547860084430467,0.10847906069601682,0.08547860084430468,0.27002739537381926,false,m13_joint_composite,P2_hard_pruning,-0.06773967595320551,0.75
33,2025-02-04,1,0,1708.3994009316298,1708.3994009316298,0.0,0.0,0.0,1.0,false,m13_joint_composite,P2_hard_pruning,0.0,1.0
34,2025-02-08,8,17,1708.3994009316298,1737.916287235673,0.06761085178967322,0.017277509163224524,0.06761085178967322,0.2606348456855545,false,m13_joint_composite,P2_hard_pruning,0.0,1.0
35,2025-02-11,1,2,1737.916287235673,1741.3765053449172,0.00614869483973296,0.00199101541003914,0.00614869483973296,0.3334939884101082,false,m13_joint_composite,P2_hard_pruning,0.0,1.0
36,2025-02-15,8,18,1741.3765053449172,1738.0082256236283,0.07652510872834335,-0.0019342627576233997,0.07652510872834335,0.2646437411901995,false,m13_joint_composite,P2_hard_pruning,0.0,1.0
37,2025-02-22,9,18,1738.0082256236283,1771.464133833217,0.09906636471640733,0.019249568394639784,0.09906636471640733,0.2685347617021674,false,m13_joint_composite,P2_hard_pruning,-0.0019342627576233173,1.0
38,2025-02-25,1,3,1771.464133833217,1733.0514937833734,0.02168411954619914,-0.02168411954619914,0.02168411954619914,0.26963446825387916,false,m13_joint_composite,P2_hard_pruning,0.0,1.0
39,2025-03-01,9,23,1733.0514937833734,1846.705353701183,0.12047750521889963,0.06558019789111705,0.1204775052188996,0.2707110209855561,false,m13_joint_composite,P2_hard_pruning,-0.021684119546199088,1.0
40,2025-03-04,2,4,1846.705353701183,1797.0694493154995,0.039545972708605936,-0.026878085497614827,0.039545972708605936,0.26092050953165397,false,m13_joint_composite,P2_hard_pruning,0.0,1.0
41,2025-03-08,9,21,1797.0694493154995,1679.0083970706698,0.1280682309689836,-0.0656964327615713,0.12806823096898357,0.2655998895146643,false,m13_joint_composite,P2_hard_pruning,-0.026878085497614834,1.0
42,2025-03-11,2,5,1679.0083970706698,1633.2873075249252,0.03732027124192043,-0.027231007078650123,0.03732027124192043,0.2677160284024215,false,m13_joint_composite,P2_hard_pruning,-0.09080872392253236,0.75
43,2025-03-15,9,20,1633.2873075249252,1750.0420568349405,0.09668910981388219,0.07148451394442341,0.09668910981388219,0.2551435703139097,false,m13_joint_composite,P2_hard_pruning,-0.11556691799724494,0.5
44,2025-03-22,9,25,1750.0420568349405,1709.448660670596,0.127914758068689,-0.023195668930242854,0.127914758068689,0.26752308409952147,false,m13_joint_composite,P2_hard_pruning,-0.05234364901390964,0.75
45,2025-03-29,9,15,1709.448660670596,1797.349469656528,0.06349719687512462,0.05142056091432978,0.06349719687512462,0.26982210600325135,false,m13_joint_composite,P2_hard_pruning,-0.07432517199102495,0.75
46,2025-04-05,9,18,1797.349469656528,1867.031865015024,0.08285053132294051,0.03876953065327503,0.08285053132294051,0.26299712545699044,false,m13_joint_composite,P2_hard_pruning,-0.02672645311052757,1.0
47,2025-04-12,9,21,1867.031865015024,1833.1492220430052,0.11403834182620334,-0.018147865393687908,0.11403834182620336,0.26454472350059155,false,m13_joint_composite,P2_hard_pruning,0.0,1.0
48,2025-04-19,9,20,1833.1492220430052,1881.284746752051,0.1061909758591819,0.02625837773064635,0.10619097585918187,0.2716890739628669,false,m13_joint_composite,P2_hard_pruning,-0.018147865393687956,1.0
49,2025-04-26,8,14,1881.284746752051,1834.6304856176992,0.06065103984228699,-0.024799149206359245,0.06065103984228699,0.2653373987996111,false,m13_joint_composite,P2_hard_pruning,0.0,1.0
50,2025-05-03,9,20,1834.6304856176992,1846.8092237383144,0.15182491506207615,0.006638251253365937,0.15182491506207615,0.2789735334443369,false,m13_joint_composite,P2_hard_pruning,-0.024799149206359172,1.0
51,2025-08-02,9,19,1846.8092237383144,1732.9639820872565,0.117361197819017,-0.06164428907313568,0.117361197819017,0.2672412649978298,false,m13_joint_composite,P2_hard_pruning,-0.018325520936294692,1.0
52,2025-08-09,9,20,1732.9639820872565,1801.5173731195707,0.17985681995400354,0.039558462692193624,0.17985681995400357,0.29444501909556176,false,m13_joint_composite,P2_hard_pruning,-0.0788401462994176,0.75
53,2025-08-16,6,16,1801.5173731195707,1970.8374129063639,0.10057270144130423,0.09398745874628607,0.1005727014413042,0.262874473585961,false,m13_joint_composite,P2_hard_pruning,-0.04240047859325646,1.0
54,2025-08-23,9,21,1970.8374129063639,1877.2437845306058,0.10850951119608103,-0.047489269161851894,0.108509511196081,0.29731751828153874,false,m13_joint_composite,P2_hard_pruning,0.0,1.0
55,2025-08-30,9,19,1877.2437845306058,1678.3931277466365,0.13252373176673232,-0.1059269224501338,0.13252373176673232,0.281483125048327,false,m13_joint_composite,P2_hard_pruning,-0.04748926916185181,1.0
56,2025-09-13,8,16,1678.3931277466365,1640.2114450249492,0.11928413779932254,-0.022748950821163804,0.11928413779932254,0.2784790121806397,false,m13_joint_composite,P2_hard_pruning,-0.14838579948026465,0.5
57,2025-09-20,9,17,1640.2114450249492,1620.6400979753628,0.1112584893422594,-0.011932209782433699,0.11125848934225938,0.2739170221807546,false,m13_joint_composite,P2_hard_pruning,-0.16775912904649282,0.25
58,2025-09-27,9,22,1620.6400979753628,1870.9379370046777,0.15747060874420413,0.15444381472605034,0.15747060874420413,0.2722918489221792,false,m13_joint_composite,P2_hard_pruning,-0.17768960170822534,0.25
59,2025-10-04,9,20,1870.9379370046777,1931.426270195415,0.13099177180178334,0.032330486219963865,0.13099177180178337,0.29804345450619874,false,m13_joint_composite,P2_hard_pruning,-0.050688846907145924,0.75
60,2025-10-07,1,3,1931.426270195415,1917.5310564841134,0.014007022315420448,-0.007194276025817846,0.014007022315420448,0.2636525529468251,false,m13_joint_composite,P2_hard_pruning,-0.019997155753619378,1.0
61,2025-10-18,9,15,1917.5310564841134,2063.1401484515845,0.10554363826348376,0.07593571508273367,0.10554363826348376,0.28417688441644756,false,m13_joint_composite,P2_hard_pruning,-0.027047566721214444,1.0
62,2025-10-24,1,3,2063.1401484515845,2162.4583336644914,0.019659108542591168,0.04813933037338578,0.019659108542591168,0.2816418644968896,false,m13_joint_composite,P2_hard_pruning,0.0,1.0
63,2025-10-25,4,8,2162.4583336644914,2231.2018859861914,0.06295148708005296,0.03178953843943318,0.06295148708005298,0.2730389492938949,false,m13_joint_composite,P2_hard_pruning,0.0,1.0
64,2025-11-01,9,18,2231.2018859861914,2276.0620453719525,0.10325088724810404,0.02010582711834396,0.10325088724810404,0.27533238541452665,false,m13_joint_composite,P2_hard_pruning,0.0,1.0
65,2025-11-08,9,13,2276.0620453719525,2228.009484436854,0.09003565016760803,-0.021112148956047305,0.09003565016760805,0.27188361577699716,false,m13_joint_composite,P2_hard_pruning,0.0,1.0
66,2025-11-15,8,15,2228.009484436854,2328.942400222602,0.10186457056482051,0.045301833987147155,0.10186457056482051,0.2642243804384194,false,m13_joint_composite,P2_hard_pruning,-0.021112148956047294,1.0
67,2025-11-22,9,18,2328.942400222602,2414.8872975385852,0.1452512602472833,0.036902972485609045,0.14525126024728333,0.2837910057541018,false,m13_joint_composite,P2_hard_pruning,0.0,1.0
68,2025-11-25,1,3,2414.8872975385852,2420.743605626189,0.02233178605175766,0.0024250854661305834,0.02233178605175766,0.27002264741565457,false,m13_joint_composite,P2_hard_pruning,0.0,1.0
69,2025-12-06,8,16,2420.743605626189,2248.038174928939,0.1056988829402912,-0.07134395823492222,0.1056988829402912,0.2691636960739689,false,m13_joint_composite,P2_hard_pruning,0.0,1.0
70,2025-12-13,9,19,2248.038174928939,2384.7541393832694,0.11931518954981596,0.060815677411106155,0.11931518954981597,0.2845050901220281,false,m13_joint_composite,P2_hard_pruning,-0.07134395823492223,0.75
71,2025-12-20,9,18,2384.7541393832694,2661.7337541507113,0.08894097137824379,0.11614598343419695,0.0889409713782438,0.26534237471406463,false,m13_joint_composite,P2_hard_pruning,-0.014867111973062563,1.0
72,2025-12-27,9,19,2661.7337541507113,2924.8851316799473,0.1141857272632568,0.0988646505755422,0.1141857272632568,0.27621738870684315,false,m13_joint_composite,P2_hard_pruning,0.0,1.0
73,2026-01-03,4,8,2924.8851316799473,2913.00565322346,0.03562360717783849,-0.004061519656898184,0.035623607177838496,0.2614105378207284,false,m13_joint_composite,P2_hard_pruning,0.0,1.0
74,2026-01-10,5,12,2913.00565322346,2829.713568307552,0.07842602975605736,-0.028593176543869413,0.07842602975605736,0.2697552110074856,false,m13_joint_composite,P2_hard_pruning,-0.0040615196568982714,1.0
75,2026-01-17,2,5,2829.713568307552,2924.797374408627,0.03369486528942886,0.03360191899491237,0.03369486528942886,0.2675563075421019,false,m13_joint_composite,P2_hard_pruning,-0.032538564452181507,1.0
76,2026-01-20,2,5,2924.797374408627,2832.088238533811,0.035971699663570854,-0.0316976268804129,0.035971699663570854,0.26140356075581306,false,m13_joint_composite,P2_hard_pruning,-3.0003664201916358e-5,1.0
77,2026-01-24,8,19,2832.088238533811,2834.241196080635,0.1277350955409296,0.0007602014363571772,0.12773509554092957,0.2876634509827756,false,m13_joint_composite,P2_hard_pruning,-0.031726679499662014,1.0
78,2026-01-31,9,19,2834.241196080635,2899.2015767238227,0.12132348675175987,0.022919849140933646,0.1213234867517599,0.26699155490638904,false,m13_joint_composite,P2_hard_pruning,-0.030990596730631204,1.0
79,2026-02-07,5,12,2899.2015767238227,2813.4174752351305,0.06930782854777345,-0.029588871011042364,0.06930782854777344,0.267991280848964,false,m13_joint_composite,P2_hard_pruning,-0.008781047391551056,1.0
80,2026-02-10,3,9,2813.4174752351305,2819.4213510344503,0.046819803308051466,0.0021340152509069484,0.046819803308051466,0.295008173679708,false,m13_joint_composite,P2_hard_pruning,-0.038110097123983055,1.0
81,2026-02-14,6,14,2819.4213510344503,2769.2232583291348,0.08862851767992021,-0.017804395461110383,0.08862851767992024,0.3012187117225851,false,m13_joint_composite,P2_hard_pruning,-0.03605740940155233,1.0
82,2026-02-17,4,11,2769.2232583291348,2770.8030983649805,0.044491954686697914,0.0005704993380703062,0.04449195468669792,0.2775563285581605,false,m13_joint_composite,P2_hard_pruning,-0.0532198244863743,0.75
83,2026-02-21,9,17,2770.8030983649805,2840.050834940266,0.11324233121755306,0.024991937036647642,0.11324233121755309,0.25846382367211573,false,m13_joint_composite,P2_hard_pruning,-0.052679687022945676,0.75
84,2026-02-24,3,4,2840.050834940266,2901.9144581264104,0.015498055141150456,0.021782576010631674,0.015498055141150456,0.26855747656168244,false,m13_joint_composite,P2_hard_pruning,-0.02900431740748577,1.0
85,2026-02-28,9,19,2901.9144581264104,2969.7822115431304,0.11543043785250513,0.023387234322729836,0.11543043785250515,0.26219111552976493,false,m13_joint_composite,P2_hard_pruning,-0.00785353014541923,1.0
86,2026-03-03,2,4,2969.7822115431304,2892.175690099719,0.02613205814950539,-0.02613205814950539,0.02613205814950539,0.2738058781228143,false,m13_joint_composite,P2_hard_pruning,0.0,1.0
87,2026-03-07,9,20,2892.175690099719,2751.017683303025,0.13039746367580157,-0.04880685750865536,0.1303974636758016,0.2644409448558379,false,m13_joint_composite,P2_hard_pruning,-0.026132058149505366,1.0
88,2026-03-10,3,9,2751.017683303025,2726.082791610406,0.05214676770844778,-0.009063879103343463,0.05214676770844778,0.2706893318236272,false,m13_joint_composite,P2_hard_pruning,-0.07366349201964983,0.75
89,2026-03-14,9,21,2726.082791610406,2683.122415571936,0.133369765515197,-0.01575901369198382,0.133369765515197,0.26004685645139974,false,m13_joint_composite,P2_hard_pruning,-0.08205969413699732,0.75
90,2026-03-17,1,3,2683.122415571936,2578.652573439946,0.0389359208978622,-0.0389359208978622,0.0389359208978622,0.25330302521292986,false,m13_joint_composite,P2_hard_pruning,-0.09652552798551617,0.75
91,2026-03-21,9,18,2578.652573439946,2475.381967223094,0.13669382008309286,-0.040048282300817466,0.13669382008309286,0.26197319003146463,false,m13_joint_composite,P2_hard_pruning,-0.13170313856110993,0.5
92,2026-03-24,2,4,2475.381967223094,2469.675756459632,0.012552214486583495,-0.0023051839429302622,0.012552214486583495,0.26082439561299253,false,m13_joint_composite,P2_hard_pruning,-0.16647693638892835,0.25
93,2026-03-27,1,3,2469.675756459632,2502.354358924498,0.02066026622245947,0.01323194041946307,0.02066026622245947,0.27337729771956937,false,m13_joint_composite,P2_hard_pruning,-0.16839836037122669,0.25
94,2026-03-28,7,14,2502.354358924498,2566.050633543104,0.06322511047042889,0.025454538199770557,0.06322511047042889,0.26737326155251495,false,m13_joint_composite,P2_hard_pruning,-0.15739465702293098,0.25
95,2026-04-04,8,19,2566.050633543104,2366.2663098931753,0.1031085348718788,-0.0778567347964114,0.1031085348718788,0.26787335077526553,false,m13_joint_composite,P2_hard_pruning,-0.13594652713279032,0.5
96,2026-04-07,1,3,2366.2663098931753,2376.1467016529964,0.014262622256125429,0.0041755197707511625,0.014262622256125429,0.3458045183263584,false,m13_joint_composite,P2_hard_pruning,-0.20321890921973096,0.25
97,2026-04-11,9,21,2376.1467016529964,2441.4347433362836,0.1481426762950098,0.02747643554073013,0.1481426762950098,0.2654321327612124,false,m13_joint_composite,P2_hard_pruning,-0.19989193402221728,0.25
98,2026-04-14,1,3,2441.4347433362836,2389.5646354229502,0.04429691709666145,-0.021245748244924118,0.04429691709666145,0.2691395045065945,false,m13_joint_composite,P2_hard_pruning,-0.17790781632176045,0.25
99,2026-04-18,9,18,2389.5646354229502,2477.8826372863646,0.133251271481288,0.0369598714988442,0.133251271481288,0.24007287343427788,false,m13_joint_composite,P2_hard_pruning,-0.19537377989030813,0.25
100,2026-04-25,9,21,2477.8826372863646,2444.2702855098937,0.14655132860642664,-0.013564949070098415,0.14655132860642656,0.2579782311042948,false,m13_joint_composite,P2_hard_pruning,-0.1656348981904534,0.25
1,2024-08-03,9,29,1000.0,1005.4865500209171,0.15603047969569164,0.00548655002091716,0.15603047969569164,0.2632420907294633,false,m13_joint_composite,P3_damped_tail,0.0,1.0
2,2024-08-10,9,23,1005.4865500209171,960.7485953586821,0.11524312647265869,-0.04449383699991246,0.11524312647265869,0.25247369628058225,false,m13_joint_composite,P3_damped_tail,0.0,1.0
3,2024-08-17,8,22,960.7485953586821,996.9712690465154,0.10346095360230177,0.037702551804731185,0.10346095360230179,0.2750857187968953,false,m13_joint_composite,P3_damped_tail,-0.044493836999912384,1.0
4,2024-08-24,8,22,996.9712690465154,1122.5051199352963,0.10169831836006495,0.12591521419552934,0.10169831836006497,0.2700555908413924,false,m13_joint_composite,P3_damped_tail,-0.008468816389661793,1.0
5,2024-08-31,9,18,1122.5051199352963,1121.0680192472914,0.0776932589173634,-0.0012802620339831153,0.07769325891736338,0.26779736551261324,false,m13_joint_composite,P3_damped_tail,0.0,1.0
6,2024-09-14,8,22,1121.0680192472914,1153.5481842024108,0.10369861585698824,0.02897251941673179,0.10369861585698824,0.2543508619009197,false,m13_joint_composite,P3_damped_tail,-0.001280262033983126,1.0
7,2024-09-21,9,18,1153.5481842024108,1133.368318011046,0.06780042602909893,-0.017493734954225085,0.06780042602909891,0.2761347139720503,false,m13_joint_composite,P3_damped_tail,0.0,1.0
8,2024-09-28,9,24,1133.368318011046,1138.0921365550455,0.05791760482579811,0.004167946526235414,0.05791760482579811,0.27592396026150656,false,m13_joint_composite,P3_damped_tail,-0.017493734954225126,1.0
9,2024-10-05,9,20,1138.0921365550455,1150.0317802024758,0.07820706592318152,0.010490928865892042,0.07820706592318151,0.2757559538009461,false,m13_joint_composite,P3_damped_tail,-0.01339870137982313,1.0
10,2024-10-19,9,26,1150.0317802024758,1153.142234519665,0.08909329620257028,0.002704668141119938,0.0890932962025703,0.26517780248427547,false,m13_joint_composite,P3_damped_tail,-0.0030483373370019384,1.0
11,2024-10-26,5,8,1153.142234519665,1178.5237174915567,0.04089954156197518,0.02201071317317956,0.04089954156197518,0.2991328044876692,false,m13_joint_composite,P3_damped_tail,-0.00035191393676070604,1.0
12,2024-11-02,9,17,1178.5237174915567,1132.4124936155224,0.10092668217539146,-0.0391262587181361,0.10092668217539146,0.26471084247156773,false,m13_joint_composite,P3_damped_tail,0.0,1.0
13,2024-11-09,9,19,1132.4124936155224,1250.025695493029,0.07892159878149543,0.10386074203578902,0.07892159878149545,0.26351807816561534,false,m13_joint_composite,P3_damped_tail,-0.03912625871813613,1.0
14,2024-11-16,9,23,1250.025695493029,1319.9300260635312,0.07696044651210818,0.05592231489523979,0.07696044651210816,0.2635861865993365,false,m13_joint_composite,P3_damped_tail,0.0,1.0
15,2024-11-23,1,3,1319.9300260635312,1308.0073053687854,0.012104434927829857,-0.009032842998733248,0.012104434927829857,0.25016019031231224,false,m13_joint_composite,P3_damped_tail,0.0,1.0
16,2024-11-30,1,2,1308.0073053687854,1302.7153563919946,0.0040458099546308015,-0.0040458099546308015,0.0040458099546308015,0.31265239191564287,false,m13_joint_composite,P3_damped_tail,-0.009032842998733193,1.0
17,2024-12-03,3,6,1302.7153563919946,1330.061013749882,0.021589899303316857,0.020991275817630817,0.021589899303316857,0.27473691565334735,false,m13_joint_composite,P3_damped_tail,-0.01304210778724113,1.0
18,2024-12-07,8,16,1330.061013749882,1401.6480097134477,0.04907383176743049,0.053822339895324034,0.049073831767430506,0.2652491422869764,false,m13_joint_composite,P3_damped_tail,0.0,1.0
19,2024-12-14,9,22,1401.6480097134477,1531.0912599896476,0.08787567754164723,0.09235075381205239,0.08787567754164723,0.29156206271957175,false,m13_joint_composite,P3_damped_tail,0.0,1.0
20,2024-12-17,3,7,1531.0912599896476,1527.5638381344872,0.03499420132506165,-0.0023038612702838777,0.03499420132506165,0.31074306526570034,false,m13_joint_composite,P3_damped_tail,0.0,1.0
21,2024-12-21,9,24,1527.5638381344872,1537.7044474070478,0.07607496930729962,0.006638419304914108,0.07607496930729962,0.26887899995957165,false,m13_joint_composite,P3_damped_tail,-0.0023038612702839245,1.0
22,2024-12-28,8,32,1537.7044474070478,1667.5831263876717,0.12104071408321113,0.08446270621095733,0.12104071408321113,0.2806300866153381,false,m13_joint_composite,P3_damped_tail,0.0,1.0
23,2025-01-04,8,16,1667.5831263876717,1649.8436812799819,0.06024705302168967,-0.01063781758581177,0.06024705302168968,0.2812880946388575,false,m13_joint_composite,P3_damped_tail,0.0,1.0
24,2025-01-08,1,5,1649.8436812799819,1665.3055994758836,0.016098195556713338,0.009371747379064398,0.016098195556713338,0.5209334652388425,false,m13_joint_composite,P3_damped_tail,-0.010637817585811837,1.0
25,2025-01-11,5,16,1665.3055994758836,1601.4259912320435,0.05360993036280417,-0.03835909052605413,0.05360993036280416,0.27149696320506006,false,m13_joint_composite,P3_damped_tail,-0.0013657651458260922,1.0
26,2025-01-14,1,2,1601.4259912320435,1577.790029138654,0.014759322143388874,-0.014759322143388874,0.014759322143388874,0.25905806505987455,false,m13_joint_composite,P3_damped_tail,-0.03967246616301412,1.0
27,2025-01-17,1,3,1577.790029138654,1618.8246105679932,0.010464208423102639,0.026007631352405688,0.010464208423102639,0.27017292721532876,false,m13_joint_composite,P3_damped_tail,-0.053846249598080265,0.75
28,2025-01-18,3,9,1618.8246105679932,1543.7533691952326,0.046373919004369914,-0.046373919004369914,0.04637391900436991,0.2645739576250531,false,m13_joint_composite,P3_damped_tail,-0.029239031654931358,1.0
29,2025-01-21,1,4,1543.7533691952326,1588.0296759586563,0.013481026837865041,0.02868094583431117,0.013481026837865041,0.25928893117147456,false,m13_joint_composite,P3_damped_tail,-0.07425702217356911,0.75
30,2025-01-25,8,16,1588.0296759586563,1548.4754777817664,0.09452818394690776,-0.024907719783644318,0.09452818394690776,0.26411929496988357,false,m13_joint_composite,P3_damped_tail,-0.04770583797003547,1.0
31,2025-01-28,1,4,1548.4754777817664,1564.3310989242743,0.01505632964516799,0.010239504189773442,0.01505632964516799,0.3781174896996426,false,m13_joint_composite,P3_damped_tail,-0.07142531410947828,0.75
32,2025-02-01,9,21,1564.3310989242743,1742.1241934949192,0.09154345289790813,0.11365438857087613,0.09154345289790813,0.2739589430095592,false,m13_joint_composite,P3_damped_tail,-0.061917169722784604,0.75
33,2025-02-04,1,1,1742.1241934949192,1743.0949258047935,0.006689218335664972,0.0005572118873608919,0.006689218335664972,1.0,false,m13_joint_composite,P3_damped_tail,0.0,1.0
34,2025-02-08,8,23,1743.0949258047935,1770.8462079901585,0.07578124354451585,0.01592069472209147,0.07578124354451586,0.2752771536955157,false,m13_joint_composite,P3_damped_tail,0.0,1.0
35,2025-02-11,1,3,1770.8462079901585,1774.6789458470828,0.006551257568202351,0.0021643538776155557,0.006551257568202351,0.3270419795591641,false,m13_joint_composite,P3_damped_tail,0.0,1.0
36,2025-02-15,8,26,1774.6789458470828,1771.8840240008055,0.07955268085233333,-0.0015748887159661349,0.07955268085233333,0.2663595394703887,false,m13_joint_composite,P3_damped_tail,0.0,1.0
37,2025-02-22,9,26,1771.8840240008055,1804.916500630909,0.10743483567922758,0.018642572641700286,0.10743483567922758,0.27478059321605847,false,m13_joint_composite,P3_damped_tail,-0.0015748887159661162,1.0
38,2025-02-25,1,3,1804.916500630909,1765.778475460321,0.02168411954619914,-0.02168411954619914,0.02168411954619914,0.26963446825387916,false,m13_joint_composite,P3_damped_tail,0.0,1.0
39,2025-03-01,9,27,1765.778475460321,1881.2893916728488,0.12195429517887554,0.06541642556969969,0.12195429517887557,0.27068840900150665,false,m13_joint_composite,P3_damped_tail,-0.021684119546199088,1.0
40,2025-03-04,2,6,1881.2893916728488,1829.8426515672008,0.04004427121776953,-0.027346531763463227,0.04004427121776953,0.2615353762735763,false,m13_joint_composite,P3_damped_tail,0.0,1.0
41,2025-03-08,9,27,1829.8426515672008,1706.1942786060913,0.1327257574763756,-0.06757322705053836,0.13272575747637563,0.2693735682817445,false,m13_joint_composite,P3_damped_tail,-0.027346531763463244,1.0
42,2025-03-11,2,7,1706.1942786060913,1657.7696520199204,0.039181191891496304,-0.0283816603966884,0.03918119189149631,0.26874998315100623,false,m13_joint_composite,P3_damped_tail,-0.09307186541410428,0.75
43,2025-03-15,9,25,1657.7696520199204,1776.0543635181564,0.09997502508400186,0.0713517172630777,0.09997502508400186,0.257798314089641,false,m13_joint_composite,P3_damped_tail,-0.11881199173412327,0.5
44,2025-03-22,9,33,1776.0543635181564,1736.4999795948252,0.1317639030153252,-0.02227093085426657,0.13176390301532523,0.26967677719306266,false,m13_joint_composite,P3_damped_tail,-0.05593771411272197,0.75
45,2025-03-29,9,20,1736.4999795948252,1835.5044800427388,0.07320937631338337,0.05701382183201315,0.07320937631338337,0.28395857882801484,false,m13_joint_composite,P3_damped_tail,-0.07696286000383834,0.75
46,2025-04-05,9,23,1835.5044800427388,1904.1853659438316,0.08613253245248448,0.037417988704387985,0.08613253245248448,0.2651309409745694,false,m13_joint_composite,P3_damped_tail,-0.024336984959766217,1.0
47,2025-04-12,9,29,1904.1853659438316,1868.8943489483484,0.11862467003107995,-0.018533393663589682,0.11862467003107996,0.26649864028017056,false,m13_joint_composite,P3_damped_tail,0.0,1.0
48,2025-04-19,9,22,1868.8943489483484,1916.986468535053,0.10821697444773228,0.025732925787788297,0.10821697444773229,0.27338400829087367,false,m13_joint_composite,P3_damped_tail,-0.018533393663589526,1.0
49,2025-04-26,8,17,1916.986468535053,1868.1308008590527,0.06148417319820841,-0.025485661207267384,0.06148417319820841,0.26642253345381295,false,m13_joint_composite,P3_damped_tail,0.0,1.0
50,2025-05-03,9,29,1868.1308008590527,1886.5170492806983,0.16348250021407437,0.009842056248518947,0.16348250021407437,0.2843853096917553,false,m13_joint_composite,P3_damped_tail,-0.025485661207267474,1.0
51,2025-08-02,9,27,1886.5170492806983,1767.7721237483433,0.12024418290677173,-0.0629439980824084,0.12024418290677175,0.26996325321211895,false,m13_joint_composite,P3_damped_tail,-0.015894436269881074,1.0
52,2025-08-09,9,29,1767.7721237483433,1836.1475434663919,0.1870295600120066,0.03867886522221369,0.1870295600120066,0.2955666080996565,false,m13_joint_composite,P3_damped_tail,-0.07783797498619704,0.75
53,2025-08-16,6,21,1836.1475434663919,2006.0185684379567,0.10275891518992193,0.09251491013128049,0.10275891518992195,0.26383872210494896,false,m13_joint_composite,P3_damped_tail,-0.04216979430764456,1.0
54,2025-08-23,9,31,2006.0185684379567,1898.7327168828624,0.12166010728566902,-0.05348198328923511,0.12166010728566903,0.30583327521915926,false,m13_joint_composite,P3_damped_tail,0.0,1.0
55,2025-08-30,9,29,1898.7327168828624,1700.5537541643441,0.14567981947113903,-0.10437433397359246,0.14567981947113903,0.28821247663451116,false,m13_joint_composite,P3_damped_tail,-0.05348198328923515,0.75
56,2025-09-13,8,24,1700.5537541643441,1651.814097833887,0.13557347367214262,-0.028661050090949873,0.13557347367214265,0.29417108617946003,false,m13_joint_composite,P3_damped_tail,-0.15227417087742678,0.25
57,2025-09-20,9,23,1651.814097833887,1628.7477936463715,0.11855050239196721,-0.013964225282835098,0.11855050239196721,0.2788540140238832,false,m13_joint_composite,P3_damped_tail,-0.17657088332930093,0.25
58,2025-09-27,9,32,1628.7477936463715,1880.2313341960178,0.16425204151310757,0.154402996910059,0.1642520415131076,0.2743127424834932,false,m13_joint_composite,P3_damped_tail,-0.18806943301893653,0.25
59,2025-10-04,9,32,1880.2313341960178,1939.7814352560663,0.14302821308051045,0.03167168846567075,0.14302821308051047,0.30136383510032483,false,m13_joint_composite,P3_damped_tail,-0.06270492019417684,0.75
60,2025-10-07,1,4,1939.7814352560663,1925.4831713703304,0.014227417940918754,-0.007371069557559897,0.014227417940918754,0.26533994931298777,false,m13_joint_composite,P3_damped_tail,-0.033019202426160854,1.0
61,2025-10-18,9,27,1925.4831713703304,2078.5363346086356,0.12164453405438555,0.07948818536252394,0.12164453405438552,0.2893283249653827,false,m13_joint_composite,P3_damped_tail,-0.04014688514590248,1.0
62,2025-10-24,1,6,2078.5363346086356,2180.2150430940324,0.02201715146667658,0.0489184176347543,0.02201715146667658,0.2825303756942838,false,m13_joint_composite,P3_damped_tail,0.0,1.0
63,2025-10-25,4,12,2180.2150430940324,2248.4131157039133,0.06403942538633413,0.03128043393054387,0.06403942538633413,0.27336914239818266,false,m13_joint_composite,P3_damped_tail,0.0,1.0
64,2025-11-01,9,26,2248.4131157039133,2293.689121141341,0.10698881228418444,0.020136871254307943,0.10698881228418444,0.2767249240493528,false,m13_joint_composite,P3_damped_tail,0.0,1.0
65,2025-11-08,9,25,2293.689121141341,2247.59310557884,0.09590203712560556,-0.020096888953967374,0.09590203712560555,0.27323010802684866,false,m13_joint_composite,P3_damped_tail,0.0,1.0
66,2025-11-15,8,28,2247.59310557884,2347.8727812956868,0.10822867920891459,0.04461647238013786,0.10822867920891457,0.26768359474682996,false,m13_joint_composite,P3_damped_tail,-0.02009688895396744,1.0
67,2025-11-22,9,36,2347.8727812956868,2441.4902895193472,0.15871988992680752,0.039873330859092435,0.15871988992680752,0.28553812726343886,false,m13_joint_composite,P3_damped_tail,0.0,1.0
68,2025-11-25,1,5,2441.4902895193472,2447.9191704212913,0.023529789958102988,0.002633178976603393,0.023529789958102988,0.2712357566014097,false,m13_joint_composite,P3_damped_tail,0.0,1.0
69,2025-12-06,8,21,2447.9191704212913,2265.4684120583834,0.11216820740100453,-0.07453299952363532,0.11216820740100453,0.27218442097558104,false,m13_joint_composite,P3_damped_tail,0.0,1.0
70,2025-12-13,9,34,2265.4684120583834,2396.058388992813,0.1309393378472415,0.05764369798287189,0.13093933784724146,0.28757563400449776,false,m13_joint_composite,P3_damped_tail,-0.07453299952363535,0.75
71,2025-12-20,9,28,2396.058388992813,2674.6025044343614,0.09635027600851938,0.11625097147930308,0.09635027600851935,0.27043478251576386,false,m13_joint_composite,P3_damped_tail,-0.02118565925506144,1.0
72,2025-12-27,9,38,2674.6025044343614,2938.516410196937,0.12395251316465795,0.09867406664168572,0.12395251316465794,0.28048792607935147,false,m13_joint_composite,P3_damped_tail,0.0,1.0
73,2026-01-03,4,12,2938.516410196937,2924.6327464449996,0.037121965280530744,-0.004724718808361986,0.03712196528053075,0.2637430014412301,false,m13_joint_composite,P3_damped_tail,0.0,1.0
74,2026-01-10,5,18,2924.6327464449996,2845.657860499336,0.08412344043339973,-0.027003351460678466,0.08412344043339975,0.2745927808509697,false,m13_joint_composite,P3_damped_tail,-0.004724718808361894,1.0
75,2026-01-17,2,10,2845.657860499336,2947.344394534666,0.039085597893194705,0.035733928328786115,0.0390855978931947,0.275389943092014,false,m13_joint_composite,P3_damped_tail,-0.03160048702650531,1.0
76,2026-01-20,2,9,2947.344394534666,2852.2615102972923,0.039784060440283715,-0.0322605272779415,0.03978406044028371,0.2626618207741577,false,m13_joint_composite,P3_damped_tail,0.0,1.0
77,2026-01-24,8,32,2852.2615102972923,2849.2504465942543,0.14137931065955306,-0.0010556758881216525,0.14137931065955306,0.2942477671119664,false,m13_joint_composite,P3_damped_tail,-0.0322605272779416,1.0
78,2026-01-31,9,31,2849.2504465942543,2913.6873326033087,0.12909867372507694,0.022615381559763083,0.12909867372507694,0.2691644091983062,false,m13_joint_composite,P3_damped_tail,-0.03328214650527772,1.0
79,2026-02-07,5,16,2913.6873326033087,2831.0132306151904,0.07577142343427232,-0.0283743904375118,0.07577142343427232,0.27307041620492467,false,m13_joint_composite,P3_damped_tail,-0.011419453387859435,1.0
80,2026-02-10,3,13,2831.0132306151904,2837.1590462274885,0.04851975668544069,0.0021708890463090214,0.04851975668544069,0.29614654519900885,false,m13_joint_composite,P3_damped_tail,-0.0394698237963611,1.0
81,2026-02-14,6,25,2837.1590462274885,2807.4980511099343,0.1036918665125598,-0.010454470346663915,0.10369186651255978,0.3107786092043067,false,m13_joint_composite,P3_damped_tail,-0.037384619358191484,1.0
82,2026-02-17,4,16,2807.4980511099343,2803.6193894808894,0.05050332342207902,-0.0013815367129147928,0.05050332342207901,0.2876540923083273,false,m13_joint_composite,P3_damped_tail,-0.04744825331035374,1.0
83,2026-02-21,9,27,2803.6193894808894,2879.794527004205,0.1163605889188204,0.027170284885717155,0.11636058891882041,0.25973120177643894,false,m13_joint_composite,P3_damped_tail,-0.04876423851935652,1.0
84,2026-02-24,3,6,2879.794527004205,2946.0373501046247,0.01644468981132583,0.02300262136039641,0.01644468981132583,0.27162263611590737,false,m13_joint_composite,P3_damped_tail,-0.02291889188644547,1.0
85,2026-02-28,9,28,2946.0373501046247,3004.1698235645727,0.12498456025126906,0.019732429209657842,0.12498456025126907,0.2638463060887307,false,m13_joint_composite,P3_damped_tail,-0.0004434651181128846,1.0
86,2026-03-03,2,9,3004.1698235645727,2919.434098574466,0.02957906223694231,-0.02820603693088288,0.029579062236942302,0.2850028799383363,false,m13_joint_composite,P3_damped_tail,0.0,1.0
87,2026-03-07,9,22,2919.434098574466,2772.9395068814956,0.13184436637253932,-0.050179105520656415,0.13184436637253935,0.2646829059871137,false,m13_joint_composite,P3_damped_tail,-0.02820603693088297,1.0
88,2026-03-10,3,9,2772.9395068814956,2747.805918430237,0.05214676770844778,-0.009063879103343463,0.05214676770844778,0.2706893318236272,false,m13_joint_composite,P3_damped_tail,-0.07696978874806504,0.75
89,2026-03-14,9,27,2747.805918430237,2704.542821513181,0.13762902133408583,-0.015744597035357893,0.13762902133408583,0.26051635404238954,false,m13_joint_composite,P3_damped_tail,-0.08533602299158616,0.75
90,2026-03-17,1,3,2704.542821513181,2599.2389561498626,0.0389359208978622,-0.0389359208978622,0.0389359208978622,0.25330302521292986,false,m13_joint_composite,P3_damped_tail,-0.09973703873234163,0.75
91,2026-03-21,9,28,2599.2389561498626,2483.4297677237955,0.14322251662467755,-0.04455503721658984,0.14322251662467755,0.2636122153247782,false,m13_joint_composite,P3_damped_tail,-0.1347896061795344,0.5
92,2026-03-24,2,6,2483.4297677237955,2476.93497552638,0.012989488127930146,-0.0026152510056155678,0.012989488127930144,0.2640622681709007,false,m13_joint_composite,P3_damped_tail,-0.1733390874763855,0.25
93,2026-03-27,1,7,2476.93497552638,2512.122385821754,0.02348649637480322,0.01420602908152498,0.02348649637480322,0.2749835552171723,false,m13_joint_composite,P3_damped_tail,-0.175501013259166,0.25
94,2026-03-28,7,23,2512.122385821754,2582.775199467419,0.06771282560225438,0.028124749830830124,0.06771282560225436,0.27036084351181444,false,m13_joint_composite,P3_damped_tail,-0.1637881566758379,0.25
95,2026-04-04,8,27,2582.775199467419,2387.059081533603,0.11047968708136656,-0.07577744976573,0.11047968708136657,0.2719425428608259,false,m13_joint_composite,P3_damped_tail,-0.1402699077767685,0.5
96,2026-04-07,1,5,2387.059081533603,2395.677428836731,0.014693086327705763,0.0036104457446401927,0.014693086327705763,0.34327992932923784,false,m13_joint_composite,P3_damped_tail,-0.20541806165230092,0.25
97,2026-04-11,9,28,2395.677428836731,2465.0596395127804,0.15490076275141257,0.028961416024084613,0.1549007627514125,0.2676557421552443,false,m13_joint_composite,P3_damped_tail,-0.20254926667422557,0.25
98,2026-04-14,1,6,2465.0596395127804,2409.932546546,0.047950277612806076,-0.022363391166339754,0.047950277612806076,0.2705426140349113,false,m13_joint_composite,P3_damped_tail,-0.17945396422766657,0.25
99,2026-04-18,9,28,2409.932546546,2494.3163207809803,0.14256481293585752,0.035014994239536724,0.14256481293585752,0.24513151495687607,false,m13_joint_composite,P3_damped_tail,-0.19780415619563252,0.25
100,2026-04-25,9,38,2494.3163207809803,2454.928798493264,0.16714103415615955,-0.01579090909984674,0.16714103415615955,0.2630743106187434,false,m13_joint_composite,P3_damped_tail,-0.16971527334584235,0.25
1,2024-08-03,9,29,1000.0,1001.8725336560661,0.16110201289942397,0.001872533656066181,0.16110201289942394,0.26324031357778555,false,m13_joint_composite,P4_drawdown_adaptive,0.0,1.0
2,2024-08-10,9,23,1001.8725336560661,961.2123214967431,0.1260055008495911,-0.040584216847371075,0.12600550084959114,0.2529255327547205,false,m13_joint_composite,P4_drawdown_adaptive,0.0,1.0
3,2024-08-17,8,22,961.2123214967431,1009.768504131508,0.11436411394486652,0.05051556409426391,0.11436411394486654,0.2693126597714554,false,m13_joint_composite,P4_drawdown_adaptive,-0.040584216847371235,1.0
4,2024-08-24,8,22,1009.768504131508,1143.4422704983926,0.10764646304113151,0.1323806058714973,0.10764646304113148,0.26897576400393874,false,m13_joint_composite,P4_drawdown_adaptive,0.0,1.0
5,2024-08-31,9,18,1143.4422704983926,1160.1545100423273,0.08946517745116235,0.01461572654354482,0.08946517745116236,0.26548145018550284,false,m13_joint_composite,P4_drawdown_adaptive,0.0,1.0
6,2024-09-14,8,22,1160.1545100423273,1192.1311092353722,0.11437017806142649,0.027562362526934867,0.11437017806142649,0.25392166808828787,false,m13_joint_composite,P4_drawdown_adaptive,0.0,1.0
7,2024-09-21,9,18,1192.1311092353722,1178.3015864744364,0.08225687680755013,-0.011600672655716548,0.08225687680755013,0.27328501053094745,false,m13_joint_composite,P4_drawdown_adaptive,0.0,1.0
8,2024-09-28,9,24,1178.3015864744364,1191.8096281293863,0.06768959963650935,0.011463993437679103,0.06768959963650936,0.26707281007232087,false,m13_joint_composite,P4_drawdown_adaptive,-0.011600672655716515,1.0
9,2024-10-05,9,20,1191.8096281293863,1211.056913179171,0.09063164856915756,0.016149630440555163,0.09063164856915755,0.2726890779510493,false,m13_joint_composite,P4_drawdown_adaptive,-0.00026966925323512747,1.0
10,2024-10-19,9,26,1211.056913179171,1209.3290536189465,0.09718812396081308,-0.0014267368786895222,0.09718812396081311,0.26482636622089617,false,m13_joint_composite,P4_drawdown_adaptive,0.0,1.0
11,2024-10-26,5,8,1209.3290536189465,1228.7099716932373,0.049003157225150765,0.01602617419658673,0.049003157225150765,0.27740076407031,false,m13_joint_composite,P4_drawdown_adaptive,-0.0014267368786894385,1.0
12,2024-11-02,9,17,1228.7099716932373,1183.5566107886882,0.10719527402156577,-0.03674859156740215,0.10719527402156577,0.26434491572488783,false,m13_joint_composite,P4_drawdown_adaptive,0.0,1.0
13,2024-11-09,9,19,1183.5566107886882,1304.6995604027024,0.08655935474158079,0.10235501074451182,0.0865593547415808,0.2640403587286933,false,m13_joint_composite,P4_drawdown_adaptive,-0.03674859156740218,1.0
14,2024-11-16,9,23,1304.6995604027024,1373.9873972372432,0.08636960546886449,0.05310635408902467,0.08636960546886452,0.26208623296829336,false,m13_joint_composite,P4_drawdown_adaptive,0.0,1.0
15,2024-11-23,1,3,1373.9873972372432,1362.2881200416998,0.0289954725305784,-0.008514835885007177,0.0289954725305784,0.27800133607376015,false,m13_joint_composite,P4_drawdown_adaptive,0.0,1.0
16,2024-11-30,1,2,1362.2881200416998,1354.503413090162,0.005714435028105256,-0.005714435028105256,0.005714435028105256,0.27470932998595055,false,m13_joint_composite,P4_drawdown_adaptive,-0.008514835885007233,1.0
17,2024-12-03,3,6,1354.503413090162,1370.776044952588,0.03130482971610768,0.012013725255443714,0.03130482971610768,0.2713015482408155,false,m13_joint_composite,P4_drawdown_adaptive,-0.01418061343667254,1.0
18,2024-12-07,8,16,1370.776044952588,1439.0377216433096,0.05541414469307328,0.04979783309029362,0.055414144693073285,0.2643598940848135,false,m13_joint_composite,P4_drawdown_adaptive,-0.002337250175010519,1.0
19,2024-12-14,9,22,1439.0377216433096,1578.3220303523212,0.08896297065490943,0.09678989411754677,0.08896297065490943,0.2710764681724848,false,m13_joint_composite,P4_drawdown_adaptive,0.0,1.0
20,2024-12-17,3,7,1578.3220303523212,1568.6152482784732,0.03560735461687829,-0.006150064364039415,0.03560735461687829,0.2800108121313581,false,m13_joint_composite,P4_drawdown_adaptive,0.0,1.0
21,2024-12-21,9,24,1568.6152482784732,1579.8400135462414,0.08290212254572761,0.007155843525101004,0.08290212254572764,0.2684538402225366,false,m13_joint_composite,P4_drawdown_adaptive,-0.006150064364039309,1.0
22,2024-12-28,8,32,1579.8400135462414,1705.6103215125124,0.14069219557472362,0.0796095217793329,0.14069219557472362,0.2699771683101026,false,m13_joint_composite,P4_drawdown_adaptive,0.0,1.0
23,2025-01-04,8,16,1705.6103215125124,1672.4330840553246,0.06673842129745831,-0.019451827324641666,0.0667384212974583,0.2681185429226621,false,m13_joint_composite,P4_drawdown_adaptive,0.0,1.0
24,2025-01-08,1,5,1672.4330840553246,1708.4802746169858,0.02000355318692402,0.021553741614734084,0.02000355318692402,0.27214675343411404,false,m13_joint_composite,P4_drawdown_adaptive,-0.01945182732464157,1.0
25,2025-01-11,5,16,1708.4802746169858,1634.6510837025044,0.06194889029657679,-0.04321337039201853,0.06194889029657679,0.2721536319121216,false,m13_joint_composite,P4_drawdown_adaptive,0.0,1.0
26,2025-01-14,1,2,1634.6510837025044,1610.5247417660994,0.014759322143388874,-0.014759322143388874,0.014759322143388874,0.25905806505987455,false,m13_joint_composite,P4_drawdown_adaptive,-0.04321337039201856,1.0
27,2025-01-17,1,3,1610.5247417660994,1646.3012394177645,0.01397112338530887,0.02221418691924763,0.01397112338530887,0.357400532112889,false,m13_joint_composite,P4_drawdown_adaptive,-0.057334892480890076,0.75
28,2025-01-18,3,9,1646.3012394177645,1558.4114999991316,0.053386183108090436,-0.053386183108090436,0.05338618310809044,0.26353750959701666,false,m13_joint_composite,P4_drawdown_adaptive,-0.03639435358020793,1.0
29,2025-01-21,1,4,1558.4114999991316,1606.0885488618044,0.016558071274194,0.030593363089722585,0.016558071274194,0.35823923061755714,false,m13_joint_composite,P4_drawdown_adaptive,-0.08783758106396466,0.75
30,2025-01-25,8,16,1606.0885488618044,1563.2398970786903,0.09667195034965169,-0.02667888505492417,0.0966719503496517,0.3540437768426375,false,m13_joint_composite,P4_drawdown_adaptive,-0.05993146498465485,0.75
31,2025-01-28,1,4,1563.2398970786903,1596.6582317486996,0.018135692517049877,0.02137761116029596,0.018135692517049877,0.3685294307889179,false,m13_joint_composite,P4_drawdown_adaptive,-0.08501144537408023,0.75
32,2025-02-01,9,21,1596.6582317486996,1803.740417380315,0.11394357866829569,0.12969725236991617,0.11394357866829566,0.35990459650230333,false,m13_joint_composite,P4_drawdown_adaptive,-0.06545117583716609,0.75
33,2025-02-04,1,1,1803.740417380315,1805.4849098270406,0.011610476803327885,0.0009671527177172124,0.011610476803327885,0.28928334674083395,false,m13_joint_composite,P4_drawdown_adaptive,0.0,1.0
34,2025-02-08,8,23,1805.4849098270406,1813.1066942041123,0.09622909756464663,0.004221461135225736,0.09622909756464662,0.27129516715342505,false,m13_joint_composite,P4_drawdown_adaptive,0.0,1.0
35,2025-02-11,1,3,1813.1066942041123,1818.0884206666726,0.007806397424693635,0.002747619033389042,0.007806397424693635,0.27874874915143977,false,m13_joint_composite,P4_drawdown_adaptive,0.0,1.0
36,2025-02-15,8,26,1818.0884206666726,1818.605778802682,0.09216992726828724,0.00028456159234528655,0.09216992726828727,0.2662443134986299,false,m13_joint_composite,P4_drawdown_adaptive,0.0,1.0
37,2025-02-22,9,26,1818.605778802682,1842.592821698989,0.13591006114338644,0.013189798017742775,0.13591006114338644,0.2710979225695418,false,m13_joint_composite,P4_drawdown_adaptive,0.0,1.0
38,2025-02-25,1,3,1842.592821698989,1802.6378186782997,0.02168411954619914,-0.02168411954619914,0.02168411954619914,0.26963446825387916,false,m13_joint_composite,P4_drawdown_adaptive,0.0,1.0
39,2025-03-01,9,27,1802.6378186782997,1917.6010206744454,0.12768680419136236,0.06377498619242179,0.12768680419136236,0.26712823402062136,false,m13_joint_composite,P4_drawdown_adaptive,-0.021684119546199088,1.0
40,2025-03-04,2,6,1917.6010206744454,1861.1794722141926,0.04214273793038644,-0.02942298624789466,0.04214273793038644,0.26198876220119166,false,m13_joint_composite,P4_drawdown_adaptive,0.0,1.0
41,2025-03-08,9,27,1861.1794722141926,1727.2542324143578,0.14623879840737716,-0.07195718725637336,0.1462387984073772,0.2681331145997828,false,m13_joint_composite,P4_drawdown_adaptive,-0.029422986247894523,1.0
42,2025-03-11,2,7,1727.2542324143578,1669.4322398292202,0.04757633938398858,-0.03347624889262205,0.04757633938398857,0.35691711106301827,false,m13_joint_composite,P4_drawdown_adaptive,-0.09926297817318652,0.75
43,2025-03-15,9,25,1669.4322398292202,1780.7364609092529,0.11088065289151179,0.06667190103589885,0.1108806528915118,0.5133108845925237,false,m13_joint_composite,P4_drawdown_adaptive,-0.12941627490265994,0.5
44,2025-03-22,9,33,1780.7364609092529,1751.384386898611,0.14384960181823153,-0.016483109463403995,0.1438496018182316,0.35461126686275596,false,m13_joint_composite,P4_drawdown_adaptive,-0.07137280293950587,0.75
45,2025-03-29,9,20,1751.384386898611,1870.719880014357,0.1001786262756411,0.06813780801544535,0.1001786262756411,0.36075707880554125,false,m13_joint_composite,P4_drawdown_adaptive,-0.08667946667934812,0.75
46,2025-04-05,9,23,1870.719880014357,1924.5974297482478,0.09820268421273762,0.02880043683155662,0.09820268421273765,0.26251433450790357,false,m13_joint_composite,P4_drawdown_adaptive,-0.024447807523381382,1.0
47,2025-04-12,9,29,1924.5974297482478,1886.4436497617487,0.13757705769930006,-0.019824291250087455,0.1375770576993001,0.2669491141692754,false,m13_joint_composite,P4_drawdown_adaptive,0.0,1.0
48,2025-04-19,9,22,1886.4436497617487,1928.1063989576555,0.1139957731669667,0.02208533989402157,0.11399577316696669,0.2709151943873707,false,m13_joint_composite,P4_drawdown_adaptive,-0.019824291250087556,1.0
49,2025-04-26,8,17,1928.1063989576555,1873.1763746152471,0.0645864229014402,-0.028489104321267646,0.06458642290144023,0.26715379428569463,false,m13_joint_composite,P4_drawdown_adaptive,0.0,1.0
50,2025-05-03,9,29,1873.1763746152471,1918.8055355438446,0.2,0.024359244301257948,0.2,0.2752532887029542,true,m13_joint_composite,P4_drawdown_adaptive,-0.028489104321267722,1.0
51,2025-08-02,9,27,1918.8055355438446,1791.5669651410662,0.12869808852985398,-0.06631134215834726,0.12869808852985395,0.26999660501765244,false,m13_joint_composite,P4_drawdown_adaptive,-0.004823833072095551,1.0
52,2025-08-09,9,29,1791.5669651410662,1846.3054703533858,0.2,0.03055342405691749,0.2,0.3908489425231136,true,m13_joint_composite,P4_drawdown_adaptive,-0.0708153003850841,0.75
53,2025-08-16,6,21,1846.3054703533858,1999.4554410531757,0.11120331677206988,0.08294942151174853,0.11120331677206982,0.2623239969705112,false,m13_joint_composite,P4_drawdown_adaptive,-0.04242552623055018,1.0
54,2025-08-23,9,31,1999.4554410531757,1856.0958654708086,0.16078372922770856,-0.07169931004156575,0.1607837292277086,0.2861000999763142,false,m13_joint_composite,P4_drawdown_adaptive,0.0,1.0
55,2025-08-30,9,29,1856.0958654708086,1704.9577052644408,0.1897434784896598,-0.08142799249651396,0.1897434784896598,0.37274078926291637,false,m13_joint_composite,P4_drawdown_adaptive,-0.07169931004156571,0.75
56,2025-09-13,8,24,1704.9577052644408,1619.3667150821325,0.1777098829228505,-0.0502012395486569,0.17770988292285056,0.5700501553963527,false,m13_joint_composite,P4_drawdown_adaptive,-0.14728897165800992,0.5
57,2025-09-20,9,23,1619.3667150821325,1585.904071998562,0.1299821099515404,-0.020664030433571942,0.12998210995154036,1.0,false,m13_joint_composite,P4_drawdown_adaptive,-0.19009612225758765,0.25
58,2025-09-27,9,32,1585.904071998562,1800.490771102035,0.17527041655065773,0.1353087509467393,0.17527041655065778,1.0,false,m13_joint_composite,P4_drawdown_adaptive,-0.20683200063552476,0.25
59,2025-10-04,9,32,1800.490771102035,1844.8905655156102,0.18178265609299654,0.02465982893452938,0.18178265609299654,0.3728355444755654,false,m13_joint_composite,P4_drawdown_adaptive,-0.09950942935059348,0.75
60,2025-10-07,1,4,1844.8905655156102,1830.0606234047395,0.014906326701876024,-0.008038385792669507,0.014906326701876024,0.3543847717649972,false,m13_joint_composite,P4_drawdown_adaptive,-0.07730348592122227,0.75
61,2025-10-18,9,27,1830.0606234047395,1985.1579582568938,0.18061015190337593,0.08474983444187931,0.18061015190337593,0.36178824171827756,false,m13_joint_composite,P4_drawdown_adaptive,-0.08472047647093883,0.75
62,2025-10-24,1,6,1985.1579582568938,2083.6108338217587,0.031914226039914194,0.0495944794495411,0.031914226039914194,0.26917832093435584,false,m13_joint_composite,P4_drawdown_adaptive,-0.007150688383808612,1.0
63,2025-10-25,4,12,2083.6108338217587,2142.8993451815886,0.06888544340629316,0.028454695280635846,0.06888544340629314,0.27252635100649075,false,m13_joint_composite,P4_drawdown_adaptive,0.0,1.0
64,2025-11-01,9,26,2142.8993451815886,2184.727528410553,0.12142380419936458,0.019519434416281393,0.12142380419936458,0.2730292023736569,false,m13_joint_composite,P4_drawdown_adaptive,0.0,1.0
65,2025-11-08,9,25,2184.727528410553,2154.1352556637225,0.11880458025468596,-0.014002786319577005,0.11880458025468596,0.26390085566751115,false,m13_joint_composite,P4_drawdown_adaptive,0.0,1.0
66,2025-11-15,8,28,2154.1352556637225,2236.462005146497,0.13335951255863215,0.03821800384461391,0.13335951255863218,0.26764009138151296,false,m13_joint_composite,P4_drawdown_adaptive,-0.014002786319576965,1.0
67,2025-11-22,9,36,2236.462005146497,2344.633962516783,0.19999999999999993,0.04836744694135803,0.2,0.2682667452734378,true,m13_joint_composite,P4_drawdown_adaptive,0.0,1.0
68,2025-11-25,1,5,2344.633962516783,2352.9672760624253,0.028497285456594416,0.0035542066176919487,0.028497285456594416,0.26636701165780413,false,m13_joint_composite,P4_drawdown_adaptive,0.0,1.0
69,2025-12-06,8,21,2352.9672760624253,2150.045045227887,0.1382089184285527,-0.08624099149144092,0.1382089184285527,0.2714482713999244,false,m13_joint_composite,P4_drawdown_adaptive,0.0,1.0
70,2025-12-13,9,34,2150.045045227887,2228.4456167081903,0.17295779196998598,0.03646461810384729,0.172957791969986,0.3631441755587694,false,m13_joint_composite,P4_drawdown_adaptive,-0.08624099149144082,0.75
71,2025-12-20,9,28,2228.4456167081903,2459.4992625887767,0.12256077696391228,0.1036837713912415,0.12256077696391225,0.3539339073937525,false,m13_joint_composite,P4_drawdown_adaptive,-0.052921118207226336,0.75
72,2025-12-27,9,38,2459.4992625887767,2674.716765663449,0.15927443101487865,0.08750460158631755,0.15927443101487865,0.2724732121375637,false,m13_joint_composite,P4_drawdown_adaptive,0.0,1.0
73,2026-01-03,4,12,2674.716765663449,2653.8097717128167,0.04278913472933715,-0.007816526302532411,0.042789134729337146,0.2623003281564329,false,m13_joint_composite,P4_drawdown_adaptive,0.0,1.0
74,2026-01-10,5,18,2653.8097717128167,2610.666685401873,0.10408431877184371,-0.01625703800280227,0.1040843187718437,0.2707070348736846,false,m13_joint_composite,P4_drawdown_adaptive,-0.007816526302532378,1.0
75,2026-01-17,2,10,2610.666685401873,2716.050428540573,0.05947367469372434,0.04036660203616843,0.05947367469372434,0.2680308481527596,false,m13_joint_composite,P4_drawdown_adaptive,-0.023946490740184512,1.0
76,2026-01-20,2,9,2716.050428540573,2623.578049127894,0.05753145727280415,-0.034046635673980516,0.057531457272804135,0.26062928857648215,false,m13_joint_composite,P4_drawdown_adaptive,0.0,1.0
77,2026-01-24,8,32,2623.578049127894,2598.3871380265205,0.18314932367779743,-0.009601738781793469,0.1831493236777974,0.2763913734260018,false,m13_joint_composite,P4_drawdown_adaptive,-0.034046635673980474,1.0
78,2026-01-31,9,31,2598.3871380265205,2650.5586483543034,0.1623747969151972,0.02007842078813809,0.16237479691519718,0.26806986719197723,false,m13_joint_composite,P4_drawdown_adaptive,-0.04332146755363342,1.0
79,2026-02-07,5,16,2650.5586483543034,2600.9465497180117,0.09745794068376458,-0.01871760078468564,0.0974579406837646,0.262140144848472,false,m13_joint_composite,P4_drawdown_adaptive,-0.024112873420196634,1.0
80,2026-02-10,3,13,2600.9465497180117,2606.4816456584754,0.05160629218052042,0.0021281083000585167,0.051606292180520416,0.2723461079414241,false,m13_joint_composite,P4_drawdown_adaptive,-0.042379139066431315,1.0
81,2026-02-14,6,25,2606.4816456584754,2678.396759088302,0.15628042390000693,0.027590876593976226,0.15628042390000693,0.294454417412074,false,m13_joint_composite,P4_drawdown_adaptive,-0.040341218163969406,1.0
82,2026-02-17,4,16,2678.396759088302,2648.50838935883,0.07190983487149764,-0.011159052380143364,0.07190983487149766,0.28544297134537083,false,m13_joint_composite,P4_drawdown_adaptive,-0.013863391142006076,1.0
83,2026-02-21,9,27,2648.50838935883,2747.9096212534723,0.129457406419844,0.037531023988451886,0.129457406419844,0.26029811347624837,false,m13_joint_composite,P4_drawdown_adaptive,-0.02486774121422919,1.0
84,2026-02-24,3,6,2747.9096212534723,2823.7917761876015,0.0201147703756555,0.027614501709672445,0.0201147703756555,0.26923126708024386,false,m13_joint_composite,P4_drawdown_adaptive,0.0,1.0
85,2026-02-28,9,28,2823.7917761876015,2825.8139451224515,0.16815430147545224,0.0007161182888562169,0.16815430147545224,0.2623526468381328,false,m13_joint_composite,P4_drawdown_adaptive,0.0,1.0
86,2026-03-03,2,9,2825.8139451224515,2736.0117803248927,0.03965706128100795,-0.03177922062157124,0.03965706128100796,0.2725377390747098,false,m13_joint_composite,P4_drawdown_adaptive,0.0,1.0
87,2026-03-07,9,22,2736.0117803248927,2581.397802982015,0.13773565595220147,-0.05651071331444257,0.13773565595220144,0.26325580340692617,false,m13_joint_composite,P4_drawdown_adaptive,-0.031779220621571125,1.0
88,2026-03-10,3,9,2581.397802982015,2558.0003253781497,0.05214676770844779,-0.009063879103343457,0.05214676770844779,0.36091910909816965,false,m13_joint_composite,P4_drawdown_adaptive,-0.08649406751011168,0.75
89,2026-03-14,9,27,2558.0003253781497,2518.23445634098,0.15787806461400095,-0.015545685683715092,0.15787806461400095,0.34770028003141956,false,m13_joint_composite,P4_drawdown_adaptive,-0.09477397484238714,0.75
90,2026-03-17,1,3,2518.23445634098,2420.1846787466166,0.0389359208978622,-0.0389359208978622,0.0389359208978622,0.5066060504258597,false,m13_joint_composite,P4_drawdown_adaptive,-0.10884633410220601,0.5
91,2026-03-21,9,28,2420.1846787466166,2261.7566464349384,0.17061285419323596,-0.06546113348412977,0.17061285419323596,0.5242223722534026,false,m13_joint_composite,P4_drawdown_adaptive,-0.14354422274544254,0.5
92,2026-03-24,2,6,2261.7566464349384,2253.1432194246727,0.013630062370848729,-0.0038082907919569785,0.013630062370848729,1.0,false,m13_joint_composite,P4_drawdown_adaptive,-0.19960878870355736,0.25
93,2026-03-27,1,7,2253.1432194246727,2291.4238391919384,0.03364809316345767,0.016989874162123015,0.03364809316345767,1.0,false,m13_joint_composite,P4_drawdown_adaptive,-0.20265691118350082,0.25
94,2026-03-28,7,23,2291.4238391919384,2376.2918696604393,0.08009579773542763,0.037037246892931475,0.08009579773542762,1.0,false,m13_joint_composite,P4_drawdown_adaptive,-0.18911015244047014,0.25
95,2026-04-04,8,27,2376.2918696604393,2246.3819031863695,0.12824765889671524,-0.054669196209737196,0.12824765889671524,1.0,false,m13_joint_composite,P4_drawdown_adaptive,-0.15907702495343623,0.25
96,2026-04-07,1,5,2246.3819031863695,2247.915616570384,0.012647139740279718,0.0006827482815095964,0.012647139740279718,1.0,false,m13_joint_composite,P4_drawdown_adaptive,-0.20504960807353267,0.25
97,2026-04-11,9,28,2247.915616570384,2321.8970859941824,0.17044842938105545,0.032911141716551955,0.17044842938105548,1.0,false,m13_joint_composite,P4_drawdown_adaptive,-0.20450685705955962,0.25
98,2026-04-14,1,6,2321.8970859941824,2263.112561314974,0.06012214664609968,-0.025317454866453912,0.06012214664609968,1.0,false,m13_joint_composite,P4_drawdown_adaptive,-0.17832626949770147,0.25
99,2026-04-18,9,28,2263.112561314974,2312.2009949592957,0.1774997042060249,0.02169067260878932,0.1774997042060249,0.9939999895063215,false,m13_joint_composite,P4_drawdown_adaptive,-0.19912895708464418,0.25
100,2026-04-25,9,38,2312.2009949592957,2265.9218236070005,0.2,-0.02001520259405897,0.20000000000000004,1.0,true,m13_joint_composite,P4_drawdown_adaptive,-0.1817575254909075,0.25
