model,spec,family,n_obs,logloss,market_logloss,brier,market_brier,ece,market_ece,mce
m12_joint_hybrid_synergy,uncalibrated,1x2,1785,0.6163628377808433,0.6131180107974481,0.21311380224484566,0.21156444032291422,0.015540487807250399,0.018580646181840455,0.19640169051638687
m12_joint_hybrid_synergy,uncalibrated,ou_05,533,0.2109833528797281,1.3183162471185177,0.0514381791820302,0.05433616260677342,0.014280133074974307,0.036416109478396845,0.03609674501440912
m12_joint_hybrid_synergy,uncalibrated,ou_15,430,0.5319019744952578,0.5272811031135427,0.17423992532855484,0.17266435474340952,0.019470721626399692,0.010264241635519814,0.1919504425471784
m12_joint_hybrid_synergy,uncalibrated,ou_25,758,0.6873233182836874,0.6898782309589602,0.24710668204282463,0.24829171351414944,0.010027086429431106,0.01829866107755568,0.10781221674809816
m12_joint_hybrid_synergy,uncalibrated,ou_35,528,0.6144560850833163,0.6104589033548479,0.21191104927084883,0.2098660314894639,0.011631589517115135,0.01484560050373574,0.014565669291756789
m12_joint_hybrid_synergy,uncalibrated,btts,356,0.6851974985256493,0.6833706365781275,0.2460446098764195,0.2451580767568855,0.008723662632660317,0.03004396402078209,0.3885780696472543
m05_joint_production_wealth,uncalibrated,1x2,1785,0.6161062547868922,0.6131180107974481,0.21299474848375488,0.21156444032291422,0.021580989763383445,0.018580646181840455,0.39588365808277426
m05_joint_production_wealth,uncalibrated,ou_05,533,0.21077200375175825,1.3183162471185177,0.05145766225694795,0.05433616260677342,0.014374586749188721,0.036416109478396845,0.1044396561143186
m05_joint_production_wealth,uncalibrated,ou_15,430,0.5286521459591883,0.5272811031135427,0.17307228898840202,0.17266435474340952,0.02629271695458596,0.010264241635519814,0.05831933716293625
m05_joint_production_wealth,uncalibrated,ou_25,758,0.6870021910261978,0.6898782309589602,0.2469525306421488,0.24829171351414944,0.010003344770432063,0.01829866107755568,0.13850227994032938
m05_joint_production_wealth,uncalibrated,ou_35,528,0.6117914395540807,0.6104589033548479,0.21060865044302512,0.2098660314894639,0.040973746015454365,0.01484560050373574,0.31139974940523596
m05_joint_production_wealth,uncalibrated,btts,356,0.6840454987406277,0.6833706365781275,0.24548600871503987,0.2451580767568855,0.004039125069518659,0.03004396402078209,0.010558054203671452
m12_joint_hybrid_synergy,inv_w0.25_s0.15,1x2,1785,0.6148623510155391,0.6131180107974481,0.21239162819179733,0.21156444032291422,0.014918844773126461,0.018580646181840455,0.03550325668285531
m12_joint_hybrid_synergy,inv_w0.25_s0.15,ou_05,533,0.21120761664592932,1.3183162471185177,0.05146592892050553,0.05433616260677342,0.013742349116773475,0.036416109478396845,0.03557196918097017
m12_joint_hybrid_synergy,inv_w0.25_s0.15,ou_15,430,0.5318084934350344,0.5272811031135427,0.17422057898412688,0.17266435474340952,0.017509489857950866,0.010264241635519814,0.06323014701910468
m12_joint_hybrid_synergy,inv_w0.25_s0.15,ou_25,758,0.6886240942040205,0.6898782309589602,0.24775655744753922,0.24829171351414944,0.016809810636274895,0.01829866107755568,0.05596334177909845
m12_joint_hybrid_synergy,inv_w0.25_s0.15,ou_35,528,0.6153026021127026,0.6104589033548479,0.21207983216871137,0.2098660314894639,0.016551886165530823,0.01484560050373574,0.4028739056779824
m12_joint_hybrid_synergy,inv_w0.25_s0.15,btts,356,0.6871706029522439,0.6833706365781275,0.2470112766309617,0.2451580767568855,0.017967024290064627,0.03004396402078209,0.19357228306618623
m12_joint_hybrid_synergy,inv_w0.25_s0.25,1x2,1785,0.6137018085413174,0.6131180107974481,0.21185043955215113,0.21156444032291422,0.018389355526270083,0.018580646181840455,0.04732298928286566
m12_joint_hybrid_synergy,inv_w0.25_s0.25,ou_05,533,0.21150691208482983,1.3183162471185177,0.051512441841520214,0.05433616260677342,0.01340081506499728,0.036416109478396845,0.10322461120567161
m12_joint_hybrid_synergy,inv_w0.25_s0.25,ou_15,430,0.5301007849463085,0.5272811031135427,0.17357997941205933,0.17266435474340952,0.019794152712280196,0.010264241635519814,0.08692467110401825
m12_joint_hybrid_synergy,inv_w0.25_s0.25,ou_25,758,0.6877641107314474,0.6898782309589602,0.24732924196182837,0.24829171351414944,0.020332948443693617,0.01829866107755568,0.04741583134956795
m12_joint_hybrid_synergy,inv_w0.25_s0.25,ou_35,528,0.6137156154959054,0.6104589033548479,0.21142708277962236,0.2098660314894639,0.01699321762781208,0.01484560050373574,0.42797147475099284
m12_joint_hybrid_synergy,inv_w0.25_s0.25,btts,356,0.685732234271015,0.6833706365781275,0.24629728125023212,0.2451580767568855,0.0045334234875121235,0.03004396402078209,0.057074323458019216
m12_joint_hybrid_synergy,inv_w0.25_s0.35,1x2,1785,0.6127981551060211,0.6131180107974481,0.21144633031633084,0.21156444032291422,0.01128447358420186,0.018580646181840455,0.04236793202052089
m12_joint_hybrid_synergy,inv_w0.25_s0.35,ou_05,533,0.21143725010425946,1.3183162471185177,0.05150576750845593,0.05433616260677342,0.013098915244696675,0.036416109478396845,0.10521900550908236
m12_joint_hybrid_synergy,inv_w0.25_s0.35,ou_15,430,0.5290451467639706,0.5272811031135427,0.17320292649255578,0.17266435474340952,0.024504156174854273,0.010264241635519814,0.10417720421127447
m12_joint_hybrid_synergy,inv_w0.25_s0.35,ou_25,758,0.6873631249994356,0.6898782309589602,0.24712368298020793,0.24829171351414944,0.020958306468217596,0.01829866107755568,0.04328459567240117
m12_joint_hybrid_synergy,inv_w0.25_s0.35,ou_35,528,0.6123490848102178,0.6104589033548479,0.2108543039808254,0.2098660314894639,0.017033281211278624,0.01484560050373574,0.41379954193826063
m12_joint_hybrid_synergy,inv_w0.25_s0.35,btts,356,0.6847885345241882,0.6833706365781275,0.24583454385439632,0.2451580767568855,0.014197568146310525,0.03004396402078209,0.015043691033253204
m12_joint_hybrid_synergy,inv_w0.25_s0.50,1x2,1785,0.6120402500200511,0.6131180107974481,0.21112287010737354,0.21156444032291422,0.013496482559758029,0.018580646181840455,0.20431887204057353
m12_joint_hybrid_synergy,inv_w0.25_s0.50,ou_05,533,0.21126859558358607,1.3183162471185177,0.051487204547506285,0.05433616260677342,0.014540376507882743,0.036416109478396845,0.10214010009271188
m12_joint_hybrid_synergy,inv_w0.25_s0.50,ou_15,430,0.5285027614370872,0.5272811031135427,0.17303231911496775,0.17266435474340952,0.019202114573118993,0.010264241635519814,0.08480772895643879
m12_joint_hybrid_synergy,inv_w0.25_s0.50,ou_25,758,0.6873340487070225,0.6898782309589602,0.24710248168587678,0.24829171351414944,0.011668660875856912,0.01829866107755568,0.06993426935196245
m12_joint_hybrid_synergy,inv_w0.25_s0.50,ou_35,528,0.6113722230751628,0.6104589033548479,0.21040643819043495,0.2098660314894639,0.014645255401631493,0.01484560050373574,0.41498266395867567
m12_joint_hybrid_synergy,inv_w0.25_s0.50,btts,356,0.6842439667758065,0.6833706365781275,0.24557184482938046,0.2451580767568855,0.01848021401126821,0.03004396402078209,0.034792637890832645
m12_joint_hybrid_synergy,inv_w0.25_s0.75,1x2,1785,0.6115395241264022,0.6131180107974481,0.21092263121763372,0.21156444032291422,0.016342155113456748,0.018580646181840455,0.11575714930705128
m12_joint_hybrid_synergy,inv_w0.25_s0.75,ou_05,533,0.21110928507421808,1.3183162471185177,0.051471828014147236,0.05433616260677342,0.01351978091665572,0.036416109478396845,0.10308827270442508
m12_joint_hybrid_synergy,inv_w0.25_s0.75,ou_15,430,0.5283466484509041,0.5272811031135427,0.1729990164920808,0.17266435474340952,0.01804301754046369,0.010264241635519814,0.0842631492474521
m12_joint_hybrid_synergy,inv_w0.25_s0.75,ou_25,758,0.6875746431834971,0.6898782309589602,0.24721664246610636,0.24829171351414944,0.006632934832376404,0.01829866107755568,0.015941258715049145
m12_joint_hybrid_synergy,inv_w0.25_s0.75,ou_35,528,0.6109179069323183,0.6104589033548479,0.21017562577976373,0.2098660314894639,0.008260360569618446,0.01484560050373574,0.3196552645413997
m12_joint_hybrid_synergy,inv_w0.25_s0.75,btts,356,0.6839897793230959,0.6833706365781275,0.24545224007251004,0.2451580767568855,0.02303199022502558,0.03004396402078209,0.0706711234236097
m12_joint_hybrid_synergy,inv_w0.25_s1.00,1x2,1785,0.6113552874982147,0.6131180107974481,0.21085329883507475,0.21156444032291422,0.014730201284760106,0.018580646181840455,0.192710507144098
m12_joint_hybrid_synergy,inv_w0.25_s1.00,ou_05,533,0.21103904482473557,1.3183162471185177,0.05146589846794431,0.05433616260677342,0.013402858208572026,0.036416109478396845,0.10343261516355166
m12_joint_hybrid_synergy,inv_w0.25_s1.00,ou_15,430,0.5283457508098192,0.5272811031135427,0.17300623095967232,0.17266435474340952,0.01757410985060591,0.010264241635519814,0.08406275777104211
m12_joint_hybrid_synergy,inv_w0.25_s1.00,ou_25,758,0.6877556229805272,0.6898782309589602,0.24730310635552616,0.24829171351414944,0.012769938607469434,0.01829866107755568,0.042036770551971525
m12_joint_hybrid_synergy,inv_w0.25_s1.00,ou_35,528,0.6108141186141297,0.6104589033548479,0.2101160962407486,0.2098660314894639,0.005882440244975803,0.01484560050373574,0.3197510605083115
m12_joint_hybrid_synergy,inv_w0.25_s1.00,btts,356,0.6839113960120194,0.6833706365781275,0.24541625990623847,0.2451580767568855,0.022520467904675875,0.03004396402078209,0.08612444135428587
m12_joint_hybrid_synergy,inv_w0.40_s0.15,1x2,1785,0.6150031658656121,0.6131180107974481,0.21246229846793127,0.21156444032291422,0.013517212194051702,0.018580646181840455,0.09343165861001876
m12_joint_hybrid_synergy,inv_w0.40_s0.15,ou_05,533,0.21114187206974208,1.3183162471185177,0.0514575059495087,0.05433616260677342,0.013846396435897709,0.036416109478396845,0.03567931792769929
m12_joint_hybrid_synergy,inv_w0.40_s0.15,ou_15,430,0.5317585844457572,0.5272811031135427,0.17420002838634888,0.17266435474340952,0.017961830827426938,0.010264241635519814,0.046194314722737495
m12_joint_hybrid_synergy,inv_w0.40_s0.15,ou_25,758,0.6882799088620014,0.6898782309589602,0.24758518970444715,0.24829171351414944,0.020495461937488264,0.01829866107755568,0.2228456070947039
m12_joint_hybrid_synergy,inv_w0.40_s0.15,ou_35,528,0.6150471062499149,0.6104589033548479,0.21201188177584335,0.2098660314894639,0.016185527853254125,0.01484560050373574,0.40163411469230015
m12_joint_hybrid_synergy,inv_w0.40_s0.15,btts,356,0.6867267872902572,0.6833706365781275,0.24679417210652643,0.2451580767568855,0.018352402010730098,0.03004396402078209,0.19614446045094003
m12_joint_hybrid_synergy,inv_w0.40_s0.25,1x2,1785,0.6138189256329942,0.6131180107974481,0.21191342354563694,0.21156444032291422,0.015386665745451635,0.018580646181840455,0.37929246849127796
m12_joint_hybrid_synergy,inv_w0.40_s0.25,ou_05,533,0.21136761601450685,1.3183162471185177,0.05149292463436114,0.05433616260677342,0.013595966553380806,0.036416109478396845,0.10012363961912829
m12_joint_hybrid_synergy,inv_w0.40_s0.25,ou_15,430,0.5303647042759344,0.5272811031135427,0.17367952317809768,0.17266435474340952,0.021008601062191514,0.010264241635519814,0.07069634174891559
m12_joint_hybrid_synergy,inv_w0.40_s0.25,ou_25,758,0.6875398199115554,0.6898782309589602,0.24721837967305527,0.24829171351414944,0.016780312610470867,0.01829866107755568,0.0545419206331047
m12_joint_hybrid_synergy,inv_w0.40_s0.25,ou_35,528,0.6137550158441949,0.6104589033548479,0.21147844251016149,0.2098660314894639,0.029293075298864255,0.01484560050373574,0.4202489178055204
m12_joint_hybrid_synergy,inv_w0.40_s0.25,btts,356,0.685521105974329,0.6833706365781275,0.24619612161728488,0.2451580767568855,0.009579884588254102,0.03004396402078209,0.12033675644563957
m12_joint_hybrid_synergy,inv_w0.40_s0.35,1x2,1785,0.612878854830333,0.6131180107974481,0.2114916101608458,0.21156444032291422,0.020190570050671448,0.018580646181840455,0.16344787558858798
m12_joint_hybrid_synergy,inv_w0.40_s0.35,ou_05,533,0.21130533138124183,1.3183162471185177,0.051486420337033344,0.05433616260677342,0.013375198890656335,0.036416109478396845,0.10604689845577953
m12_joint_hybrid_synergy,inv_w0.40_s0.35,ou_15,430,0.5295116730663525,0.5272811031135427,0.1733723947721831,0.17266435474340952,0.016872974709156763,0.010264241635519814,0.059729983929388
m12_joint_hybrid_synergy,inv_w0.40_s0.35,ou_25,758,0.6871846455951932,0.6898782309589602,0.24703795581293828,0.24829171351414944,0.01503520404724372,0.01829866107755568,0.015182576664465042
m12_joint_hybrid_synergy,inv_w0.40_s0.35,ou_35,528,0.6126408775006943,0.6104589033548479,0.21101479746318386,0.2098660314894639,0.025887395903287085,0.01484560050373574,0.4184123888870195
m12_joint_hybrid_synergy,inv_w0.40_s0.35,btts,356,0.6847346586031036,0.6833706365781275,0.24581003321668274,0.2451580767568855,0.015113886075936167,0.03004396402078209,0.14204180965130975
m12_joint_hybrid_synergy,inv_w0.40_s0.50,1x2,1785,0.6120563968423028,0.6131180107974481,0.21113448873711974,0.21156444032291422,0.017680427698235482,0.018580646181840455,0.05836881436462582
m12_joint_hybrid_synergy,inv_w0.40_s0.50,ou_05,533,0.21116684767201843,1.3183162471185177,0.05147012363075226,0.05433616260677342,0.013155404655361401,0.036416109478396845,0.10387327363075805
m12_joint_hybrid_synergy,inv_w0.40_s0.50,ou_15,430,0.5290676992245876,0.5272811031135427,0.17322778088265034,0.17266435474340952,0.013269868767772143,0.010264241635519814,0.0688215393656405
m12_joint_hybrid_synergy,inv_w0.40_s0.50,ou_25,758,0.6871150652431902,0.6898782309589602,0.24699895228685712,0.24829171351414944,0.010676682655917072,0.01829866107755568,0.05255950278660604
m12_joint_hybrid_synergy,inv_w0.40_s0.50,ou_35,528,0.6117997463966122,0.6104589033548479,0.2106386929073958,0.2098660314894639,0.031478381182515995,0.01484560050373574,0.4058619838356714
m12_joint_hybrid_synergy,inv_w0.40_s0.50,btts,356,0.6842808345216213,0.6833706365781275,0.24559036478875065,0.2451580767568855,0.01426558871552145,0.03004396402078209,0.05811916054988964
m12_joint_hybrid_synergy,inv_w0.40_s0.75,1x2,1785,0.6114766199327373,0.6131180107974481,0.21089292723945866,0.21156444032291422,0.015748872575202476,0.018580646181840455,0.2225204238140419
m12_joint_hybrid_synergy,inv_w0.40_s0.75,ou_05,533,0.21103615876339685,1.3183162471185177,0.05145595903539854,0.05433616260677342,0.012982949059020091,0.036416109478396845,0.10542768849317097
m12_joint_hybrid_synergy,inv_w0.40_s0.75,ou_15,430,0.528923642081894,0.5272811031135427,0.17319181808227932,0.17266435474340952,0.012445614717351481,0.010264241635519814,0.07695369984586997
m12_joint_hybrid_synergy,inv_w0.40_s0.75,ou_25,758,0.6872438658245374,0.6898782309589602,0.2470597136951356,0.24829171351414944,0.011099990370958324,0.01829866107755568,0.04811187413629403
m12_joint_hybrid_synergy,inv_w0.40_s0.75,ou_35,528,0.6113466876634828,0.6104589033548479,0.21042082648464835,0.2098660314894639,0.021887723424923823,0.01484560050373574,0.40451519884446696
m12_joint_hybrid_synergy,inv_w0.40_s0.75,btts,356,0.6840737486210196,0.6833706365781275,0.24549229030515715,0.2451580767568855,0.013458297841952353,0.03004396402078209,0.05623631946447283
m12_joint_hybrid_synergy,inv_w0.40_s1.00,1x2,1785,0.6112490078117866,0.6131180107974481,0.21080141819119336,0.21156444032291422,0.016215957654964863,0.018580646181840455,0.08905323290697907
m12_joint_hybrid_synergy,inv_w0.40_s1.00,ou_05,533,0.2109779517996269,1.3183162471185177,0.05145015920939549,0.05433616260677342,0.015092483462139879,0.036416109478396845,0.14538891891072536
m12_joint_hybrid_synergy,inv_w0.40_s1.00,ou_15,430,0.5289093123753399,0.5272811031135427,0.17319281322031313,0.17266435474340952,0.01211148055006027,0.010264241635519814,0.08060499610654759
m12_joint_hybrid_synergy,inv_w0.40_s1.00,ou_25,758,0.6873496925935502,0.6898782309589602,0.2471105915114011,0.24829171351414944,0.008407861711598272,0.01829866107755568,0.008581522777245332
m12_joint_hybrid_synergy,inv_w0.40_s1.00,ou_35,528,0.6112111933267899,0.6104589033548479,0.21035172546916084,0.2098660314894639,0.013966734147645302,0.01484560050373574,0.31495669050077857
m12_joint_hybrid_synergy,inv_w0.40_s1.00,btts,356,0.6840131360108144,0.6833706365781275,0.24546425473704084,0.2451580767568855,0.018694366397261616,0.03004396402078209,0.07677885375423898
m12_joint_hybrid_synergy,inv_w0.55_s0.15,1x2,1785,0.6152238951867485,0.6131180107974481,0.21256986710173273,0.21156444032291422,0.014712186378560206,0.018580646181840455,0.13880308246662879
m12_joint_hybrid_synergy,inv_w0.55_s0.15,ou_05,533,0.2110866612336466,1.3183162471185177,0.051450542743166364,0.05433616260677342,0.013952292964434999,0.036416109478396845,0.03578557656172011
m12_joint_hybrid_synergy,inv_w0.55_s0.15,ou_15,430,0.5317434134412842,0.5272811031135427,0.1741917454288603,0.17266435474340952,0.01838430005914205,0.010264241635519814,0.11343920884732794
m12_joint_hybrid_synergy,inv_w0.55_s0.15,ou_25,758,0.687978374682671,0.6898782309589602,0.2474347526632474,0.24829171351414944,0.004805419571215632,0.01829866107755568,0.19206072010775732
m12_joint_hybrid_synergy,inv_w0.55_s0.15,ou_35,528,0.6148354301861616,0.6104589033548479,0.21196150228087296,0.2098660314894639,0.011302083422236927,0.01484560050373574,0.30681656104098975
m12_joint_hybrid_synergy,inv_w0.55_s0.15,btts,356,0.6863071855250387,0.6833706365781275,0.24658873093369518,0.2451580767568855,0.01242243096934723,0.03004396402078209,0.2536087018513077
m12_joint_hybrid_synergy,inv_w0.55_s0.25,1x2,1785,0.6141446034553221,0.6131180107974481,0.21207094167741852,0.21156444032291422,0.022274662488633537,0.018580646181840455,0.3865028633934142
m12_joint_hybrid_synergy,inv_w0.55_s0.25,ou_05,533,0.21124618598062653,1.3183162471185177,0.051475837574512746,0.05433616260677342,0.013781938389496297,0.036416109478396845,0.03561677617101911
m12_joint_hybrid_synergy,inv_w0.55_s0.25,ou_15,430,0.5306788561642622,0.5272811031135427,0.1737958101186435,0.17266435474340952,0.02306502489745894,0.010264241635519814,0.047393819508122936
m12_joint_hybrid_synergy,inv_w0.55_s0.25,ou_25,758,0.6873862666066204,0.6898782309589602,0.24714180027853594,0.24829171351414944,0.01981417276536692,0.01829866107755568,0.2496681490017646
m12_joint_hybrid_synergy,inv_w0.55_s0.25,ou_35,528,0.6138523535177578,0.6104589033548479,0.21155418216500968,0.2098660314894639,0.024624285196693015,0.01484560050373574,0.4127591411097282
m12_joint_hybrid_synergy,inv_w0.55_s0.25,btts,356,0.6853618825543406,0.6833706365781275,0.24612009762836726,0.2451580767568855,0.01592855170560435,0.03004396402078209,0.19597682896954105
m12_joint_hybrid_synergy,inv_w0.55_s0.35,1x2,1785,0.6132775112191668,0.6131180107974481,0.21168003220750162,0.21156444032291422,0.018179468347665175,0.018580646181840455,0.12327601756795192
m12_joint_hybrid_synergy,inv_w0.55_s0.35,ou_05,533,0.21119529460358122,1.3183162471185177,0.0514702028811386,0.05433616260677342,0.013632579744811779,0.036416109478396845,0.035425131884207185
m12_joint_hybrid_synergy,inv_w0.55_s0.35,ou_15,430,0.5300354593760257,0.5272811031135427,0.1735624160411273,0.17266435474340952,0.015882891120315806,0.010264241635519814,0.07305757224639975
m12_joint_hybrid_synergy,inv_w0.55_s0.35,ou_25,758,0.6870978851211192,0.6898782309589602,0.24699625034535055,0.24829171351414944,0.019891388184918486,0.01829866107755568,0.10433496155487887
m12_joint_hybrid_synergy,inv_w0.55_s0.35,ou_35,528,0.6130065034982974,0.6104589033548479,0.2112045937227261,0.2098660314894639,0.028278038681527142,0.01484560050373574,0.41079827325675655
m12_joint_hybrid_synergy,inv_w0.55_s0.35,btts,356,0.6847490044838674,0.6833706365781275,0.2458188658137299,0.2451580767568855,0.016731697297974447,0.03004396402078209,0.19478517528234673
m12_joint_hybrid_synergy,inv_w0.55_s0.50,1x2,1785,0.6124995234434335,0.6131180107974481,0.21133722300173383,0.21156444032291422,0.01687381712508254,0.018580646181840455,0.15497094910282783
m12_joint_hybrid_synergy,inv_w0.55_s0.50,ou_05,533,0.21108998130783552,1.3183162471185177,0.051457119749249214,0.05433616260677342,0.01348314381480226,0.036416109478396845,0.10215115857761159
m12_joint_hybrid_synergy,inv_w0.55_s0.50,ou_15,430,0.5296993030018726,0.5272811031135427,0.17344945029326003,0.17266435474340952,0.015069375105670213,0.010264241635519814,0.06033433682508704
m12_joint_hybrid_synergy,inv_w0.55_s0.50,ou_25,758,0.6870182840442054,0.6898782309589602,0.24695397829815927,0.24829171351414944,0.012145522152660666,0.01829866107755568,0.10253768493732263
m12_joint_hybrid_synergy,inv_w0.55_s0.50,ou_35,528,0.6123406524188042,0.6104589033548479,0.2109136746171442,0.2098660314894639,0.02800784890468942,0.01484560050373574,0.40246255882830506
m12_joint_hybrid_synergy,inv_w0.55_s0.50,btts,356,0.6843955728685042,0.6833706365781275,0.2456472423776672,0.2451580767568855,0.02625379893155453,0.03004396402078209,0.22764355258107316
m12_joint_hybrid_synergy,inv_w0.55_s0.75,1x2,1785,0.6119311530031605,0.6131180107974481,0.2110933133581137,0.21156444032291422,0.019154085910711872,0.018580646181840455,0.05178586118512685
m12_joint_hybrid_synergy,inv_w0.55_s0.75,ou_05,533,0.21099110782179437,1.3183162471185177,0.05144537741864851,0.05433616260677342,0.013364793405925519,0.036416109478396845,0.10383334436872904
m12_joint_hybrid_synergy,inv_w0.55_s0.75,ou_15,430,0.5295824715988494,0.5272811031135427,0.17341706370742038,0.17266435474340952,0.014501129573780316,0.010264241635519814,0.039790886252611735
m12_joint_hybrid_synergy,inv_w0.55_s0.75,ou_25,758,0.6870775928113899,0.6898782309589602,0.2469815334035747,0.24829171351414944,0.00869596466798126,0.01829866107755568,0.05566301432808396
m12_joint_hybrid_synergy,inv_w0.55_s0.75,ou_35,528,0.6119462320459311,0.6104589033548479,0.21073207620536308,0.2098660314894639,0.020309825731382312,0.01484560050373574,0.3098225656248275
m12_joint_hybrid_synergy,inv_w0.55_s0.75,btts,356,0.6842372613319271,0.6833706365781275,0.24557180707231258,0.2451580767568855,0.026663605470231493,0.03004396402078209,0.2261994736671442
m12_joint_hybrid_synergy,inv_w0.55_s1.00,1x2,1785,0.6117005837582397,0.6131180107974481,0.21099652350179282,0.21156444032291422,0.017738031981523485,0.018580646181840455,0.2811195821632987
m12_joint_hybrid_synergy,inv_w0.55_s1.00,ou_05,533,0.21094683553059976,1.3183162471185177,0.05144037595624551,0.05433616260677342,0.01331447686660111,0.036416109478396845,0.10445485530945287
m12_joint_hybrid_synergy,inv_w0.55_s1.00,ou_15,430,0.5295648256296985,0.5272811031135427,0.17341492844359296,0.17266435474340952,0.014271838594717918,0.010264241635519814,0.039252340532992314
m12_joint_hybrid_synergy,inv_w0.55_s1.00,ou_25,758,0.6871341441504063,0.6898782309589602,0.24700878964549813,0.24829171351414944,0.011434129945750257,0.01829866107755568,0.05430118135476958
m12_joint_hybrid_synergy,inv_w0.55_s1.00,ou_35,528,0.6118124723688909,0.6104589033548479,0.2106682718230834,0.2098660314894639,0.02552214588314157,0.01484560050373574,0.309885665473713
m12_joint_hybrid_synergy,inv_w0.55_s1.00,btts,356,0.6841929759553602,0.6833706365781275,0.24555116178337474,0.2451580767568855,0.026852405271292425,0.03004396402078209,0.2256378203909304
m12_joint_hybrid_synergy,inv_w0.70_s0.15,1x2,1785,0.6155242823617051,0.6131180107974481,0.21271434265138153,0.21156444032291422,0.014196828508860867,0.018580646181840455,0.19481088789653314
m12_joint_hybrid_synergy,inv_w0.70_s0.15,ou_05,533,0.2110419011974834,1.3183162471185177,0.05144501543782911,0.05433616260677342,0.014059935263437615,0.036416109478396845,0.03589062677132807
m12_joint_hybrid_synergy,inv_w0.70_s0.15,ou_15,430,0.5317625579366584,0.5272811031135427,0.17419568441575556,0.17266435474340952,0.01877667410258629,0.010264241635519814,0.10815985527612093
m12_joint_hybrid_synergy,inv_w0.70_s0.15,ou_25,758,0.6877188287009544,0.6898782309589602,0.24730500572623912,0.24829171351414944,0.01115872572100038,0.01829866107755568,0.14375240330815764
m12_joint_hybrid_synergy,inv_w0.70_s0.15,ou_35,528,0.6146667705182222,0.6104589033548479,0.21192816669156764,0.2098660314894639,0.011538348199268415,0.01484560050373574,0.3024070456478106
m12_joint_hybrid_synergy,inv_w0.70_s0.15,btts,356,0.6859121904585678,0.6833706365781275,0.24639518109700764,0.2451580767568855,0.007947185067170374,0.03004396402078209,0.14515806270207343
m12_joint_hybrid_synergy,inv_w0.70_s0.25,1x2,1785,0.6146778415060566,0.6131180107974481,0.2123234274203891,0.21156444032291422,0.02011809126385182,0.018580646181840455,0.3937686989933892
m12_joint_hybrid_synergy,inv_w0.70_s0.25,ou_05,533,0.21114202959481973,1.3183162471185177,0.05146107839647102,0.05433616260677342,0.013958209460047168,0.036416109478396845,0.03579416976367416
m12_joint_hybrid_synergy,inv_w0.70_s0.25,ou_15,430,0.5310411137855487,0.5272811031135427,0.173928320137866,0.17266435474340952,0.024041654184892472,0.010264241635519814,0.04767023763942563
m12_joint_hybrid_synergy,inv_w0.70_s0.25,ou_25,758,0.6873005766792426,0.6898782309589602,0.24709832313619778,0.24829171351414944,0.008313457627096836,0.01829866107755568,0.39308600973921837
m12_joint_hybrid_synergy,inv_w0.70_s0.25,ou_35,528,0.6140036906574126,0.6104589033548479,0.21165245248750386,0.2098660314894639,0.026528795177479667,0.01484560050373574,0.40550116294550487
m12_joint_hybrid_synergy,inv_w0.70_s0.25,btts,356,0.685254751734107,0.6833706365781275,0.24606938986375265,0.2451580767568855,0.009604769694467772,0.03004396402078209,0.19491377381359454
m12_joint_hybrid_synergy,inv_w0.70_s0.35,1x2,1785,0.6139922462418462,0.6131180107974481,0.21201284897328707,0.21156444032291422,0.021430647401285793,0.018580646181840455,0.15274792679607302
m12_joint_hybrid_synergy,inv_w0.70_s0.35,ou_05,533,0.21110575981543067,1.3183162471185177,0.051456891166088196,0.05433616260677342,0.013869809616732105,0.036416109478396845,0.03568143595895989
m12_joint_hybrid_synergy,inv_w0.70_s0.35,ou_15,430,0.5306114356298068,0.5272811031135427,0.17377135866998164,0.17266435474340952,0.02630703464181866,0.010264241635519814,0.07527156907926419
m12_joint_hybrid_synergy,inv_w0.70_s0.35,ou_25,758,0.6870958453919235,0.6898782309589602,0.2469954923508597,0.24829171351414944,0.005150909574216657,0.01829866107755568,0.3948933054896431
m12_joint_hybrid_synergy,inv_w0.70_s0.35,ou_35,528,0.6134361387315977,0.6104589033548479,0.21141940285913596,0.2098660314894639,0.03187729307229939,0.01484560050373574,0.4038084851349829
m12_joint_hybrid_synergy,inv_w0.70_s0.35,btts,356,0.68483113072662,0.6833706365781275,0.24586093887135166,0.2451580767568855,0.010218114216777046,0.03004396402078209,0.19418291380251418
m12_joint_hybrid_synergy,inv_w0.70_s0.50,1x2,1785,0.6133666637034909,0.6131180107974481,0.2117338206719086,0.21156444032291422,0.019286958897478997,0.018580646181840455,0.18038790641532598
m12_joint_hybrid_synergy,inv_w0.70_s0.50,ou_05,533,0.21103530710259935,1.3183162471185177,0.05144773994653706,0.05433616260677342,0.01378110199090047,0.036416109478396845,0.035562138665256544
m12_joint_hybrid_synergy,inv_w0.70_s0.50,ou_15,430,0.530387778175851,0.5272811031135427,0.17369401725507919,0.17266435474340952,0.019329537794226824,0.010264241635519814,0.05900906519903626
m12_joint_hybrid_synergy,inv_w0.70_s0.50,ou_25,758,0.6870287494458771,0.6898782309589602,0.24696068754595069,0.24829171351414944,0.009853095685576276,0.01829866107755568,0.3955967090244821
m12_joint_hybrid_synergy,inv_w0.70_s0.50,ou_35,528,0.6129745761662581,0.6104589033548479,0.21122205417867335,0.2098660314894639,0.03936551570986968,0.01484560050373574,0.30436617731252347
m12_joint_hybrid_synergy,inv_w0.70_s0.50,btts,356,0.6845870158061431,0.6833706365781275,0.24574204429310878,0.2451580767568855,0.020783770104002994,0.03004396402078209,0.22808538058799332
m12_joint_hybrid_synergy,inv_w0.70_s0.75,1x2,1785,0.6128991170559921,0.6131180107974481,0.21152863214108458,0.21156444032291422,0.01781728620360411,0.018580646181840455,0.1654650383822065
m12_joint_hybrid_synergy,inv_w0.70_s0.75,ou_05,533,0.2109697603778368,1.3183162471185177,0.05143935570495159,0.05433616260677342,0.013710388713378745,0.036416109478396845,0.03546577590472338
m12_joint_hybrid_synergy,inv_w0.70_s0.75,ou_15,430,0.5303072461514706,0.5272811031135427,0.173669779034039,0.17266435474340952,0.018992947080175078,0.010264241635519814,0.023572263955478068
m12_joint_hybrid_synergy,inv_w0.70_s0.75,ou_25,758,0.6870495218701684,0.6898782309589602,0.24696996265001983,0.24829171351414944,0.00939924436214168,0.01829866107755568,0.22928312077078206
m12_joint_hybrid_synergy,inv_w0.70_s0.75,ou_35,528,0.6126824573104004,0.6104589033548479,0.21109247981453144,0.2098660314894639,0.03933981228185097,0.01484560050373574,0.30449058379687644
m12_joint_hybrid_synergy,inv_w0.70_s0.75,btts,356,0.6844790394459769,0.6833706365781275,0.2456903091677837,0.2451580767568855,0.0312558146532106,0.03004396402078209,0.2520243419112601
m12_joint_hybrid_synergy,inv_w0.70_s1.00,1x2,1785,0.6127056057994085,0.6131180107974481,0.2114447981515503,0.21156444032291422,0.017690920966288704,0.018580646181840455,0.15873305071860555
m12_joint_hybrid_synergy,inv_w0.70_s1.00,ou_05,533,0.21094037575449312,1.3183162471185177,0.05143568915351528,0.05433616260677342,0.013680133134950251,0.036416109478396845,0.03542443581843715
m12_joint_hybrid_synergy,inv_w0.70_s1.00,ou_15,430,0.5302927762841076,0.5272811031135427,0.17366687643952095,0.17266435474340952,0.018858628082192734,0.010264241635519814,0.023602957969275584
m12_joint_hybrid_synergy,inv_w0.70_s1.00,ou_25,758,0.6870757431027378,0.6898782309589602,0.24698257884709338,0.24829171351414944,0.00680249877212623,0.01829866107755568,0.22912339022338757
m12_joint_hybrid_synergy,inv_w0.70_s1.00,ou_35,528,0.6125759711018731,0.6104589033548479,0.2110441691772579,0.2098660314894639,0.03933798045985723,0.01484560050373574,0.3045345829458052
m12_joint_hybrid_synergy,inv_w0.70_s1.00,btts,356,0.6844498030208768,0.6833706365781275,0.24567657889740982,0.2451580767568855,0.024643303133346547,0.03004396402078209,0.1451247522869925
m12_joint_hybrid_synergy,inv_w0.85_s0.15,1x2,1785,0.6159040376094844,0.6131180107974481,0.21289568440898038,0.21156444032291422,0.012228790521379105,0.018580646181840455,0.19521035475637624
m12_joint_hybrid_synergy,inv_w0.85_s0.15,ou_05,533,0.2110074991392103,1.3183162471185177,0.05144090137075922,0.05433616260677342,0.01416923783244681,0.036416109478396845,0.035994373526144936
m12_joint_hybrid_synergy,inv_w0.85_s0.15,ou_15,430,0.5318155691799391,0.5272811031135427,0.17421177548602698,0.17266435474340952,0.019138825413365125,0.010264241635519814,0.19039243584391707
m12_joint_hybrid_synergy,inv_w0.85_s0.15,ou_25,758,0.6875006612806086,0.6898782309589602,0.24719572048671512,0.24829171351414944,0.015200087787952803,0.01829866107755568,0.10880923978775597
m12_joint_hybrid_synergy,inv_w0.85_s0.15,ou_35,528,0.6145404833327283,0.6104589033548479,0.21191145393283753,0.2098660314894639,0.011647969472949557,0.01484560050373574,0.024051036444694807
m12_joint_hybrid_synergy,inv_w0.85_s0.15,btts,356,0.6855421763282142,0.6833706365781275,0.2462137391530003,0.2451580767568855,0.013948970167116543,0.03004396402078209,0.3934207829650974
m12_joint_hybrid_synergy,inv_w0.85_s0.25,1x2,1785,0.6154176067903299,0.6131180107974481,0.21267106767066474,0.21156444032291422,0.013271314775450701,0.018580646181840455,0.1904005330678299
m12_joint_hybrid_synergy,inv_w0.85_s0.25,ou_05,533,0.21105459055460885,1.3183162471185177,0.05144855350926832,0.05433616260677342,0.014124372021486338,0.036416109478396845,0.03595425230837005
m12_joint_hybrid_synergy,inv_w0.85_s0.25,ou_15,430,0.5314494549718553,0.5272811031135427,0.17407653148889551,0.17266435474340952,0.018692956350699456,0.010264241635519814,0.19113494892280303
m12_joint_hybrid_synergy,inv_w0.85_s0.25,ou_25,758,0.6872802798478427,0.6898782309589602,0.24708691227558469,0.24829171351414944,0.003529576331272774,0.01829866107755568,0.3874914222624831
m12_joint_hybrid_synergy,inv_w0.85_s0.25,ou_35,528,0.6142057829688382,0.6104589033548479,0.2117717770803545,0.2098660314894639,0.011283791974545971,0.01484560050373574,0.023414018758023958
m12_joint_hybrid_synergy,inv_w0.85_s0.25,btts,356,0.6851998964199243,0.6833706365781275,0.24604417165160605,0.2451580767568855,0.013470087951413284,0.03004396402078209,0.3939556805697243
m12_joint_hybrid_synergy,inv_w0.85_s0.35,1x2,1785,0.6150212577126501,0.6131180107974481,0.21249073810237354,0.21156444032291422,0.015466309894134745,0.018580646181840455,0.18508049909651697
m12_joint_hybrid_synergy,inv_w0.85_s0.35,ou_05,533,0.2110354794427512,1.3183162471185177,0.051446278365498845,0.05433616260677342,0.014085900690776896,0.036416109478396845,0.035905575097070465
m12_joint_hybrid_synergy,inv_w0.85_s0.35,ou_15,430,0.531234984226374,0.5272811031135427,0.173997675655936,0.17266435474340952,0.018400934779006763,0.010264241635519814,0.19122757894829423
m12_joint_hybrid_synergy,inv_w0.85_s0.35,ou_25,758,0.687172599689474,0.6898782309589602,0.24703303588138037,0.24829171351414944,0.0035635625659681523,0.01829866107755568,0.38881489925840795
m12_joint_hybrid_synergy,inv_w0.85_s0.35,ou_35,528,0.613921544415286,0.6104589033548479,0.21165576803070335,0.2098660314894639,0.012469280249862519,0.01484560050373574,0.19994365662974356
m12_joint_hybrid_synergy,inv_w0.85_s0.35,btts,356,0.6849807008863079,0.6833706365781275,0.24593619153169236,0.2451580767568855,0.01314016672234401,0.03004396402078209,0.14521093418684383
m12_joint_hybrid_synergy,inv_w0.85_s0.50,1x2,1785,0.6146551819342383,0.6131180107974481,0.21232587138105344,0.21156444032291422,0.019072176515327187,0.018580646181840455,0.3974885332681437
m12_joint_hybrid_synergy,inv_w0.85_s0.50,ou_05,533,0.21100044219922853,1.3183162471185177,0.05144155608253096,0.05433616260677342,0.014047264222503828,0.036416109478396845,0.03585365095318698
m12_joint_hybrid_synergy,inv_w0.85_s0.50,ou_15,430,0.5311244749779344,0.5272811031135427,0.1739584222026746,0.17266435474340952,0.01817374423862133,0.010264241635519814,0.10134001711788332
m12_joint_hybrid_synergy,inv_w0.85_s0.50,ou_25,758,0.6871338336784507,0.6898782309589602,0.2470131970991913,0.24829171351414944,0.00107403637891555,0.01829866107755568,0.38966130201209237
m12_joint_hybrid_synergy,inv_w0.85_s0.50,ou_35,528,0.6136843572243306,0.6104589033548479,0.21155638703416507,0.2098660314894639,0.0121735196442663,0.01484560050373574,0.19972967768221295
m12_joint_hybrid_synergy,inv_w0.85_s0.50,btts,356,0.6848544199589343,0.6833706365781275,0.24587451876525973,0.2451580767568855,0.00488097835041109,0.03004396402078209,0.14501797203242373
m12_joint_hybrid_synergy,inv_w0.85_s0.75,1x2,1785,0.6143771753021953,0.6131180107974481,0.2122018053178278,0.21156444032291422,0.019661477124534938,0.018580646181840455,0.17941633994354164
m12_joint_hybrid_synergy,inv_w0.85_s0.75,ou_05,533,0.2109682570531183,1.3183162471185177,0.05143717859094597,0.05433616260677342,0.014016353633841247,0.036416109478396845,0.035811501893982654
m12_joint_hybrid_synergy,inv_w0.85_s0.75,ou_15,430,0.5310842206118168,0.5272811031135427,0.17394539571913245,0.17266435474340952,0.01801982878175146,0.010264241635519814,0.10155385217088853
m12_joint_hybrid_synergy,inv_w0.85_s0.75,ou_25,758,0.6871374182159198,0.6898782309589602,0.2470145364787788,0.24829171351414944,0.0010449873219527685,0.01829866107755568,0.3901594792945451
m12_joint_hybrid_synergy,inv_w0.85_s0.75,ou_35,528,0.6135267564453278,0.6104589033548479,0.21148874606544552,0.2098660314894639,0.01195787639345218,0.01484560050373574,0.1996125606306609
m12_joint_hybrid_synergy,inv_w0.85_s0.75,btts,356,0.6847988502872575,0.6833706365781275,0.24584776723280272,0.2451580767568855,0.0050915304978805895,0.03004396402078209,0.1449003775938693
m12_joint_hybrid_synergy,inv_w0.85_s1.00,1x2,1785,0.6142605073654962,0.6131180107974481,0.21215008306516914,0.21156444032291422,0.020431795859716634,0.018580646181840455,0.1769645705821538
m12_joint_hybrid_synergy,inv_w0.85_s1.00,ou_05,533,0.21095386416111042,1.3183162471185177,0.05143523124607482,0.05433616260677342,0.014003078482296653,0.036416109478396845,0.035793351799452096
m12_joint_hybrid_synergy,inv_w0.85_s1.00,ou_15,430,0.5310764086611064,0.5272811031135427,0.17394339644727133,0.17266435474340952,0.01795883687100516,0.010264241635519814,0.09175108408164534
m12_joint_hybrid_synergy,inv_w0.85_s1.00,ou_25,758,0.6871463704716482,0.6898782309589602,0.24701881157932606,0.24829171351414944,0.0010474326013786611,0.01829866107755568,0.39034198957153965
m12_joint_hybrid_synergy,inv_w0.85_s1.00,ou_35,528,0.6134665613930234,0.6104589033548479,0.21146254414108198,0.2098660314894639,0.01702120989903576,0.01484560050373574,0.19957108327057427
m12_joint_hybrid_synergy,inv_w0.85_s1.00,btts,356,0.6847840277769955,0.6833706365781275,0.24584076240095634,0.2451580767568855,0.005177167870111886,0.03004396402078209,0.14485659402739404
m12_joint_hybrid_synergy,inv_w1.00_s0.15,1x2,1785,0.6163628377808433,0.6131180107974481,0.21311380224484566,0.21156444032291422,0.015540487807250399,0.018580646181840455,0.19640169051638687
m12_joint_hybrid_synergy,inv_w1.00_s0.15,ou_05,533,0.2109833528797281,1.3183162471185177,0.0514381791820302,0.05433616260677342,0.014280133074974307,0.036416109478396845,0.03609674501440912
m12_joint_hybrid_synergy,inv_w1.00_s0.15,ou_15,430,0.5319019744952578,0.5272811031135427,0.17423992532855484,0.17266435474340952,0.019470721626399692,0.010264241635519814,0.1919504425471784
m12_joint_hybrid_synergy,inv_w1.00_s0.15,ou_25,758,0.6873233182836874,0.6898782309589602,0.24710668204282463,0.24829171351414944,0.010027086429431106,0.01829866107755568,0.10781221674809816
m12_joint_hybrid_synergy,inv_w1.00_s0.15,ou_35,528,0.6144560850833163,0.6104589033548479,0.21191104927084883,0.2098660314894639,0.011631589517115135,0.01484560050373574,0.014565669291756789
m12_joint_hybrid_synergy,inv_w1.00_s0.15,btts,356,0.6851974985256493,0.6833706365781275,0.2460446098764195,0.2451580767568855,0.008723662632660317,0.03004396402078209,0.3885780696472543
m12_joint_hybrid_synergy,std_w0.25_s0.15,1x2,1785,0.6104407331352545,0.6131180107974481,0.21051664272842543,0.21156444032291422,0.016561825810268112,0.018580646181840455,0.1421777087389483
m12_joint_hybrid_synergy,std_w0.25_s0.15,ou_05,533,0.2106972232391908,1.3183162471185177,0.05143645303896292,0.05433616260677342,0.01313310211811856,0.036416109478396845,0.1096598619749588
m12_joint_hybrid_synergy,std_w0.25_s0.15,ou_15,430,0.5285231797297847,0.5272811031135427,0.17309629586581987,0.17266435474340952,0.01430192297825166,0.010264241635519814,0.05637067040323185
m12_joint_hybrid_synergy,std_w0.25_s0.15,ou_25,758,0.6867558292445295,0.6898782309589602,0.24679710653701484,0.24829171351414944,0.024446532823714597,0.01829866107755568,0.04742968373716189
m12_joint_hybrid_synergy,std_w0.25_s0.15,ou_35,528,0.6101825022191193,0.6104589033548479,0.2099765876032778,0.2098660314894639,0.0060961966966236476,0.01484560050373574,0.19738061362580195
m12_joint_hybrid_synergy,std_w0.25_s0.15,btts,356,0.6816975231261003,0.6833706365781275,0.24433704094505612,0.2451580767568855,0.028525713669895224,0.03004396402078209,0.0512445500296258
m12_joint_hybrid_synergy,std_w0.25_s0.25,1x2,1785,0.6108937731099472,0.6131180107974481,0.21072455905631943,0.21156444032291422,0.014078371352633779,0.018580646181840455,0.22978823419332128
m12_joint_hybrid_synergy,std_w0.25_s0.25,ou_05,533,0.21038677826936478,1.3183162471185177,0.05137986398047256,0.05433616260677342,0.013530514603384015,0.036416109478396845,0.10433952253672761
m12_joint_hybrid_synergy,std_w0.25_s0.25,ou_15,430,0.5302513182352273,0.5272811031135427,0.17367738210323913,0.17266435474340952,0.015004728248726798,0.010264241635519814,0.13169762849746158
m12_joint_hybrid_synergy,std_w0.25_s0.25,ou_25,758,0.687396618504234,0.6898782309589602,0.2471189001302578,0.24829171351414944,0.0015489827234143319,0.01829866107755568,0.0037742471402520406
m12_joint_hybrid_synergy,std_w0.25_s0.25,ou_35,528,0.6114491269382895,0.6104589033548479,0.21056784764974948,0.2098660314894639,0.005113644254520788,0.01484560050373574,0.08095828105260977
m12_joint_hybrid_synergy,std_w0.25_s0.25,btts,356,0.683104126506493,0.6833706365781275,0.24502598337035245,0.2451580767568855,0.019770080171461868,0.03004396402078209,0.10341772860530318
m12_joint_hybrid_synergy,std_w0.25_s0.35,1x2,1785,0.6120238008423381,0.6131180107974481,0.2112095839057288,0.21156444032291422,0.019088057256788235,0.018580646181840455,0.704852467851588
m12_joint_hybrid_synergy,std_w0.25_s0.35,ou_05,533,0.21047534692478104,1.3183162471185177,0.05138023892961738,0.05433616260677342,0.013780292566175094,0.036416109478396845,0.035411194074896825
m12_joint_hybrid_synergy,std_w0.25_s0.35,ou_15,430,0.5312519175994461,0.5272811031135427,0.1740208232386616,0.17266435474340952,0.01677159864225583,0.010264241635519814,0.11982512117323685
m12_joint_hybrid_synergy,std_w0.25_s0.35,ou_25,758,0.6876238448095804,0.6898782309589602,0.24724264721356234,0.24829171351414944,0.008420271125485273,0.01829866107755568,0.21812073679063282
m12_joint_hybrid_synergy,std_w0.25_s0.35,ou_35,528,0.6123289816946942,0.6104589033548479,0.21098193692948067,0.2098660314894639,0.010716270094326102,0.01484560050373574,0.4054894651883252
m12_joint_hybrid_synergy,std_w0.25_s0.35,btts,356,0.6841522555099009,0.6833706365781275,0.24553767832372694,0.2451580767568855,0.010531313312574656,0.03004396402078209,0.056739876304360504
m12_joint_hybrid_synergy,std_w0.25_s0.50,1x2,1785,0.6134712489554097,0.6131180107974481,0.21183614288422448,0.21156444032291422,0.02005883924444631,0.018580646181840455,0.23518287513690372
m12_joint_hybrid_synergy,std_w0.25_s0.50,ou_05,533,0.2106502523635079,1.3183162471185177,0.051396056178502875,0.05433616260677342,0.013987811154102282,0.036416109478396845,0.03569483424362254
m12_joint_hybrid_synergy,std_w0.25_s0.50,ou_15,430,0.5317147527241716,0.5272811031135427,0.17418322110328724,0.17266435474340952,0.01803303104161387,0.010264241635519814,0.10225348445361016
m12_joint_hybrid_synergy,std_w0.25_s0.50,ou_25,758,0.6875859485658755,0.6898782309589602,0.2472326231237199,0.24829171351414944,0.00886279883065039,0.01829866107755568,0.3949692251717941
m12_joint_hybrid_synergy,std_w0.25_s0.50,ou_35,528,0.6131128511208975,0.6104589033548479,0.21133411150845668,0.2098660314894639,0.015616068969145011,0.01484560050373574,0.0281472405135465
m12_joint_hybrid_synergy,std_w0.25_s0.50,btts,356,0.6847824076468485,0.6833706365781275,0.24584516259734232,0.2451580767568855,0.012251146405390542,0.03004396402078209,0.392038035220997
m12_joint_hybrid_synergy,std_w0.25_s0.75,1x2,1785,0.6147939114248114,0.6131180107974481,0.21241593441451778,0.21156444032291422,0.018285746194081815,0.018580646181840455,0.17419964173630587
m12_joint_hybrid_synergy,std_w0.25_s0.75,ou_05,533,0.21080930808967985,1.3183162471185177,0.05141452348043417,0.05433616260677342,0.014135827523100932,0.036416109478396845,0.035898683060421745
m12_joint_hybrid_synergy,std_w0.25_s0.75,ou_15,430,0.5318633874551629,0.5272811031135427,0.17423262907872744,0.17266435474340952,0.01880887534891936,0.010264241635519814,0.19199844172973335
m12_joint_hybrid_synergy,std_w0.25_s0.75,ou_25,758,0.6874703616329124,0.6898782309589602,0.24717814117461978,0.24829171351414944,0.010153927252326594,0.01829866107755568,0.10573452829401964
m12_joint_hybrid_synergy,std_w0.25_s0.75,ou_35,528,0.613744807214707,0.6104589033548479,0.21160799211143644,0.2098660314894639,0.01479082336792144,0.01484560050373574,0.029256703358675473
m12_joint_hybrid_synergy,std_w0.25_s0.75,btts,356,0.6850563826148298,0.6833706365781275,0.24597816582123125,0.2451580767568855,0.006712897570538753,0.03004396402078209,0.38918338566658517
m12_joint_hybrid_synergy,std_w0.25_s1.00,1x2,1785,0.6154078003098015,0.6131180107974481,0.212687502915439,0.21156444032291422,0.016690192430833174,0.018580646181840455,0.3574775434774915
m12_joint_hybrid_synergy,std_w0.25_s1.00,ou_05,533,0.210879669371761,1.3183162471185177,0.051423665930199154,0.05433616260677342,0.014195816683007272,0.036416109478396845,0.035981169168468934
m12_joint_hybrid_synergy,std_w0.25_s1.00,ou_15,430,0.5318902539607162,0.5272811031135427,0.17423982537872618,0.17266435474340952,0.01909495275390888,0.010264241635519814,0.19199925578680488
m12_joint_hybrid_synergy,std_w0.25_s1.00,ou_25,758,0.6874117442604759,0.6898782309589602,0.2471496555638537,0.24829171351414944,0.007500155130046088,0.01829866107755568,0.1066291301903759
m12_joint_hybrid_synergy,std_w0.25_s1.00,ou_35,528,0.6140270666002524,0.6104589033548479,0.21172865268481644,0.2098660314894639,0.011109342990993275,0.01484560050373574,0.01770519498318124
m12_joint_hybrid_synergy,std_w0.25_s1.00,btts,356,0.6851285505970496,0.6833706365781275,0.2460126405440817,0.2451580767568855,0.0062569379869758255,0.03004396402078209,0.38892020817840467
m12_joint_hybrid_synergy,std_w0.40_s0.15,1x2,1785,0.6109108409264696,0.6131180107974481,0.21070458838224795,0.21156444032291422,0.017926885780635782,0.018580646181840455,0.2279852134972007
m12_joint_hybrid_synergy,std_w0.40_s0.15,ou_05,533,0.21072851850724808,1.3183162471185177,0.05142746208856075,0.05433616260677342,0.013409639013746111,0.036416109478396845,0.1031716488079516
m12_joint_hybrid_synergy,std_w0.40_s0.15,ou_15,430,0.5291055727182892,0.5272811031135427,0.17328178362383562,0.17266435474340952,0.013766022892594843,0.010264241635519814,0.056661958110330146
m12_joint_hybrid_synergy,std_w0.40_s0.15,ou_25,758,0.6865888107072557,0.6898782309589602,0.24672791099643443,0.24829171351414944,0.02670455121533882,0.01829866107755568,0.03409895800823193
m12_joint_hybrid_synergy,std_w0.40_s0.15,ou_35,528,0.6106828383719403,0.6104589033548479,0.21023146500651066,0.2098660314894639,0.011814819509164002,0.01484560050373574,0.25591512094476665
m12_joint_hybrid_synergy,std_w0.40_s0.15,btts,356,0.6823282898287146,0.6833706365781275,0.24464174559822555,0.2451580767568855,0.013472582043891429,0.03004396402078209,0.09586521458003683
m12_joint_hybrid_synergy,std_w0.40_s0.25,1x2,1785,0.6116439207594426,0.6131180107974481,0.21103533229767998,0.21156444032291422,0.01300531727892809,0.018580646181840455,0.7177163288371082
m12_joint_hybrid_synergy,std_w0.40_s0.25,ou_05,533,0.2105000081012058,1.3183162471185177,0.0513864775205987,0.05433616260677342,0.01370005466283345,0.036416109478396845,0.03531452459934476
m12_joint_hybrid_synergy,std_w0.40_s0.25,ou_15,430,0.5305288647349603,0.5272811031135427,0.17377059460084368,0.17266435474340952,0.016017228133008724,0.010264241635519814,0.12758522124873095
m12_joint_hybrid_synergy,std_w0.40_s0.25,ou_25,758,0.687218625559676,0.6898782309589602,0.24704242267424031,0.24829171351414944,0.003364164028392349,0.01829866107755568,0.11568300706016094
m12_joint_hybrid_synergy,std_w0.40_s0.25,ou_35,528,0.611810457984733,0.6104589033548479,0.21074800353680162,0.2098660314894639,0.006768612363735723,0.01484560050373574,0.09480583614129012
m12_joint_hybrid_synergy,std_w0.40_s0.25,btts,356,0.6835172561969083,0.6833706365781275,0.24522556222329675,0.2451580767568855,0.021065717089158047,0.03004396402078209,0.05780412289050718
m12_joint_hybrid_synergy,std_w0.40_s0.35,1x2,1785,0.6127270088533366,0.6131180107974481,0.21150793786947464,0.21156444032291422,0.018360758154443033,0.018580646181840455,0.21916979909350798
m12_joint_hybrid_synergy,std_w0.40_s0.35,ou_05,533,0.2105758282331626,1.3183162471185177,0.05138927174888839,0.05433616260677342,0.01388899115932638,0.036416109478396845,0.03556125736640418
m12_joint_hybrid_synergy,std_w0.40_s0.35,ou_15,430,0.5313511764071112,0.5272811031135427,0.1740551291273753,0.17266435474340952,0.0173684185913405,0.010264241635519814,0.10850896950254962
m12_joint_hybrid_synergy,std_w0.40_s0.35,ou_25,758,0.6874790351246272,0.6898782309589602,0.24717690953921037,0.24829171351414944,0.0055486073330895695,0.01829866107755568,0.10758805120729142
m12_joint_hybrid_synergy,std_w0.40_s0.35,ou_35,528,0.6126282301578976,0.6104589033548479,0.211120555584355,0.2098660314894639,0.008610679002710958,0.01484560050373574,0.012470126862733077
m12_joint_hybrid_synergy,std_w0.40_s0.35,btts,356,0.6843635995373343,0.6833706365781275,0.2456399388454722,0.2451580767568855,0.005747911158670757,0.03004396402078209,0.19186575701040787
m12_joint_hybrid_synergy,std_w0.40_s0.50,1x2,1785,0.6139874606105125,0.6131180107974481,0.21205987339596297,0.21156444032291422,0.01959746538860371,0.018580646181840455,0.2704124507678014
m12_joint_hybrid_synergy,std_w0.40_s0.50,ou_05,533,0.21071702448232413,1.3183162471185177,0.05140353096179661,0.05433616260677342,0.014049444149849566,0.036416109478396845,0.035779951004566664
m12_joint_hybrid_synergy,std_w0.40_s0.50,ou_15,430,0.5317397701324661,0.5272811031135427,0.17419053876396742,0.17266435474340952,0.018341185976586433,0.010264241635519814,0.19234382003334882
m12_joint_hybrid_synergy,std_w0.40_s0.50,ou_25,758,0.687502536848834,0.6898782309589602,0.24719278807919431,0.24829171351414944,0.011656611227022594,0.01829866107755568,0.3903608552557797
m12_joint_hybrid_synergy,std_w0.40_s0.50,ou_35,528,0.6133348040406894,0.6104589033548479,0.2114317973098684,0.2098660314894639,0.017881580799714022,0.01484560050373574,0.03148223350823326
m12_joint_hybrid_synergy,std_w0.40_s0.50,btts,356,0.6848646522864926,0.6833706365781275,0.24588482586335952,0.2451580767568855,0.007374975790785445,0.03004396402078209,0.38965040309480137
m12_joint_hybrid_synergy,std_w0.40_s0.75,1x2,1785,0.6150906118421445,0.6131180107974481,0.21254659315018742,0.21156444032291422,0.018060119466282883,0.018580646181840455,0.18009377269262142
m12_joint_hybrid_synergy,std_w0.40_s0.75,ou_05,533,0.21084426938241826,1.3183162471185177,0.051419014564944965,0.05433616260677342,0.014165527914091963,0.036416109478396845,0.03593954638808803
m12_joint_hybrid_synergy,std_w0.40_s0.75,ou_15,430,0.5318678379015752,0.5272811031135427,0.17423290452538345,0.17266435474340952,0.018946462366122626,0.010264241635519814,0.1919984644558771
m12_joint_hybrid_synergy,std_w0.40_s0.75,ou_25,758,0.6874333802449633,0.6898782309589602,0.2471600911810849,0.24829171351414944,0.01014682959319455,0.01829866107755568,0.10614914960415467
m12_joint_hybrid_synergy,std_w0.40_s0.75,ou_35,528,0.6138751978265963,0.6104589033548479,0.21166405259143503,0.2098660314894639,0.010899533961711144,0.01484560050373574,0.023544782320280178
m12_joint_hybrid_synergy,std_w0.40_s0.75,btts,356,0.6850836482014683,0.6833706365781275,0.24599105924722983,0.2451580767568855,0.00649393220679027,0.03004396402078209,0.38906186503142404
m12_joint_hybrid_synergy,std_w0.40_s1.00,1x2,1785,0.6155925508812046,0.6131180107974481,0.21276946731666543,0.21156444032291422,0.016828847036726602,0.018580646181840455,0.3730436800390229
m12_joint_hybrid_synergy,std_w0.40_s1.00,ou_05,533,0.21090047638174206,1.3183162471185177,0.051426486035210314,0.05433616260677342,0.014212979025372855,0.036416109478396845,0.036004728677185495
m12_joint_hybrid_synergy,std_w0.40_s1.00,ou_15,430,0.5318914563852867,0.5272811031135427,0.17423940814241964,0.17266435474340952,0.019171914133380437,0.010264241635519814,0.19283815219313905
m12_joint_hybrid_synergy,std_w0.40_s1.00,ou_25,758,0.6873914892412833,0.6898782309589602,0.2471397596703136,0.24829171351414944,0.00749537999759816,0.01829866107755568,0.10686545256952229
m12_joint_hybrid_synergy,std_w0.40_s1.00,ou_35,528,0.6141087500770227,0.6104589033548479,0.2117635418873189,0.2098660314894639,0.011218934031256003,0.01484560050373574,0.011660469317924416
m12_joint_hybrid_synergy,std_w0.40_s1.00,btts,356,0.6851418697710487,0.6833706365781275,0.24601883168153912,0.2451580767568855,0.006126644442340944,0.03004396402078209,0.38885163363508135
m12_joint_hybrid_synergy,std_w0.55_s0.15,1x2,1785,0.611739366256478,0.6131180107974481,0.2110531901920783,0.21156444032291422,0.014304986998673223,0.018580646181840455,0.23006742070258424
m12_joint_hybrid_synergy,std_w0.55_s0.15,ou_05,533,0.21077727009368258,1.3183162471185177,0.051423868264554674,0.05433616260677342,0.013666832443810695,0.036416109478396845,0.035331069900499966
m12_joint_hybrid_synergy,std_w0.55_s0.15,ou_15,430,0.5297516714112237,0.5272811031135427,0.17349248254761596,0.17266435474340952,0.015386578259185702,0.010264241635519814,0.07874926398304283
m12_joint_hybrid_synergy,std_w0.55_s0.15,ou_25,758,0.6865953760366711,0.6898782309589602,0.24673842108071897,0.24829171351414944,0.0058721817564639945,0.01829866107755568,0.10865166313755331
m12_joint_hybrid_synergy,std_w0.55_s0.15,ou_35,528,0.6113989808498111,0.6104589033548479,0.21057440260334326,0.2098660314894639,0.006601824009107782,0.01484560050373574,0.006788481048401518
m12_joint_hybrid_synergy,std_w0.55_s0.15,btts,356,0.6829907722241153,0.6833706365781275,0.24496353549788807,0.2451580767568855,0.020869594104047543,0.03004396402078209,0.16911393595075863
m12_joint_hybrid_synergy,std_w0.55_s0.25,1x2,1785,0.6125653122292058,0.6131180107974481,0.21142746893844463,0.21156444032291422,0.01812482390519654,0.018580646181840455,0.24605540698225814
m12_joint_hybrid_synergy,std_w0.55_s0.25,ou_05,533,0.2106184244948234,1.3183162471185177,0.05139595810377243,0.05433616260677342,0.01386181000485944,0.036416109478396845,0.035534328284146856
m12_joint_hybrid_synergy,std_w0.55_s0.25,ou_15,430,0.5308408455571973,0.5272811031135427,0.1738739829105228,0.17266435474340952,0.016973520358868642,0.010264241635519814,0.12045645551037576
m12_joint_hybrid_synergy,std_w0.55_s0.25,ou_25,758,0.6871404779493077,0.6898782309589602,0.247009772519504,0.24829171351414944,0.0028682921830674086,0.01829866107755568,0.10712166809996038
m12_joint_hybrid_synergy,std_w0.55_s0.25,ou_35,528,0.6123099711383752,0.6104589033548479,0.2109829382637337,0.2098660314894639,0.009813090285213865,0.01484560050373574,0.020373912784686476
m12_joint_hybrid_synergy,std_w0.55_s0.25,btts,356,0.6839279737841483,0.6833706365781275,0.24542487956818537,0.2451580767568855,0.011112178750575442,0.03004396402078209,0.0586787979492025
m12_joint_hybrid_synergy,std_w0.55_s0.35,1x2,1785,0.6135116199387622,0.6131180107974481,0.21184655384901308,0.21156444032291422,0.019034429704590784,0.018580646181840455,0.266966975536301
m12_joint_hybrid_synergy,std_w0.55_s0.35,ou_05,533,0.21067770032977504,1.3183162471185177,0.05139971471312045,0.05433616260677342,0.01399410207709835,0.036416109478396845,0.035705905733435454
m12_joint_hybrid_synergy,std_w0.55_s0.35,ou_15,430,0.5314690279383761,0.5272811031135427,0.17409407916425215,0.17266435474340952,0.017937791655346,0.010264241635519814,0.10202160121514081
m12_joint_hybrid_synergy,std_w0.55_s0.35,ou_25,758,0.6873840671505345,0.6898782309589602,0.24713302114842614,0.24829171351414944,0.008935587429808024,0.01829866107755568,0.3957428187564458
m12_joint_hybrid_synergy,std_w0.55_s0.35,ou_35,528,0.6129967174887992,0.6104589033548479,0.21128628128038124,0.2098660314894639,0.012501042801321364,0.01484560050373574,0.025026134320737692
m12_joint_hybrid_synergy,std_w0.55_s0.35,btts,356,0.6845702482252484,0.6833706365781275,0.2457401473054985,0.2451580767568855,0.010045376936116557,0.03004396402078209,0.19518104468849573
m12_joint_hybrid_synergy,std_w0.55_s0.50,1x2,1785,0.614534191446671,0.6131180107974481,0.21229910588981576,0.21156444032291422,0.017878282433214102,0.018580646181840455,0.17126804991041952
m12_joint_hybrid_synergy,std_w0.55_s0.50,ou_05,533,0.21078391680765135,1.3183162471185177,0.05141151485823655,0.05433616260677342,0.014109673925658033,0.036416109478396845,0.03586294340564777
m12_joint_hybrid_synergy,std_w0.55_s0.50,ou_15,430,0.5317717486611189,0.5272811031135427,0.17419980224579432,0.17266435474340952,0.018639208654934302,0.010264241635519814,0.19199244678609462
m12_joint_hybrid_synergy,std_w0.55_s0.50,ou_25,758,0.6874363786864082,0.6898782309589602,0.24716090420359405,0.24829171351414944,0.00904952506872686,0.01829866107755568,0.38941669503133824
m12_joint_hybrid_synergy,std_w0.55_s0.50,ou_35,528,0.6135813092407831,0.6104589033548479,0.21153899706553203,0.2098660314894639,0.01708449573251476,0.01484560050373574,0.03190526935550814
m12_joint_hybrid_synergy,std_w0.55_s0.50,btts,356,0.6849461809458852,0.6833706365781275,0.24592407998272564,0.2451580767568855,0.006942710999817406,0.03004396402078209,0.38938065038962155
m12_joint_hybrid_synergy,std_w0.55_s0.75,1x2,1785,0.6153957129807649,0.6131180107974481,0.21268161786735182,0.21156444032291422,0.016671382137766096,0.018580646181840455,0.3604471893260247
m12_joint_hybrid_synergy,std_w0.55_s0.75,ou_05,533,0.21087918034148445,1.3183162471185177,0.051423630783990856,0.05433616260677342,0.014194832112100703,0.036416109478396845,0.03597981518561467
m12_joint_hybrid_synergy,std_w0.55_s0.75,ou_15,430,0.5318740162423592,0.5272811031135427,0.17423376158916165,0.17266435474340952,0.019081455110100776,0.010264241635519814,0.1919983977493902
m12_joint_hybrid_synergy,std_w0.55_s0.75,ou_25,758,0.6874004235085288,0.6898782309589602,0.24714400791461996,0.24829171351414944,0.0075006724694894516,0.01829866107755568,0.10656423021260009
m12_joint_hybrid_synergy,std_w0.55_s0.75,ou_35,528,0.6140116533885801,0.6104589033548479,0.21172245785722504,0.2098660314894639,0.011093715609036811,0.01484560050373574,0.017687902231018626
m12_joint_hybrid_synergy,std_w0.55_s0.75,btts,356,0.6851112326503278,0.6833706365781275,0.2460040712688289,0.2451580767568855,0.006273011030872144,0.03004396402078209,0.3889405729041935
m12_joint_hybrid_synergy,std_w0.55_s1.00,1x2,1785,0.6157803899579258,0.6131180107974481,0.21285305580938416,0.21156444032291422,0.016289216651012014,0.018580646181840455,0.38896112557227525
m12_joint_hybrid_synergy,std_w0.55_s1.00,ou_05,533,0.21092125354843722,1.3183162471185177,0.051429348533100556,0.05433616260677342,0.014229996612763774,0.036416109478396845,0.03602807227722935
m12_joint_hybrid_synergy,std_w0.55_s1.00,ou_15,430,0.5318932485971027,0.5272811031135427,0.1742392073554895,0.17266435474340952,0.01924797389388513,0.010264241635519814,0.19261621301681975
m12_joint_hybrid_synergy,std_w0.55_s1.00,ou_25,758,0.6873725679590541,0.6898782309589602,0.24713053293413847,0.24829171351414944,0.007490462550206956,0.01829866107755568,0.10710192262106433
m12_joint_hybrid_synergy,std_w0.55_s1.00,ou_35,528,0.6141925186279812,0.6104589033548479,0.21179923880592888,0.2098660314894639,0.011325945053830245,0.01484560050373574,0.011701678007463634
m12_joint_hybrid_synergy,std_w0.55_s1.00,btts,356,0.6851553906453235,0.6833706365781275,0.24602510726826238,0.2451580767568855,0.00835189542670651,0.03004396402078209,0.3887831324727269
m12_joint_hybrid_synergy,std_w0.70_s0.15,1x2,1785,0.6129244854759777,0.6131180107974481,0.21156848089913774,0.21156444032291422,0.014331325981520213,0.018580646181840455,0.1696370926286052
m12_joint_hybrid_synergy,std_w0.70_s0.15,ou_05,533,0.21083874324852875,1.3183162471185177,0.05142498600414218,0.05433616260677342,0.01390015206089788,0.036416109478396845,0.03562668459276714
m12_joint_hybrid_synergy,std_w0.70_s0.15,ou_15,430,0.5304429467458079,0.5272811031135427,0.1737246929906445,0.17266435474340952,0.016882319150245698,0.010264241635519814,0.1206555383720268
m12_joint_hybrid_synergy,std_w0.70_s0.15,ou_25,758,0.6867396023128159,0.6898782309589602,0.24681381479858022,0.24829171351414944,0.0018756069940487276,0.01829866107755568,0.10134957754989093
m12_joint_hybrid_synergy,std_w0.70_s0.15,ou_35,528,0.6122889612777304,0.6104589033548479,0.21098075550695045,0.2098660314894639,0.008612945297676705,0.01484560050373574,0.008987597623091148
m12_joint_hybrid_synergy,std_w0.70_s0.15,btts,356,0.6836869355495394,0.6833706365781275,0.2453033365419636,0.2451580767568855,0.009617396078461031,0.03004396402078209,0.22694919666581892
m12_joint_hybrid_synergy,std_w0.70_s0.25,1x2,1785,0.6136582655861921,0.6131180107974481,0.21190348719327076,0.21156444032291422,0.019852306001115642,0.018580646181840455,0.16216672770166596
m12_joint_hybrid_synergy,std_w0.70_s0.25,ou_05,533,0.21073979020629655,1.3183162471185177,0.05140799036424885,0.05433616260677342,0.014013642082384568,0.036416109478396845,0.035739672263432394
m12_joint_hybrid_synergy,std_w0.70_s0.25,ou_15,430,0.5311783888972387,0.5272811031135427,0.17398701958916837,0.17266435474340952,0.017869646038101563,0.010264241635519814,0.10196341516674934
m12_joint_hybrid_synergy,std_w0.70_s0.25,ou_25,758,0.6871427658366392,0.6898782309589602,0.24701397075570505,0.24829171351414944,0.0036788005661242042,0.01829866107755568,0.39288456854144527
m12_joint_hybrid_synergy,std_w0.70_s0.25,ou_35,528,0.6129280044829979,0.6104589033548479,0.2112609426866176,0.2098660314894639,0.012410172185961209,0.01484560050373574,0.02498506483161378
m12_joint_hybrid_synergy,std_w0.70_s0.25,btts,356,0.6843410270199486,0.6833706365781275,0.24562607332239883,0.2451580767568855,0.01002463032710511,0.03004396402078209,0.1953810639089244
m12_joint_hybrid_synergy,std_w0.70_s0.35,1x2,1785,0.6143784178690801,0.6131180107974481,0.21222649996776127,0.21156444032291422,0.018952273279154757,0.018580646181840455,0.1713119688332925
m12_joint_hybrid_synergy,std_w0.70_s0.35,ou_05,533,0.21078010314699872,1.3183162471185177,0.051411444981922134,0.05433616260677342,0.014094811794510928,0.036416109478396845,0.03584403083615071
m12_joint_hybrid_synergy,std_w0.70_s0.35,ou_15,430,0.5316020070220556,0.5272811031135427,0.17413780344950897,0.17266435474340952,0.018478502699295143,0.010264241635519814,0.19269693012438005
m12_joint_hybrid_synergy,std_w0.70_s0.35,ou_25,758,0.6873310289003155,0.6898782309589602,0.2471083822112675,0.24829171351414944,0.014314024333140699,0.01829866107755568,0.39020250275962676
m12_joint_hybrid_synergy,std_w0.70_s0.35,ou_35,528,0.6134278268308108,0.6104589033548479,0.2114752560943515,0.2098660314894639,0.02236685765151956,0.01484560050373574,0.037481981458067914
m12_joint_hybrid_synergy,std_w0.70_s0.35,btts,356,0.6847756888890836,0.6833706365781275,0.24583987678800268,0.2451580767568855,0.007120023710541515,0.03004396402078209,0.38963322869032924
m12_joint_hybrid_synergy,std_w0.70_s0.50,1x2,1785,0.6151119395330541,0.6131180107974481,0.2125542504167124,0.21156444032291422,0.01802876994496289,0.018580646181840455,0.18214829597418966
m12_joint_hybrid_synergy,std_w0.70_s0.50,ou_05,533,0.2108507279889223,1.3183162471185177,0.051419975298489344,0.05433616260677342,0.014168313177738836,0.036416109478396845,0.03594356065690018
m12_joint_hybrid_synergy,std_w0.70_s0.50,ou_15,430,0.5318098987126211,0.5272811031135427,0.1742110816959181,0.17266435474340952,0.018926896365588055,0.010264241635519814,0.19199461970198262
m12_joint_hybrid_synergy,std_w0.70_s0.50,ou_25,758,0.6873855905124303,0.6898782309589602,0.2471363408141264,0.24829171351414944,0.010146477097808356,0.01829866107755568,0.1059994278258316
m12_joint_hybrid_synergy,std_w0.70_s0.50,ou_35,528,0.6138510903000869,0.6104589033548479,0.21165499375874994,0.2098660314894639,0.01088679405964862,0.01484560050373574,0.0235056550443572
m12_joint_hybrid_synergy,std_w0.70_s0.50,btts,356,0.6850281074012818,0.6833706365781275,0.24596344777346107,0.2451580767568855,0.006502336857830759,0.03004396402078209,0.38911200908529586
m12_joint_hybrid_synergy,std_w0.70_s0.75,1x2,1785,0.6157093505647281,0.6131180107974481,0.21282110153765293,0.21156444032291422,0.016682765892304195,0.018580646181840455,0.3857087172924468
m12_joint_hybrid_synergy,std_w0.70_s0.75,ou_05,533,0.21091401472011367,1.3183162471185177,0.051428367148177265,0.05433616260677342,0.014223716179350589,0.036416109478396845,0.03601945791764944
m12_joint_hybrid_synergy,std_w0.70_s0.75,ou_15,430,0.531881824983773,0.5272811031135427,0.17423521090759775,0.17266435474340952,0.019213837069060775,0.010264241635519814,0.19269967909805497
m12_joint_hybrid_synergy,std_w0.70_s0.75,ou_25,758,0.6873712476596471,0.6898782309589602,0.24712980333482046,0.24829171351414944,0.007492484026465464,0.01829866107755568,0.10697976901659556
m12_joint_hybrid_synergy,std_w0.70_s0.75,ou_35,528,0.6141540365274658,0.6104589033548479,0.21178313488458334,0.2098660314894639,0.011280423157533862,0.01484560050373574,0.011678461464066092
m12_joint_hybrid_synergy,std_w0.70_s0.75,btts,356,0.685139297888042,0.6833706365781275,0.24601728153009167,0.2451580767568855,0.00830147893489018,0.03004396402078209,0.38881950949305255
m12_joint_hybrid_synergy,std_w0.70_s1.00,1x2,1785,0.6159713563563964,0.6131180107974481,0.2129382923879043,0.21156444032291422,0.015071685180933804,0.018580646181840455,0.1922580376855126
m12_joint_hybrid_synergy,std_w0.70_s1.00,ou_05,533,0.21094199550642062,1.3183162471185177,0.051432252318112076,0.05433616260677342,0.014246864604049201,0.036416109478396845,0.03605119363082206
m12_joint_hybrid_synergy,std_w0.70_s1.00,ou_15,430,0.5318956112628113,0.5272811031135427,0.17423922522654672,0.17266435474340952,0.019323129614475524,0.010264241635519814,0.192394260611777
m12_joint_hybrid_synergy,std_w0.70_s1.00,ou_25,758,0.6873549308933454,0.6898782309589602,0.2471219567266386,0.24829171351414944,0.007481802401058702,0.01829866107755568,0.10733854013935118
m12_joint_hybrid_synergy,std_w0.70_s1.00,ou_35,528,0.6142783466858859,0.6104589033548479,0.21183573032694755,0.2098660314894639,0.011430385141588655,0.01484560050373574,0.01454104311325094
m12_joint_hybrid_synergy,std_w0.70_s1.00,btts,356,0.6851691470326755,0.6833706365781275,0.24603148431553187,0.2451580767568855,0.008474961547223743,0.03004396402078209,0.38871470472896485
m12_joint_hybrid_synergy,std_w0.85_s0.15,1x2,1785,0.6144654230738644,0.6131180107974481,0.21225464784412604,0.21156444032291422,0.01857651588378942,0.018580646181840455,0.17881469446815326
m12_joint_hybrid_synergy,std_w0.85_s0.15,ou_05,533,0.21090865252417698,1.3183162471185177,0.05143002995610561,0.05433616260677342,0.01410565243171231,0.036416109478396845,0.03588339313566229
m12_joint_hybrid_synergy,std_w0.85_s0.15,ou_15,430,0.5311638277319423,0.5272811031135427,0.17397486359286066,0.17266435474340952,0.01824546824661904,0.010264241635519814,0.19248824833093814
m12_joint_hybrid_synergy,std_w0.85_s0.15,ou_25,758,0.6869906850000859,0.6898782309589602,0.2469404686669714,0.24829171351414944,0.001123071578139766,0.01829866107755568,0.3925031841075014
m12_joint_hybrid_synergy,std_w0.85_s0.15,ou_35,528,0.6133174979041033,0.6104589033548479,0.21143106918895668,0.2098660314894639,0.022216059339452046,0.01484560050373574,0.03730838079205223
m12_joint_hybrid_synergy,std_w0.85_s0.15,btts,356,0.6844206952387586,0.6833706365781275,0.24566289010395026,0.2451580767568855,0.001558464876261784,0.03004396402078209,0.060340181949615435
m12_joint_hybrid_synergy,std_w0.85_s0.25,1x2,1785,0.6149236016201466,0.6131180107974481,0.21246525077787223,0.21156444032291422,0.016997388736165363,0.018580646181840455,0.17959615522230926
m12_joint_hybrid_synergy,std_w0.85_s0.25,ou_05,533,0.2108620388926131,1.3183162471185177,0.05142220025931549,0.05433616260677342,0.014153629251685822,0.036416109478396845,0.03592790449242198
m12_joint_hybrid_synergy,std_w0.85_s0.25,ou_15,430,0.5315340674050338,0.5272811031135427,0.17410915211956438,0.17266435474340952,0.018702676507505813,0.010264241635519814,0.1919561976641666
m12_joint_hybrid_synergy,std_w0.85_s0.25,ou_25,758,0.6872085174625719,0.6898782309589602,0.24704830195340494,0.24829171351414944,0.009040082510386174,0.01829866107755568,0.38974206707563064
m12_joint_hybrid_synergy,std_w0.85_s0.25,ou_35,528,0.6136479179659918,0.6104589033548479,0.21157264690926214,0.2098660314894639,0.01695233435823388,0.01484560050373574,0.03198840723017077
m12_joint_hybrid_synergy,std_w0.85_s0.25,btts,356,0.6847621238229274,0.6833706365781275,0.24583170720863062,0.2451580767568855,0.006733531214196222,0.03004396402078209,0.38954469100180333
m12_joint_hybrid_synergy,std_w0.85_s0.35,1x2,1785,0.6153283959321645,0.6131180107974481,0.21264869233380235,0.21156444032291422,0.01721535148301995,0.018580646181840455,0.37751142227951806
m12_joint_hybrid_synergy,std_w0.85_s0.35,ou_05,533,0.21088223141466614,1.3183162471185177,0.05142431922836156,0.05433616260677342,0.014190375584485104,0.036416109478396845,0.035974613891983136
m12_joint_hybrid_synergy,std_w0.85_s0.35,ou_15,430,0.5317471440378887,0.5272811031135427,0.17418639213757764,0.17266435474340952,0.018989665760745737,0.010264241635519814,0.19198782931180725
m12_joint_hybrid_synergy,std_w0.85_s0.35,ou_25,758,0.687312851159408,0.6898782309589602,0.24710041753879322,0.24829171351414944,0.010140934557308674,0.01829866107755568,0.10606657740002562
m12_joint_hybrid_synergy,std_w0.85_s0.35,ou_35,528,0.6139158723100004,0.6104589033548479,0.2116843271960307,0.2098660314894639,0.011000703048119594,0.01484560050373574,0.023550335722501814
m12_joint_hybrid_synergy,std_w0.85_s0.35,btts,356,0.6849835597666574,0.6833706365781275,0.2459407963724332,0.2451580767568855,0.006369819239441315,0.03004396402078209,0.3891034863492423
m12_joint_hybrid_synergy,std_w0.85_s0.50,1x2,1785,0.6157212700313661,0.6131180107974481,0.21282569943775653,0.21156444032291422,0.016674262589184644,0.018580646181840455,0.3930477387877668
m12_joint_hybrid_synergy,std_w0.85_s0.50,ou_05,533,0.21091726659949647,1.3183162471185177,0.0514288763268966,0.05433616260677342,0.014225186745279044,0.036416109478396845,0.03602156732186367
m12_joint_hybrid_synergy,std_w0.85_s0.50,ou_15,430,0.5318535146269168,0.5272811031135427,0.1742244378838769,0.17266435474340952,0.019204099675220562,0.010264241635519814,0.19268013579935128
m12_joint_hybrid_synergy,std_w0.85_s0.50,ou_25,758,0.6873484346617289,0.6898782309589602,0.2471184706756617,0.24829171351414944,0.0074924153879675935,0.01829866107755568,0.10690472918703897
m12_joint_hybrid_synergy,std_w0.85_s0.50,ou_35,528,0.6141430134527271,0.6104589033548479,0.21177917848798344,0.2098660314894639,0.011273911504598402,0.01484560050373574,0.011660197844964859
m12_joint_hybrid_synergy,std_w0.85_s0.50,btts,356,0.6851115265284903,0.6833706365781275,0.24600345235777293,0.2451580767568855,0.00829884832953792,0.03004396402078209,0.38884448142905215
m12_joint_hybrid_synergy,std_w0.85_s0.75,1x2,1785,0.616031671822787,0.6131180107974481,0.2129651345556423,0.21156444032291422,0.015107858864694953,0.018580646181840455,0.1940406143873663
m12_joint_hybrid_synergy,std_w0.85_s0.75,ou_05,533,0.21094874708567524,1.3183162471185177,0.05143321842891708,0.05433616260677342,0.014252157149235178,0.036416109478396845,0.03605844423227745
m12_joint_hybrid_synergy,std_w0.85_s0.75,ou_15,430,0.5318911728015457,0.5272811031135427,0.17423726238897888,0.17266435474340952,0.019343595549247427,0.010264241635519814,0.19232504272029627
m12_joint_hybrid_synergy,std_w0.85_s0.75,ou_25,758,0.687345619898772,0.6898782309589602,0.24711739010267716,0.24829171351414944,0.010107768328348147,0.01829866107755568,0.10739576490296682
m12_joint_hybrid_synergy,std_w0.85_s0.75,ou_35,528,0.6143022197026763,0.6104589033548479,0.21184601809810852,0.2098660314894639,0.011459699729974434,0.01484560050373574,0.014541905380349496
m12_joint_hybrid_synergy,std_w0.85_s0.75,btts,356,0.6851680019595519,0.6833706365781275,0.2460307686343868,0.2451580767568855,0.008511335753401541,0.03004396402078209,0.38869867500527655
m12_joint_hybrid_synergy,std_w0.85_s1.00,1x2,1785,0.6161654911194239,0.6131180107974481,0.2130252003991627,0.21156444032291422,0.015645062727592595,0.018580646181840455,0.19420354832521602
m12_joint_hybrid_synergy,std_w0.85_s1.00,ou_05,533,0.2109626969984472,1.3183162471185177,0.05143519625522971,0.05433616260677342,0.014263578285663058,0.036416109478396845,0.036074086552830474
m12_joint_hybrid_synergy,std_w0.85_s1.00,ou_15,430,0.5318985258245476,0.5272811031135427,0.174239463872789,0.17266435474340952,0.019397379349908938,0.010264241635519814,0.19217232651996297
m12_joint_hybrid_synergy,std_w0.85_s1.00,ou_25,758,0.6873385299165231,0.6898782309589602,0.2471140125442667,0.24829171351414944,0.010075408449597686,0.01829866107755568,0.10757530491764089
m12_joint_hybrid_synergy,std_w0.85_s1.00,ou_35,528,0.6143662098914653,0.6104589033548479,0.2118730042484473,0.2098660314894639,0.011532263513288083,0.01484560050373574,0.014554781798616245
m12_joint_hybrid_synergy,std_w0.85_s1.00,btts,356,0.6851831721381726,0.6833706365781275,0.24603797964639895,0.2451580767568855,0.00859888860574679,0.03004396402078209,0.3886463504413271
m12_joint_hybrid_synergy,std_w1.00_s0.15,1x2,1785,0.6163628377808433,0.6131180107974481,0.21311380224484566,0.21156444032291422,0.015540487807250399,0.018580646181840455,0.19640169051638687
m12_joint_hybrid_synergy,std_w1.00_s0.15,ou_05,533,0.2109833528797281,1.3183162471185177,0.0514381791820302,0.05433616260677342,0.014280133074974307,0.036416109478396845,0.03609674501440912
m12_joint_hybrid_synergy,std_w1.00_s0.15,ou_15,430,0.5319019744952578,0.5272811031135427,0.17423992532855484,0.17266435474340952,0.019470721626399692,0.010264241635519814,0.1919504425471784
m12_joint_hybrid_synergy,std_w1.00_s0.15,ou_25,758,0.6873233182836874,0.6898782309589602,0.24710668204282463,0.24829171351414944,0.010027086429431106,0.01829866107755568,0.10781221674809816
m12_joint_hybrid_synergy,std_w1.00_s0.15,ou_35,528,0.6144560850833163,0.6104589033548479,0.21191104927084883,0.2098660314894639,0.011631589517115135,0.01484560050373574,0.014565669291756789
m12_joint_hybrid_synergy,std_w1.00_s0.15,btts,356,0.6851974985256493,0.6833706365781275,0.2460446098764195,0.2451580767568855,0.008723662632660317,0.03004396402078209,0.3885780696472543
m12_joint_hybrid_synergy,sta_w0.25,1x2,1785,0.6111222230351105,0.6131180107974481,0.21077019423352822,0.21156444032291422,0.015103388070287235,0.018580646181840455,0.14214890869503383
m12_joint_hybrid_synergy,sta_w0.25,ou_05,533,0.21093709384646703,1.3183162471185177,0.051458327865047004,0.05433616260677342,0.013238574809677255,0.036416109478396845,0.10388516696672595
m12_joint_hybrid_synergy,sta_w0.25,ou_15,430,0.5284136866449095,0.5272811031135427,0.17303599383328727,0.17266435474340952,0.01411749760961118,0.010264241635519814,0.04885426147080413
m12_joint_hybrid_synergy,sta_w0.25,ou_25,758,0.6881129638102447,0.6898782309589602,0.24747188047387028,0.24829171351414944,0.009817504795938457,0.01829866107755568,0.009860663236254119
m12_joint_hybrid_synergy,sta_w0.25,ou_35,528,0.6107633018818062,0.6104589033548479,0.21007584091996973,0.2098660314894639,0.006307743121960506,0.01484560050373574,0.3198748773003867
m12_joint_hybrid_synergy,sta_w0.25,btts,356,0.6838180082732078,0.6833706365781275,0.24537431612464775,0.2451580767568855,0.02181412774114163,0.03004396402078209,0.09956077625897264
m12_joint_hybrid_synergy,sta_w0.40,1x2,1785,0.6109410820483205,0.6131180107974481,0.21068130775199664,0.21156444032291422,0.018300857094366664,0.018580646181840455,0.230009893064395
m12_joint_hybrid_synergy,sta_w0.40,ou_05,533,0.21089239386989603,1.3183162471185177,0.05144227256083115,0.05433616260677342,0.014600617924214618,0.036416109478396845,0.09564813189461852
m12_joint_hybrid_synergy,sta_w0.40,ou_15,430,0.5289357941233,0.5272811031135427,0.17320902747424238,0.17266435474340952,0.012219031927210479,0.010264241635519814,0.08353776390615986
m12_joint_hybrid_synergy,sta_w0.40,ou_25,758,0.6875619254840212,0.6898782309589602,0.24721230948507397,0.24829171351414944,0.0133044317770556,0.01829866107755568,0.021623899573239624
m12_joint_hybrid_synergy,sta_w0.40,ou_35,528,0.6110765581968854,0.6104589033548479,0.21027862293924063,0.2098660314894639,0.008919358221951213,0.01484560050373574,0.315060566712394
m12_joint_hybrid_synergy,sta_w0.40,btts,356,0.6839462435162342,0.6833706365781275,0.24543406977460408,0.2451580767568855,0.012477946728000436,0.03004396402078209,0.07549311666235836
m12_joint_hybrid_synergy,sta_w0.55,1x2,1785,0.6113786870508473,0.6131180107974481,0.2108639352196818,0.21156444032291422,0.016665295802775194,0.018580646181840455,0.23044395902036774
m12_joint_hybrid_synergy,sta_w0.55,ou_05,533,0.21088124578211423,1.3183162471185177,0.051433300388044306,0.05433616260677342,0.013241695242023555,0.036416109478396845,0.1052802308674261
m12_joint_hybrid_synergy,sta_w0.55,ou_15,430,0.5295699766759154,0.5272811031135427,0.17342232324043205,0.17266435474340952,0.01394877994229238,0.010264241635519814,0.03881806950875377
m12_joint_hybrid_synergy,sta_w0.55,ou_25,758,0.6872502212390388,0.6898782309589602,0.24706495371283033,0.24829171351414944,0.011065145787293673,0.01829866107755568,0.08705011057678125
m12_joint_hybrid_synergy,sta_w0.55,ou_35,528,0.6116540141513723,0.6104589033548479,0.21059052146020313,0.2098660314894639,0.02840675555102785,0.01484560050373574,0.30996727340220126
m12_joint_hybrid_synergy,sta_w0.55,btts,356,0.6841477037806841,0.6833706365781275,0.24553061038930324,0.2451580767568855,0.02711436000867067,0.03004396402078209,0.22486887177869863
m12_joint_hybrid_synergy,sta_w0.70,1x2,1785,0.612430314424869,0.6131180107974481,0.21132687678894505,0.21156444032291422,0.016596627306046146,0.018580646181840455,0.14863156515189502
m12_joint_hybrid_synergy,sta_w0.70,ou_05,533,0.2108966733520075,1.3183162471185177,0.051430365100262714,0.05433616260677342,0.013636096505444022,0.036416109478396845,0.03536423215690552
m12_joint_hybrid_synergy,sta_w0.70,ou_15,430,0.5302899405684299,0.5272811031135427,0.17366926031468416,0.17266435474340952,0.018670616737100357,0.010264241635519814,0.025673401133656237
m12_joint_hybrid_synergy,sta_w0.70,ou_25,758,0.6871314760941859,0.6898782309589602,0.24700966457341986,0.24829171351414944,0.006336967968015954,0.01829866107755568,0.11048112389774012
m12_joint_hybrid_synergy,sta_w0.70,ou_35,528,0.612439373440782,0.6104589033548479,0.21098120016556512,0.2098660314894639,0.03934298845857333,0.01484560050373574,0.3045915046908712
m12_joint_hybrid_synergy,sta_w0.70,btts,356,0.6844217175504652,0.6833706365781275,0.24566374682233136,0.2451580767568855,0.02930211633389127,0.03004396402078209,0.1727892920537727
m12_joint_hybrid_synergy,sta_w0.85,1x2,1785,0.6140923625463164,0.6131180107974481,0.21207595898802178,0.21156444032291422,0.02047512435895223,0.018580646181840455,0.1776610302243903
m12_joint_hybrid_synergy,sta_w0.85,ou_05,533,0.2109324497457131,1.3183162471185177,0.05143235507045505,0.05433616260677342,0.013983684512034964,0.036416109478396845,0.03576682826976194
m12_joint_hybrid_synergy,sta_w0.85,ou_15,430,0.5310732970297448,0.5272811031135427,0.173943597217386,0.17266435474340952,0.01787393536937091,0.010264241635519814,0.091714402294793
m12_joint_hybrid_synergy,sta_w0.85,ou_25,758,0.6871664071716037,0.6898782309589602,0.2470285334948295,0.24829171351414944,0.0036890785865790975,0.01829866107755568,0.39058308683015663
m12_joint_hybrid_synergy,sta_w0.85,ou_35,528,0.6133857998443958,0.6104589033548479,0.21142705341886742,0.2098660314894639,0.017042669856962296,0.01484560050373574,0.19951738065720737
m12_joint_hybrid_synergy,sta_w0.85,btts,356,0.6847702363048495,0.6833706365781275,0.2458344213319645,0.2451580767568855,0.0052979927424752745,0.03004396402078209,0.14479819788410164
m12_joint_hybrid_synergy,sta_w1.00,1x2,1785,0.6163628377808433,0.6131180107974481,0.21311380224484566,0.21156444032291422,0.015540487807250399,0.018580646181840455,0.19640169051638687
m12_joint_hybrid_synergy,sta_w1.00,ou_05,533,0.2109833528797281,1.3183162471185177,0.0514381791820302,0.05433616260677342,0.014280133074974307,0.036416109478396845,0.03609674501440912
m12_joint_hybrid_synergy,sta_w1.00,ou_15,430,0.5319019744952578,0.5272811031135427,0.17423992532855484,0.17266435474340952,0.019470721626399692,0.010264241635519814,0.1919504425471784
m12_joint_hybrid_synergy,sta_w1.00,ou_25,758,0.6873233182836874,0.6898782309589602,0.24710668204282463,0.24829171351414944,0.010027086429431106,0.01829866107755568,0.10781221674809816
m12_joint_hybrid_synergy,sta_w1.00,ou_35,528,0.6144560850833163,0.6104589033548479,0.21191104927084883,0.2098660314894639,0.011631589517115135,0.01484560050373574,0.014565669291756789
m12_joint_hybrid_synergy,sta_w1.00,btts,356,0.6851974985256493,0.6833706365781275,0.2460446098764195,0.2451580767568855,0.008723662632660317,0.03004396402078209,0.3885780696472543
m05_joint_production_wealth,inv_w0.25_s0.15,1x2,1785,0.6146941010830546,0.6131180107974481,0.21232248350274574,0.21156444032291422,0.014984787539932622,0.018580646181840455,0.27250850109322095
m05_joint_production_wealth,inv_w0.25_s0.15,ou_05,533,0.21099206106234983,1.3183162471185177,0.05147679765793051,0.05433616260677342,0.014170438719812288,0.036416109478396845,0.10212798075980345
m05_joint_production_wealth,inv_w0.25_s0.15,ou_15,430,0.5295158606535318,0.5272811031135427,0.1733966755280663,0.17266435474340952,0.017090710330803983,0.010264241635519814,0.038650705027806986
m05_joint_production_wealth,inv_w0.25_s0.15,ou_25,758,0.6885695921802581,0.6898782309589602,0.247731851202163,0.24829171351414944,0.01564160148809546,0.01829866107755568,0.05327532419685688
m05_joint_production_wealth,inv_w0.25_s0.15,ou_35,528,0.6121762807417409,0.6104589033548479,0.2105966250297595,0.2098660314894639,0.010791845886138445,0.01484560050373574,0.20973549757241938
m05_joint_production_wealth,inv_w0.25_s0.15,btts,356,0.6855018180133682,0.6833706365781275,0.2461877883542215,0.2451580767568855,0.03724778176160725,0.03004396402078209,0.13431461419733165
m05_joint_production_wealth,inv_w0.25_s0.25,1x2,1785,0.6135542513665592,0.6131180107974481,0.21179340360871865,0.21156444032291422,0.011621224108507019,0.018580646181840455,0.0732562129180151
m05_joint_production_wealth,inv_w0.25_s0.25,ou_05,533,0.21128835739450377,1.3183162471185177,0.05151698887428757,0.05433616260677342,0.013788260988157636,0.036416109478396845,0.10398974245250636
m05_joint_production_wealth,inv_w0.25_s0.25,ou_15,430,0.5281413314871558,0.5272811031135427,0.17290786265555513,0.17266435474340952,0.016930058854314187,0.010264241635519814,0.018746585756184153
m05_joint_production_wealth,inv_w0.25_s0.25,ou_25,758,0.6874991117901488,0.6898782309589602,0.24720238470599112,0.24829171351414944,0.006445025379394622,0.01829866107755568,0.045315547072613316
m05_joint_production_wealth,inv_w0.25_s0.25,ou_35,528,0.6116300260183185,0.6104589033548479,0.2104032910889082,0.2098660314894639,0.008010223560787913,0.01484560050373574,0.15148358732639175
m05_joint_production_wealth,inv_w0.25_s0.25,btts,356,0.6841131793731112,0.6833706365781275,0.2455015562736194,0.2451580767568855,0.026169215026987613,0.03004396402078209,0.04105288145764846
m05_joint_production_wealth,inv_w0.25_s0.35,1x2,1785,0.6127899694240563,0.6131180107974481,0.21145997977063632,0.21156444032291422,0.018023228382002727,0.018580646181840455,0.042930317229182335
m05_joint_production_wealth,inv_w0.25_s0.35,ou_05,533,0.21123867379147424,1.3183162471185177,0.05150431427830474,0.05433616260677342,0.013334521701539833,0.036416109478396845,0.10688853710266888
m05_joint_production_wealth,inv_w0.25_s0.35,ou_15,430,0.5274701241897134,0.5272811031135427,0.1726653495639294,0.17266435474340952,0.02140538031774845,0.010264241635519814,0.059480150083428995
m05_joint_production_wealth,inv_w0.25_s0.35,ou_25,758,0.68706476038187,0.6898782309589602,0.24697974534474149,0.24829171351414944,0.01810777656082601,0.01829866107755568,0.018556820141272246
m05_joint_production_wealth,inv_w0.25_s0.35,ou_35,528,0.6107715825047733,0.6104589033548479,0.21007429213514414,0.2098660314894639,0.005578555784527042,0.01484560050373574,0.32424560202202424
m05_joint_production_wealth,inv_w0.25_s0.35,btts,356,0.6836687632265973,0.6833706365781275,0.2452855823717,0.2451580767568855,0.02174596044025346,0.03004396402078209,0.024065800973545604
m05_joint_production_wealth,inv_w0.25_s0.50,1x2,1785,0.6121638244362891,0.6131180107974481,0.21120006329902444,0.21156444032291422,0.013560331731277202,0.018580646181840455,0.07754057788597984
m05_joint_production_wealth,inv_w0.25_s0.50,ou_05,533,0.21108684749223575,1.3183162471185177,0.051480115185703904,0.05433616260677342,0.014214834682515144,0.036416109478396845,0.10557253483732718
m05_joint_production_wealth,inv_w0.25_s0.50,ou_15,430,0.5272420425930223,0.5272811031135427,0.17259495158954527,0.17266435474340952,0.02204931882641296,0.010264241635519814,0.09947961885436996
m05_joint_production_wealth,inv_w0.25_s0.50,ou_25,758,0.68704640447595,0.6898782309589602,0.2469579911780504,0.24829171351414944,0.007416712456426974,0.01829866107755568,0.0962275826806866
m05_joint_production_wealth,inv_w0.25_s0.50,ou_35,528,0.6101994389959209,0.6104589033548479,0.20983965157334167,0.2098660314894639,0.007857059393011734,0.01484560050373574,0.32437161757654276
m05_joint_production_wealth,inv_w0.25_s0.50,btts,356,0.6835798940295179,0.6833706365781275,0.24524630254114016,0.2451580767568855,0.027003144501327025,0.03004396402078209,0.029568959838633946
m05_joint_production_wealth,inv_w0.25_s0.75,1x2,1785,0.6117498747044315,0.6131180107974481,0.21103666134959978,0.21156444032291422,0.015630968136541665,0.018580646181840455,0.08669592652205071
m05_joint_production_wealth,inv_w0.25_s0.75,ou_05,533,0.2109456593554258,1.3183162471185177,0.05146212509353587,0.05433616260677342,0.01347159000407646,0.036416109478396845,0.10586675466176504
m05_joint_production_wealth,inv_w0.25_s0.75,ou_15,430,0.5273189946687432,0.5272811031135427,0.17263641032969496,0.17266435474340952,0.018156419680394675,0.010264241635519814,0.06892248429761022
m05_joint_production_wealth,inv_w0.25_s0.75,ou_25,758,0.6873269825615775,0.6898782309589602,0.2470875109459543,0.24829171351414944,0.007866405965882735,0.01829866107755568,0.07833434476075796
m05_joint_production_wealth,inv_w0.25_s0.75,ou_35,528,0.6100450839056747,0.6104589033548479,0.2097628642780651,0.2098660314894639,0.01080560484311661,0.01484560050373574,0.3244393667878258
m05_joint_production_wealth,inv_w0.25_s0.75,btts,356,0.6836419287188634,0.6833706365781275,0.24528135635186216,0.2451580767568855,0.03219410527138672,0.03004396402078209,0.035736397665057984
m05_joint_production_wealth,inv_w0.25_s1.00,1x2,1785,0.6115957660423846,0.6131180107974481,0.2109780679920632,0.21156444032291422,0.012675692181233508,0.018580646181840455,0.17290249793076573
m05_joint_production_wealth,inv_w0.25_s1.00,ou_05,533,0.2108851863513364,1.3183162471185177,0.05145566317709174,0.05433616260677342,0.013323938135509318,0.036416109478396845,0.10597140541103128
m05_joint_production_wealth,inv_w0.25_s1.00,ou_15,430,0.5274177635093866,0.5272811031135427,0.17267684002802597,0.17266435474340952,0.01770614640313775,0.010264241635519814,0.06891756230642809
m05_joint_production_wealth,inv_w0.25_s1.00,ou_25,758,0.6875300538680603,0.6898782309589602,0.24718417894725908,0.24829171351414944,0.006403253355189806,0.01829866107755568,0.0806879450207682
m05_joint_production_wealth,inv_w0.25_s1.00,ou_35,528,0.6100643654193396,0.6104589033548479,0.20976235018872813,0.2098660314894639,0.011604672145193541,0.01484560050373574,0.32446315904763057
m05_joint_production_wealth,inv_w0.25_s1.00,btts,356,0.6836887118422401,0.6833706365781275,0.24530657177238918,0.2451580767568855,0.02629426866023477,0.03004396402078209,0.02655428240494806
m05_joint_production_wealth,inv_w0.40_s0.15,1x2,1785,0.6148222144622029,0.6131180107974481,0.2123865851963579,0.21156444032291422,0.01622251106403736,0.018580646181840455,0.184158969018266
m05_joint_production_wealth,inv_w0.40_s0.15,ou_05,533,0.21092898979905614,1.3183162471185177,0.05147003055750616,0.05433616260677342,0.014196486803070342,0.036416109478396845,0.10253406601280646
m05_joint_production_wealth,inv_w0.40_s0.15,ou_15,430,0.5292841265310981,0.5272811031135427,0.173311220377504,0.17266435474340952,0.01739646792849633,0.010264241635519814,0.03337597423850469
m05_joint_production_wealth,inv_w0.40_s0.15,ou_25,758,0.6881711907843605,0.6898782309589602,0.24753475950438866,0.24829171351414944,0.010217510941568399,0.01829866107755568,0.05473765802576935
m05_joint_production_wealth,inv_w0.40_s0.15,ou_35,528,0.6120057358702641,0.6104589033548479,0.21055802742099794,0.2098660314894639,0.007354887645287573,0.01484560050373574,0.3213151941630219
m05_joint_production_wealth,inv_w0.40_s0.15,btts,356,0.6851626051835631,0.6833706365781275,0.24602427017566814,0.2451580767568855,0.029527588201911672,0.03004396402078209,0.08462259298491248
m05_joint_production_wealth,inv_w0.40_s0.25,1x2,1785,0.6136787938461764,0.6131180107974481,0.2118598764603407,0.21156444032291422,0.015071274752074195,0.018580646181840455,0.05067347434708752
m05_joint_production_wealth,inv_w0.40_s0.25,ou_05,533,0.21115057190269937,1.3183162471185177,0.05149919968723427,0.05433616260677342,0.01390596303185208,0.036416109478396845,0.1032732534006714
m05_joint_production_wealth,inv_w0.40_s0.25,ou_15,430,0.5281721831803887,0.5272811031135427,0.17291569741164745,0.17266435474340952,0.0177297381205239,0.010264241635519814,0.05767887781371628
m05_joint_production_wealth,inv_w0.40_s0.25,ou_25,758,0.6872688054523842,0.6898782309589602,0.247089484912321,0.24829171351414944,0.005542621233413794,0.01829866107755568,0.07197735198297883
m05_joint_production_wealth,inv_w0.40_s0.25,ou_35,528,0.6115464028709443,0.6104589033548479,0.21039099747875192,0.2098660314894639,0.008916803951775899,0.01484560050373574,0.14900834339388377
m05_joint_production_wealth,inv_w0.40_s0.25,btts,356,0.6839929487538339,0.6833706365781275,0.24544588570308098,0.2451580767568855,0.01830390191191231,0.03004396402078209,0.033370683498233966
m05_joint_production_wealth,inv_w0.40_s0.35,1x2,1785,0.6128779467528452,0.6131180107974481,0.21150817857775867,0.21156444032291422,0.014992123483109823,0.018580646181840455,0.08568308471036146
m05_joint_production_wealth,inv_w0.40_s0.35,ou_05,533,0.21109860264881358,1.3183162471185177,0.0514869038659981,0.05433616260677342,0.013557590763944456,0.036416109478396845,0.10353590195359197
m05_joint_production_wealth,inv_w0.40_s0.35,ou_15,430,0.5276326394758408,0.5272811031135427,0.1727188917862068,0.17266435474340952,0.01973252045885245,0.010264241635519814,0.03665538295748838
m05_joint_production_wealth,inv_w0.40_s0.35,ou_25,758,0.6868813293913294,0.6898782309589602,0.24689238403828606,0.24829171351414944,0.006250412818030947,0.01829866107755568,0.022804496417410336
m05_joint_production_wealth,inv_w0.40_s0.35,ou_35,528,0.610835329117105,0.6104589033548479,0.21012001224394725,0.2098660314894639,0.00704912829615572,0.01484560050373574,0.32222376019667376
m05_joint_production_wealth,inv_w0.40_s0.35,btts,356,0.6836031007073966,0.6833706365781275,0.24525571553663414,0.2451580767568855,0.019524735334339474,0.03004396402078209,0.020346597947438427
m05_joint_production_wealth,inv_w0.40_s0.50,1x2,1785,0.6121953041501611,0.6131180107974481,0.21121875761651485,0.21156444032291422,0.015147275270766248,0.018580646181840455,0.2897600437742406
m05_joint_production_wealth,inv_w0.40_s0.50,ou_05,533,0.2109649810276732,1.3183162471185177,0.05146465167165492,0.05433616260677342,0.013214293363971407,0.036416109478396845,0.10483738431557443
m05_joint_production_wealth,inv_w0.40_s0.50,ou_15,430,0.5274415880105262,0.5272811031135427,0.17265581784346556,0.17266435474340952,0.020880677324492853,0.010264241635519814,0.06745190335750123
m05_joint_production_wealth,inv_w0.40_s0.50,ou_25,758,0.68680408734181,0.6898782309589602,0.24684494344125696,0.24829171351414944,0.0065541433064237094,0.01829866107755568,0.02932797776158025
m05_joint_production_wealth,inv_w0.40_s0.50,ou_35,528,0.6103227727563958,0.6104589033548479,0.20991683020825444,0.2098660314894639,0.008664320381602442,0.01484560050373574,0.322333451734676
m05_joint_production_wealth,inv_w0.40_s0.50,btts,356,0.6835120943395834,0.6833706365781275,0.2452140940150543,0.2451580767568855,0.021990263640236027,0.03004396402078209,0.02317792808120056
m05_joint_production_wealth,inv_w0.40_s0.75,1x2,1785,0.6117176501500369,0.6131180107974481,0.21102300286859427,0.21156444032291422,0.01618276744211459,0.018580646181840455,0.09154929208696842
m05_joint_production_wealth,inv_w0.40_s0.75,ou_05,533,0.21084016921664941,1.3183162471185177,0.05144691233438853,0.05433616260677342,0.012956917596770203,0.036416109478396845,0.10560033204498365
m05_joint_production_wealth,inv_w0.40_s0.75,ou_15,430,0.5274823313370237,0.5272811031135427,0.17267921492387955,0.17266435474340952,0.022879516441526786,0.010264241635519814,0.09851626913984401
m05_joint_production_wealth,inv_w0.40_s0.75,ou_25,758,0.6869487368203199,0.6898782309589602,0.24690957887064566,0.24829171351414944,0.012734751363384374,0.01829866107755568,0.06370127089433253
m05_joint_production_wealth,inv_w0.40_s0.75,ou_35,528,0.6101246173987503,0.6104589033548479,0.20983177004117334,0.2098660314894639,0.007442881070335565,0.01484560050373574,0.32239246946298006
m05_joint_production_wealth,inv_w0.40_s0.75,btts,356,0.6835566016338391,0.6833706365781275,0.24523923685364252,0.2451580767568855,0.021803770293696036,0.03004396402078209,0.02226217553479204
m05_joint_production_wealth,inv_w0.40_s1.00,1x2,1785,0.6115298332229447,0.6131180107974481,0.21094790893993307,0.21156444032291422,0.015874311912958437,0.018580646181840455,0.07746731495431426
m05_joint_production_wealth,inv_w0.40_s1.00,ou_05,533,0.21078571634578672,1.3183162471185177,0.051439993703470376,0.05433616260677342,0.014241528122459494,0.036416109478396845,0.102871228672698
m05_joint_production_wealth,inv_w0.40_s1.00,ou_15,430,0.5275465127087923,0.5272811031135427,0.1727062359903886,0.17266435474340952,0.019760923069087975,0.010264241635519814,0.06792777996909588
m05_joint_production_wealth,inv_w0.40_s1.00,ou_25,758,0.6870659646044774,0.6898782309589602,0.2469649850915706,0.24829171351414944,0.0016991344025406628,0.01829866107755568,0.03371169333659518
m05_joint_production_wealth,inv_w0.40_s1.00,ou_35,528,0.6100980395177141,0.6104589033548479,0.20981680431785632,0.2098660314894639,0.01467402140100929,0.01484560050373574,0.3224132028494118
m05_joint_production_wealth,inv_w0.40_s1.00,btts,356,0.6835954594497167,0.6833706365781275,0.24525991277803516,0.2451580767568855,0.021608455229886414,0.03004396402078209,0.02192118677725141
m05_joint_production_wealth,inv_w0.55_s0.15,1x2,1785,0.6150277703046498,0.6131180107974481,0.21248585050991975,0.21156444032291422,0.015759025668124673,0.018580646181840455,0.10257171978868618
m05_joint_production_wealth,inv_w0.55_s0.15,ou_05,533,0.21087550886334036,1.3183162471185177,0.05146477452946449,0.05433616260677342,0.014230066424030607,0.036416109478396845,0.10253775118722841
m05_joint_production_wealth,inv_w0.55_s0.15,ou_15,430,0.5290821513552888,0.5272811031135427,0.17323607350749476,0.17266435474340952,0.017672494962207914,0.010264241635519814,0.03426227190200448
m05_joint_production_wealth,inv_w0.55_s0.15,ou_25,758,0.6878157197503147,0.6898782309589602,0.2473584344571179,0.24829171351414944,0.006528980713684859,0.01829866107755568,0.05337069076934153
m05_joint_production_wealth,inv_w0.55_s0.15,ou_35,528,0.6118820656393158,0.6104589033548479,0.2105400784800629,0.2098660314894639,0.013665835152822596,0.01484560050373574,0.3191939789726074
m05_joint_production_wealth,inv_w0.55_s0.15,btts,356,0.6848470299866104,0.6833706365781275,0.24587214803629062,0.2451580767568855,0.019677557398837555,0.03004396402078209,0.0601133723152506
m05_joint_production_wealth,inv_w0.55_s0.25,1x2,1785,0.6139971161742652,0.6131180107974481,0.21201275106890902,0.21156444032291422,0.015760036114879784,0.018580646181840455,0.1472212234587658
m05_joint_production_wealth,inv_w0.55_s0.25,ou_05,533,0.21103062354256796,1.3183162471185177,0.05148451865402171,0.05433616260677342,0.014023967504683682,0.036416109478396845,0.1013229166031937
m05_joint_production_wealth,inv_w0.55_s0.25,ou_15,430,0.5282405620739855,0.5272811031135427,0.17293667089233675,0.17266435474340952,0.022104403396890352,0.010264241635519814,0.08797056511755641
m05_joint_production_wealth,inv_w0.55_s0.25,ou_25,758,0.6871063139200828,0.6898782309589602,0.2470091426371292,0.24829171351414944,0.010876923044843684,0.01829866107755568,0.01125433097086681
m05_joint_production_wealth,inv_w0.55_s0.25,ou_35,528,0.6115228709903725,0.6104589033548479,0.21040637084147196,0.2098660314894639,0.007088243620749091,0.01484560050373574,0.3197632287406156
m05_joint_production_wealth,inv_w0.55_s0.25,btts,356,0.6839264079232775,0.6833706365781275,0.24541664251971293,0.2451580767568855,0.010573468296208397,0.03004396402078209,0.018854334541130835
m05_joint_production_wealth,inv_w0.55_s0.35,1x2,1785,0.6132551883646775,0.6131180107974481,0.21168451142937358,0.21156444032291422,0.013615552062810907,0.018580646181840455,0.05468635878036621
m05_joint_production_wealth,inv_w0.55_s0.35,ou_05,533,0.21098338148455287,1.3183162471185177,0.05147381534894831,0.05433616260677342,0.013774391275970044,0.036416109478396845,0.10331523125323572
m05_joint_production_wealth,inv_w0.55_s0.35,ou_15,430,0.5278370469930521,0.5272811031135427,0.17278813072853305,0.17266435474340952,0.020715956066263416,0.010264241635519814,0.06273215874536742
m05_joint_production_wealth,inv_w0.55_s0.35,ou_25,758,0.6867898395258499,0.6898782309589602,0.24684912940535453,0.24829171351414944,0.01691352942009083,0.01829866107755568,0.027645021130436542
m05_joint_production_wealth,inv_w0.55_s0.35,ou_35,528,0.6109766041936122,0.6104589033548479,0.21019948610742611,0.2098660314894639,0.017267349932038337,0.01484560050373574,0.3199279991534067
m05_joint_production_wealth,inv_w0.55_s0.35,btts,356,0.6836087430163658,0.6833706365781275,0.24526120974709323,0.2451580767568855,0.01629070869770218,0.03004396402078209,0.01960633773065651
m05_joint_production_wealth,inv_w0.55_s0.50,1x2,1785,0.6126081225772603,0.6131180107974481,0.21140528864964686,0.21156444032291422,0.01575255381134022,0.018580646181840455,0.1353483821072935
m05_joint_production_wealth,inv_w0.55_s0.50,ou_05,533,0.21087554938770883,1.3183162471185177,0.05145519277215315,0.05433616260677342,0.013526928141458294,0.036416109478396845,0.10428303571691155
m05_joint_production_wealth,inv_w0.55_s0.50,ou_15,430,0.5276920364940769,0.5272811031135427,0.17273739460361237,0.17266435474340952,0.02310334886663182,0.010264241635519814,0.06221642907976577
m05_joint_production_wealth,inv_w0.55_s0.50,ou_25,758,0.6866927511286609,0.6898782309589602,0.2467948360798264,0.24829171351414944,0.005381714608055278,0.01829866107755568,0.014244861878378812
m05_joint_production_wealth,inv_w0.55_s0.50,ou_35,528,0.6105606336074478,0.6104589033548479,0.210039773040734,0.2098660314894639,0.023041105305847145,0.01484560050373574,0.3200169676550241
m05_joint_production_wealth,inv_w0.55_s0.50,btts,356,0.6835252865400172,0.6833706365781275,0.24522222018817547,0.2451580767568855,0.03431149149148997,0.03004396402078209,0.04541653577921306
m05_joint_production_wealth,inv_w0.55_s0.75,1x2,1785,0.6121413871246336,0.6131180107974481,0.21120846067392676,0.21156444032291422,0.015300963936838243,0.018580646181840455,0.27200785458770094
m05_joint_production_wealth,inv_w0.55_s0.75,ou_05,533,0.21077481641226473,1.3183162471185177,0.05143962095307574,0.05433616260677342,0.013339638572035732,0.036416109478396845,0.10485052091944891
m05_joint_production_wealth,inv_w0.55_s0.75,ou_15,430,0.5277125895761308,0.5272811031135427,0.1727490261291241,0.17266435474340952,0.016190507523615668,0.010264241635519814,0.057707846270311225
m05_joint_production_wealth,inv_w0.55_s0.75,ou_25,758,0.6867514699205252,0.6898782309589602,0.2468189065989076,0.24829171351414944,0.010989918597237318,0.01829866107755568,0.08138969801909651
m05_joint_production_wealth,inv_w0.55_s0.75,ou_35,528,0.6103678303133205,0.6104589033548479,0.20996435142912528,0.2098660314894639,0.021103926054845755,0.01484560050373574,0.320064867617323
m05_joint_production_wealth,inv_w0.55_s0.75,btts,356,0.6835534561784514,0.6833706365781275,0.24523825146536735,0.2451580767568855,0.03318108288108978,0.03004396402078209,0.06611465063068855
m05_joint_production_wealth,inv_w0.55_s1.00,1x2,1785,0.6119527795463379,0.6131180107974481,0.21113023939767603,0.21156444032291422,0.015592097734664242,0.018580646181840455,0.25162517936709805
m05_joint_production_wealth,inv_w0.55_s1.00,ou_05,533,0.2107303550233027,1.3183162471185177,0.05143322145137562,0.05433616260677342,0.013262471054993778,0.036416109478396845,0.10340761724397807
m05_joint_production_wealth,inv_w0.55_s1.00,ou_15,430,0.5277527650544854,0.5272811031135427,0.17276580101245528,0.17266435474340952,0.018782421984336516,0.010264241635519814,0.05775011458690893
m05_joint_production_wealth,inv_w0.55_s1.00,ou_25,758,0.686811263512024,0.6898782309589602,0.24684662663085588,0.24829171351414944,0.009037812085602757,0.01829866107755568,0.0523322571796882
m05_joint_production_wealth,inv_w0.55_s1.00,ou_35,528,0.6103229708004757,0.6104589033548479,0.20994598821922977,0.2098660314894639,0.018939622661618798,0.01484560050373574,0.3200817005692067
m05_joint_production_wealth,inv_w0.55_s1.00,btts,356,0.6835826159326926,0.6833706365781275,0.24525363468105438,0.2451580767568855,0.028682524614111433,0.03004396402078209,0.04605492595786431
m05_joint_production_wealth,inv_w0.70_s0.15,1x2,1785,0.6153105127588067,0.6131180107974481,0.21262031880728693,0.21156444032291422,0.017405816069313934,0.018580646181840455,0.39576517793539145
m05_joint_production_wealth,inv_w0.70_s0.15,ou_05,533,0.21083156469444414,1.3183162471185177,0.051460987081364054,0.05433616260677342,0.014271028632605058,0.036416109478396845,0.1028057317324491
m05_joint_production_wealth,inv_w0.70_s0.15,ou_15,430,0.5289097006571405,0.5272811031135427,0.17317123114670335,0.17266435474340952,0.023744904496837922,0.010264241635519814,0.035051247186184686
m05_joint_production_wealth,inv_w0.70_s0.15,ou_25,758,0.6875026758339955,0.6898782309589602,0.2472027169672935,0.24829171351414944,0.00549895590690366,0.01829866107755568,0.10311308110901352
m05_joint_production_wealth,inv_w0.70_s0.15,ou_35,528,0.6118050661678271,0.6104589033548479,0.21054256279382796,0.2098660314894639,0.01658535965545443,0.01484560050373574,0.3168338554882946
m05_joint_production_wealth,inv_w0.70_s0.15,btts,356,0.6845554466957161,0.6833706365781275,0.24573161568223287,0.2451580767568855,0.00875922866196683,0.03004396402078209,0.009967341201912006
m05_joint_production_wealth,inv_w0.70_s0.25,1x2,1785,0.6145084323780048,0.6131180107974481,0.21225265170530971,0.21156444032291422,0.01617685477834795,0.018580646181840455,0.05986774556377816
m05_joint_production_wealth,inv_w0.70_s0.25,ou_05,533,0.21092791683476686,1.3183162471185177,0.051472794877917,0.05433616260677342,0.014141698998732386,0.036416109478396845,0.1015806395235822
m05_joint_production_wealth,inv_w0.70_s0.25,ou_15,430,0.5283445604171519,0.5272811031135427,0.1729701730644715,0.17266435474340952,0.02917278615131755,0.010264241635519814,0.07715873649206395
m05_joint_production_wealth,inv_w0.70_s0.25,ou_25,758,0.6870090852021999,0.6898782309589602,0.24696019306563297,0.24829171351414944,0.008054331985712067,0.01829866107755568,0.15644154752253758
m05_joint_production_wealth,inv_w0.70_s0.25,ou_35,528,0.6115568890133807,0.6104589033548479,0.2104482222932044,0.2098660314894639,0.009308991663655479,0.01484560050373574,0.3172403410575432
m05_joint_production_wealth,inv_w0.70_s0.25,btts,356,0.6839132303524645,0.6833706365781275,0.245413689959024,0.2451580767568855,0.00150321547504732,0.03004396402078209,0.00921750806876942
m05_joint_production_wealth,inv_w0.70_s0.35,1x2,1785,0.6139201309006851,0.6131180107974481,0.21199050306393544,0.21156444032291422,0.019983181283573757,0.018580646181840455,0.11200150883993898
m05_joint_production_wealth,inv_w0.70_s0.35,ou_05,533,0.21089147244797068,1.3183162471185177,0.05146476072064306,0.05433616260677342,0.013983539689951169,0.036416109478396845,0.10182626586109911
m05_joint_production_wealth,inv_w0.70_s0.35,ou_15,430,0.5280781937127735,0.5272811031135427,0.1728712560064538,0.17266435474340952,0.018766337625363956,0.010264241635519814,0.08897908739124993
m05_joint_production_wealth,inv_w0.70_s0.35,ou_25,758,0.6867833023771512,0.6898782309589602,0.2468466265525886,0.24829171351414944,0.013891923709752937,0.01829866107755568,0.07928573565649466
m05_joint_production_wealth,inv_w0.70_s0.35,ou_35,528,0.6111871571044495,0.6104589033548479,0.2103090979382281,0.2098660314894639,0.019466789053202694,0.01484560050373574,0.3173583650541701
m05_joint_production_wealth,inv_w0.70_s0.35,btts,356,0.6836848720910339,0.6833706365781275,0.24530167622224755,0.2451580767568855,0.006232678704421301,0.03004396402078209,0.00869238948261708
m05_joint_production_wealth,inv_w0.70_s0.50,1x2,1785,0.6133994547319935,0.6131180107974481,0.21176247008062266,0.21156444032291422,0.019656049982652392,0.018580646181840455,0.05163262177519112
m05_joint_production_wealth,inv_w0.70_s0.50,ou_05,533,0.21081544884522643,1.3183162471185177,0.0514512198328993,0.05433616260677342,0.013826011055588693,0.036416109478396845,0.1020505616794537
m05_joint_production_wealth,inv_w0.70_s0.50,ou_15,430,0.5279831867151116,0.5272811031135427,0.17283616207835623,0.17266435474340952,0.018615137981163526,0.010264241635519814,0.0644063869950946
m05_joint_production_wealth,inv_w0.70_s0.50,ou_25,758,0.6866970946759355,0.6898782309589602,0.24680025067582692,0.24829171351414944,0.02230143584976061,0.01829866107755568,0.07976114414775914
m05_joint_production_wealth,inv_w0.70_s0.50,ou_35,528,0.6108944296249457,0.6104589033548479,0.21020007961310877,0.2098660314894639,0.019836945933480836,0.01484560050373574,0.3174221620447173
m05_joint_production_wealth,inv_w0.70_s0.50,btts,356,0.6836188099308913,0.6833706365781275,0.24527036633515048,0.2451580767568855,0.00624298033546986,0.03004396402078209,0.0083039973759782
m05_joint_production_wealth,inv_w0.70_s0.75,1x2,1785,0.6130168040808355,0.6131180107974481,0.21159738033114128,0.21156444032291422,0.01672039936685728,0.018580646181840455,0.04019015395439818
m05_joint_production_wealth,inv_w0.70_s0.75,ou_05,533,0.2107446673159173,1.3183162471185177,0.051439512348026455,0.05433616260677342,0.013705950939585602,0.036416109478396845,0.10144620743143096
m05_joint_production_wealth,inv_w0.70_s0.75,ou_15,430,0.5279934696943249,0.5272811031135427,0.17284085684551825,0.17266435474340952,0.017557316505685965,0.010264241635519814,0.06437064628510358
m05_joint_production_wealth,inv_w0.70_s0.75,ou_25,758,0.6867090418615382,0.6898782309589602,0.2468029415446987,0.24829171351414944,0.017289396638266293,0.01829866107755568,0.10337929932355105
m05_joint_production_wealth,inv_w0.70_s0.75,ou_35,528,0.6107432159175227,0.6104589033548479,0.2101452412912006,0.2098660314894639,0.023285168463451432,0.01484560050373574,0.4109319586380046
m05_joint_production_wealth,inv_w0.70_s0.75,btts,356,0.683632980669857,0.6833706365781275,0.24527863106444078,0.2451580767568855,0.005473189271400877,0.03004396402078209,0.019599574533587905
m05_joint_production_wealth,inv_w0.70_s1.00,1x2,1785,0.6128596236795664,0.6131180107974481,0.21153029110854815,0.21156444032291422,0.01596456506206522,0.018580646181840455,0.296767015378785
m05_joint_production_wealth,inv_w0.70_s1.00,ou_05,533,0.21071321245893387,1.3183162471185177,0.05143452678034442,0.05433616260677342,0.013656160617396454,0.036416109478396845,0.10148375520535191
m05_joint_production_wealth,inv_w0.70_s1.00,ou_15,430,0.5280167459362014,0.5272811031135427,0.17285004469594648,0.17266435474340952,0.01745167809228488,0.010264241635519814,0.06439926321488088
m05_joint_production_wealth,inv_w0.70_s1.00,ou_25,758,0.6867335603961562,0.6898782309589602,0.2468137946897248,0.24829171351414944,0.017392998262844978,0.01829866107755568,0.032030080418974816
m05_joint_production_wealth,inv_w0.70_s1.00,ou_35,528,0.6107003775921026,0.6104589033548479,0.21013016551489738,0.2098660314894639,0.028695101204620578,0.01484560050373574,0.40864945310487133
m05_joint_production_wealth,inv_w0.70_s1.00,btts,356,0.6836515566136674,0.6833706365781275,0.24528838897690416,0.2451580767568855,0.004993160940705187,0.03004396402078209,0.0196998636866616
m05_joint_production_wealth,inv_w0.85_s0.15,1x2,1785,0.6156701299942617,0.6131180107974481,0.2127899747959996,0.21156444032291422,0.02104825185204284,0.018580646181840455,0.39582441877637453
m05_joint_production_wealth,inv_w0.85_s0.15,ou_05,533,0.21079708999858007,1.3183162471185177,0.051458628557045,0.05433616260677342,0.014319240834496828,0.036416109478396845,0.10410384328607195
m05_joint_production_wealth,inv_w0.85_s0.15,ou_15,430,0.5287664812775024,0.5272811031135427,0.173116658116616,0.17266435474340952,0.02690934466854939,0.010264241635519814,0.042875083210798026
m05_joint_production_wealth,inv_w0.85_s0.15,ou_25,758,0.6872316223858262,0.6898782309589602,0.24706746014310274,0.24829171351414944,0.010373521859717237,0.01829866107755568,0.18927755772771415
m05_joint_production_wealth,inv_w0.85_s0.15,ou_35,528,0.6117747699521195,0.6104589033548479,0.21056540187258838,0.2098660314894639,0.028653516653526744,0.01484560050373574,0.3142354613731578
m05_joint_production_wealth,inv_w0.85_s0.15,btts,356,0.6842881745377868,0.6833706365781275,0.24560284951496023,0.2451580767568855,0.003525246645503699,0.03004396402078209,0.010067082182506848
m05_joint_production_wealth,inv_w0.85_s0.25,1x2,1785,0.6152118258231456,0.6131180107974481,0.2125799470958081,0.21156444032291422,0.020263929161307665,0.018580646181840455,0.3922879343118494
m05_joint_production_wealth,inv_w0.85_s0.25,ou_05,533,0.21084188698349673,1.3183162471185177,0.05146388650270735,0.05433616260677342,0.014258690856731853,0.036416109478396845,0.10306679346296721
m05_joint_production_wealth,inv_w0.85_s0.25,ou_15,430,0.528482339469542,0.5272811031135427,0.1730155855478144,0.17266435474340952,0.029635122821885834,0.010264241635519814,0.0736660705959239
m05_joint_production_wealth,inv_w0.85_s0.25,ou_25,758,0.6869749621007225,0.6898782309589602,0.24694161381227245,0.24829171351414944,0.010268071594079662,0.01829866107755568,0.17445480046121387
m05_joint_production_wealth,inv_w0.85_s0.25,ou_35,528,0.611646722638333,0.6104589033548479,0.2105157742705,0.2098660314894639,0.034232248049683216,0.01484560050373574,0.3144522051436382
m05_joint_production_wealth,inv_w0.85_s0.25,btts,356,0.6839530557023792,0.6833706365781275,0.24543687036894252,0.2451580767568855,0.005590918560251126,0.03004396402078209,0.027185563815636637
m05_joint_production_wealth,inv_w0.85_s0.35,1x2,1785,0.6148710845182874,0.6131180107974481,0.21242711629339528,0.21156444032291422,0.021594903578231725,0.018580646181840455,0.39018182826740166
m05_joint_production_wealth,inv_w0.85_s0.35,ou_05,533,0.21082144729027932,1.3183162471185177,0.05145946315743215,0.05433616260677342,0.014183898875880495,0.036416109478396845,0.10331803660435268
m05_joint_production_wealth,inv_w0.85_s0.35,ou_15,430,0.5283513285487131,0.5272811031135427,0.17296652446426783,0.17266435474340952,0.029619640229074696,0.010264241635519814,0.07822134847374729
m05_joint_production_wealth,inv_w0.85_s0.35,ou_25,758,0.6868557355778527,0.6898782309589602,0.24688193119426904,0.24829171351414944,0.015860494172145766,0.01829866107755568,0.15739637709089804
m05_joint_production_wealth,inv_w0.85_s0.35,ou_35,528,0.6114604041635504,0.6104589033548479,0.2104461124445662,0.2098660314894639,0.0344186154670527,0.01484560050373574,0.31451531169036984
m05_joint_production_wealth,inv_w0.85_s0.35,btts,356,0.6838307020608457,0.6833706365781275,0.2453767319354139,0.2451580767568855,0.006727214688228205,0.03004396402078209,0.04324274662412053
m05_joint_production_wealth,inv_w0.85_s0.50,1x2,1785,0.6145664412655467,0.6131180107974481,0.21229205816599636,0.21156444032291422,0.021875593273528695,0.018580646181840455,0.3793375329921227
m05_joint_production_wealth,inv_w0.85_s0.50,ou_05,533,0.2107818010386361,1.3183162471185177,0.051452211974842746,0.05433616260677342,0.014109189561617531,0.036416109478396845,0.10400650928788491
m05_joint_production_wealth,inv_w0.85_s0.50,ou_15,430,0.5283058885166037,0.5272811031135427,0.17294880344327693,0.17266435474340952,0.029619590811636513,0.010264241635519814,0.0825798415787431
m05_joint_production_wealth,inv_w0.85_s0.50,ou_25,758,0.6868039147430804,0.6898782309589602,0.24685466522174637,0.24829171351414944,0.021440066142191863,0.01829866107755568,0.1579649513101452
m05_joint_production_wealth,inv_w0.85_s0.50,ou_35,528,0.6113087575439572,0.6104589033548479,0.21039125877351755,0.2098660314894639,0.03759701000212963,0.01484560050373574,0.3145494565198254
m05_joint_production_wealth,inv_w0.85_s0.50,btts,356,0.6837922587677029,0.6833706365781275,0.24535832549613995,0.2451580767568855,0.006725635866116753,0.03004396402078209,0.04305984648812855
m05_joint_production_wealth,inv_w0.85_s0.75,1x2,1785,0.6143397298524912,0.6131180107974481,0.21219246182386398,0.21156444032291422,0.02279974177687225,0.018580646181840455,0.05569595247735987
m05_joint_production_wealth,inv_w0.85_s0.75,ou_05,533,0.21074511714763466,1.3183162471185177,0.05144579539075463,0.05433616260677342,0.014051983369745575,0.036416109478396845,0.10388630403128433
m05_joint_production_wealth,inv_w0.85_s0.75,ou_15,430,0.5283106843595775,0.5272811031135427,0.17295001578081176,0.17266435474340952,0.023112739688521566,0.010264241635519814,0.08263865066272202
m05_joint_production_wealth,inv_w0.85_s0.75,ou_25,758,0.6867988857887406,0.6898782309589602,0.2468506074677366,0.24829171351414944,0.026914437699412624,0.01829866107755568,0.22182038025384965
m05_joint_production_wealth,inv_w0.85_s0.75,ou_35,528,0.6112246487547158,0.6104589033548479,0.2103627399052434,0.2098660314894639,0.03239129425277222,0.01484560050373574,0.31456786034160844
m05_joint_production_wealth,inv_w0.85_s0.75,btts,356,0.6837963785500704,0.6833706365781275,0.2453609304464022,0.2451580767568855,0.00674057930367376,0.03004396402078209,0.042941984259052046
m05_joint_production_wealth,inv_w0.85_s1.00,1x2,1785,0.6142455769644661,0.6131180107974481,0.21215135411018238,0.21156444032291422,0.022587812883024395,0.018580646181840455,0.12052145380048951
m05_joint_production_wealth,inv_w0.85_s1.00,ou_05,533,0.2107287631129554,1.3183162471185177,0.05144299457630351,0.05433616260677342,0.014028151622612879,0.036416109478396845,0.10384302854394112
m05_joint_production_wealth,inv_w0.85_s1.00,ou_15,430,0.5283213029814364,0.5272811031135427,0.17295376362628537,0.17266435474340952,0.023117376707668686,0.010264241635519814,0.08268571894841337
m05_joint_production_wealth,inv_w0.85_s1.00,ou_25,758,0.6868049362566405,0.6898782309589602,0.2468529175027878,0.24829171351414944,0.026995021775685215,0.01829866107755568,0.2221612708570524
m05_joint_production_wealth,inv_w0.85_s1.00,ou_35,528,0.611198255562037,0.6104589033548479,0.21035445741810033,0.2098660314894639,0.03700651199934124,0.01484560050373574,0.4059586586643962
m05_joint_production_wealth,inv_w0.85_s1.00,btts,356,0.683804733230577,0.6833706365781275,0.24536532054860843,0.2451580767568855,0.006749758621741986,0.03004396402078209,0.04289688428895844
m05_joint_production_wealth,inv_w1.00_s0.15,1x2,1785,0.6161062547868922,0.6131180107974481,0.21299474848375488,0.21156444032291422,0.021580989763383445,0.018580646181840455,0.39588365808277426
m05_joint_production_wealth,inv_w1.00_s0.15,ou_05,533,0.21077200375175825,1.3183162471185177,0.05145766225694795,0.05433616260677342,0.014374586749188721,0.036416109478396845,0.1044396561143186
m05_joint_production_wealth,inv_w1.00_s0.15,ou_15,430,0.5286521459591883,0.5272811031135427,0.17307228898840202,0.17266435474340952,0.02629271695458596,0.010264241635519814,0.05831933716293625
m05_joint_production_wealth,inv_w1.00_s0.15,ou_25,758,0.6870021910261978,0.6898782309589602,0.2469525306421488,0.24829171351414944,0.010003344770432063,0.01829866107755568,0.13850227994032938
m05_joint_production_wealth,inv_w1.00_s0.15,ou_35,528,0.6117914395540807,0.6104589033548479,0.21060865044302512,0.2098660314894639,0.040973746015454365,0.01484560050373574,0.31139974940523596
m05_joint_production_wealth,inv_w1.00_s0.15,btts,356,0.6840454987406277,0.6833706365781275,0.24548600871503987,0.2451580767568855,0.004039125069518659,0.03004396402078209,0.010558054203671452
m05_joint_production_wealth,std_w0.25_s0.15,1x2,1785,0.6107836378801688,0.6131180107974481,0.21068628194930064,0.21156444032291422,0.017303596365558144,0.018580646181840455,0.13543935142457397
m05_joint_production_wealth,std_w0.25_s0.15,ou_05,533,0.21056852461714357,1.3183162471185177,0.05142820250537299,0.05433616260677342,0.01265511615467021,0.036416109478396845,0.10346838485570542
m05_joint_production_wealth,std_w0.25_s0.15,ou_15,430,0.5269898991651246,0.5272811031135427,0.1725301516994257,0.17266435474340952,0.01892461582958371,0.010264241635519814,0.06622931466944187
m05_joint_production_wealth,std_w0.25_s0.15,ou_25,758,0.6864092281190519,0.6898782309589602,0.24662783467096094,0.24829171351414944,0.015847392734911356,0.01829866107755568,0.01589730661103861
m05_joint_production_wealth,std_w0.25_s0.15,ou_35,528,0.610184004874279,0.6104589033548479,0.20990325701011378,0.2098660314894639,0.01299908201676693,0.01484560050373574,0.313213056186946
m05_joint_production_wealth,std_w0.25_s0.15,btts,356,0.6822318461689165,0.6833706365781275,0.24460562946741415,0.2451580767568855,0.014393880620969883,0.03004396402078209,0.02823946620855622
m05_joint_production_wealth,std_w0.25_s0.25,1x2,1785,0.6114002979094034,0.6131180107974481,0.21095846354295456,0.21156444032291422,0.01914875166293611,0.018580646181840455,0.2293682592330466
m05_joint_production_wealth,std_w0.25_s0.25,ou_05,533,0.21019098713082035,1.3183162471185177,0.05137521099398918,0.05433616260677342,0.013074421967970679,0.036416109478396845,0.1032256136527953
m05_joint_production_wealth,std_w0.25_s0.25,ou_15,430,0.5283272220142923,0.5272811031135427,0.17297509170347503,0.17266435474340952,0.013717350042631133,0.010264241635519814,0.031003119686214275
m05_joint_production_wealth,std_w0.25_s0.25,ou_25,758,0.6871371926646117,0.6898782309589602,0.24699193454164053,0.24829171351414944,0.016390438935247106,0.01829866107755568,0.09689209609507321
m05_joint_production_wealth,std_w0.25_s0.25,ou_35,528,0.61036644743152,0.6104589033548479,0.21001453381574178,0.2098660314894639,0.03086669612929256,0.01484560050373574,0.31209017027117
m05_joint_production_wealth,std_w0.25_s0.25,btts,356,0.6835538507187481,0.6833706365781275,0.24525676821602369,0.2451580767568855,0.015305051802294772,0.03004396402078209,0.04436756440658529
m05_joint_production_wealth,std_w0.25_s0.35,1x2,1785,0.6124605454102061,0.6131180107974481,0.21140866420862794,0.21156444032291422,0.025146373745578234,0.018580646181840455,0.7053813951357296
m05_joint_production_wealth,std_w0.25_s0.35,ou_05,533,0.210231677845126,1.3183162471185177,0.05137624418828353,0.05433616260677342,0.013465704190254313,0.036416109478396845,0.10500583455787876
m05_joint_production_wealth,std_w0.25_s0.35,ou_15,430,0.5288658788126874,0.5272811031135427,0.17315602063962038,0.17266435474340952,0.01551568201351912,0.010264241635519814,0.04612997025518695
m05_joint_production_wealth,std_w0.25_s0.35,ou_25,758,0.6872761323201164,0.6898782309589602,0.24707088773369448,0.24829171351414944,0.016869104570023,0.01829866107755568,0.01706991887135212
m05_joint_production_wealth,std_w0.25_s0.35,ou_35,528,0.61080612509621,0.6104589033548479,0.21022881413467384,0.2098660314894639,0.03473144667961209,0.01484560050373574,0.31175757523771386
m05_joint_production_wealth,std_w0.25_s0.35,btts,356,0.6840645980200596,0.6833706365781275,0.24550507938624622,0.2451580767568855,0.020401680511003335,0.03004396402078209,0.05621911138462654
m05_joint_production_wealth,std_w0.25_s0.50,1x2,1785,0.6137307005567975,0.6131180107974481,0.21195546293343454,0.21156444032291422,0.02427108895642831,0.018580646181840455,0.2968611415984898
m05_joint_production_wealth,std_w0.25_s0.50,ou_05,533,0.21039781347156708,1.3183162471185177,0.05139709378148664,0.05433616260677342,0.013828424003078781,0.036416109478396845,0.10606582263537251
m05_joint_production_wealth,std_w0.25_s0.50,ou_15,430,0.5289512346690693,0.5272811031135427,0.1731807557208924,0.17266435474340952,0.016826557983542993,0.010264241635519814,0.029794339796302305
m05_joint_production_wealth,std_w0.25_s0.50,ou_25,758,0.6872120792849679,0.6898782309589602,0.24704631923577433,0.24829171351414944,0.006083451811592208,0.01829866107755568,0.03832779089039684
m05_joint_production_wealth,std_w0.25_s0.50,ou_35,528,0.6112305698218214,0.6104589033548479,0.21042065543172722,0.2098660314894639,0.04494421172793739,0.01484560050373574,0.40700849424915464
m05_joint_production_wealth,std_w0.25_s0.50,btts,356,0.6842139305835616,0.6833706365781275,0.2455751490775368,0.2451580767568855,0.026430452253963524,0.03004396402078209,0.042431312304716085
m05_joint_production_wealth,std_w0.25_s0.75,1x2,1785,0.614840287057963,0.6131180107974481,0.21243826338563718,0.21156444032291422,0.02324160458800029,0.018580646181840455,0.2957346446893664
m05_joint_production_wealth,std_w0.25_s0.75,ou_05,533,0.21056954275165704,1.3183162471185177,0.051422914628350455,0.05433616260677342,0.014100068344413115,0.036416109478396845,0.10514639832852164
m05_joint_production_wealth,std_w0.25_s0.75,ou_15,430,0.5288445525106942,0.5272811031135427,0.17313916840522264,0.17266435474340952,0.02267795485430778,0.010264241635519814,0.0707834178310891
m05_joint_production_wealth,std_w0.25_s0.75,ou_25,758,0.6871097762813563,0.6898782309589602,0.2469992145954694,0.24829171351414944,0.007995340769043848,0.01829866107755568,0.12376888692891697
m05_joint_production_wealth,std_w0.25_s0.75,ou_35,528,0.6115208998583394,0.6104589033548479,0.21053271011514194,0.2098660314894639,0.0411037111140894,0.01484560050373574,0.4037639625884546
m05_joint_production_wealth,std_w0.25_s0.75,btts,356,0.6841747921342639,0.6833706365781275,0.24555301063032867,0.2451580767568855,0.010407677171048756,0.03004396402078209,0.026673339745495572
m05_joint_production_wealth,std_w0.25_s1.00,1x2,1785,0.615341720971612,0.6131180107974481,0.2126578360738839,0.21156444032291422,0.022847676031079574,0.018580646181840455,0.33158945815545404
m05_joint_production_wealth,std_w0.25_s1.00,ou_05,533,0.2106497019664644,1.3183162471185177,0.05143614929311635,0.05433616260677342,0.014212937642021571,0.036416109478396845,0.10374170632025413
m05_joint_production_wealth,std_w0.25_s1.00,ou_15,430,0.5287726746701586,0.5272811031135427,0.17311323483768296,0.17266435474340952,0.029232528544855682,0.010264241635519814,0.07052967847394798
m05_joint_production_wealth,std_w0.25_s1.00,ou_25,758,0.6870640230958011,0.6898782309589602,0.24697851432418705,0.24829171351414944,0.006889721789595002,0.01829866107755568,0.14092242713998038
m05_joint_production_wealth,std_w0.25_s1.00,ou_35,528,0.6116340355840909,0.6104589033548479,0.2105684429714418,0.2098660314894639,0.04068692250628273,0.01484560050373574,0.4069349362165322
m05_joint_production_wealth,std_w0.25_s1.00,btts,356,0.6841302577811466,0.6833706365781275,0.2455297517927369,0.2451580767568855,0.0017747084940500971,0.03004396402078209,0.009001209962595902
m05_joint_production_wealth,std_w0.40_s0.15,1x2,1785,0.6112678347884444,0.6131180107974481,0.21088113680456005,0.21156444032291422,0.017243230217031773,0.018580646181840455,0.22943398148810745
m05_joint_production_wealth,std_w0.40_s0.15,ou_05,533,0.21054842503590002,1.3183162471185177,0.05141947512473155,0.05433616260677342,0.013018309756384284,0.036416109478396845,0.10560170814090221
m05_joint_production_wealth,std_w0.40_s0.15,ou_15,430,0.5272153462083682,0.5272811031135427,0.17259408858376685,0.17266435474340952,0.014090890008020747,0.010264241635519814,0.056140113832215066
m05_joint_production_wealth,std_w0.40_s0.15,ou_25,758,0.6861845776663918,0.6898782309589602,0.24652809861138644,0.24829171351414944,0.011827650548001065,0.01829866107755568,0.04845522289189852
m05_joint_production_wealth,std_w0.40_s0.15,ou_35,528,0.6101769561133927,0.6104589033548479,0.20993523601813782,0.2098660314894639,0.02884306038483181,0.01484560050373574,0.31285564848670255
m05_joint_production_wealth,std_w0.40_s0.15,btts,356,0.6825060818168398,0.6833706365781275,0.2447363706561467,0.2451580767568855,0.009727376026610479,0.03004396402078209,0.04351155216269731
m05_joint_production_wealth,std_w0.40_s0.25,1x2,1785,0.612080005444949,0.6131180107974481,0.21124042055668998,0.21156444032291422,0.021162766519598836,0.018580646181840455,0.7174394084918064
m05_joint_production_wealth,std_w0.40_s0.25,ou_05,533,0.21028052754335863,1.3183162471185177,0.051382725380689824,0.05433616260677342,0.013337571514487891,0.036416109478396845,0.10401202323588936
m05_joint_production_wealth,std_w0.40_s0.25,ou_15,430,0.5283214177810935,0.5272811031135427,0.17296663446611169,0.17266435474340952,0.01473989857577741,0.010264241635519814,0.03908235659782955
m05_joint_production_wealth,std_w0.40_s0.25,ou_25,758,0.6869011168572545,0.6898782309589602,0.24688392154987063,0.24829171351414944,0.011810753999080636,0.01829866107755568,0.0731331525417529
m05_joint_production_wealth,std_w0.40_s0.25,ou_35,528,0.6104461287898298,0.6104589033548479,0.21007305646851251,0.2098660314894639,0.030824565567047987,0.01484560050373574,0.31195282541453273
m05_joint_production_wealth,std_w0.40_s0.25,btts,356,0.6836286354796415,0.6833706365781275,0.24529016274890333,0.2451580767568855,0.007082437556258993,0.03004396402078209,0.04348199347935011
m05_joint_production_wealth,std_w0.40_s0.35,1x2,1785,0.6130707607992386,0.6131180107974481,0.21166753701572238,0.21156444032291422,0.021295563118037406,0.018580646181840455,0.21410019607409114
m05_joint_production_wealth,std_w0.40_s0.35,ou_05,533,0.21032811078242658,1.3183162471185177,0.051387605028857204,0.05433616260677342,0.013647508874822611,0.036416109478396845,0.10543764165754614
m05_joint_production_wealth,std_w0.40_s0.35,ou_15,430,0.5287792355164173,0.5272811031135427,0.173121480572473,0.17266435474340952,0.01612467725596252,0.010264241635519814,0.03538086713843114
m05_joint_production_wealth,std_w0.40_s0.35,ou_25,758,0.6871130594117538,0.6898782309589602,0.24699441657113144,0.24829171351414944,0.01165191088848496,0.01829866107755568,0.07675227876787871
m05_joint_production_wealth,std_w0.40_s0.35,ou_35,528,0.6109021620377905,0.6104589033548479,0.21028003160542716,0.2098660314894639,0.04830821550831126,0.01484560050373574,0.40686430985895083
m05_joint_production_wealth,std_w0.40_s0.35,btts,356,0.6840509032249226,0.6833706365781275,0.24549615728635704,0.2451580767568855,0.01553016240022566,0.03004396402078209,0.04195947129964894
m05_joint_production_wealth,std_w0.40_s0.50,1x2,1785,0.614162938915283,0.6131180107974481,0.21214191659032727,0.21156444032291422,0.025526311425584574,0.018580646181840455,0.26009472862655014
m05_joint_production_wealth,std_w0.40_s0.50,ou_05,533,0.21046877514999546,1.3183162471185177,0.051407255566180546,0.05433616260677342,0.01393744491397581,0.036416109478396845,0.1062860047340665
m05_joint_production_wealth,std_w0.40_s0.50,ou_15,430,0.5288723146315344,0.5272811031135427,0.17315038713793376,0.17266435474340952,0.01714216811725182,0.010264241635519814,0.06478651421184789
m05_joint_production_wealth,std_w0.40_s0.50,ou_25,758,0.6871297634954309,0.6898782309589602,0.2470070094744818,0.24829171351414944,0.008499521756878826,0.01829866107755568,0.12397686989091583
m05_joint_production_wealth,std_w0.40_s0.50,ou_35,528,0.6113063644462127,0.6104589033548479,0.21045112229295843,0.2098660314894639,0.046916351391586106,0.01484560050373574,0.40705449526143755
m05_joint_production_wealth,std_w0.40_s0.50,btts,356,0.6841745007103033,0.6833706365781275,0.24555447374914643,0.2451580767568855,0.021789865686858482,0.03004396402078209,0.026371865042729592
m05_joint_production_wealth,std_w0.40_s0.75,1x2,1785,0.6150820431649705,0.6131180107974481,0.21254373474289875,0.21156444032291422,0.021902256293768827,0.018580646181840455,0.05620603283127468
m05_joint_production_wealth,std_w0.40_s0.75,ou_05,533,0.21060911741938818,1.3183162471185177,0.05142934867802463,0.05433616260677342,0.014154907294098743,0.036416109478396845,0.10528042272267582
m05_joint_production_wealth,std_w0.40_s0.75,ou_15,430,0.5288006155686035,0.5272811031135427,0.1731230952179151,0.17266435474340952,0.022705114213683205,0.010264241635519814,0.07066118457902804
m05_joint_production_wealth,std_w0.40_s0.75,ou_25,758,0.6870778924562917,0.6898782309589602,0.24698433453030585,0.24829171351414944,0.005188453612916452,0.01829866107755568,0.12371941073020065
m05_joint_production_wealth,std_w0.40_s0.75,ou_35,528,0.6115655558002969,0.6104589033548479,0.21054615705831312,0.2098660314894639,0.04089740966916617,0.01484560050373574,0.4053009409951033
m05_joint_production_wealth,std_w0.40_s0.75,btts,356,0.6841467223535233,0.6833706365781275,0.24553851167889693,0.2451580767568855,0.0017890120535240777,0.03004396402078209,0.008985550236305873
m05_joint_production_wealth,std_w0.40_s1.00,1x2,1785,0.6154904885177808,0.6131180107974481,0.21272308307594628,0.21156444032291422,0.022320794578193737,0.018580646181840455,0.3438534172364708
m05_joint_production_wealth,std_w0.40_s1.00,ou_05,533,0.21067385392063595,1.3183162471185177,0.0514402715020435,0.05433616260677342,0.014245245547469459,0.036416109478396845,0.1038819609989618
m05_joint_production_wealth,std_w0.40_s1.00,ou_15,430,0.5287465827168153,0.5272811031135427,0.1731040377065191,0.17266435474340952,0.029208646164368975,0.010264241635519814,0.0704028778400404
m05_joint_production_wealth,std_w0.40_s1.00,ou_25,758,0.6870480330632529,0.6898782309589602,0.24697133657156253,0.24829171351414944,0.006948594780332472,0.01829866107755568,0.14044576374082274
m05_joint_production_wealth,std_w0.40_s1.00,ou_35,528,0.6116621539678262,0.6104589033548479,0.21057583537713226,0.2098660314894639,0.04056530413436437,0.01484560050373574,0.40786919300170754
m05_joint_production_wealth,std_w0.40_s1.00,btts,356,0.6841124099299305,0.6833706365781275,0.24552055508669257,0.2451580767568855,0.001753128721971318,0.03004396402078209,0.009009590006792134
m05_joint_production_wealth,std_w0.55_s0.15,1x2,1785,0.6120455933495326,0.6131180107974481,0.21120636446456625,0.21156444032291422,0.021462234436811434,0.018580646181840455,0.23989639055111023
m05_joint_production_wealth,std_w0.55_s0.15,ou_05,533,0.21056364793595708,1.3183162471185177,0.05141849627834425,0.05433616260677342,0.01337629862209781,0.036416109478396845,0.10347939751431666
m05_joint_production_wealth,std_w0.55_s0.15,ou_15,430,0.5275108356802548,0.5272811031135427,0.17268240652947375,0.17266435474340952,0.014211100509616627,0.010264241635519814,0.04920064789395373
m05_joint_production_wealth,std_w0.55_s0.15,ou_25,758,0.6861628197664442,0.6898782309589602,0.24652430100999478,0.24829171351414944,0.02553726975676228,0.01829866107755568,0.09145877208532904
m05_joint_production_wealth,std_w0.55_s0.15,ou_35,528,0.6103699370249718,0.6104589033548479,0.21004257346506455,0.2098660314894639,0.03533100695015309,0.01484560050373574,0.3124956151161809
m05_joint_production_wealth,std_w0.55_s0.15,btts,356,0.6828170303257188,0.6833706365781275,0.24488612000316962,0.2451580767568855,0.005593568054123863,0.03004396402078209,0.03307178436773639
m05_joint_production_wealth,std_w0.55_s0.25,1x2,1785,0.6128915861103318,0.6131180107974481,0.21158413281260235,0.21156444032291422,0.02343467619014674,0.018580646181840455,0.23050031939961202
m05_joint_production_wealth,std_w0.55_s0.25,ou_05,533,0.21038557301413563,1.3183162471185177,0.051394891895613755,0.05433616260677342,0.013601183342507369,0.036416109478396845,0.10479951945119577
m05_joint_production_wealth,std_w0.55_s0.25,ou_15,430,0.5283581563443049,0.5272811031135427,0.1729715853283105,0.17266435474340952,0.015714378092560207,0.010264241635519814,0.040816279814134604
m05_joint_production_wealth,std_w0.55_s0.25,ou_25,758,0.6867848672643265,0.6898782309589602,0.24683191379581648,0.24829171351414944,0.017202289169302134,0.01829866107755568,0.05494122130396473
m05_joint_production_wealth,std_w0.55_s0.25,ou_35,528,0.6106439095282017,0.6104589033548479,0.21017116502129565,0.2098660314894639,0.03761800746690358,0.01484560050373574,0.3118151109490746
m05_joint_production_wealth,std_w0.55_s0.25,btts,356,0.6837081969327424,0.6833706365781275,0.24532639094552328,0.2451580767568855,0.015544275206417423,0.03004396402078209,0.04163942847687896
m05_joint_production_wealth,std_w0.55_s0.35,1x2,1785,0.6137404482412573,0.6131180107974481,0.21195516779493295,0.21156444032291422,0.023425575936673607,0.018580646181840455,0.2973401325689277
m05_joint_production_wealth,std_w0.55_s0.35,ou_05,533,0.21043115551414956,1.3183162471185177,0.05140149654697782,0.05433616260677342,0.013830045477686263,0.036416109478396845,0.10586971077364238
m05_joint_production_wealth,std_w0.55_s0.35,ou_15,430,0.5287170164664621,0.5272811031135427,0.17309520511054763,0.17266435474340952,0.01671023083408359,0.010264241635519814,0.0358535211288159
m05_joint_production_wealth,std_w0.55_s0.35,ou_25,758,0.6870096973460257,0.6898782309589602,0.24694621124310998,0.24829171351414944,0.008764120291373459,0.01829866107755568,0.07837130451500407
m05_joint_production_wealth,std_w0.55_s0.35,ou_35,528,0.6110531476713016,0.6104589033548479,0.2103463011104605,0.2098660314894639,0.0425973818818882,0.01484560050373574,0.40695783421536325
m05_joint_production_wealth,std_w0.55_s0.35,btts,356,0.6840383045260103,0.6833706365781275,0.24548791033970865,0.2451580767568855,0.020772724604800133,0.03004396402078209,0.04236317018827063
m05_joint_production_wealth,std_w0.55_s0.50,1x2,1785,0.6146163922432029,0.6131180107974481,0.21233884492388316,0.21156444032291422,0.022499034095288,0.018580646181840455,0.29071262804150055
m05_joint_production_wealth,std_w0.55_s0.50,ou_05,533,0.21054185956974492,1.3183162471185177,0.05141841822903822,0.05433616260677342,0.014046741580236529,0.036416109478396845,0.1049358630800581
m05_joint_production_wealth,std_w0.55_s0.50,ou_15,430,0.5288034203714622,0.5272811031135427,0.17312417066886426,0.17266435474340952,0.022641113611202555,0.010264241635519814,0.06517141166330997
m05_joint_production_wealth,std_w0.55_s0.50,ou_25,758,0.6870687736706498,0.6898782309589602,0.24697830090107636,0.24829171351414944,0.008167271572632898,0.01829866107755568,0.1238707674132804
m05_joint_production_wealth,std_w0.55_s0.50,ou_35,528,0.611400900302727,0.6104589033548479,0.21048536979730123,0.2098660314894639,0.043553116453552865,0.01484560050373574,0.40710050247839846
m05_joint_production_wealth,std_w0.55_s0.50,btts,356,0.684136863836125,0.6833706365781275,0.2455346772524398,0.2451580767568855,0.01605402189758324,0.03004396402078209,0.026560201957319785
m05_joint_production_wealth,std_w0.55_s0.75,1x2,1785,0.6153294421136453,0.6131180107974481,0.21265205696631512,0.21156444032291422,0.02282500996066443,0.018580646181840455,0.33350925539816334
m05_joint_production_wealth,std_w0.55_s0.75,ou_05,533,0.21064917564081664,1.3183162471185177,0.0514360452846744,0.05433616260677342,0.014209800759636149,0.036416109478396845,0.10370997564214667
m05_joint_production_wealth,std_w0.55_s0.75,ou_15,430,0.5287594556255185,0.5272811031135427,0.173108350566519,0.17266435474340952,0.029228370344124243,0.010264241635519814,0.07049434237484009
m05_joint_production_wealth,std_w0.55_s0.75,ou_25,758,0.6870513227197825,0.6898782309589602,0.24697225733008385,0.24829171351414944,0.0068757721534049715,0.01829866107755568,0.14088802730341277
m05_joint_production_wealth,std_w0.55_s0.75,ou_35,528,0.6116149471651262,0.6104589033548479,0.21056043524813461,0.2098660314894639,0.040692115106192146,0.01484560050373574,0.40686189920528215
m05_joint_production_wealth,std_w0.55_s0.75,btts,356,0.6841196089500802,0.6833706365781275,0.24552448398271745,0.2451580767568855,0.00738925945208237,0.03004396402078209,0.008999762953785462
m05_joint_production_wealth,std_w0.55_s1.00,1x2,1785,0.6156413035169616,0.6131180107974481,0.21278938077240644,0.21156444032291422,0.02291438642677137,0.018580646181840455,0.3564201968118098
m05_joint_production_wealth,std_w0.55_s1.00,ou_05,533,0.21069816527739427,1.3183162471185177,0.05144448505998445,0.05433616260677342,0.014277568988022094,0.036416109478396845,0.10402188622136549
m05_joint_production_wealth,std_w0.55_s1.00,ou_15,430,0.5287214929112205,0.5272811031135427,0.1730953413416622,0.17266435474340952,0.029184408777555456,0.010264241635519814,0.0662640409006145
m05_joint_production_wealth,std_w0.55_s1.00,ou_25,758,0.6870338796937263,0.6898782309589602,0.24696515495702562,0.24829171351414944,0.007044624386479078,0.01829866107755568,0.13996513926334186
m05_joint_production_wealth,std_w0.55_s1.00,ou_35,528,0.6116919493814,0.6104589033548479,0.21058353677641434,0.2098660314894639,0.040443987714077534,0.01484560050373574,0.4088117986203268
m05_joint_production_wealth,std_w0.55_s1.00,btts,356,0.6840949793292443,0.6833706365781275,0.24551156606349,0.2451580767568855,0.0017315196516391675,0.03004396402078209,0.009018053078763133
m05_joint_production_wealth,std_w0.70_s0.15,1x2,1785,0.6131131522160036,0.6131180107974481,0.21166560901930023,0.21156444032291422,0.02357484944950521,0.018580646181840455,0.2739597549659638
m05_joint_production_wealth,std_w0.70_s0.15,ou_05,533,0.21060919152709062,1.3183162471185177,0.05142492581360244,0.05433616260677342,0.013724443014133217,0.036416109478396845,0.10371536819305166
m05_joint_production_wealth,std_w0.70_s0.15,ou_15,430,0.5278584030078166,0.5272811031135427,0.17279301068326158,0.17266435474340952,0.01569936815812858,0.010264241635519814,0.04602912470268694
m05_joint_production_wealth,std_w0.70_s0.15,ou_25,758,0.6863105141058481,0.6898782309589602,0.24660232517951935,0.24829171351414944,0.025147276792707982,0.01829866107755568,0.08083433194432488
m05_joint_production_wealth,std_w0.70_s0.15,ou_35,528,0.6107238558074691,0.6104589033548479,0.21020161744690743,0.2098660314894639,0.035071493448249266,0.01484560050373574,0.40625056332228526
m05_joint_production_wealth,std_w0.70_s0.15,btts,356,0.6831717267654819,0.6833706365781275,0.2450583035143212,0.2451580767568855,0.014308971356318298,0.03004396402078209,0.056539795665673576
m05_joint_production_wealth,std_w0.70_s0.25,1x2,1785,0.613833718735167,0.6131180107974481,0.21199063675959468,0.21156444032291422,0.022614935341290155,0.018580646181840455,0.29458105382797445
m05_joint_production_wealth,std_w0.70_s0.25,ou_05,533,0.21050394217898394,1.3183162471185177,0.05141160280955411,0.05433616260677342,0.01386319012258747,0.036416109478396845,0.10558797715213504
m05_joint_production_wealth,std_w0.70_s0.25,ou_15,430,0.5284296039722348,0.5272811031135427,0.17299061606968646,0.17266435474340952,0.01663739663505487,0.010264241635519814,0.035538470725537064
m05_joint_production_wealth,std_w0.70_s0.25,ou_25,758,0.6867721671459932,0.6898782309589602,0.2468298328246312,0.24829171351414944,0.01140610625932955,0.01829866107755568,0.12406968391725415
m05_joint_production_wealth,std_w0.70_s0.25,ou_35,528,0.610942802956638,0.6104589033548479,0.21029793173991307,0.2098660314894639,0.04245493498084162,0.01484560050373574,0.4068741514879438
m05_joint_production_wealth,std_w0.70_s0.25,btts,356,0.6837993635148157,0.6833706365781275,0.24536875633538668,0.2451580767568855,0.009497444735175125,0.03004396402078209,0.04230852115705719
m05_joint_production_wealth,std_w0.70_s0.35,1x2,1785,0.61446951605268,0.6131180107974481,0.2122719722987355,0.21156444032291422,0.02445248885184492,0.018580646181840455,0.29704345548176103
m05_joint_production_wealth,std_w0.70_s0.35,ou_05,533,0.210540018046141,1.3183162471185177,0.05141787066141615,0.05433616260677342,0.014012556944977637,0.036416109478396845,0.10630202128367378
m05_joint_production_wealth,std_w0.70_s0.35,ou_15,430,0.5286765190733403,0.5272811031135427,0.17307791967492078,0.17266435474340952,0.01887866345787318,0.010264241635519814,0.07032489801339226
m05_joint_production_wealth,std_w0.70_s0.35,ou_25,758,0.6869601382136751,0.6898782309589602,0.24692436685740154,0.24829171351414944,0.008295164984194086,0.01829866107755568,0.12402791563967364
m05_joint_production_wealth,std_w0.70_s0.35,ou_35,528,0.6112541186164265,0.6104589033548479,0.2104243684431602,0.2098660314894639,0.04362653641167001,0.01484560050373574,0.40705138426213294
m05_joint_production_wealth,std_w0.70_s0.35,btts,356,0.6840306683746438,0.6833706365781275,0.24548221588897334,0.2451580767568855,0.016090688435806157,0.03004396402078209,0.02645978870497645
m05_joint_production_wealth,std_w0.70_s0.50,1x2,1785,0.6150912575243715,0.6131180107974481,0.21254646555135792,0.21156444032291422,0.02187315703249982,0.018580646181840455,0.05602395459757137
m05_joint_production_wealth,std_w0.70_s0.50,ou_05,533,0.2106168829896878,1.3183162471185177,0.051430560646561936,0.05433616260677342,0.014156142689646973,0.036416109478396845,0.10522940028747481
m05_joint_production_wealth,std_w0.70_s0.50,ou_15,430,0.5287440433545175,0.5272811031135427,0.17310231727681072,0.17266435474340952,0.022699957771480123,0.010264241635519814,0.07050082408395986
m05_joint_production_wealth,std_w0.70_s0.50,ou_25,758,0.6870278961447879,0.6898782309589602,0.24695986295458397,0.24829171351414944,0.005191328856281298,0.01829866107755568,0.12375628740624156
m05_joint_production_wealth,std_w0.70_s0.50,ou_35,528,0.6115135359491081,0.6104589033548479,0.21052306689690173,0.2098660314894639,0.04087095757303694,0.01484560050373574,0.4054186178014303
m05_joint_production_wealth,std_w0.70_s0.50,btts,356,0.6841021199881205,0.6833706365781275,0.24551631130613633,0.2451580767568855,0.004845268323237836,0.03004396402078209,0.026750889199721795
m05_joint_production_wealth,std_w0.70_s0.75,1x2,1785,0.6155825563737762,0.6131180107974481,0.2127632907995078,0.21156444032291422,0.022402751863819147,0.018580646181840455,0.3535592761738616
m05_joint_production_wealth,std_w0.70_s0.75,ou_05,533,0.21068969272639237,1.3183162471185177,0.05144299990835365,0.05433616260677342,0.01426472652939022,0.036416109478396845,0.10395420552906716
m05_joint_production_wealth,std_w0.70_s0.75,ou_15,430,0.5287210215504494,0.5272811031135427,0.1730949570848749,0.17266435474340952,0.029189841053181842,0.010264241635519814,0.06651655669594408
m05_joint_production_wealth,std_w0.70_s0.75,ou_25,758,0.6870299324549345,0.6898782309589602,0.2469629517967333,0.24829171351414944,0.007002295846425996,0.01829866107755568,0.14010278707400148
m05_joint_production_wealth,std_w0.70_s0.75,ou_35,528,0.6116690581163489,0.6104589033548479,0.21057557434537838,0.2098660314894639,0.04048777308188086,0.01484560050373574,0.4084469714563259
m05_joint_production_wealth,std_w0.70_s0.75,btts,356,0.684093603548992,0.6833706365781275,0.2455110065203379,0.2451580767568855,0.0017369623124502546,0.03004396402078209,0.00901423241849375
m05_joint_production_wealth,std_w0.70_s1.00,1x2,1785,0.6157941875314921,0.6131180107974481,0.21285674605854535,0.21156444032291422,0.02223768700242369,0.018580646181840455,0.36928505465911365
m05_joint_production_wealth,std_w0.70_s1.00,ou_05,533,0.21072263084992993,1.3183162471185177,0.051448788844222694,0.05433616260677342,0.01430990338122425,0.036416109478396845,0.10416147906628659
m05_joint_production_wealth,std_w0.70_s1.00,ou_15,430,0.5286973960082906,0.5272811031135427,0.17308714930913124,0.17266435474340952,0.02636467831144096,0.010264241635519814,0.05873409557833753
m05_joint_production_wealth,std_w0.70_s1.00,ou_25,758,0.6870215376676905,0.6898782309589602,0.24695996390023214,0.24829171351414944,0.009783331917262618,0.01829866107755568,0.1394808247008622
m05_joint_production_wealth,std_w0.70_s1.00,ou_35,528,0.6117234252236168,0.6104589033548479,0.21059156147448888,0.2098660314894639,0.04109649438510242,0.01484560050373574,0.31141754235673136
m05_joint_production_wealth,std_w0.70_s1.00,btts,356,0.6840779970997357,0.6833706365781275,0.24550280122798968,0.2451580767568855,0.004077214832994525,0.03004396402078209,0.010534805364137811
m05_joint_production_wealth,std_w0.85_s0.15,1x2,1785,0.614467433909052,0.6131180107974481,0.21226133643585138,0.21156444032291422,0.020955658531909095,0.018580646181840455,0.04662122535446961
m05_joint_production_wealth,std_w0.85_s0.15,ou_05,533,0.21068017389297075,1.3183162471185177,0.051438218401490356,0.05433616260677342,0.014058464004656315,0.036416109478396845,0.10543935318420923
m05_joint_production_wealth,std_w0.85_s0.15,ou_15,430,0.5282428934866167,0.5272811031135427,0.17292368150419238,0.17266435474340952,0.01707096007338829,0.010264241635519814,0.07416649411908594
m05_joint_production_wealth,std_w0.85_s0.15,ou_25,758,0.6865985088629653,0.6898782309589602,0.24674894543298792,0.24829171351414944,0.011022906953880217,0.01829866107755568,0.20409024292911493
m05_joint_production_wealth,std_w0.85_s0.15,ou_35,528,0.6112062826734,0.6104589033548479,0.21039440338555201,0.2098660314894639,0.041929593084133576,0.01484560050373574,0.40572991426034744
m05_joint_production_wealth,std_w0.85_s0.15,btts,356,0.6835783127943486,0.6833706365781275,0.24525685860568042,0.2451580767568855,0.009534835071057996,0.03004396402078209,0.042649785191964495
m05_joint_production_wealth,std_w0.85_s0.25,1x2,1785,0.6149054478622159,0.6131180107974481,0.2124606982426844,0.21156444032291422,0.02281619594639413,0.018580646181840455,0.05389394266453351
m05_joint_production_wealth,std_w0.85_s0.25,ou_05,533,0.21063345799235925,1.3183162471185177,0.05143263541162926,0.05433616260677342,0.014121607698050374,0.036416109478396845,0.10479504294972578
m05_joint_production_wealth,std_w0.85_s0.25,ou_15,430,0.5285292986983979,0.5272811031135427,0.1730241298782255,0.17266435474340952,0.02265627503651352,0.010264241635519814,0.07491090917687693
m05_joint_production_wealth,std_w0.85_s0.25,ou_25,758,0.6868487126520392,0.6898782309589602,0.24687181877860695,0.24829171351414944,0.006547109394668758,0.01829866107755568,0.14107077521351663
m05_joint_production_wealth,std_w0.85_s0.25,ou_35,528,0.6113289298122576,0.6104589033548479,0.21044539841303941,0.2098660314894639,0.04623297104862058,0.01484560050373574,0.4052173977161273
m05_joint_production_wealth,std_w0.85_s0.25,btts,356,0.6839093803225785,0.6833706365781275,0.24542077738627927,0.2451580767568855,0.004914910900747074,0.03004396402078209,0.02662148684126786
m05_joint_production_wealth,std_w0.85_s0.35,1x2,1785,0.6152580333727347,0.6131180107974481,0.2126183697140245,0.21156444032291422,0.021996503940717654,0.018580646181840455,0.37207380066682605
m05_joint_production_wealth,std_w0.85_s0.35,ou_05,533,0.21065389884209387,1.3183162471185177,0.051436636294947394,0.05433616260677342,0.014194306357328964,0.036416109478396845,0.10424329224465936
m05_joint_production_wealth,std_w0.85_s0.35,ou_15,430,0.5286555002376263,0.5272811031135427,0.17307016480104345,0.17266435474340952,0.029192810785606385,0.010264241635519814,0.07520208649533744
m05_joint_production_wealth,std_w0.85_s0.35,ou_25,758,0.6869591581504346,0.6898782309589602,0.246927045859794,0.24829171351414944,0.006784271471690648,0.01829866107755568,0.14061122058648856
m05_joint_production_wealth,std_w0.85_s0.35,ou_35,528,0.6115011769042206,0.6104589033548479,0.21051212844833378,0.2098660314894639,0.04070867562168098,0.01484560050373574,0.4066434546894281
m05_joint_production_wealth,std_w0.85_s0.35,btts,356,0.6840318364649121,0.6833706365781275,0.24548096620840948,0.2451580767568855,0.0017297576886985558,0.03004396402078209,0.008992039441619637
m05_joint_production_wealth,std_w0.85_s0.50,1x2,1785,0.6155877789026123,0.6131180107974481,0.2127650168858232,0.21156444032291422,0.02238900294455906,0.018580646181840455,0.358716845207943
m05_joint_production_wealth,std_w0.85_s0.50,ou_05,533,0.21069365987762587,1.3183162471185177,0.051443653993560344,0.05433616260677342,0.014265479558349704,0.036416109478396845,0.10392351166725607
m05_joint_production_wealth,std_w0.85_s0.50,ou_15,430,0.528693744380069,0.5272811031135427,0.17308498731540706,0.17266435474340952,0.029178438870419612,0.010264241635519814,0.06652801040955075
m05_joint_production_wealth,std_w0.85_s0.50,ou_25,758,0.6870060322735579,0.6898782309589602,0.24695137601624523,0.24829171351414944,0.0069976047306558615,0.01829866107755568,0.1399620022257837
m05_joint_production_wealth,std_w0.85_s0.50,ou_35,528,0.6116438119550747,0.6104589033548479,0.21056411595744753,0.2098660314894639,0.04047436922734791,0.01484560050373574,0.4085060114375838
m05_joint_production_wealth,std_w0.85_s0.50,btts,356,0.6840713290773754,0.6833706365781275,0.2454999150932244,0.2451580767568855,0.0017278550914338053,0.03004396402078209,0.009013319872825165
m05_joint_production_wealth,std_w0.85_s0.75,1x2,1785,0.6158414650852037,0.6131180107974481,0.21287749962673236,0.21156444032291422,0.022942550355733046,0.018580646181840455,0.3743601308429514
m05_joint_production_wealth,std_w0.85_s0.75,ou_05,533,0.21073064378422676,1.3183162471185177,0.051450207445051827,0.05433616260677342,0.014319662511012594,0.036416109478396845,0.1041974373475657
m05_joint_production_wealth,std_w0.85_s0.75,ou_15,430,0.5286852661973123,0.5272811031135427,0.17308293237589192,0.17266435474340952,0.026352125835796426,0.010264241635519814,0.05865584095004084
m05_joint_production_wealth,std_w0.85_s0.75,ou_25,758,0.6870135949700787,0.6898782309589602,0.24695638673885398,0.24829171351414944,0.009815404209987678,0.01829866107755568,0.13930712127711686
m05_joint_production_wealth,std_w0.85_s0.75,ou_35,528,0.611727885792057,0.6104589033548479,0.21059162344192675,0.2098660314894639,0.04107956898750719,0.01484560050373574,0.3114155460184125
m05_joint_production_wealth,std_w0.85_s0.75,btts,356,0.6840688529447887,0.6833706365781275,0.24549815641640046,0.2451580767568855,0.004069728911086779,0.03004396402078209,0.010537556461797437
m05_joint_production_wealth,std_w0.85_s1.00,1x2,1785,0.6159491632931187,0.6131180107974481,0.21292519615426736,0.21156444032291422,0.023256270963182477,0.018580646181840455,0.3824419877790908
m05_joint_production_wealth,std_w0.85_s1.00,ou_05,533,0.21074724542218704,1.3183162471185177,0.051453181662749765,0.05433616260677342,0.014342244154979252,0.036416109478396845,0.10430073664757882
m05_joint_production_wealth,std_w0.85_s1.00,ou_15,430,0.5286742831764036,0.5272811031135427,0.17307946447129244,0.17266435474340952,0.026328840944157335,0.010264241635519814,0.0585263718340755
m05_joint_production_wealth,std_w0.85_s1.00,ou_25,758,0.6870109826057859,0.6898782309589602,0.2469557577287028,0.24829171351414944,0.009893747235324208,0.01829866107755568,0.13899310522379682
m05_joint_production_wealth,std_w0.85_s1.00,ou_35,528,0.6117565864603232,0.6104589033548479,0.21059992628281743,0.2098660314894639,0.04103445071590539,0.01484560050373574,0.3114086466354191
m05_joint_production_wealth,std_w0.85_s1.00,btts,356,0.6840614936674434,0.6833706365781275,0.24549427680332214,0.2451580767568855,0.0040581834374810695,0.03004396402078209,0.010546462041610027
m05_joint_production_wealth,std_w1.00_s0.15,1x2,1785,0.6161062547868922,0.6131180107974481,0.21299474848375488,0.21156444032291422,0.021580989763383445,0.018580646181840455,0.39588365808277426
m05_joint_production_wealth,std_w1.00_s0.15,ou_05,533,0.21077200375175825,1.3183162471185177,0.05145766225694795,0.05433616260677342,0.014374586749188721,0.036416109478396845,0.1044396561143186
m05_joint_production_wealth,std_w1.00_s0.15,ou_15,430,0.5286521459591883,0.5272811031135427,0.17307228898840202,0.17266435474340952,0.02629271695458596,0.010264241635519814,0.05831933716293625
m05_joint_production_wealth,std_w1.00_s0.15,ou_25,758,0.6870021910261978,0.6898782309589602,0.2469525306421488,0.24829171351414944,0.010003344770432063,0.01829866107755568,0.13850227994032938
m05_joint_production_wealth,std_w1.00_s0.15,ou_35,528,0.6117914395540807,0.6104589033548479,0.21060865044302512,0.2098660314894639,0.040973746015454365,0.01484560050373574,0.31139974940523596
m05_joint_production_wealth,std_w1.00_s0.15,btts,356,0.6840454987406277,0.6833706365781275,0.24548600871503987,0.2451580767568855,0.004039125069518659,0.03004396402078209,0.010558054203671452
m05_joint_production_wealth,sta_w0.25,1x2,1785,0.6113971241745263,0.6131180107974481,0.21090464136603762,0.21156444032291422,0.014949177057993854,0.018580646181840455,0.13523355550398586
m05_joint_production_wealth,sta_w0.25,ou_05,533,0.21079977222498997,1.3183162471185177,0.0514479244931685,0.05433616260677342,0.013119734984114501,0.036416109478396845,0.10610725013284955
m05_joint_production_wealth,sta_w0.25,ou_15,430,0.5276325203998106,0.5272811031135427,0.17275734457552688,0.17266435474340952,0.020844732087967575,0.010264241635519814,0.09964636468692689
m05_joint_production_wealth,sta_w0.25,ou_25,758,0.6879197380041324,0.6898782309589602,0.2473701874675544,0.24829171351414944,0.00836563748937883,0.01829866107755568,0.08806412725159662
m05_joint_production_wealth,sta_w0.25,ou_35,528,0.6101849166719985,0.6104589033548479,0.20979795898421066,0.2098660314894639,0.0077158021894924815,0.01484560050373574,0.3244938101242447
m05_joint_production_wealth,sta_w0.25,btts,356,0.6837687936310892,0.6833706365781275,0.24534942500958667,0.2451580767568855,0.025875984427208922,0.03004396402078209,0.027866870502516128
m05_joint_production_wealth,sta_w0.40,1x2,1785,0.611274245826949,0.6131180107974481,0.2108476083446832,0.21156444032291422,0.018285983378759245,0.018580646181840455,0.23252567115492573
m05_joint_production_wealth,sta_w0.40,ou_05,533,0.21070720658041386,1.3183162471185177,0.051430935537727235,0.05433616260677342,0.013704903533874872,0.036416109478396845,0.10297810258382889
m05_joint_production_wealth,sta_w0.40,ou_15,430,0.5276885006583738,0.5272811031135427,0.1727620711601555,0.17266435474340952,0.01928977938966331,0.010264241635519814,0.06790851612112653
m05_joint_production_wealth,sta_w0.40,ou_25,758,0.6872972728782081,0.6898782309589602,0.24707569245675082,0.24829171351414944,0.001649389361163908,0.01829866107755568,0.012154549904232592
m05_joint_production_wealth,sta_w0.40,ou_35,528,0.6101209949520008,0.6104589033548479,0.20981786053489512,0.2098660314894639,0.012357743814108433,0.01484560050373574,0.322439918976101
m05_joint_production_wealth,sta_w0.40,btts,356,0.6836663218171913,0.6833706365781275,0.24529719880870435,0.2451580767568855,0.021251174781222692,0.03004396402078209,0.02146650768425018
m05_joint_production_wealth,sta_w0.55,1x2,1785,0.6116894861332489,0.6131180107974481,0.2110224651266196,0.21156444032291422,0.015435041405447667,0.018580646181840455,0.24048254912586753
m05_joint_production_wealth,sta_w0.55,ou_05,533,0.2106653899304371,1.3183162471185177,0.051424397027162665,0.05433616260677342,0.013153322081038869,0.036416109478396845,0.10283040087992401
m05_joint_production_wealth,sta_w0.55,ou_15,430,0.5278426201395596,0.5272811031135427,0.17280166858006046,0.17266435474340952,0.021275392432282016,0.010264241635519814,0.06665365094667869
m05_joint_production_wealth,sta_w0.55,ou_25,758,0.6869349242254906,0.6898782309589602,0.24690539810482703,0.24829171351414944,0.007119313193350415,0.01829866107755568,0.02713388840038572
m05_joint_production_wealth,sta_w0.55,ou_35,528,0.6102967626974507,0.6104589033548479,0.20993347691649272,0.2098660314894639,0.019104862783555793,0.01484560050373574,0.32010339485834627
m05_joint_production_wealth,sta_w0.55,btts,356,0.6836387248934102,0.6833706365781275,0.24528283959120054,0.2451580767568855,0.028613471784508123,0.03004396402078209,0.046366423180842886
m05_joint_production_wealth,sta_w0.70,1x2,1785,0.6126368657728932,0.6131180107974481,0.21143603603084613,0.21156444032291422,0.01635314635686473,0.018580646181840455,0.2738478057213001
m05_joint_production_wealth,sta_w0.70,ou_05,533,0.21066686057301365,1.3183162471185177,0.051427415864533574,0.05433616260677342,0.013585307135813154,0.036416109478396845,0.1015337824066479
m05_joint_production_wealth,sta_w0.70,ou_15,430,0.5280687715915916,0.5272811031135427,0.1728702805721408,0.17266435474340952,0.017304971325372065,0.010264241635519814,0.06447999032326757
m05_joint_production_wealth,sta_w0.70,ou_25,758,0.6867889165643399,0.6898782309589602,0.24683950824285172,0.24829171351414944,0.017542742270325415,0.01829866107755568,0.0314000948651304
m05_joint_production_wealth,sta_w0.70,ou_35,528,0.6106603656597501,0.6104589033548479,0.21011661199317247,0.2098660314894639,0.02350151944107855,0.01484560050373574,0.3174841836618435
m05_joint_production_wealth,sta_w0.70,btts,356,0.6836891193565926,0.6833706365781275,0.24530782390620962,0.2451580767568855,0.00550360753941731,0.03004396402078209,0.019835158451103008
m05_joint_production_wealth,sta_w0.85,1x2,1785,0.6141107653905917,0.6131180107974481,0.21209278772070572,0.21156444032291422,0.023060763543298123,0.018580646181840455,0.1257015012901037
m05_joint_production_wealth,sta_w0.85,ou_05,533,0.21070454410937092,1.3183162471185177,0.05143890709309513,0.05433616260677342,0.013994092642054276,0.036416109478396845,0.10378644690850188
m05_joint_production_wealth,sta_w0.85,ou_15,430,0.5283446585588059,0.5272811031135427,0.17296220888404204,0.17266435474340952,0.019396458610874048,0.010264241635519814,0.0827741307383788
m05_joint_production_wealth,sta_w0.85,ou_25,758,0.686821671659137,0.6898782309589602,0.2468602274139794,0.24829171351414944,0.02445183240614218,0.01829866107755568,0.2227029568415031
m05_joint_production_wealth,sta_w0.85,ou_35,528,0.6111694885102121,0.6104589033548479,0.21034629723582823,0.2098660314894639,0.03711488698487968,0.01484560050373574,0.4050648600385893
m05_joint_production_wealth,sta_w0.85,btts,356,0.6838225474919406,0.6833706365781275,0.24537451943540656,0.2451580767568855,0.009923339607123962,0.03004396402078209,0.042835716886950426
m05_joint_production_wealth,sta_w1.00,1x2,1785,0.6161062547868922,0.6131180107974481,0.21299474848375488,0.21156444032291422,0.021580989763383445,0.018580646181840455,0.39588365808277426
m05_joint_production_wealth,sta_w1.00,ou_05,533,0.21077200375175825,1.3183162471185177,0.05145766225694795,0.05433616260677342,0.014374586749188721,0.036416109478396845,0.1044396561143186
m05_joint_production_wealth,sta_w1.00,ou_15,430,0.5286521459591883,0.5272811031135427,0.17307228898840202,0.17266435474340952,0.02629271695458596,0.010264241635519814,0.05831933716293625
m05_joint_production_wealth,sta_w1.00,ou_25,758,0.6870021910261978,0.6898782309589602,0.2469525306421488,0.24829171351414944,0.010003344770432063,0.01829866107755568,0.13850227994032938
m05_joint_production_wealth,sta_w1.00,ou_35,528,0.6117914395540807,0.6104589033548479,0.21060865044302512,0.2098660314894639,0.040973746015454365,0.01484560050373574,0.31139974940523596
m05_joint_production_wealth,sta_w1.00,btts,356,0.6840454987406277,0.6833706365781275,0.24548600871503987,0.2451580767568855,0.004039125069518659,0.03004396402078209,0.010558054203671452
