model,spec,family,n_obs,logloss,market_logloss,brier,market_brier,ece,market_ece,mce
m12_joint_hybrid_synergy,uncalibrated_t25,1x2,1560,0.6170079064582653,0.6123176118070058,0.21342073590442356,0.21123299931682585,0.020020255525184147,0.013663985325952959,0.19640169051638687
m12_joint_hybrid_synergy,uncalibrated_t25,ou_05,0,NaN,NaN,NaN,NaN,NaN,NaN,NaN
m12_joint_hybrid_synergy,uncalibrated_t25,ou_15,116,0.5704338006319293,0.5785496986547277,0.19115644119520217,0.19372443296377037,0.05587979125138897,0.03517861886821262,0.30951110813500393
m12_joint_hybrid_synergy,uncalibrated_t25,ou_25,432,0.6854559150272214,0.6985069307120938,0.24617490218091567,0.25245546292115817,0.0199846830528773,0.06546870710964538,0.10781221674809816
m12_joint_hybrid_synergy,uncalibrated_t25,ou_35,178,0.6712155427157647,0.6455359798910608,0.23847923148920697,0.2263347334633069,0.0682762042886767,0.033705618499318184,0.08288623694211417
m12_joint_hybrid_synergy,uncalibrated_t25,btts,156,0.673512540227568,0.6592616234604256,0.24024922558770925,0.23324959819567326,0.04718134507162482,0.037558440538183614,0.3885780696472543
m12_joint_hybrid_synergy,uncalibrated_close,1x2,1560,0.6170079064582653,0.611060439186411,0.21342073590442356,0.21069839308835467,0.020020255525184147,0.01755725723619463,0.19640169051638687
m12_joint_hybrid_synergy,uncalibrated_close,ou_05,0,NaN,NaN,NaN,NaN,NaN,NaN,NaN
m12_joint_hybrid_synergy,uncalibrated_close,ou_15,116,0.5704338006319293,0.5809644314362301,0.19115644119520217,0.1945486824821328,0.05587979125138897,0.05063280394418807,0.30951110813500393
m12_joint_hybrid_synergy,uncalibrated_close,ou_25,432,0.6854559150272214,0.6980461766637346,0.24617490218091567,0.25219702465915855,0.0199846830528773,0.04456148914484844,0.10781221674809816
m12_joint_hybrid_synergy,uncalibrated_close,ou_35,178,0.6712155427157647,0.6439586668074435,0.23847923148920697,0.2257812636401299,0.0682762042886767,0.06365125725434512,0.08288623694211417
m12_joint_hybrid_synergy,uncalibrated_close,btts,156,0.673512540227568,0.6592546276141584,0.24024922558770925,0.23325388816998702,0.04718134507162482,0.09246239099482928,0.3885780696472543
m05_joint_production_wealth,uncalibrated_t25,1x2,1560,0.6161819750527245,0.6123176118070058,0.2130532774043965,0.21123299931682585,0.021523334779320908,0.013663985325952959,0.39588365808277426
m05_joint_production_wealth,uncalibrated_t25,ou_05,0,NaN,NaN,NaN,NaN,NaN,NaN,NaN
m05_joint_production_wealth,uncalibrated_t25,ou_15,116,0.5713403523133421,0.5785496986547277,0.19145687506718992,0.19372443296377037,0.03533114591740531,0.03517861886821262,0.20976079124631986
m05_joint_production_wealth,uncalibrated_t25,ou_25,432,0.6841286369779422,0.6985069307120938,0.24553190443430936,0.25245546292115817,0.01749474487062707,0.06546870710964538,0.16159383771845182
m05_joint_production_wealth,uncalibrated_t25,ou_35,178,0.6692447977841699,0.6455359798910608,0.23744430531351576,0.2263347334633069,0.07169008310253927,0.033705618499318184,0.40723856132796743
m05_joint_production_wealth,uncalibrated_t25,btts,156,0.6707416600654655,0.6592616234604256,0.23891334941234918,0.23324959819567326,0.05175232609875618,0.037558440538183614,0.07888461086540799
m05_joint_production_wealth,uncalibrated_close,1x2,1560,0.6161819750527245,0.611060439186411,0.2130532774043965,0.21069839308835467,0.021523334779320908,0.01755725723619463,0.39588365808277426
m05_joint_production_wealth,uncalibrated_close,ou_05,0,NaN,NaN,NaN,NaN,NaN,NaN,NaN
m05_joint_production_wealth,uncalibrated_close,ou_15,116,0.5713403523133421,0.5809644314362301,0.19145687506718992,0.1945486824821328,0.03533114591740531,0.05063280394418807,0.20976079124631986
m05_joint_production_wealth,uncalibrated_close,ou_25,432,0.6841286369779422,0.6980461766637346,0.24553190443430936,0.25219702465915855,0.01749474487062707,0.04456148914484844,0.16159383771845182
m05_joint_production_wealth,uncalibrated_close,ou_35,178,0.6692447977841699,0.6439586668074435,0.23744430531351576,0.2257812636401299,0.07169008310253927,0.06365125725434512,0.40723856132796743
m05_joint_production_wealth,uncalibrated_close,btts,156,0.6707416600654655,0.6592546276141584,0.23891334941234918,0.23325388816998702,0.05175232609875618,0.09246239099482928,0.07888461086540799
m12_joint_hybrid_synergy,inv_w0.25_s0.15,1x2,1560,0.6140572892074965,0.6123176118070058,0.2120543052553694,0.21123299931682585,0.016663051086723574,0.013663985325952959,0.39878876755455805
m12_joint_hybrid_synergy,inv_w0.25_s0.15,ou_05,0,NaN,NaN,NaN,NaN,NaN,NaN,NaN
m12_joint_hybrid_synergy,inv_w0.25_s0.15,ou_15,116,0.5680309367864246,0.5785496986547277,0.19025324995849593,0.19372443296377037,0.040860413401067365,0.03517861886821262,0.19467722436429646
m12_joint_hybrid_synergy,inv_w0.25_s0.15,ou_25,432,0.686179884609023,0.6985069307120938,0.24654580316918928,0.25245546292115817,0.01101149401637869,0.06546870710964538,0.16949058470121103
m12_joint_hybrid_synergy,inv_w0.25_s0.15,ou_35,178,0.6700789331680372,0.6455359798910608,0.237877779115334,0.2263347334633069,0.06676379472628756,0.033705618499318184,0.09758067899031286
m12_joint_hybrid_synergy,inv_w0.25_s0.15,btts,156,0.6681000507909108,0.6592616234604256,0.23756689940673473,0.23324959819567326,0.07725521289580753,0.037558440538183614,0.08116542238516555
m12_joint_hybrid_synergy,inv_w0.25_s0.25,1x2,1560,0.6122671821280515,0.6123176118070058,0.2112317654764578,0.21123299931682585,0.01742843953185281,0.013663985325952959,0.17561996651453216
m12_joint_hybrid_synergy,inv_w0.25_s0.25,ou_05,0,NaN,NaN,NaN,NaN,NaN,NaN,NaN
m12_joint_hybrid_synergy,inv_w0.25_s0.25,ou_15,116,0.5672828300804789,0.5785496986547277,0.189881773864026,0.19372443296377037,0.025590318800190883,0.03517861886821262,0.19206225324299248
m12_joint_hybrid_synergy,inv_w0.25_s0.25,ou_25,432,0.6861480904732845,0.6985069307120938,0.24653121586488083,0.25245546292115817,0.023563831374171597,0.06546870710964538,0.13646812261684726
m12_joint_hybrid_synergy,inv_w0.25_s0.25,ou_35,178,0.6649297878863629,0.6455359798910608,0.23564440044672563,0.2263347334633069,0.060883060370115774,0.033705618499318184,0.06899711378403572
m12_joint_hybrid_synergy,inv_w0.25_s0.25,btts,156,0.6660810621143369,0.6592616234604256,0.23656821448001603,0.23324959819567326,0.06595104499780588,0.037558440538183614,0.08988446510501702
m12_joint_hybrid_synergy,inv_w0.25_s0.35,1x2,1560,0.6114049480827196,0.6123176118070058,0.21085209913070596,0.21123299931682585,0.015880824168632297,0.013663985325952959,0.043440190681114155
m12_joint_hybrid_synergy,inv_w0.25_s0.35,ou_05,0,NaN,NaN,NaN,NaN,NaN,NaN,NaN
m12_joint_hybrid_synergy,inv_w0.25_s0.35,ou_15,116,0.5685415660053067,0.5785496986547277,0.19035243300334528,0.19372443296377037,0.05300864551929648,0.03517861886821262,0.19557542793662352
m12_joint_hybrid_synergy,inv_w0.25_s0.35,ou_25,432,0.6874200834196336,0.6985069307120938,0.24715501106334378,0.25245546292115817,0.029768651701330626,0.06546870710964538,0.09516098733416734
m12_joint_hybrid_synergy,inv_w0.25_s0.35,ou_35,178,0.6602809169970943,0.6455359798910608,0.23358388797836074,0.2263347334633069,0.05565658618056528,0.033705618499318184,0.07301142051584908
m12_joint_hybrid_synergy,inv_w0.25_s0.35,btts,156,0.6657784610919141,0.6592616234604256,0.23642146777633896,0.23324959819567326,0.07627324562903404,0.037558440538183614,0.11373425115710001
m12_joint_hybrid_synergy,inv_w0.25_s0.50,1x2,1560,0.6109329210141419,0.6123176118070058,0.21065779030105605,0.21123299931682585,0.011619867582920442,0.013663985325952959,0.20638317845017085
m12_joint_hybrid_synergy,inv_w0.25_s0.50,ou_05,0,NaN,NaN,NaN,NaN,NaN,NaN,NaN
m12_joint_hybrid_synergy,inv_w0.25_s0.50,ou_15,116,0.5707893370685349,0.5785496986547277,0.19120497585757582,0.19372443296377037,0.028321833248072678,0.03517861886821262,0.14829349744988837
m12_joint_hybrid_synergy,inv_w0.25_s0.50,ou_25,432,0.6892758121256143,0.6985069307120938,0.24806110596700173,0.25245546292115817,0.02902127493641548,0.06546870710964538,0.029553953453450688
m12_joint_hybrid_synergy,inv_w0.25_s0.50,ou_35,178,0.6564031696705404,0.6455359798910608,0.23178803080179872,0.2263347334633069,0.06542384010435347,0.033705618499318184,0.08913549336074411
m12_joint_hybrid_synergy,inv_w0.25_s0.50,btts,156,0.6653779266739762,0.6592616234604256,0.2362250136948564,0.23324959819567326,0.06204862754212923,0.037558440538183614,0.15442846494063944
m12_joint_hybrid_synergy,inv_w0.25_s0.75,1x2,1560,0.6107545836198254,0.6123176118070058,0.21059251191274228,0.21123299931682585,0.008682725637157917,0.013663985325952959,0.08854728791893621
m12_joint_hybrid_synergy,inv_w0.25_s0.75,ou_05,0,NaN,NaN,NaN,NaN,NaN,NaN,NaN
m12_joint_hybrid_synergy,inv_w0.25_s0.75,ou_15,116,0.5730700998468499,0.5785496986547277,0.1920377034522069,0.19372443296377037,0.027737176497036355,0.03517861886821262,0.14965992145835616
m12_joint_hybrid_synergy,inv_w0.25_s0.75,ou_25,432,0.6910117403450426,0.6985069307120938,0.24890532608829222,0.25245546292115817,0.03430207842700641,0.06546870710964538,0.11978822630449498
m12_joint_hybrid_synergy,inv_w0.25_s0.75,ou_35,178,0.6538429189498318,0.6455359798910608,0.2305587088162415,0.2263347334633069,0.05859293235494367,0.033705618499318184,0.5927625025906922
m12_joint_hybrid_synergy,inv_w0.25_s0.75,btts,156,0.664813561925555,0.6592616234604256,0.23594189892747658,0.23324959819567326,0.07368357048859875,0.037558440538183614,0.09214888804338928
m12_joint_hybrid_synergy,inv_w0.25_s1.00,1x2,1560,0.61072335622769,0.6123176118070058,0.2105836163258661,0.21123299931682585,0.01277148225553856,0.013663985325952959,0.08551398434781679
m12_joint_hybrid_synergy,inv_w0.25_s1.00,ou_05,0,NaN,NaN,NaN,NaN,NaN,NaN,NaN
m12_joint_hybrid_synergy,inv_w0.25_s1.00,ou_15,116,0.5741669553600953,0.5785496986547277,0.1924227473319371,0.19372443296377037,0.05506830935825186,0.03517861886821262,0.215170308139709
m12_joint_hybrid_synergy,inv_w0.25_s1.00,ou_25,432,0.69181082678313,0.6985069307120938,0.24929238784688948,0.25245546292115817,0.039338934989587494,0.06546870710964538,0.15953250913995215
m12_joint_hybrid_synergy,inv_w0.25_s1.00,ou_35,178,0.6528772541132593,0.6455359798910608,0.23008600888469272,0.2263347334633069,0.04539294221740042,0.033705618499318184,0.592286012145012
m12_joint_hybrid_synergy,inv_w0.25_s1.00,btts,156,0.6645183382676819,0.6592616234604256,0.2357940055991046,0.23324959819567326,0.07286269543069222,0.037558440538183614,0.0911237107860926
m12_joint_hybrid_synergy,inv_w0.40_s0.15,1x2,1560,0.6144944011957156,0.6123176118070058,0.21225779077018542,0.21123299931682585,0.01854249439705649,0.013663985325952959,0.04533479217552966
m12_joint_hybrid_synergy,inv_w0.40_s0.15,ou_05,0,NaN,NaN,NaN,NaN,NaN,NaN,NaN
m12_joint_hybrid_synergy,inv_w0.40_s0.15,ou_15,116,0.5684388058175032,0.5785496986547277,0.1904087866800731,0.19372443296377037,0.05119742808596222,0.03517861886821262,0.3607256564464492
m12_joint_hybrid_synergy,inv_w0.40_s0.15,ou_25,432,0.6859703067370906,0.6985069307120938,0.24643976173435686,0.25245546292115817,0.016405400717039855,0.06546870710964538,0.22679738241189806
m12_joint_hybrid_synergy,inv_w0.40_s0.15,ou_35,178,0.6702644051870066,0.6455359798910608,0.23798461496290638,0.2263347334633069,0.06729840769343813,0.033705618499318184,0.10227714786722325
m12_joint_hybrid_synergy,inv_w0.40_s0.15,btts,156,0.6691107584299741,0.6592616234604256,0.23806708600313192,0.23324959819567326,0.05806968221945875,0.037558440538183614,0.1080594717315485
m12_joint_hybrid_synergy,inv_w0.40_s0.25,1x2,1560,0.612806317217645,0.6123176118070058,0.2114829691362842,0.21123299931682585,0.016015086800006073,0.013663985325952959,0.37647694812656496
m12_joint_hybrid_synergy,inv_w0.40_s0.25,ou_05,0,NaN,NaN,NaN,NaN,NaN,NaN,NaN
m12_joint_hybrid_synergy,inv_w0.40_s0.25,ou_15,116,0.5678431554551028,0.5785496986547277,0.19011403206376462,0.19372443296377037,0.0327164176287673,0.03517861886821262,0.19336959854645014
m12_joint_hybrid_synergy,inv_w0.40_s0.25,ou_25,432,0.6858644296127885,0.6985069307120938,0.24638957242209494,0.25245546292115817,0.01800932659714396,0.06546870710964538,0.1428288376511313
m12_joint_hybrid_synergy,inv_w0.40_s0.25,ou_35,178,0.6661254159103337,0.6455359798910608,0.23619734209548937,0.2263347334633069,0.06285157496529117,0.033705618499318184,0.08344948999234131
m12_joint_hybrid_synergy,inv_w0.40_s0.25,btts,156,0.6674503123869358,0.6592616234604256,0.23724497854342028,0.23324959819567326,0.06716721897804373,0.037558440538183614,0.06819545459595222
m12_joint_hybrid_synergy,inv_w0.40_s0.35,1x2,1560,0.6118976310255336,0.6123176118070058,0.21107914406928166,0.21123299931682585,0.01461741567211306,0.013663985325952959,0.033721619391329005
m12_joint_hybrid_synergy,inv_w0.40_s0.35,ou_05,0,NaN,NaN,NaN,NaN,NaN,NaN,NaN
m12_joint_hybrid_synergy,inv_w0.40_s0.35,ou_15,116,0.5688510902664285,0.5785496986547277,0.19048794570317784,0.19372443296377037,0.025617891930248562,0.03517861886821262,0.19603220787970432
m12_joint_hybrid_synergy,inv_w0.40_s0.35,ou_25,432,0.6867808522206162,0.6985069307120938,0.24684077512755062,0.25245546292115817,0.010012304280914238,0.06546870710964538,0.10287971065720669
m12_joint_hybrid_synergy,inv_w0.40_s0.35,ou_35,178,0.6623995722141351,0.6455359798910608,0.2345620556150358,0.2263347334633069,0.058910156239177836,0.033705618499318184,0.06636375921049709
m12_joint_hybrid_synergy,inv_w0.40_s0.35,btts,156,0.6672083503957589,0.6592616234604256,0.23712670463960572,0.23324959819567326,0.06517510595970488,0.037558440538183614,0.09015314204496949
m12_joint_hybrid_synergy,inv_w0.40_s0.50,1x2,1560,0.611303479442745,0.6123176118070058,0.2108259473564402,0.21123299931682585,0.013435122604521978,0.013663985325952959,0.026455204537281785
m12_joint_hybrid_synergy,inv_w0.40_s0.50,ou_05,0,NaN,NaN,NaN,NaN,NaN,NaN,NaN
m12_joint_hybrid_synergy,inv_w0.40_s0.50,ou_15,116,0.5706134051743942,0.5785496986547277,0.19115856633645187,0.19372443296377037,0.028649953824837013,0.03517861886821262,0.14398926988846614
m12_joint_hybrid_synergy,inv_w0.40_s0.50,ou_25,432,0.6881434784864235,0.6985069307120938,0.24750941594636042,0.25245546292115817,0.019540295389521227,0.06546870710964538,0.10056963928356011
m12_joint_hybrid_synergy,inv_w0.40_s0.50,ou_35,178,0.6592777108290441,0.6455359798910608,0.23314178488055423,0.2263347334633069,0.05525389009158736,0.033705618499318184,0.06047027118290099
m12_joint_hybrid_synergy,inv_w0.40_s0.50,btts,156,0.6669247104441555,0.6592616234604256,0.23698737808612927,0.23324959819567326,0.05127817421824712,0.037558440538183614,0.08734535352872586
m12_joint_hybrid_synergy,inv_w0.40_s0.75,1x2,1560,0.6109838629615016,0.6123176118070058,0.21069637105693992,0.21123299931682585,0.011366916672202645,0.013663985325952959,0.2243514092923189
m12_joint_hybrid_synergy,inv_w0.40_s0.75,ou_05,0,NaN,NaN,NaN,NaN,NaN,NaN,NaN
m12_joint_hybrid_synergy,inv_w0.40_s0.75,ou_15,116,0.5723639010638455,0.5785496986547277,0.1918097764226715,0.19372443296377037,0.02821894591018911,0.03517861886821262,0.14495030022838812
m12_joint_hybrid_synergy,inv_w0.40_s0.75,ou_25,432,0.6894194907521284,0.6985069307120938,0.24813443429655452,0.25245546292115817,0.022305334208777873,0.06546870710964538,0.05249337501822249
m12_joint_hybrid_synergy,inv_w0.40_s0.75,ou_35,178,0.6571845184371558,0.6455359798910608,0.23216071105990546,0.2263347334633069,0.05248129653433882,0.033705618499318184,0.07258001409274001
m12_joint_hybrid_synergy,inv_w0.40_s0.75,btts,156,0.6665085023577013,0.6592616234604256,0.23677848407110483,0.23324959819567326,0.05055315818739476,0.037558440538183614,0.1140088453742909
m12_joint_hybrid_synergy,inv_w0.40_s1.00,1x2,1560,0.610881008284378,0.6123176118070058,0.21065632258283157,0.21123299931682585,0.010138882605981402,0.013663985325952959,0.24335819484449162
m12_joint_hybrid_synergy,inv_w0.40_s1.00,ou_05,0,NaN,NaN,NaN,NaN,NaN,NaN,NaN
m12_joint_hybrid_synergy,inv_w0.40_s1.00,ou_15,116,0.5731932930577107,0.5785496986547277,0.19211060190658097,0.19372443296377037,0.028017013727013415,0.03517861886821262,0.14527522024486195
m12_joint_hybrid_synergy,inv_w0.40_s1.00,ou_25,432,0.6900056153033731,0.6985069307120938,0.248421071271849,0.25245546292115817,0.03159691474691045,0.06546870710964538,0.05106733650192208
m12_joint_hybrid_synergy,inv_w0.40_s1.00,ou_35,178,0.6563797768549716,0.6455359798910608,0.23177736629351486,0.2263347334633069,0.05302644311025307,0.033705618499318184,0.0773876450883858
m12_joint_hybrid_synergy,inv_w0.40_s1.00,btts,156,0.6662835487498819,0.6592616234604256,0.23666516830448486,0.23324959819567326,0.06268656623146342,0.037558440538183614,0.1131657238124385
m12_joint_hybrid_synergy,inv_w0.55_s0.15,1x2,1560,0.6150083490892528,0.6123176118070058,0.2124962460365149,0.21123299931682585,0.015363064934875378,0.013663985325952959,0.03603844858956562
m12_joint_hybrid_synergy,inv_w0.55_s0.15,ou_05,0,NaN,NaN,NaN,NaN,NaN,NaN,NaN
m12_joint_hybrid_synergy,inv_w0.55_s0.15,ou_15,116,0.5688836551767756,0.5785496986547277,0.19057705449296958,0.19372443296377037,0.026944453394767795,0.03517861886821262,0.19168234365755565
m12_joint_hybrid_synergy,inv_w0.55_s0.15,ou_25,432,0.6857934306043441,0.6985069307120938,0.24634977659492133,0.25245546292115817,0.021610442978335684,0.06546870710964538,0.1441531162988201
m12_joint_hybrid_synergy,inv_w0.55_s0.15,ou_35,178,0.6704718933502245,0.6455359798910608,0.2380987829775895,0.2263347334633069,0.0677169637041778,0.033705618499318184,0.06990265386797812
m12_joint_hybrid_synergy,inv_w0.55_s0.15,btts,156,0.67015768900616,0.6592616234604256,0.23858561900376138,0.23324959819567326,0.05849051910914801,0.037558440538183614,0.3939050236245517
m12_joint_hybrid_synergy,inv_w0.55_s0.25,1x2,1560,0.6135510618783178,0.6123176118070058,0.21182737390458628,0.21123299931682585,0.020782374443799424,0.013663985325952959,0.38970423895203576
m12_joint_hybrid_synergy,inv_w0.55_s0.25,ou_05,0,NaN,NaN,NaN,NaN,NaN,NaN,NaN
m12_joint_hybrid_synergy,inv_w0.55_s0.25,ou_15,116,0.5684406584878637,0.5785496986547277,0.19035840811587063,0.19372443296377037,0.050203560858752494,0.03517861886821262,0.35958419335778047
m12_joint_hybrid_synergy,inv_w0.55_s0.25,ou_25,432,0.685655635516058,0.6985069307120938,0.2462840349204868,0.25245546292115817,0.02003300026908606,0.06546870710964538,0.19554097486122046
m12_joint_hybrid_synergy,inv_w0.55_s0.25,ou_35,178,0.6673576355130444,0.6455359798910608,0.23676004374621928,0.2263347334633069,0.06457462517401447,0.033705618499318184,0.08403178221774682
m12_joint_hybrid_synergy,inv_w0.55_s0.25,btts,156,0.668878747468237,0.6592616234604256,0.23795183360059036,0.23324959819567326,0.06846875837581964,0.037558440538183614,0.22651210427687363
m12_joint_hybrid_synergy,inv_w0.55_s0.35,1x2,1560,0.6127062686695423,0.6123176118070058,0.21144888052077462,0.21123299931682585,0.022054133438160397,0.013663985325952959,0.17866402565893036
m12_joint_hybrid_synergy,inv_w0.55_s0.35,ou_05,0,NaN,NaN,NaN,NaN,NaN,NaN,NaN
m12_joint_hybrid_synergy,inv_w0.55_s0.35,ou_15,116,0.5692002995684091,0.5785496986547277,0.19063780003852768,0.19372443296377037,0.01685716847514903,0.03517861886821262,0.056402075022322695
m12_joint_hybrid_synergy,inv_w0.55_s0.35,ou_25,432,0.6862706242950258,0.6985069307120938,0.24658794502746215,0.25245546292115817,0.00993523513488926,0.06546870710964538,0.061201920336680704
m12_joint_hybrid_synergy,inv_w0.55_s0.35,ou_35,178,0.6645672874145863,0.6455359798910608,0.23554713758984092,0.2263347334633069,0.061796601094399196,0.033705618499318184,0.06787448397120466
m12_joint_hybrid_synergy,inv_w0.55_s0.35,btts,156,0.6686968661010191,0.6592616234604256,0.23786223684927366,0.23324959819567326,0.0669341422805724,0.037558440538183614,0.2493173258260175
m12_joint_hybrid_synergy,inv_w0.55_s0.50,1x2,1560,0.6120991275673234,0.6123176118070058,0.2111842848698266,0.21123299931682585,0.015156219203237,0.013663985325952959,0.15406391854236956
m12_joint_hybrid_synergy,inv_w0.55_s0.50,ou_05,0,NaN,NaN,NaN,NaN,NaN,NaN,NaN
m12_joint_hybrid_synergy,inv_w0.55_s0.50,ou_15,116,0.5705010191672742,0.5785496986547277,0.1911333384488122,0.19372443296377037,0.03575256922121403,0.03517861886821262,0.18229889866942953
m12_joint_hybrid_synergy,inv_w0.55_s0.50,ou_25,432,0.6872071042929784,0.6985069307120938,0.2470493929289797,0.25245546292115817,0.005331271008027257,0.06546870710964538,0.05928819941507746
m12_joint_hybrid_synergy,inv_w0.55_s0.50,ou_35,178,0.6622288830410031,0.6455359798910608,0.23450153778273045,0.2263347334633069,0.059251142524639075,0.033705618499318184,0.06187904351565088
m12_joint_hybrid_synergy,inv_w0.55_s0.50,btts,156,0.6685111962914936,0.6592616234604256,0.23777086150703525,0.23324959819567326,0.053252148303063164,0.037558440538183614,0.2657290447348809
m12_joint_hybrid_synergy,inv_w0.55_s0.75,1x2,1560,0.611727248646332,0.6123176118070058,0.21102688118131735,0.21123299931682585,0.01821385622335363,0.013663985325952959,0.05133460604435114
m12_joint_hybrid_synergy,inv_w0.55_s0.75,ou_05,0,NaN,NaN,NaN,NaN,NaN,NaN,NaN
m12_joint_hybrid_synergy,inv_w0.55_s0.75,ou_15,116,0.5717670983737326,0.5785496986547277,0.19161098484739936,0.19372443296377037,0.0355713024824673,0.03517861886821262,0.18340000365993916
m12_joint_hybrid_synergy,inv_w0.55_s0.75,ou_25,432,0.6880870929748928,0.6985069307120938,0.24748279141711566,0.25245546292115817,0.005315714233977511,0.06546870710964538,0.05812293169762994
m12_joint_hybrid_synergy,inv_w0.55_s0.75,ou_35,178,0.6606500182518066,0.6455359798910608,0.23377867205077313,0.2263347334633069,0.05734714259075998,0.033705618499318184,0.05988749505410734
m12_joint_hybrid_synergy,inv_w0.55_s0.75,btts,156,0.6682262261646752,0.6592616234604256,0.23762803836035454,0.23324959819567326,0.03983678342110673,0.037558440538183614,0.16804413761567683
m12_joint_hybrid_synergy,inv_w0.55_s1.00,1x2,1560,0.6115918445896698,0.6123176118070058,0.21097076524783434,0.21123299931682585,0.01739636842286397,0.013663985325952959,0.29383539184787766
m12_joint_hybrid_synergy,inv_w0.55_s1.00,ou_05,0,NaN,NaN,NaN,NaN,NaN,NaN,NaN
m12_joint_hybrid_synergy,inv_w0.55_s1.00,ou_15,116,0.5723585472719344,0.5785496986547277,0.19183098221150505,0.19372443296377037,0.035487183359831,0.03517861886821262,0.18382143815294116
m12_joint_hybrid_synergy,inv_w0.55_s1.00,ou_25,432,0.6884911300662396,0.6985069307120938,0.24768174065512905,0.25245546292115817,0.006750176987773615,0.06546870710964538,0.03664079300188339
m12_joint_hybrid_synergy,inv_w0.55_s1.00,ou_35,178,0.6600369394095899,0.6455359798910608,0.23349429435565763,0.2263347334633069,0.05655412865961942,0.033705618499318184,0.07092339327152841
m12_joint_hybrid_synergy,inv_w0.55_s1.00,btts,156,0.6680665342056233,0.6592616234604256,0.23754750604412264,0.23324959819567326,0.03963847564173207,0.037558440538183614,0.16747926274020974
m12_joint_hybrid_synergy,inv_w0.70_s0.15,1x2,1560,0.6155988187918836,0.6123176118070058,0.21276962354380305,0.21123299931682585,0.019156143307195096,0.013663985325952959,0.19442812639967733
m12_joint_hybrid_synergy,inv_w0.70_s0.15,ou_05,0,NaN,NaN,NaN,NaN,NaN,NaN,NaN
m12_joint_hybrid_synergy,inv_w0.70_s0.15,ou_15,116,0.5693648773721083,0.5785496986547277,0.19075788684441272,0.19372443296377037,0.04543454133059144,0.03517861886821262,0.31643415481609116
m12_joint_hybrid_synergy,inv_w0.70_s0.15,ou_25,432,0.6856489097767464,0.6985069307120938,0.24627570962312884,0.25245546292115817,0.02873242456659789,0.06546870710964538,0.10837691295329521
m12_joint_hybrid_synergy,inv_w0.70_s0.15,ou_35,178,0.6707002248352641,0.6455359798910608,0.2382196307935993,0.2263347334633069,0.0680193885843707,0.033705618499318184,0.09719616904842926
m12_joint_hybrid_synergy,inv_w0.70_s0.15,btts,156,0.6712405258932674,0.6592616234604256,0.2391222988865385,0.23324959819567326,0.05895323047256134,0.037558440538183614,0.39436794760280225
m12_joint_hybrid_synergy,inv_w0.70_s0.25,1x2,1560,0.6145003224690012,0.6123176118070058,0.21226519745956224,0.21123299931682585,0.02051618033209057,0.013663985325952959,0.3931044539659405
m12_joint_hybrid_synergy,inv_w0.70_s0.25,ou_05,0,NaN,NaN,NaN,NaN,NaN,NaN,NaN
m12_joint_hybrid_synergy,inv_w0.70_s0.25,ou_15,116,0.5690730244516702,0.5785496986547277,0.19061410585195665,0.19372443296377037,0.015409570483758538,0.03517861886821262,0.19080046962288078
m12_joint_hybrid_synergy,inv_w0.70_s0.25,ou_25,432,0.6855192330685113,0.6985069307120938,0.2462136095255715,0.25245546292115817,0.00351587494720478,0.06546870710964538,0.38633647905936475
m12_joint_hybrid_synergy,inv_w0.70_s0.25,ou_35,178,0.6686202386010363,0.6455359798910608,0.23732953804113302,0.2263347334633069,0.06605263814110834,0.033705618499318184,0.07510215136848375
m12_joint_hybrid_synergy,inv_w0.70_s0.25,btts,156,0.670365703325665,0.6592616234604256,0.238688412955424,0.23324959819567326,0.06985472208636839,0.037558440538183614,0.22888361010175895
m12_joint_hybrid_synergy,inv_w0.70_s0.35,1x2,1560,0.6138288045459618,0.6123176118070058,0.2119622486331507,0.21123299931682585,0.022422289204971718,0.013663985325952959,0.39056674656623847
m12_joint_hybrid_synergy,inv_w0.70_s0.35,ou_05,0,NaN,NaN,NaN,NaN,NaN,NaN,NaN
m12_joint_hybrid_synergy,inv_w0.70_s0.35,ou_15,116,0.5695836697328249,0.5785496986547277,0.19080021270345301,0.19372443296377037,0.02671332519015726,0.03517861886821262,0.314378873773413
m12_joint_hybrid_synergy,inv_w0.70_s0.35,ou_25,432,0.6858830555550074,0.6985069307120938,0.2463940337788136,0.25245546292115817,0.009348045832341053,0.06546870710964538,0.38723531582500226
m12_joint_hybrid_synergy,inv_w0.70_s0.35,ou_35,178,0.6667681929314304,0.6455359798910608,0.2365321046744921,0.2263347334633069,0.064318122863158,0.033705618499318184,0.06982117896402734
m12_joint_hybrid_synergy,inv_w0.70_s0.35,btts,156,0.6702437694433253,0.6592616234604256,0.23862790425635802,0.23324959819567326,0.0688058178761902,0.037558440538183614,0.22811396758601998
m12_joint_hybrid_synergy,inv_w0.70_s0.50,1x2,1560,0.6133167875987386,0.6123176118070058,0.21173540128436447,0.21123299931682585,0.019529119933166056,0.013663985325952959,0.17973240021680392
m12_joint_hybrid_synergy,inv_w0.70_s0.50,ou_05,0,NaN,NaN,NaN,NaN,NaN,NaN,NaN
m12_joint_hybrid_synergy,inv_w0.70_s0.50,ou_15,116,0.5704402846971912,0.5785496986547277,0.1911262835691191,0.19372443296377037,0.027092992406525258,0.03517861886821262,0.31407249517762015
m12_joint_hybrid_synergy,inv_w0.70_s0.50,ou_25,432,0.6864538436362833,0.6985069307120938,0.24667625597698967,0.25245546292115817,0.009324788047635089,0.06546870710964538,0.38777302826718685
m12_joint_hybrid_synergy,inv_w0.70_s0.50,ou_35,178,0.6652219472088753,0.6455359798910608,0.2358521567557533,0.2263347334633069,0.06274987275302933,0.033705618499318184,0.08049682409918246
m12_joint_hybrid_synergy,inv_w0.70_s0.50,btts,156,0.6701374194228049,0.6592616234604256,0.2385754427822697,0.23324959819567326,0.042533216763242426,0.037558440538183614,0.2518858322213925
m12_joint_hybrid_synergy,inv_w0.70_s0.75,1x2,1560,0.6129809180694183,0.6123176118070058,0.21158917189595616,0.21123299931682585,0.018530469249099044,0.013663985325952959,0.16662863250333393
m12_joint_hybrid_synergy,inv_w0.70_s0.75,ou_05,0,NaN,NaN,NaN,NaN,NaN,NaN,NaN
m12_joint_hybrid_synergy,inv_w0.70_s0.75,ou_15,116,0.5712583237176692,0.5785496986547277,0.1914378655813818,0.19372443296377037,0.02736759124429271,0.03517861886821262,0.31390197779948437
m12_joint_hybrid_synergy,inv_w0.70_s0.75,ou_25,432,0.6869934814003912,0.6985069307120938,0.24694308558848188,0.25245546292115817,0.0056637707387233605,0.06546870710964538,0.10644030626861034
m12_joint_hybrid_synergy,inv_w0.70_s0.75,ou_35,178,0.6641782721900309,0.6455359798910608,0.23538492881157944,0.2263347334633069,0.06159452303234717,0.033705618499318184,0.07927414401539751
m12_joint_hybrid_synergy,inv_w0.70_s0.75,btts,156,0.6699658313819039,0.6592616234604256,0.23848974288183966,0.23324959819567326,0.042088105162432624,0.037558440538183614,0.25124203730320094
m12_joint_hybrid_synergy,inv_w0.70_s1.00,1x2,1560,0.6128517903608978,0.6123176118070058,0.21153362424534364,0.21123299931682585,0.019624862828431202,0.013663985325952959,0.16110016929196613
m12_joint_hybrid_synergy,inv_w0.70_s1.00,ou_05,0,NaN,NaN,NaN,NaN,NaN,NaN,NaN
m12_joint_hybrid_synergy,inv_w0.70_s1.00,ou_15,116,0.5716354530464314,0.5785496986547277,0.1915807241755456,0.19372443296377037,0.027480280270847476,0.03517861886821262,0.3138411163391861
m12_joint_hybrid_synergy,inv_w0.70_s1.00,ou_25,432,0.6872415811386643,0.6985069307120938,0.24706580998443253,0.25245546292115817,0.005623764884423251,0.06546870710964538,0.10702316094229125
m12_joint_hybrid_synergy,inv_w0.70_s1.00,ou_35,178,0.6637719776835522,0.6455359798910608,0.23520120443605955,0.2263347334633069,0.06111823147543373,0.033705618499318184,0.07877563623792594
m12_joint_hybrid_synergy,inv_w0.70_s1.00,btts,156,0.6698658244647395,0.6592616234604256,0.23843948237694312,0.23324959819567326,0.04194051470014689,0.037558440538183614,0.2695451979485607
m12_joint_hybrid_synergy,inv_w0.85_s0.15,1x2,1560,0.6162654641111555,0.6123176118070058,0.21307783194169314,0.21123299931682585,0.01824002396727532,0.013663985325952959,0.19489981742748316
m12_joint_hybrid_synergy,inv_w0.85_s0.15,ou_05,0,NaN,NaN,NaN,NaN,NaN,NaN,NaN
m12_joint_hybrid_synergy,inv_w0.85_s0.15,ou_15,116,0.5698818223631426,0.5785496986547277,0.190951089352411,0.19372443296377037,0.04544474302871821,0.03517861886821262,0.3169931468248296
m12_joint_hybrid_synergy,inv_w0.85_s0.15,ou_25,432,0.685536471204263,0.6985069307120938,0.246217447589102,0.25245546292115817,0.029090532041206103,0.06546870710964538,0.10803495065045698
m12_joint_hybrid_synergy,inv_w0.85_s0.15,ou_35,178,0.6709483890282611,0.6455359798910608,0.23834660065259738,0.2263347334633069,0.06820573941327433,0.033705618499318184,0.09722479487083135
m12_joint_hybrid_synergy,inv_w0.85_s0.15,btts,156,0.6723589299066168,0.6592616234604256,0.2396769108570175,0.23324959819567326,0.05945763991083439,0.037558440538183614,0.39039604303153874
m12_joint_hybrid_synergy,inv_w0.85_s0.25,1x2,1560,0.6156529827330053,0.6123176118070058,0.21279641032305097,0.21123299931682585,0.017249377080945753,0.013663985325952959,0.19052849141521147
m12_joint_hybrid_synergy,inv_w0.85_s0.25,ou_05,0,NaN,NaN,NaN,NaN,NaN,NaN,NaN
m12_joint_hybrid_synergy,inv_w0.85_s0.25,ou_15,116,0.5697380790374192,0.5785496986547277,0.1908803599491133,0.19372443296377037,0.045673969513540684,0.03517861886821262,0.3162590212132821
m12_joint_hybrid_synergy,inv_w0.85_s0.25,ou_25,432,0.6854531891170916,0.6985069307120938,0.24617745854466222,0.25245546292115817,0.019857762876799457,0.06546870710964538,0.10681619277026799
m12_joint_hybrid_synergy,inv_w0.85_s0.25,ou_35,178,0.6699077695503679,0.6455359798910608,0.23790329696337836,0.2263347334633069,0.06728623126316761,0.033705618499318184,0.09622745255238102
m12_joint_hybrid_synergy,inv_w0.85_s0.25,btts,156,0.6719105185117848,0.6592616234604256,0.2394543389043051,0.23324959819567326,0.07132406196207633,0.037558440538183614,0.39131277496820305
m12_joint_hybrid_synergy,inv_w0.85_s0.35,1x2,1560,0.6152632909575637,0.6123176118070058,0.21261960730289772,0.21123299931682585,0.01905678947172427,0.013663985325952959,0.18552422656813627
m12_joint_hybrid_synergy,inv_w0.85_s0.35,ou_05,0,NaN,NaN,NaN,NaN,NaN,NaN,NaN
m12_joint_hybrid_synergy,inv_w0.85_s0.35,ou_15,116,0.5699962709954643,0.5785496986547277,0.19097356833746895,0.19372443296377037,0.04586139819932425,0.03517861886821262,0.3160024630504126
m12_joint_hybrid_synergy,inv_w0.85_s0.35,ou_25,432,0.6856128786508898,0.6985069307120938,0.2462569276045436,0.25245546292115817,0.017901568803679147,0.06546870710964538,0.38703686021282335
m12_joint_hybrid_synergy,inv_w0.85_s0.35,ou_35,178,0.6689883008866863,0.6455359798910608,0.23751106388534582,0.2263347334633069,0.06647713243579786,0.033705618499318184,0.08091436147286607
m12_joint_hybrid_synergy,inv_w0.85_s0.35,btts,156,0.6718489713947375,0.6592616234604256,0.23942359050272266,0.23324959819567326,0.05796174845347558,0.037558440538183614,0.060649401073209264
m12_joint_hybrid_synergy,inv_w0.85_s0.50,1x2,1560,0.6149537831618511,0.6123176118070058,0.2124807698467992,0.21123299931682585,0.022971197316517578,0.013663985325952959,0.3985273768426597
m12_joint_hybrid_synergy,inv_w0.85_s0.50,ou_05,0,NaN,NaN,NaN,NaN,NaN,NaN,NaN
m12_joint_hybrid_synergy,inv_w0.85_s0.50,ou_15,116,0.5704208099733351,0.5785496986547277,0.19113473218334456,0.19372443296377037,0.04601942219228763,0.03517861886821262,0.3158550664245593
m12_joint_hybrid_synergy,inv_w0.85_s0.50,ou_25,432,0.6858729705543807,0.6985069307120938,0.24638588707168432,0.25245546292115817,0.01331051022338975,0.06546870710964538,0.38731877546287774
m12_joint_hybrid_synergy,inv_w0.85_s0.50,ou_35,178,0.6682262966894986,0.6455359798910608,0.23718129626738604,0.2263347334633069,0.06575614574290335,0.033705618499318184,0.08372762781585752
m12_joint_hybrid_synergy,inv_w0.85_s0.50,btts,156,0.6718040784248354,0.6592616234604256,0.23940138336898892,0.23324959819567326,0.04477760339755729,0.037558440538183614,0.06018196636952311
m12_joint_hybrid_synergy,inv_w0.85_s0.75,1x2,1560,0.6147418300813293,0.6123176118070058,0.21238660486446923,0.21123299931682585,0.023415637997477905,0.013663985325952959,0.1796653656095133
m12_joint_hybrid_synergy,inv_w0.85_s0.75,ou_05,0,NaN,NaN,NaN,NaN,NaN,NaN,NaN
m12_joint_hybrid_synergy,inv_w0.85_s0.75,ou_15,116,0.5708190464490492,0.5785496986547277,0.19128723391280694,0.19372443296377037,0.046131592151229674,0.03517861886821262,0.3157730631617125
m12_joint_hybrid_synergy,inv_w0.85_s0.75,ou_25,432,0.6861210841015783,0.6985069307120938,0.2465088950107535,0.25245546292115817,0.008729287885258888,0.06546870710964538,0.38747903168713094
m12_joint_hybrid_synergy,inv_w0.85_s0.75,ou_35,178,0.6677155047654165,0.6455359798910608,0.23695742821683868,0.2263347334633069,0.06523391680437188,0.033705618499318184,0.08319934951025015
m12_joint_hybrid_synergy,inv_w0.85_s0.75,btts,156,0.671727510281111,0.6592616234604256,0.23936335627137958,0.23324959819567326,0.044538424526709725,0.037558440538183614,0.059881882198518976
m12_joint_hybrid_synergy,inv_w0.85_s1.00,1x2,1560,0.614657755418695,0.6123176118070058,0.21234947989315556,0.21123299931682585,0.02405242551508678,0.013663985325952959,0.1777246177643157
m12_joint_hybrid_synergy,inv_w0.85_s1.00,ou_05,0,NaN,NaN,NaN,NaN,NaN,NaN,NaN
m12_joint_hybrid_synergy,inv_w0.85_s1.00,ou_15,116,0.5710004073155373,0.5785496986547277,0.19135674536978586,0.19372443296377037,0.04617706397225982,0.03517861886821262,0.315743799781381
m12_joint_hybrid_synergy,inv_w0.85_s1.00,ou_25,432,0.6862355055513508,0.6985069307120938,0.24656564356251767,0.25245546292115817,0.008750644808287482,0.06546870710964538,0.3875367922875774
m12_joint_hybrid_synergy,inv_w0.85_s1.00,ou_35,178,0.6675174369356349,0.6455359798910608,0.23686997611142765,0.2263347334633069,0.06502113424479838,0.033705618499318184,0.08298150308037566
m12_joint_hybrid_synergy,inv_w0.85_s1.00,btts,156,0.6716809881122611,0.6592616234604256,0.23934015959787283,0.23324959819567326,0.04445701870159602,0.037558440538183614,0.059767501839375514
m12_joint_hybrid_synergy,inv_w1.00_s0.15,1x2,1560,0.6170079064582653,0.6123176118070058,0.21342073590442356,0.21123299931682585,0.020020255525184147,0.013663985325952959,0.19640169051638687
m12_joint_hybrid_synergy,inv_w1.00_s0.15,ou_05,0,NaN,NaN,NaN,NaN,NaN,NaN,NaN
m12_joint_hybrid_synergy,inv_w1.00_s0.15,ou_15,116,0.5704338006319293,0.5785496986547277,0.19115644119520217,0.19372443296377037,0.05587979125138897,0.03517861886821262,0.30951110813500393
m12_joint_hybrid_synergy,inv_w1.00_s0.15,ou_25,432,0.6854559150272214,0.6985069307120938,0.24617490218091567,0.25245546292115817,0.0199846830528773,0.06546870710964538,0.10781221674809816
m12_joint_hybrid_synergy,inv_w1.00_s0.15,ou_35,178,0.6712155427157647,0.6455359798910608,0.23847923148920697,0.2263347334633069,0.0682762042886767,0.033705618499318184,0.08288623694211417
m12_joint_hybrid_synergy,inv_w1.00_s0.15,btts,156,0.673512540227568,0.6592616234604256,0.24024922558770925,0.23324959819567326,0.04718134507162482,0.037558440538183614,0.3885780696472543
m12_joint_hybrid_synergy,std_w0.25_s0.15,1x2,1560,0.6114704504256033,0.6123176118070058,0.21096988598921557,0.21123299931682585,0.014457962098707401,0.013663985325952959,0.3124571441971393
m12_joint_hybrid_synergy,std_w0.25_s0.15,ou_05,0,NaN,NaN,NaN,NaN,NaN,NaN,NaN
m12_joint_hybrid_synergy,std_w0.25_s0.15,ou_15,116,0.5785214535390739,0.5785496986547277,0.19397603287404114,0.19372443296377037,0.020207218023240114,0.03517861886821262,0.10006974646935737
m12_joint_hybrid_synergy,std_w0.25_s0.15,ou_25,432,0.6920362519046477,0.6985069307120938,0.24938232091611148,0.25245546292115817,0.02322672159881583,0.06546870710964538,0.344437275321088
m12_joint_hybrid_synergy,std_w0.25_s0.15,ou_35,178,0.6534121315731001,0.6455359798910608,0.23032811193678746,0.2263347334633069,0.046583110006463826,0.033705618499318184,0.2474995944230488
m12_joint_hybrid_synergy,std_w0.25_s0.15,btts,156,0.6694595940485472,0.6592616234604256,0.23822490691347212,0.23324959819567326,0.05253675010381254,0.037558440538183614,0.0573958686377688
m12_joint_hybrid_synergy,std_w0.25_s0.25,1x2,1560,0.6125364829426311,0.6123176118070058,0.21145066189452083,0.21123299931682585,0.01951960709339262,0.013663985325952959,0.7809009145507771
m12_joint_hybrid_synergy,std_w0.25_s0.25,ou_05,0,NaN,NaN,NaN,NaN,NaN,NaN,NaN
m12_joint_hybrid_synergy,std_w0.25_s0.25,ou_15,116,0.5791797519351818,0.5785496986547277,0.19425115775589044,0.19372443296377037,0.039309438245574764,0.03517861886821262,0.3113283317894806
m12_joint_hybrid_synergy,std_w0.25_s0.25,ou_25,432,0.6912160898791296,0.6985069307120938,0.24900301700281105,0.25245546292115817,0.01899612474976906,0.06546870710964538,0.2850832760040395
m12_joint_hybrid_synergy,std_w0.25_s0.25,ou_35,178,0.658151585191733,0.6455359798910608,0.23260597823371687,0.2263347334633069,0.05358958094776455,0.033705618499318184,0.2442261528437294
m12_joint_hybrid_synergy,std_w0.25_s0.25,btts,156,0.6719328045727634,0.6592616234604256,0.23944501435713755,0.23324959819567326,0.06405114129560148,0.037558440538183614,0.06509612449571911
m12_joint_hybrid_synergy,std_w0.25_s0.35,1x2,1560,0.6136555519684802,0.6123176118070058,0.21194263144302322,0.21123299931682585,0.021219447428030783,0.013663985325952959,0.25278368047228794
m12_joint_hybrid_synergy,std_w0.25_s0.35,ou_05,0,NaN,NaN,NaN,NaN,NaN,NaN,NaN
m12_joint_hybrid_synergy,std_w0.25_s0.35,ou_15,116,0.5774474688416473,0.5785496986547277,0.19370557164355054,0.19372443296377037,0.027304969935850826,0.03517861886821262,0.3160202399225003
m12_joint_hybrid_synergy,std_w0.25_s0.35,ou_25,432,0.6897409127495957,0.6985069307120938,0.24829425873131022,0.25245546292115817,0.021087490670680588,0.06546870710964538,0.27748291603125075
m12_joint_hybrid_synergy,std_w0.25_s0.35,ou_35,178,0.6625550560506234,0.6455359798910608,0.23464269033988763,0.2263347334633069,0.058917292672855774,0.033705618499318184,0.5900574828547468
m12_joint_hybrid_synergy,std_w0.25_s0.35,btts,156,0.6724668088990752,0.6592616234604256,0.2397169428672621,0.23324959819567326,0.060272054197317,0.037558440538183614,0.06276184343572289
m12_joint_hybrid_synergy,std_w0.25_s0.50,1x2,1560,0.614839834641598,0.6123176118070058,0.21246090889805858,0.21123299931682585,0.023497874655284978,0.013663985325952959,0.2983173049375709
m12_joint_hybrid_synergy,std_w0.25_s0.50,ou_05,0,NaN,NaN,NaN,NaN,NaN,NaN,NaN
m12_joint_hybrid_synergy,std_w0.25_s0.50,ou_15,116,0.5748917708029155,0.5785496986547277,0.19282318791649553,0.19372443296377037,0.026319772182734714,0.03517861886821262,0.3167351253735796
m12_joint_hybrid_synergy,std_w0.25_s0.50,ou_25,432,0.6881333309497769,0.6985069307120938,0.24750445002850088,0.25245546292115817,0.015706649293563597,0.06546870710964538,0.10641593800444371
m12_joint_hybrid_synergy,std_w0.25_s0.50,ou_35,178,0.6663603413635991,0.6455359798910608,0.23635099691513584,0.2263347334633069,0.06315352801949234,0.033705618499318184,0.0815744951577565
m12_joint_hybrid_synergy,std_w0.25_s0.50,btts,156,0.6726775155589348,0.6592616234604256,0.23982660128055963,0.23324959819567326,0.05671911584649395,0.037558440538183614,0.058611506176245
m12_joint_hybrid_synergy,std_w0.25_s0.75,1x2,1560,0.6158512409063707,0.6123176118070058,0.21290573005653637,0.21123299931682585,0.023241044335005064,0.013663985325952959,0.18123951846731765
m12_joint_hybrid_synergy,std_w0.25_s0.75,ou_05,0,NaN,NaN,NaN,NaN,NaN,NaN,NaN
m12_joint_hybrid_synergy,std_w0.25_s0.75,ou_15,116,0.5727092712458377,0.5785496986547277,0.19202362712335222,0.19372443296377037,0.05630861755792663,0.03517861886821262,0.3088377961962424
m12_joint_hybrid_synergy,std_w0.25_s0.75,ou_25,432,0.68683699840997,0.6985069307120938,0.2468614115599042,0.25245546292115817,0.015752393503162637,0.06546870710964538,0.10717910812454079
m12_joint_hybrid_synergy,std_w0.25_s0.75,ou_35,178,0.6689313539431908,0.6455359798910608,0.2374833264729831,0.2263347334633069,0.06588745394395955,0.033705618499318184,0.06666001837814856
m12_joint_hybrid_synergy,std_w0.25_s0.75,btts,156,0.6729501754972473,0.6592616234604256,0.23996679620527422,0.23324959819567326,0.0589028613881265,0.037558440538183614,0.3889807977599222
m12_joint_hybrid_synergy,std_w0.25_s1.00,1x2,1560,0.6163088505410013,0.6123176118070058,0.21310853741490074,0.21123299931682585,0.02012724240393924,0.013663985325952959,0.18449914108203438
m12_joint_hybrid_synergy,std_w0.25_s1.00,ou_05,0,NaN,NaN,NaN,NaN,NaN,NaN,NaN
m12_joint_hybrid_synergy,std_w0.25_s1.00,ou_15,116,0.5717759498126028,0.5785496986547277,0.1916714797261042,0.19372443296377037,0.056119486190438245,0.03517861886821262,0.30913027730197895
m12_joint_hybrid_synergy,std_w0.25_s1.00,ou_25,432,0.6862777595554709,0.6985069307120938,0.2465833544823466,0.25245546292115817,0.02493205454849993,0.06546870710964538,0.10745358172474007
m12_joint_hybrid_synergy,std_w0.25_s1.00,ou_35,178,0.6699121372624934,0.6455359798910608,0.23791186289660227,0.2263347334633069,0.06691442824146251,0.033705618499318184,0.06758600316837193
m12_joint_hybrid_synergy,std_w0.25_s1.00,btts,156,0.6731380442866846,0.6592616234604256,0.24006225151358562,0.23324959819567326,0.04664205912767826,0.037558440538183614,0.3888055941362756
m12_joint_hybrid_synergy,std_w0.40_s0.15,1x2,1560,0.611874925798594,0.6123176118070058,0.21114144686719752,0.21123299931682585,0.01655081885078261,0.013663985325952959,0.27009944353601933
m12_joint_hybrid_synergy,std_w0.40_s0.15,ou_05,0,NaN,NaN,NaN,NaN,NaN,NaN,NaN
m12_joint_hybrid_synergy,std_w0.40_s0.15,ou_15,116,0.5766379605971015,0.5785496986547277,0.1933649644450615,0.19372443296377037,0.04021506260543348,0.03517861886821262,0.3117056068567121
m12_joint_hybrid_synergy,std_w0.40_s0.15,ou_25,432,0.6902283598726681,0.6985069307120938,0.24851894610694567,0.25245546292115817,0.018436851322354075,0.06546870710964538,0.2851577394152957
m12_joint_hybrid_synergy,std_w0.40_s0.15,ou_35,178,0.6567228119346165,0.6455359798910608,0.23193725487339667,0.2263347334633069,0.05187623789447172,0.033705618499318184,0.586701693576767
m12_joint_hybrid_synergy,std_w0.40_s0.15,btts,156,0.6703244490556636,0.6592616234604256,0.23865454118683588,0.23324959819567326,0.05012431808918818,0.037558440538183614,0.05422424147302696
m12_joint_hybrid_synergy,std_w0.40_s0.25,1x2,1560,0.6131004986947969,0.6123176118070058,0.21169195302082258,0.21123299931682585,0.01863539972629806,0.013663985325952959,0.25528685518153615
m12_joint_hybrid_synergy,std_w0.40_s0.25,ou_05,0,NaN,NaN,NaN,NaN,NaN,NaN,NaN
m12_joint_hybrid_synergy,std_w0.40_s0.25,ou_15,116,0.57720118089599,0.5785496986547277,0.19360194092976604,0.19372443296377037,0.0382482451081934,0.03517861886821262,0.30835959434062565
m12_joint_hybrid_synergy,std_w0.40_s0.25,ou_25,432,0.6898137533498113,0.6985069307120938,0.24832526209809558,0.25245546292115817,0.012810991480639612,0.06546870710964538,0.3629428581030526
m12_joint_hybrid_synergy,std_w0.40_s0.25,ou_35,178,0.6606728541219647,0.6455359798910608,0.2337876081060916,0.2263347334633069,0.05702865651735576,0.033705618499318184,0.5856232954077758
m12_joint_hybrid_synergy,std_w0.40_s0.25,btts,156,0.672274820929993,0.6592616234604256,0.2396179757329486,0.23324959819567326,0.05995830837643682,0.037558440538183614,0.06207234369668235
m12_joint_hybrid_synergy,std_w0.40_s0.35,1x2,1560,0.6141700617991979,0.6123176118070058,0.2121643582488031,0.21123299931682585,0.020021936470750658,0.013663985325952959,0.3827290271039593
m12_joint_hybrid_synergy,std_w0.40_s0.35,ou_05,0,NaN,NaN,NaN,NaN,NaN,NaN,NaN
m12_joint_hybrid_synergy,std_w0.40_s0.35,ou_15,116,0.5759053691854087,0.5785496986547277,0.19317463450445602,0.19372443296377037,0.026823079277262647,0.03517861886821262,0.3163085276205083
m12_joint_hybrid_synergy,std_w0.40_s0.35,ou_25,432,0.6887751238795117,0.6985069307120938,0.24782022944278365,0.25245546292115817,0.016521494291739765,0.06546870710964538,0.27061422089718906
m12_joint_hybrid_synergy,std_w0.40_s0.35,ou_35,178,0.664282808627734,0.6455359798910608,0.2354276121988248,0.2263347334633069,0.061029762954518695,0.033705618499318184,0.07657158165837591
m12_joint_hybrid_synergy,std_w0.40_s0.35,btts,156,0.672661596105601,0.6592616234604256,0.23981547798538344,0.23324959819567326,0.05539386093930654,0.037558440538183614,0.1424522365543689
m12_joint_hybrid_synergy,std_w0.40_s0.50,1x2,1560,0.6152164172845361,0.6123176118070058,0.21262506676461498,0.21123299931682585,0.02377062173777645,0.013663985325952959,0.17121982939816935
m12_joint_hybrid_synergy,std_w0.40_s0.50,ou_05,0,NaN,NaN,NaN,NaN,NaN,NaN,NaN
m12_joint_hybrid_synergy,std_w0.40_s0.50,ou_15,116,0.5739444010554631,0.5785496986547277,0.19247895355938824,0.19372443296377037,0.04628453076939737,0.03517861886821262,0.3168792922706557
m12_joint_hybrid_synergy,std_w0.40_s0.50,ou_25,432,0.6875640357545038,0.6985069307120938,0.24722232105384787,0.25245546292115817,0.01579507141514242,0.06546870710964538,0.10669436264573828
m12_joint_hybrid_synergy,std_w0.40_s0.50,ou_35,178,0.6673468522449212,0.6455359798910608,0.2367889352313964,0.2263347334633069,0.06426325480358942,0.033705618499318184,0.0904318335287364
m12_joint_hybrid_synergy,std_w0.40_s0.50,btts,156,0.6728250924082517,0.6592616234604256,0.2399017176452348,0.23324959819567326,0.05761139539324786,0.037558440538183614,0.05918267764801943
m12_joint_hybrid_synergy,std_w0.40_s0.75,1x2,1560,0.6160676857427153,0.6123176118070058,0.21300132284725223,0.21123299931682585,0.02142392148071456,0.013663985325952959,0.18286350702412885
m12_joint_hybrid_synergy,std_w0.40_s0.75,ou_05,0,NaN,NaN,NaN,NaN,NaN,NaN,NaN
m12_joint_hybrid_synergy,std_w0.40_s0.75,ou_15,116,0.5722395659600882,0.5785496986547277,0.19184673005735725,0.19372443296377037,0.056216145458088576,0.03517861886821262,0.30897256232763504
m12_joint_hybrid_synergy,std_w0.40_s0.75,ou_25,432,0.6865531897568322,0.6985069307120938,0.246720299946545,0.25245546292115817,0.02036477131403591,0.06546870710964538,0.10730556138647895
m12_joint_hybrid_synergy,std_w0.40_s0.75,ou_35,178,0.669395489610214,0.6455359798910608,0.23768682030426547,0.2263347334633069,0.06638632711723175,0.033705618499318184,0.06710884768554948
m12_joint_hybrid_synergy,std_w0.40_s0.75,btts,156,0.6730550907911741,0.6592616234604256,0.2400200673472073,0.23324959819567326,0.046407625618678075,0.037558440538183614,0.3889001879490749
m12_joint_hybrid_synergy,std_w0.40_s1.00,1x2,1560,0.6164433942394263,0.6123176118070058,0.21316833826484827,0.21123299931682585,0.019998020324857743,0.013663985325952959,0.1879317647544425
m12_joint_hybrid_synergy,std_w0.40_s1.00,ou_05,0,NaN,NaN,NaN,NaN,NaN,NaN,NaN
m12_joint_hybrid_synergy,std_w0.40_s1.00,ou_15,116,0.5715024124250474,0.5785496986547277,0.19156716790933098,0.19372443296377037,0.05606921976439067,0.03517861886821262,0.3092064767183289
m12_joint_hybrid_synergy,std_w0.40_s1.00,ou_25,432,0.6861108584044379,0.6985069307120938,0.24650035657238067,0.25245546292115817,0.024869557146579728,0.06546870710964538,0.10752525494286824
m12_joint_hybrid_synergy,std_w0.40_s1.00,ou_35,178,0.6701758257743082,0.6455359798910608,0.23802700883278047,0.2263347334633069,0.06719404756900652,0.033705618499318184,0.08156136918495654
m12_joint_hybrid_synergy,std_w0.40_s1.00,btts,156,0.6732100580545214,0.6592616234604256,0.2400985291192915,0.23324959819567326,0.04674784931442209,0.037558440538183614,0.3887600686831312
m12_joint_hybrid_synergy,std_w0.55_s0.15,1x2,1560,0.6126314046482719,0.6123176118070058,0.21146624960193908,0.21123299931682585,0.02188468033840764,0.013663985325952959,0.22336636309286395
m12_joint_hybrid_synergy,std_w0.55_s0.15,ou_05,0,NaN,NaN,NaN,NaN,NaN,NaN,NaN
m12_joint_hybrid_synergy,std_w0.55_s0.15,ou_15,116,0.5749159323791454,0.5785496986547277,0.19277614742409382,0.19372443296377037,0.03861461669742527,0.03517861886821262,0.3080036381336677
m12_joint_hybrid_synergy,std_w0.55_s0.15,ou_25,432,0.6886892899800612,0.6985069307120938,0.2477725889658144,0.25245546292115817,0.011604565484855766,0.06546870710964538,0.27922443127471175
m12_joint_hybrid_synergy,std_w0.55_s0.15,ou_35,178,0.6602363588808284,0.6455359798910608,0.23359517000864405,0.2263347334633069,0.05668141167530019,0.033705618499318184,0.06944220329187573
m12_joint_hybrid_synergy,std_w0.55_s0.15,btts,156,0.6711600598842052,0.6592616234604256,0.2390725921027584,0.23324959819567326,0.05275457417513218,0.037558440538183614,0.10401383413863763
m12_joint_hybrid_synergy,std_w0.55_s0.25,1x2,1560,0.6138284619115837,0.6123176118070058,0.21200640421458228,0.21123299931682585,0.023971387155405293,0.013663985325952959,0.3868292221112085
m12_joint_hybrid_synergy,std_w0.55_s0.25,ou_05,0,NaN,NaN,NaN,NaN,NaN,NaN,NaN
m12_joint_hybrid_synergy,std_w0.55_s0.25,ou_15,116,0.5753532819093555,0.5785496986547277,0.19296442429544086,0.19372443296377037,0.02708762751979772,0.03517861886821262,0.3158474350667837
m12_joint_hybrid_synergy,std_w0.55_s0.25,ou_25,432,0.6885468211096966,0.6985069307120938,0.2477056033369414,0.25245546292115817,0.011090081529713506,0.06546870710964538,0.10752490766758394
m12_joint_hybrid_synergy,std_w0.55_s0.25,ou_35,178,0.6632820736320305,0.6455359798910608,0.23498555863469087,0.2263347334633069,0.060211516456673615,0.033705618499318184,0.06387671015476837
m12_joint_hybrid_synergy,std_w0.55_s0.25,btts,156,0.672600816201874,0.6592616234604256,0.239785075451761,0.23324959819567326,0.05502928715463671,0.037558440538183614,0.19222911768229012
m12_joint_hybrid_synergy,std_w0.55_s0.35,1x2,1560,0.6147615695715869,0.6123176118070058,0.21242166130568274,0.21123299931682585,0.022733269552965042,0.013663985325952959,0.10508545503073474
m12_joint_hybrid_synergy,std_w0.55_s0.35,ou_05,0,NaN,NaN,NaN,NaN,NaN,NaN,NaN
m12_joint_hybrid_synergy,std_w0.55_s0.35,ou_15,116,0.5744395713127743,0.5785496986547277,0.19265231429871607,0.19372443296377037,0.026375747677407985,0.03517861886821262,0.3165960546315937
m12_joint_hybrid_synergy,std_w0.55_s0.35,ou_25,432,0.6878671266727111,0.6985069307120938,0.24737190682435595,0.25245546292115817,0.01116493554219857,0.06546870710964538,0.10615997204127237
m12_joint_hybrid_synergy,std_w0.55_s0.35,ou_35,178,0.6660290026141139,0.6455359798910608,0.23621090634552708,0.2263347334633069,0.06301962809231249,0.033705618499318184,0.08142969633344643
m12_joint_hybrid_synergy,std_w0.55_s0.35,btts,156,0.6728627808001244,0.6592616234604256,0.23991884542884365,0.23324959819567326,0.05682818784167514,0.037558440538183614,0.05835630169918726
m12_joint_hybrid_synergy,std_w0.55_s0.50,1x2,1560,0.615621116913872,0.6123176118070058,0.212802764480243,0.21123299931682585,0.02398028478532483,0.013663985325952959,0.177416047323297
m12_joint_hybrid_synergy,std_w0.55_s0.50,ou_05,0,NaN,NaN,NaN,NaN,NaN,NaN,NaN
m12_joint_hybrid_synergy,std_w0.55_s0.50,ou_15,116,0.5730264767866472,0.5785496986547277,0.19213965854525078,0.19372443296377037,0.05641567387860221,0.03517861886821262,0.30861706476145223
m12_joint_hybrid_synergy,std_w0.55_s0.50,ou_25,432,0.6870121758714531,0.6985069307120938,0.24694833266874094,0.25245546292115817,0.02042224315152624,0.06546870710964538,0.10697320352387102
m12_joint_hybrid_synergy,std_w0.55_s0.50,ou_35,178,0.6683292329442512,0.6455359798910608,0.2372222717759932,0.2263347334633069,0.06532983530751156,0.033705618499318184,0.07905904678134107
m12_joint_hybrid_synergy,std_w0.55_s0.50,btts,156,0.6729828556941853,0.6592616234604256,0.23998236263214123,0.23324959819567326,0.05851169947183106,0.037558440538183614,0.38911455921714766
m12_joint_hybrid_synergy,std_w0.55_s0.75,1x2,1560,0.6162914966596595,0.6123176118070058,0.2131005663930677,0.21123299931682585,0.02087801439005102,0.013663985325952959,0.18432966508912138
m12_joint_hybrid_synergy,std_w0.55_s0.75,ou_05,0,NaN,NaN,NaN,NaN,NaN,NaN,NaN
m12_joint_hybrid_synergy,std_w0.55_s0.75,ou_15,116,0.5717773642571722,0.5785496986547277,0.19167149749938908,0.19372443296377037,0.056127003318780316,0.03517861886821262,0.30910727667640914
m12_joint_hybrid_synergy,std_w0.55_s0.75,ou_25,432,0.6862731964944464,0.6985069307120938,0.24658106560858067,0.25245546292115817,0.024930696800587654,0.06546870710964538,0.10743209894402983
m12_joint_hybrid_synergy,std_w0.55_s0.75,ou_35,178,0.6698564139956252,0.6455359798910608,0.23788834814184392,0.2263347334633069,0.06687456847995553,0.033705618499318184,0.0675503041773079
m12_joint_hybrid_synergy,std_w0.55_s0.75,btts,156,0.6731640201605269,0.6592616234604256,0.24007519047847928,0.23324959819567326,0.04659681299923005,0.037558440538183614,0.38881961017790156
m12_joint_hybrid_synergy,std_w0.55_s1.00,1x2,1560,0.6165805526638625,0.6123176118070058,0.21322944700535967,0.21123299931682585,0.019619654544958297,0.013663985325952959,0.19142123010596304
m12_joint_hybrid_synergy,std_w0.55_s1.00,ou_05,0,NaN,NaN,NaN,NaN,NaN,NaN,NaN
m12_joint_hybrid_synergy,std_w0.55_s1.00,ou_15,116,0.5712314687050327,0.5785496986547277,0.19146349494858322,0.19372443296377037,0.05602011354475236,0.03517861886821262,0.30928265952590805
m12_joint_hybrid_synergy,std_w0.55_s1.00,ou_25,432,0.6859452211575329,0.6985069307120938,0.24641800216030085,0.25245546292115817,0.020176702879673377,0.06546870710964538,0.10759695506597833
m12_joint_hybrid_synergy,std_w0.55_s1.00,ou_35,178,0.6704380967621981,0.6455359798910608,0.23814135692748511,0.2263347334633069,0.06747002079168404,0.033705618499318184,0.08190028509831693
m12_joint_hybrid_synergy,std_w0.55_s1.00,btts,156,0.6732835878305292,0.6592616234604256,0.2401354332418079,0.23324959819567326,0.04685462184890018,0.037558440538183614,0.38871455349782513
m12_joint_hybrid_synergy,std_w0.70_s0.15,1x2,1560,0.6137387361362713,0.6123176118070058,0.21195109775629958,0.21123299931682585,0.023170253480079415,0.013663985325952959,0.1575517691775825
m12_joint_hybrid_synergy,std_w0.70_s0.15,ou_05,0,NaN,NaN,NaN,NaN,NaN,NaN,NaN
m12_joint_hybrid_synergy,std_w0.70_s0.15,ou_15,116,0.573324824167944,0.5785496986547277,0.1922112629390918,0.19372443296377037,0.027044316971984558,0.03517861886821262,0.3149438686484487
m12_joint_hybrid_synergy,std_w0.70_s0.15,ou_25,432,0.6873941237848455,0.6985069307120938,0.2471370357918733,0.25245546292115817,0.018314473820223217,0.06546870710964538,0.39111776404658893
m12_joint_hybrid_synergy,std_w0.70_s0.15,ou_35,178,0.6638701757329631,0.6455359798910608,0.23525930809882045,0.2263347334633069,0.061008016064994834,0.033705618499318184,0.06296206783522451
m12_joint_hybrid_synergy,std_w0.70_s0.15,btts,156,0.6719689118846259,0.6592616234604256,0.2394783409803892,0.23324959819567326,0.0425947560281075,0.037558440538183614,0.19254438715023792
m12_joint_hybrid_synergy,std_w0.70_s0.25,1x2,1560,0.6147212528437483,0.6123176118070058,0.21239746738836424,0.21123299931682585,0.021912434262780937,0.013663985325952959,0.17042658335950756
m12_joint_hybrid_synergy,std_w0.70_s0.25,ou_05,0,NaN,NaN,NaN,NaN,NaN,NaN,NaN
m12_joint_hybrid_synergy,std_w0.70_s0.25,ou_15,116,0.5736190467092656,0.5785496986547277,0.1923424029466782,0.19372443296377037,0.026396478229658047,0.03517861886821262,0.3163857140615246
m12_joint_hybrid_synergy,std_w0.70_s0.25,ou_25,432,0.6874041423874052,0.6985069307120938,0.2471419948373874,0.25245546292115817,0.020433115367127618,0.06546870710964538,0.10578598935455841
m12_joint_hybrid_synergy,std_w0.70_s0.25,ou_35,178,0.6659348887922355,0.6455359798910608,0.23617818178355465,0.2263347334633069,0.06314286955835863,0.033705618499318184,0.08921679817850126
m12_joint_hybrid_synergy,std_w0.70_s0.25,btts,156,0.6729147138053527,0.6592616234604256,0.23994657705742675,0.23324959819567326,0.057063258007889264,0.037558440538183614,0.05817840988289624
m12_joint_hybrid_synergy,std_w0.70_s0.35,1x2,1560,0.6154309387986733,0.6123176118070058,0.21271598062370173,0.21123299931682585,0.02499273945177465,0.013663985325952959,0.17572688464268116
m12_joint_hybrid_synergy,std_w0.70_s0.35,ou_05,0,NaN,NaN,NaN,NaN,NaN,NaN,NaN
m12_joint_hybrid_synergy,std_w0.70_s0.35,ou_15,116,0.5730430980808778,0.5785496986547277,0.19214070214075735,0.19372443296377037,0.04616824435373269,0.03517861886821262,0.3168828197050272
m12_joint_hybrid_synergy,std_w0.70_s0.35,ou_25,432,0.6870131819142538,0.6985069307120938,0.24694859449603287,0.25245546292115817,0.015822861224813,0.06546870710964538,0.10670907804230112
m12_joint_hybrid_synergy,std_w0.70_s0.35,ou_35,178,0.6677766476924365,0.6455359798910608,0.23698490686998644,0.2263347334633069,0.06488902259660603,0.033705618499318184,0.09103976447110013
m12_joint_hybrid_synergy,std_w0.70_s0.35,btts,156,0.6730719099014869,0.6592616234604256,0.24002660457926828,0.23324959819567326,0.04545539287565953,0.037558440538183614,0.05939296228529334
m12_joint_hybrid_synergy,std_w0.70_s0.50,1x2,1560,0.6160543059028432,0.6123176118070058,0.21299437697867862,0.21123299931682585,0.021404511309350706,0.013663985325952959,0.1833178036606382
m12_joint_hybrid_synergy,std_w0.70_s0.50,ou_05,0,NaN,NaN,NaN,NaN,NaN,NaN,NaN
m12_joint_hybrid_synergy,std_w0.70_s0.50,ou_15,116,0.5721363792711387,0.5785496986547277,0.19180583293285008,0.19372443296377037,0.05622354678867844,0.03517861886821262,0.30891533371601276
m12_joint_hybrid_synergy,std_w0.70_s0.50,ou_25,432,0.6864771478314281,0.6985069307120938,0.24668242011643587,0.25245546292115817,0.020378921638242068,0.06546870710964538,0.10725245995954469
m12_joint_hybrid_synergy,std_w0.70_s0.50,ou_35,178,0.6693037525678421,0.6455359798910608,0.2376493992127258,0.2263347334633069,0.06635381300318147,0.033705618499318184,0.06708027467768518
m12_joint_hybrid_synergy,std_w0.70_s0.50,btts,156,0.6731505849649683,0.6592616234604256,0.24006785434598335,0.23324959819567326,0.04629492843945327,0.037558440538183614,0.3889355715483225
m12_joint_hybrid_synergy,std_w0.70_s0.75,1x2,1560,0.616522749110865,0.6123176118070058,0.21320351504431267,0.21123299931682585,0.019563166088733888,0.013663985325952959,0.1901375165134997
m12_joint_hybrid_synergy,std_w0.70_s0.75,ou_05,0,NaN,NaN,NaN,NaN,NaN,NaN,NaN
m12_joint_hybrid_synergy,std_w0.70_s0.75,ou_15,116,0.5713224636418535,0.5785496986547277,0.1914979968392708,0.19372443296377037,0.05604121737313521,0.03517861886821262,0.3092419391532195
m12_joint_hybrid_synergy,std_w0.70_s0.75,ou_25,432,0.6859969922026039,0.6985069307120938,0.2464437316571988,0.25245546292115817,0.020196940194905373,0.06546870710964538,0.10755872073312744
m12_joint_hybrid_synergy,std_w0.70_s0.75,ou_35,178,0.670313679573507,0.6455359798910608,0.23808771566293774,0.2263347334633069,0.06735224843396656,0.033705618499318184,0.08175520903841188
m12_joint_hybrid_synergy,std_w0.70_s0.75,btts,156,0.6732767582898606,0.6592616234604256,0.24013193644860595,0.23324959819567326,0.04678869122144756,0.037558440538183614,0.38873906450091145
m12_joint_hybrid_synergy,std_w0.70_s1.00,1x2,1560,0.6167203444550029,0.6123176118070058,0.2132918753009303,0.21123299931682585,0.019754265087693422,0.013663985325952959,0.19120445198638092
m12_joint_hybrid_synergy,std_w0.70_s1.00,ou_05,0,NaN,NaN,NaN,NaN,NaN,NaN,NaN
m12_joint_hybrid_synergy,std_w0.70_s1.00,ou_15,116,0.5709630781960067,0.5785496986547277,0.19136047428768443,0.19372443296377037,0.055972171396472155,0.03517861886821262,0.30935882570859996
m12_joint_hybrid_synergy,std_w0.70_s1.00,ou_25,432,0.6857808490460171,0.6985069307120938,0.24633630077977614,0.25245546292115817,0.02011304783404053,0.06546870710964538,0.10766868208237657
m12_joint_hybrid_synergy,std_w0.70_s1.00,ou_35,178,0.6706988627545529,0.6455359798910608,0.23825486845171734,0.2263347334633069,0.06774236200304769,0.033705618499318184,0.08223405475172424
m12_joint_hybrid_synergy,std_w0.70_s1.00,btts,156,0.673358564897929,0.6592616234604256,0.24017289817438572,0.23324959819567326,0.04696242749357028,0.037558440538183614,0.3886690485901916
m12_joint_hybrid_synergy,std_w0.85_s0.15,1x2,1560,0.6151970069801663,0.6123176118070058,0.2126013447043788,0.21123299931682585,0.022482230184063208,0.013663985325952959,0.1764731251514962
m12_joint_hybrid_synergy,std_w0.85_s0.15,ou_05,0,NaN,NaN,NaN,NaN,NaN,NaN,NaN
m12_joint_hybrid_synergy,std_w0.85_s0.15,ou_15,116,0.5718381265838786,0.5785496986547277,0.19167117019394586,0.19372443296377037,0.04623673294597903,0.03517861886821262,0.31620730445757816
m12_joint_hybrid_synergy,std_w0.85_s0.15,ou_25,432,0.6863219159651243,0.6985069307120938,0.24660623594185935,0.25245546292115817,0.01832940159871151,0.06546870710964538,0.38886653699073115
m12_joint_hybrid_synergy,std_w0.85_s0.15,ou_35,178,0.6675510059066895,0.6455359798910608,0.23689592549952593,0.2263347334633069,0.06486835415038027,0.033705618499318184,0.07856805324744537
m12_joint_hybrid_synergy,std_w0.85_s0.15,btts,156,0.6727528782966514,0.6592616234604256,0.2398709122133463,0.23324959819567326,0.044825942458355084,0.037558440538183614,0.05914622037623829
m12_joint_hybrid_synergy,std_w0.85_s0.25,1x2,1560,0.6157803318828423,0.6123176118070058,0.2128681128765891,0.21123299931682585,0.024656357574011186,0.013663985325952959,0.18156786967970256
m12_joint_hybrid_synergy,std_w0.85_s0.25,ou_05,0,NaN,NaN,NaN,NaN,NaN,NaN,NaN
m12_joint_hybrid_synergy,std_w0.85_s0.25,ou_15,116,0.5719834927115198,0.5785496986547277,0.19173891630975276,0.19372443296377037,0.045989513690570256,0.03517861886821262,0.3169212581517974
m12_joint_hybrid_synergy,std_w0.85_s0.25,ou_25,432,0.6863763420520008,0.6985069307120938,0.24663235857906599,0.25245546292115817,0.024975097622786175,0.06546870710964538,0.10679624128281795
m12_joint_hybrid_synergy,std_w0.85_s0.25,ou_35,178,0.6685912008545791,0.6455359798910608,0.23734757309628252,0.2263347334633069,0.0658288147032313,0.033705618499318184,0.0795109547006349
m12_joint_hybrid_synergy,std_w0.85_s0.25,btts,156,0.6732187017314483,0.6592616234604256,0.2401018441868636,0.23324959819567326,0.045705508486101505,0.037558440538183614,0.38924359084354254
m12_joint_hybrid_synergy,std_w0.85_s0.35,1x2,1560,0.6161792610878685,0.6123176118070058,0.21304862399606067,0.21123299931682585,0.020753048593612232,0.013663985325952959,0.1869788802734528
m12_joint_hybrid_synergy,std_w0.85_s0.35,ou_05,0,NaN,NaN,NaN,NaN,NaN,NaN,NaN
m12_joint_hybrid_synergy,std_w0.85_s0.35,ou_15,116,0.571709684650827,0.5785496986547277,0.1916415746525697,0.19372443296377037,0.05617338022089493,0.03517861886821262,0.3089219500007935
m12_joint_hybrid_synergy,std_w0.85_s0.35,ou_25,432,0.6862102278578252,0.6985069307120938,0.24654971303219306,0.25245546292115817,0.024918259327157546,0.06546870710964538,0.10725982804147605
m12_joint_hybrid_synergy,std_w0.85_s0.35,ou_35,178,0.6695101727145888,0.6455359798910608,0.23774293817489595,0.2263347334633069,0.06664036237477287,0.033705618499318184,0.06734087758167201
m12_joint_hybrid_synergy,std_w0.85_s0.35,btts,156,0.6732890647754767,0.6592616234604256,0.24013745997283215,0.23324959819567326,0.046303807593376926,0.037558440538183614,0.38893372432009565
m12_joint_hybrid_synergy,std_w0.85_s0.50,1x2,1560,0.6165164082549697,0.6123176118070058,0.21320025811265508,0.21123299931682585,0.020069583403511372,0.013663985325952959,0.19049931627238975
m12_joint_hybrid_synergy,std_w0.85_s0.50,ou_05,0,NaN,NaN,NaN,NaN,NaN,NaN,NaN
m12_joint_hybrid_synergy,std_w0.85_s0.50,ou_15,116,0.5712726118626396,0.5785496986547277,0.1914779520060843,0.19372443296377037,0.05604486434646676,0.03517861886821262,0.3092133484956807
m12_joint_hybrid_synergy,std_w0.85_s0.50,ou_25,432,0.6859584954590999,0.6985069307120938,0.24642458364891381,0.25245546292115817,0.024813611839460084,0.06546870710964538,0.10753213126582162
m12_joint_hybrid_synergy,std_w0.85_s0.50,ou_35,178,0.6702669289088828,0.6455359798910608,0.23806883858683048,0.2263347334633069,0.06733574783372404,0.033705618499318184,0.08173376417219674
m12_joint_hybrid_synergy,std_w0.85_s0.50,btts,156,0.6733275675204092,0.6592616234604256,0.24015722526726657,0.23324959819567326,0.04673254763886897,0.037558440538183614,0.3887567414934765
m12_joint_hybrid_synergy,std_w0.85_s0.75,1x2,1560,0.6167615236891332,0.6123176118070058,0.21331022137711697,0.21123299931682585,0.019536833756839195,0.013663985325952959,0.19199092671023166
m12_joint_hybrid_synergy,std_w0.85_s0.75,ou_05,0,NaN,NaN,NaN,NaN,NaN,NaN,NaN
m12_joint_hybrid_synergy,std_w0.85_s0.75,ou_15,116,0.5708746706130097,0.5785496986547277,0.19132629151569375,0.19372443296377037,0.055958808309537325,0.03517861886821262,0.30937654966900774
m12_joint_hybrid_synergy,std_w0.85_s0.75,ou_25,432,0.6857245644590889,0.6985069307120938,0.24630833006082947,0.25245546292115817,0.0200912520357353,0.06546870710964538,0.10768542668938574
m12_joint_hybrid_synergy,std_w0.85_s0.75,ou_35,178,0.6707668584020113,0.6455359798910608,0.23828473639746622,0.2263347334633069,0.06781943716710119,0.033705618499318184,0.08232804991667081
m12_joint_hybrid_synergy,std_w0.85_s0.75,btts,156,0.6733930406120491,0.6592616234604256,0.24019004495770838,0.23324959819567326,0.04698346514046762,0.037558440538183614,0.3886585509725612
m12_joint_hybrid_synergy,std_w0.85_s1.00,1x2,1560,0.6168627889996131,0.6123176118070058,0.21335563455945294,0.21123299931682585,0.019631519192506233,0.013663985325952959,0.1937846891402022
m12_joint_hybrid_synergy,std_w0.85_s1.00,ou_05,0,NaN,NaN,NaN,NaN,NaN,NaN,NaN
m12_joint_hybrid_synergy,std_w0.85_s1.00,ou_15,116,0.5706972015717052,0.5785496986547277,0.1912581188787542,0.19372443296377037,0.05592539648012074,0.03517861886821262,0.3094349752503176
m12_joint_hybrid_synergy,std_w0.85_s1.00,ou_25,432,0.6856177452736492,0.6985069307120938,0.24625526334402406,0.25245546292115817,0.02004904176037002,0.06546870710964538,0.10774043598033634
m12_joint_hybrid_synergy,std_w0.85_s1.00,ou_35,178,0.6709580388405076,0.6455359798910608,0.23836750560282682,0.2263347334633069,0.06801108520607313,0.033705618499318184,0.0825626986697442
m12_joint_hybrid_synergy,std_w0.85_s1.00,btts,156,0.6734349114273839,0.6592616234604256,0.24021085377220672,0.23324959819567326,0.047071317818779865,0.037558440538183614,0.38862355397006
m12_joint_hybrid_synergy,std_w1.00_s0.15,1x2,1560,0.6170079064582653,0.6123176118070058,0.21342073590442356,0.21123299931682585,0.020020255525184147,0.013663985325952959,0.19640169051638687
m12_joint_hybrid_synergy,std_w1.00_s0.15,ou_05,0,NaN,NaN,NaN,NaN,NaN,NaN,NaN
m12_joint_hybrid_synergy,std_w1.00_s0.15,ou_15,116,0.5704338006319293,0.5785496986547277,0.19115644119520217,0.19372443296377037,0.05587979125138897,0.03517861886821262,0.30951110813500393
m12_joint_hybrid_synergy,std_w1.00_s0.15,ou_25,432,0.6854559150272214,0.6985069307120938,0.24617490218091567,0.25245546292115817,0.0199846830528773,0.06546870710964538,0.10781221674809816
m12_joint_hybrid_synergy,std_w1.00_s0.15,ou_35,178,0.6712155427157647,0.6455359798910608,0.23847923148920697,0.2263347334633069,0.0682762042886767,0.033705618499318184,0.08288623694211417
m12_joint_hybrid_synergy,std_w1.00_s0.15,btts,156,0.673512540227568,0.6592616234604256,0.24024922558770925,0.23324959819567326,0.04718134507162482,0.037558440538183614,0.3885780696472543
m12_joint_hybrid_synergy,sta_w0.25,1x2,1560,0.6107221556457827,0.6123176118070058,0.21058796797934937,0.21123299931682585,0.014727511563167699,0.013663985325952959,0.3127164277193055
m12_joint_hybrid_synergy,sta_w0.25,ou_05,0,NaN,NaN,NaN,NaN,NaN,NaN,NaN
m12_joint_hybrid_synergy,sta_w0.25,ou_15,116,0.5758949864162562,0.5785496986547277,0.19300660156829988,0.19372443296377037,0.04491325872138484,0.03517861886821262,0.1780217199573445
m12_joint_hybrid_synergy,sta_w0.25,ou_25,432,0.693029398744513,0.6985069307120938,0.24987984670606755,0.25245546292115817,0.035362678084547704,0.06546870710964538,0.16395321084434594
m12_joint_hybrid_synergy,sta_w0.25,ou_35,178,0.6516050268736193,0.6455359798910608,0.22945615791920085,0.2263347334633069,0.04307465461531325,0.033705618499318184,0.18611636565511291
m12_joint_hybrid_synergy,sta_w0.25,btts,156,0.6640523622935715,0.6592616234604256,0.23556413395122971,0.23324959819567326,0.058838602444064185,0.037558440538183614,0.06106265330055827
m12_joint_hybrid_synergy,sta_w0.40,1x2,1560,0.6107638698506715,0.6123176118070058,0.21061224064333434,0.21123299931682585,0.009886225205420998,0.013663985325952959,0.08296171839277293
m12_joint_hybrid_synergy,sta_w0.40,ou_05,0,NaN,NaN,NaN,NaN,NaN,NaN,NaN
m12_joint_hybrid_synergy,sta_w0.40,ou_15,116,0.5744845721510943,0.5785496986547277,0.19256751883124537,0.19372443296377037,0.03466591955410215,0.03517861886821262,0.1891085090394578
m12_joint_hybrid_synergy,sta_w0.40,ou_25,432,0.6908970007546799,0.6985069307120938,0.2488561127361278,0.25245546292115817,0.032314733429118545,0.06546870710964538,0.033078436495143027
m12_joint_hybrid_synergy,sta_w0.40,ou_35,178,0.6552965495362791,0.6455359798910608,0.23125621166446966,0.2263347334633069,0.04963100817583454,0.033705618499318184,0.5959015567289355
m12_joint_hybrid_synergy,sta_w0.40,btts,156,0.665919102577863,0.6592616234604256,0.23648274727741297,0.23324959819567326,0.061650870090653065,0.037558440538183614,0.07909868221877492
m12_joint_hybrid_synergy,sta_w0.55,1x2,1560,0.6114168987326523,0.6123176118070058,0.21089943729836183,0.21123299931682585,0.016701685298134615,0.013663985325952959,0.22354774891992024
m12_joint_hybrid_synergy,sta_w0.55,ou_05,0,NaN,NaN,NaN,NaN,NaN,NaN,NaN
m12_joint_hybrid_synergy,sta_w0.55,ou_15,116,0.5732690649520438,0.5785496986547277,0.19216489439714615,0.19372443296377037,0.03535842969614597,0.03517861886821262,0.18439299553741628
m12_joint_hybrid_synergy,sta_w0.55,ou_25,432,0.6891048733393049,0.6985069307120938,0.24798381792526938,0.25245546292115817,0.01144291628432835,0.06546870710964538,0.03809874450680756
m12_joint_hybrid_synergy,sta_w0.55,ou_35,178,0.6592021338819799,0.6455359798910608,0.23310387565754906,0.2263347334633069,0.055414694556828854,0.033705618499318184,0.06766693151059383
m12_joint_hybrid_synergy,sta_w0.55,btts,156,0.6678001404476469,0.6592616234604256,0.23741318946086962,0.23324959819567326,0.05171400594568876,0.037558440538183614,0.16671898947316965
m12_joint_hybrid_synergy,sta_w0.70,1x2,1560,0.6126769391456551,0.6123176118070058,0.2114591018647446,0.21123299931682585,0.019394759423353832,0.013663985325952959,0.15315094919850802
m12_joint_hybrid_synergy,sta_w0.70,ou_05,0,NaN,NaN,NaN,NaN,NaN,NaN,NaN
m12_joint_hybrid_synergy,sta_w0.70,ou_15,116,0.5722099832559915,0.5785496986547277,0.19179699668352387,0.19372443296377037,0.027640721858935378,0.03517861886821262,0.31376195249206884
m12_joint_hybrid_synergy,sta_w0.70,ou_25,432,0.6876186069247398,0.6985069307120938,0.24725236321226285,0.25245546292115817,0.005556917491872111,0.06546870710964538,0.10781071813878207
m12_joint_hybrid_synergy,sta_w0.70,ou_35,178,0.663216509519635,0.6455359798910608,0.23494839394429218,0.2263347334633069,0.06043906800215026,0.033705618499318184,0.07806986150763284
m12_joint_hybrid_synergy,sta_w0.70,btts,156,0.6696936776970741,0.6592616234604256,0.23835272170012523,0.23324959819567326,0.04176565940812398,0.037558440538183614,0.26901265284096443
m12_joint_hybrid_synergy,sta_w0.85,1x2,1560,0.6145410054096904,0.6123176118070058,0.21229815990598633,0.21123299931682585,0.026170690195166147,0.013663985325952959,0.17493524201270721
m12_joint_hybrid_synergy,sta_w0.85,ou_05,0,NaN,NaN,NaN,NaN,NaN,NaN,NaN
m12_joint_hybrid_synergy,sta_w0.85,ou_15,116,0.5712740559301344,0.5785496986547277,0.19146155099390544,0.19372443296377037,0.046241253583521644,0.03517861886821262,0.31570574050196765
m12_joint_hybrid_synergy,sta_w0.85,ou_25,432,0.6864097088798796,0.6985069307120938,0.24665207531558428,0.25245546292115817,0.008786295895710545,0.06546870710964538,0.38761235660716375
m12_joint_hybrid_synergy,sta_w0.85,ou_35,178,0.6672472585243081,0.6455359798910608,0.23675009327178625,0.2263347334633069,0.06472039475588313,0.033705618499318184,0.08267110874321976
m12_joint_hybrid_synergy,sta_w0.85,btts,156,0.6715983237894907,0.6592616234604256,0.23929882580159254,0.23324959819567326,0.04435806022001003,0.037558440538183614,0.059612835735964986
m12_joint_hybrid_synergy,sta_w1.00,1x2,1560,0.6170079064582653,0.6123176118070058,0.21342073590442356,0.21123299931682585,0.020020255525184147,0.013663985325952959,0.19640169051638687
m12_joint_hybrid_synergy,sta_w1.00,ou_05,0,NaN,NaN,NaN,NaN,NaN,NaN,NaN
m12_joint_hybrid_synergy,sta_w1.00,ou_15,116,0.5704338006319293,0.5785496986547277,0.19115644119520217,0.19372443296377037,0.05587979125138897,0.03517861886821262,0.30951110813500393
m12_joint_hybrid_synergy,sta_w1.00,ou_25,432,0.6854559150272214,0.6985069307120938,0.24617490218091567,0.25245546292115817,0.0199846830528773,0.06546870710964538,0.10781221674809816
m12_joint_hybrid_synergy,sta_w1.00,ou_35,178,0.6712155427157647,0.6455359798910608,0.23847923148920697,0.2263347334633069,0.0682762042886767,0.033705618499318184,0.08288623694211417
m12_joint_hybrid_synergy,sta_w1.00,btts,156,0.673512540227568,0.6592616234604256,0.24024922558770925,0.23324959819567326,0.04718134507162482,0.037558440538183614,0.3885780696472543
m05_joint_production_wealth,inv_w0.25_s0.15,1x2,1560,0.6133401971830116,0.6123176118070058,0.21173207353727116,0.21123299931682585,0.019085519256687156,0.013663985325952959,0.10955948586899866
m05_joint_production_wealth,inv_w0.25_s0.15,ou_05,0,NaN,NaN,NaN,NaN,NaN,NaN,NaN
m05_joint_production_wealth,inv_w0.25_s0.15,ou_15,116,0.5702591025850426,0.5785496986547277,0.19098436827057824,0.19372443296377037,0.028227365545323412,0.03517861886821262,0.11148238786729181
m05_joint_production_wealth,inv_w0.25_s0.15,ou_25,432,0.6856904438483737,0.6985069307120938,0.24631238836311423,0.25245546292115817,0.0035703544821654044,0.06546870710964538,0.053089105923685875
m05_joint_production_wealth,inv_w0.25_s0.15,ou_35,178,0.6684604276828965,0.6455359798910608,0.2369150418681818,0.2263347334633069,0.06773832591485275,0.033705618499318184,0.19698947648915166
m05_joint_production_wealth,inv_w0.25_s0.15,btts,156,0.6652387421730297,0.6592616234604256,0.2361765120882002,0.23324959819567326,0.04995781292635507,0.037558440538183614,0.053175702127786884
m05_joint_production_wealth,inv_w0.25_s0.25,1x2,1560,0.6118887943571599,0.6123176118070058,0.21107549621783916,0.21123299931682585,0.007609382728110943,0.013663985325952959,0.12451218634241545
m05_joint_production_wealth,inv_w0.25_s0.25,ou_05,0,NaN,NaN,NaN,NaN,NaN,NaN,NaN
m05_joint_production_wealth,inv_w0.25_s0.25,ou_15,116,0.5693032664725357,0.5785496986547277,0.1905380713658042,0.19372443296377037,0.06645155307475618,0.03517861886821262,0.18478703311001338
m05_joint_production_wealth,inv_w0.25_s0.25,ou_25,432,0.6853389773617655,0.6985069307120938,0.24613048658165085,0.25245546292115817,0.020287016805352682,0.06546870710964538,0.13624725956324557
m05_joint_production_wealth,inv_w0.25_s0.25,ou_35,178,0.6645302592959773,0.6455359798910608,0.2352132405360446,0.2263347334633069,0.06280889507771399,0.033705618499318184,0.19665977481174424
m05_joint_production_wealth,inv_w0.25_s0.25,btts,156,0.6638483957509239,0.6592616234604256,0.23548755678384212,0.23324959819567326,0.047393130394223194,0.037558440538183614,0.07212153741311345
m05_joint_production_wealth,inv_w0.25_s0.35,1x2,1560,0.611268410464591,0.6123176118070058,0.21081524929005394,0.21123299931682585,0.007271724010889759,0.013663985325952959,0.015890125625945384
m05_joint_production_wealth,inv_w0.25_s0.35,ou_05,0,NaN,NaN,NaN,NaN,NaN,NaN,NaN
m05_joint_production_wealth,inv_w0.25_s0.35,ou_15,116,0.5701742465258706,0.5785496986547277,0.19086491786497356,0.19372443296377037,0.09467455648551644,0.03517861886821262,0.21543809867673264
m05_joint_production_wealth,inv_w0.25_s0.35,ou_25,432,0.6867030184533317,0.6985069307120938,0.2467918203997886,0.25245546292115817,0.021412942360245133,0.06546870710964538,0.08062644906720617
m05_joint_production_wealth,inv_w0.25_s0.35,ou_35,178,0.6604977965375597,0.6455359798910608,0.23348194070742687,0.2263347334633069,0.05355631255848699,0.033705618499318184,0.5909555530066315
m05_joint_production_wealth,inv_w0.25_s0.35,btts,156,0.6640138426552225,0.6592616234604256,0.23556803567272552,0.23324959819567326,0.05916034480674965,0.037558440538183614,0.08677476132151984
m05_joint_production_wealth,inv_w0.25_s0.50,1x2,1560,0.6109551683161656,0.6123176118070058,0.2106942734319827,0.21123299931682585,0.008694032631219416,0.013663985325952959,0.10135572433061313
m05_joint_production_wealth,inv_w0.25_s0.50,ou_05,0,NaN,NaN,NaN,NaN,NaN,NaN,NaN
m05_joint_production_wealth,inv_w0.25_s0.50,ou_15,116,0.5719379331357509,0.5785496986547277,0.19155072039804819,0.19372443296377037,0.08083186850591673,0.03517861886821262,0.21689122919228843
m05_joint_production_wealth,inv_w0.25_s0.50,ou_25,432,0.6887027233998182,0.6985069307120938,0.2477640903235057,0.25245546292115817,0.022990822928327687,0.06546870710964538,0.08110884000257679
m05_joint_production_wealth,inv_w0.25_s0.50,ou_35,178,0.6567261195351275,0.6455359798910608,0.23180626588111328,0.2263347334633069,0.048955850172294015,0.033705618499318184,0.5883748430920842
m05_joint_production_wealth,inv_w0.25_s0.50,btts,156,0.6639964002415935,0.6592616234604256,0.2355556741671431,0.23324959819567326,0.07168828957657696,0.037558440538183614,0.07301605223818408
m05_joint_production_wealth,inv_w0.25_s0.75,1x2,1560,0.6108541205676021,0.6123176118070058,0.21065897568298234,0.21123299931682585,0.00693374897242561,0.013663985325952959,0.09010062225263393
m05_joint_production_wealth,inv_w0.25_s0.75,ou_05,0,NaN,NaN,NaN,NaN,NaN,NaN,NaN
m05_joint_production_wealth,inv_w0.25_s0.75,ou_15,116,0.5738233343750554,0.5785496986547277,0.1922533042383026,0.19372443296377037,0.06964955427140589,0.03517861886821262,0.21767202518909234
m05_joint_production_wealth,inv_w0.25_s0.75,ou_25,432,0.690546402304762,0.6985069307120938,0.24866086631021997,0.25245546292115817,0.0182562469386568,0.06546870710964538,0.12260256862662233
m05_joint_production_wealth,inv_w0.25_s0.75,ou_35,178,0.654002532324606,0.6455359798910608,0.2305506157322049,0.2263347334633069,0.053368736596091974,0.033705618499318184,0.19023554332159526
m05_joint_production_wealth,inv_w0.25_s0.75,btts,156,0.6637406320434476,0.6592616234604256,0.23542234868094206,0.23324959819567326,0.07129732345131021,0.037558440538183614,0.07290640270157811
m05_joint_production_wealth,inv_w0.25_s1.00,1x2,1560,0.61084434990582,0.6123176118070058,0.21065626343376828,0.21123299931682585,0.0059296246040125055,0.013663985325952959,0.19063313596778186
m05_joint_production_wealth,inv_w0.25_s1.00,ou_05,0,NaN,NaN,NaN,NaN,NaN,NaN,NaN
m05_joint_production_wealth,inv_w0.25_s1.00,ou_15,116,0.5747533597948438,0.5785496986547277,0.19258442880131027,0.19372443296377037,0.05294126957527132,0.03517861886821262,0.2179456664636371
m05_joint_production_wealth,inv_w0.25_s1.00,ou_25,432,0.6913878640548659,0.6985069307120938,0.24906967394453405,0.25245546292115817,0.027656240586456136,0.06546870710964538,0.12482439097703757
m05_joint_production_wealth,inv_w0.25_s1.00,ou_35,178,0.652918837352473,0.6455359798910608,0.23003943287460416,0.2263347334633069,0.04591211156828322,0.033705618499318184,0.18576385863589112
m05_joint_production_wealth,inv_w0.25_s1.00,btts,156,0.6635821567908773,0.6592616234604256,0.23534134725404818,0.23324959819567326,0.07072667969649056,0.037558440538183614,0.07227215330586567
m05_joint_production_wealth,inv_w0.40_s0.15,1x2,1560,0.6137584800874124,0.6123176118070058,0.21192820423155576,0.21123299931682585,0.020729468507695505,0.013663985325952959,0.10654174637685188
m05_joint_production_wealth,inv_w0.40_s0.15,ou_05,0,NaN,NaN,NaN,NaN,NaN,NaN,NaN
m05_joint_production_wealth,inv_w0.40_s0.15,ou_15,116,0.5704238645189164,0.5785496986547277,0.19106205616733163,0.19372443296377037,0.0282699658134767,0.03517861886821262,0.11209250969545081
m05_joint_production_wealth,inv_w0.40_s0.15,ou_25,432,0.6853173772112287,0.6985069307120938,0.2461269166669147,0.25245546292115817,0.0038924517161056404,0.06546870710964538,0.023290780475081596
m05_joint_production_wealth,inv_w0.40_s0.15,ou_35,178,0.6685905396237255,0.6455359798910608,0.23701216201856296,0.2263347334633069,0.06793226606371645,0.033705618499318184,0.19995789729523383
m05_joint_production_wealth,inv_w0.40_s0.15,btts,156,0.6662651682167692,0.6592616234604256,0.23668556060342125,0.23324959819567326,0.05021387962210959,0.037558440538183614,0.05926828779043447
m05_joint_production_wealth,inv_w0.40_s0.25,1x2,1560,0.6123636358301073,0.6123176118070058,0.2112971426074442,0.21123299931682585,0.014703297378965806,0.013663985325952959,0.04718919272786859
m05_joint_production_wealth,inv_w0.40_s0.25,ou_05,0,NaN,NaN,NaN,NaN,NaN,NaN,NaN
m05_joint_production_wealth,inv_w0.40_s0.25,ou_15,116,0.5696882454355292,0.5785496986547277,0.19071042782488598,0.19372443296377037,0.03886451438897262,0.03517861886821262,0.18475253880286174
m05_joint_production_wealth,inv_w0.40_s0.25,ou_25,432,0.6849785940401566,0.6985069307120938,0.24595391686554963,0.25245546292115817,0.009313408783236313,0.06546870710964538,0.024028092967376402
m05_joint_production_wealth,inv_w0.40_s0.25,ou_35,178,0.6654460487526196,0.6455359798910608,0.23565566123010384,0.2263347334633069,0.06423991454140411,0.033705618499318184,0.1994944007532965
m05_joint_production_wealth,inv_w0.40_s0.25,btts,156,0.6650974553666342,0.6592616234604256,0.23610506353690447,0.23324959819567326,0.04808210113195152,0.037558440538183614,0.051732224941460236
m05_joint_production_wealth,inv_w0.40_s0.35,1x2,1560,0.6116761820841222,0.6123176118070058,0.2110026130914499,0.21123299931682585,0.010185072114948835,0.013663985325952959,0.04806865755292389
m05_joint_production_wealth,inv_w0.40_s0.35,ou_05,0,NaN,NaN,NaN,NaN,NaN,NaN,NaN
m05_joint_production_wealth,inv_w0.40_s0.35,ou_15,116,0.5704064705733932,0.5785496986547277,0.19097364611039835,0.19372443296377037,0.06686288540734428,0.03517861886821262,0.1898161982835465
m05_joint_production_wealth,inv_w0.40_s0.35,ou_25,432,0.6859710491941269,0.6985069307120938,0.2464353533395655,0.25245546292115817,0.009842537523830451,0.06546870710964538,0.022851916142549777
m05_joint_production_wealth,inv_w0.40_s0.35,ou_35,178,0.6622295158063595,0.6455359798910608,0.23428436869137367,0.2263347334633069,0.0561245292340758,0.033705618499318184,0.5973912251251274
m05_joint_production_wealth,inv_w0.40_s0.35,btts,156,0.6652285417888857,0.6592616234604256,0.2361682371625183,0.23324959819567326,0.060049781431667754,0.037558440538183614,0.06186032839846001
m05_joint_production_wealth,inv_w0.40_s0.50,1x2,1560,0.6112423998440288,0.6123176118070058,0.21082489437737262,0.21123299931682585,0.00674975414226536,0.013663985325952959,0.2780907531091097
m05_joint_production_wealth,inv_w0.40_s0.50,ou_05,0,NaN,NaN,NaN,NaN,NaN,NaN,NaN
m05_joint_production_wealth,inv_w0.40_s0.50,ou_15,116,0.5717943607789662,0.5785496986547277,0.19151286903064,0.19372443296377037,0.053409299979393594,0.03517861886821262,0.192477703243777
m05_joint_production_wealth,inv_w0.40_s0.50,ou_25,432,0.6874395900347479,0.6985069307120938,0.24715094839010768,0.25245546292115817,0.00545109218099501,0.06546870710964538,0.07503748825861778
m05_joint_production_wealth,inv_w0.40_s0.50,ou_35,178,0.6592118592727155,0.6455359798910608,0.23296450578805414,0.2263347334633069,0.052702802684657934,0.033705618499318184,0.5895772308235057
m05_joint_production_wealth,inv_w0.40_s0.50,btts,156,0.6652422775566379,0.6592616234604256,0.2361724100981042,0.23324959819567326,0.059903835787896556,0.037558440538183614,0.06198169292187128
m05_joint_production_wealth,inv_w0.40_s0.75,1x2,1560,0.6110147090292939,0.6123176118070058,0.21073450349313325,0.21123299931682585,0.007651379805819489,0.013663985325952959,0.2396310835000932
m05_joint_production_wealth,inv_w0.40_s0.75,ou_05,0,NaN,NaN,NaN,NaN,NaN,NaN,NaN
m05_joint_production_wealth,inv_w0.40_s0.75,ou_15,116,0.573232383400406,0.5785496986547277,0.19205959555435706,0.19372443296377037,0.052786915419125446,0.03517861886821262,0.19262136807626068
m05_joint_production_wealth,inv_w0.40_s0.75,ou_25,432,0.68878951012812,0.6985069307120938,0.24781028299183167,0.25245546292115817,0.007992451326328427,0.06546870710964538,0.11535461236757433
m05_joint_production_wealth,inv_w0.40_s0.75,ou_35,178,0.6570060313111697,0.6455359798910608,0.23197163166170834,0.2263347334633069,0.05009133030470083,0.033705618499318184,0.5837162359791785
m05_joint_production_wealth,inv_w0.40_s0.75,btts,156,0.6650602195456307,0.6592616234604256,0.2360775050191532,0.23324959819567326,0.060042005764460386,0.037558440538183614,0.06797281004807532
m05_joint_production_wealth,inv_w0.40_s1.00,1x2,1560,0.6109427469374911,0.6123176118070058,0.21070623772900282,0.21123299931682585,0.0072070217632026826,0.013663985325952959,0.09055664020150206
m05_joint_production_wealth,inv_w0.40_s1.00,ou_05,0,NaN,NaN,NaN,NaN,NaN,NaN,NaN
m05_joint_production_wealth,inv_w0.40_s1.00,ou_15,116,0.5739282833847088,0.5785496986547277,0.19231673243813238,0.19372443296377037,0.04214491383666414,0.03517861886821262,0.14893299089332487
m05_joint_production_wealth,inv_w0.40_s1.00,ou_25,432,0.6894032761481128,0.6985069307120938,0.24811030400089512,0.25245546292115817,0.007914127777992845,0.06546870710964538,0.11661486542909172
m05_joint_production_wealth,inv_w0.40_s1.00,ou_35,178,0.6561152658055647,0.6455359798910608,0.2315632769371243,0.2263347334633069,0.04899062974843555,0.033705618499318184,0.5887514928423349
m05_joint_production_wealth,inv_w0.40_s1.00,btts,156,0.6649387366310956,0.6592616234604256,0.2360149937678324,0.23324959819567326,0.0724083464190988,0.037558440538183614,0.09672637934082717
m05_joint_production_wealth,inv_w0.55_s0.15,1x2,1560,0.6142522343388533,0.6123176118070058,0.2121584851759915,0.21123299931682585,0.019153951182337075,0.013663985325952959,0.10353163355635409
m05_joint_production_wealth,inv_w0.55_s0.15,ou_05,0,NaN,NaN,NaN,NaN,NaN,NaN,NaN
m05_joint_production_wealth,inv_w0.55_s0.15,ou_15,116,0.5706146511400549,0.5785496986547277,0.1911482620058818,0.19372443296377037,0.02829488324856984,0.03517861886821262,0.11274784583334285
m05_joint_production_wealth,inv_w0.55_s0.15,ou_25,432,0.6849747353638681,0.6985069307120938,0.24595613495377772,0.25245546292115817,0.008646639105229658,0.06546870710964538,0.055902524479739535
m05_joint_production_wealth,inv_w0.55_s0.15,ou_35,178,0.6687347018623591,0.6455359798910608,0.23711403189189703,0.2263347334633069,0.06342466792741101,0.033705618499318184,0.0941765000257711
m05_joint_production_wealth,inv_w0.55_s0.15,btts,156,0.667329414048248,0.6592616234604256,0.23721421619329994,0.23324959819567326,0.050521543075825445,0.037558440538183614,0.055035426302876944
m05_joint_production_wealth,inv_w0.55_s0.25,1x2,1560,0.6130315159760821,0.6123176118070058,0.2116054960832536,0.21123299931682585,0.01645090419431142,0.013663985325952959,0.13411405251395303
m05_joint_production_wealth,inv_w0.55_s0.25,ou_05,0,NaN,NaN,NaN,NaN,NaN,NaN,NaN
m05_joint_production_wealth,inv_w0.55_s0.25,ou_15,116,0.5700863088619774,0.5785496986547277,0.190889486720201,0.19372443296377037,0.02853424021953918,0.03517861886821262,0.1155062846112665
m05_joint_production_wealth,inv_w0.55_s0.25,ou_25,432,0.6846787284785373,0.6985069307120938,0.24580639374352004,0.25245546292115817,0.018775049393618966,0.06546870710964538,0.05685405438728919
m05_joint_production_wealth,inv_w0.55_s0.25,ou_35,178,0.6663803756604637,0.6455359798910608,0.23610227069262815,0.2263347334633069,0.060854549467646346,0.033705618499318184,0.07471557507693016
m05_joint_production_wealth,inv_w0.55_s0.25,btts,156,0.6664129764398055,0.6592616234604256,0.2367573587835736,0.23324959819567326,0.04886322046615892,0.037558440538183614,0.056037439004168355
m05_joint_production_wealth,inv_w0.55_s0.35,1x2,1560,0.6123733229492441,0.6123176118070058,0.2113191031450043,0.21123299931682585,0.016526675528443485,0.013663985325952959,0.055529493649495776
m05_joint_production_wealth,inv_w0.55_s0.35,ou_05,0,NaN,NaN,NaN,NaN,NaN,NaN,NaN
m05_joint_production_wealth,inv_w0.55_s0.35,ou_15,116,0.570644257895577,0.5785496986547277,0.1910894532468755,0.19372443296377037,0.0667177658955931,0.03517861886821262,0.18849038848724042
m05_joint_production_wealth,inv_w0.55_s0.35,ou_25,432,0.6853524670300507,0.6985069307120938,0.24613327809517468,0.25245546292115817,0.01012934601337194,0.06546870710964538,0.05689992948561118
m05_joint_production_wealth,inv_w0.55_s0.35,ou_35,178,0.6639849254891901,0.6455359798910608,0.2350880351150893,0.2263347334633069,0.058304063424600185,0.033705618499318184,0.0641885656230256
m05_joint_production_wealth,inv_w0.55_s0.35,btts,156,0.6665098404545226,0.6592616234604256,0.23680364306997204,0.23324959819567326,0.061061026428738605,0.037558440538183614,0.06278479993202657
m05_joint_production_wealth,inv_w0.55_s0.50,1x2,1560,0.6119116356105336,0.6123176118070058,0.2111238361946816,0.21123299931682585,0.012904847851985205,0.013663985325952959,0.02990986717381572
m05_joint_production_wealth,inv_w0.55_s0.50,ou_05,0,NaN,NaN,NaN,NaN,NaN,NaN,NaN
m05_joint_production_wealth,inv_w0.55_s0.50,ou_15,116,0.5716738592633648,0.5785496986547277,0.19148830997607466,0.19372443296377037,0.06718512990651819,0.03517861886821262,0.19318703126421177
m05_joint_production_wealth,inv_w0.55_s0.50,ou_25,432,0.6863621838071249,0.6985069307120938,0.2466259573641592,0.25245546292115817,0.010643224006430465,0.06546870710964538,0.05636284399370728
m05_joint_production_wealth,inv_w0.55_s0.50,ou_35,178,0.6617400271191964,0.6455359798910608,0.23412072033419837,0.2263347334633069,0.05592794903899978,0.033705618499318184,0.5981316243928515
m05_joint_production_wealth,inv_w0.55_s0.50,btts,156,0.6665400534506626,0.6592616234604256,0.23681692060637743,0.23324959819567326,0.06092658753185457,0.037558440538183614,0.06276452626412243
m05_joint_production_wealth,inv_w0.55_s0.75,1x2,1560,0.6116318427960857,0.6123176118070058,0.21100775304300817,0.21123299931682585,0.01253773530615533,0.013663985325952959,0.27718777779078807
m05_joint_production_wealth,inv_w0.55_s0.75,ou_05,0,NaN,NaN,NaN,NaN,NaN,NaN,NaN
m05_joint_production_wealth,inv_w0.55_s0.75,ou_15,116,0.5727082492048268,0.5785496986547277,0.19188745179149863,0.19372443296377037,0.049776347486670584,0.03517861886821262,0.18857797138774787
m05_joint_production_wealth,inv_w0.55_s0.75,ou_25,432,0.6872894249488964,0.6985069307120938,0.24707991762479242,0.25245546292115817,0.018792394053071565,0.06546870710964538,0.028226331782930936
m05_joint_production_wealth,inv_w0.55_s0.75,ou_35,178,0.6600902032760197,0.6455359798910608,0.23339501690254277,0.2263347334633069,0.05413771700416505,0.033705618499318184,0.59449811699768
m05_joint_production_wealth,inv_w0.55_s0.75,btts,156,0.6664203438677944,0.6592616234604256,0.2367547837562625,0.23324959819567326,0.061096923606750654,0.037558440538183614,0.09297477295909606
m05_joint_production_wealth,inv_w0.55_s1.00,1x2,1560,0.6115303144053418,0.6123176118070058,0.21096600833343765,0.21123299931682585,0.013106462854560403,0.013663985325952959,0.2651802623625673
m05_joint_production_wealth,inv_w0.55_s1.00,ou_05,0,NaN,NaN,NaN,NaN,NaN,NaN,NaN
m05_joint_production_wealth,inv_w0.55_s1.00,ou_15,116,0.5731993585955496,0.5785496986547277,0.19207422956880016,0.19372443296377037,0.059962596563813524,0.03517861886821262,0.19166686907755565
m05_joint_production_wealth,inv_w0.55_s1.00,ou_25,432,0.6877100208326686,0.6985069307120938,0.24728621035051712,0.25245546292115817,0.014398828725332461,0.06546870710964538,0.028835175909159183
m05_joint_production_wealth,inv_w0.55_s1.00,ou_35,178,0.6594185880269628,0.6455359798910608,0.23309560136218266,0.2263347334633069,0.05338960274313533,0.033705618499318184,0.5930090266434169
m05_joint_production_wealth,inv_w0.55_s1.00,btts,156,0.6663332060655721,0.6592616234604256,0.236709970218659,0.23324959819567326,0.061161006466219324,0.037558440538183614,0.06320760136584702
m05_joint_production_wealth,inv_w0.70_s0.15,1x2,1560,0.6148210525005173,0.6123176118070058,0.2124228473940967,0.21123299931682585,0.02086247426381327,0.013663985325952959,0.395589027697536
m05_joint_production_wealth,inv_w0.70_s0.15,ou_05,0,NaN,NaN,NaN,NaN,NaN,NaN,NaN
m05_joint_production_wealth,inv_w0.70_s0.15,ou_15,116,0.570831208635716,0.5785496986547277,0.1912428861294131,0.19372443296377037,0.04210746049385754,0.03517861886821262,0.1442158462789759
m05_joint_production_wealth,inv_w0.70_s0.15,ou_25,432,0.6846623877451391,0.6985069307120938,0.24580002127176942,0.25245546292115817,0.02257045372694809,0.06546870710964538,0.08305898853714377
m05_joint_production_wealth,inv_w0.70_s0.15,ou_35,178,0.6688921174233842,0.6455359798910608,0.2372201983814752,0.2263347334633069,0.06326947873576755,0.033705618499318184,0.07771325948093444
m05_joint_production_wealth,inv_w0.70_s0.15,btts,156,0.6684307473111645,0.6592616234604256,0.23776203826751763,0.23324959819567326,0.0508806450822108,0.037558440538183614,0.05517239146399622
m05_joint_production_wealth,inv_w0.70_s0.25,1x2,1560,0.6138913542697765,0.6123176118070058,0.21200093471276088,0.21123299931682585,0.017142647058835652,0.013663985325952959,0.056904251029218145
m05_joint_production_wealth,inv_w0.70_s0.25,ou_05,0,NaN,NaN,NaN,NaN,NaN,NaN,NaN
m05_joint_production_wealth,inv_w0.70_s0.25,ou_15,116,0.5704955135144022,0.5785496986547277,0.1910742243752257,0.19372443296377037,0.03535898360832125,0.03517861886821262,0.11521414895869214
m05_joint_production_wealth,inv_w0.70_s0.25,ou_25,432,0.6844377935749484,0.6985069307120938,0.24568721413182726,0.25245546292115817,0.01864360743833744,0.06546870710964538,0.11694434039396628
m05_joint_production_wealth,inv_w0.70_s0.25,ou_35,178,0.6673277851275705,0.6455359798910608,0.23655051705305752,0.2263347334633069,0.061683269413694085,0.033705618499318184,0.07529838408639894
m05_joint_production_wealth,inv_w0.70_s0.25,btts,156,0.6677933104235704,0.6592616234604256,0.237443498570009,0.23324959819567326,0.04973584179141726,0.037558440538183614,0.09527596734009125
m05_joint_production_wealth,inv_w0.70_s0.35,1x2,1560,0.6133579819964524,0.6123176118070058,0.21176599796722126,0.21123299931682585,0.018697233897775372,0.013663985325952959,0.0823249390720257
m05_joint_production_wealth,inv_w0.70_s0.35,ou_05,0,NaN,NaN,NaN,NaN,NaN,NaN,NaN
m05_joint_production_wealth,inv_w0.70_s0.35,ou_15,116,0.5708822220222693,0.5785496986547277,0.19120999344441011,0.19372443296377037,0.045952383631834154,0.03517861886821262,0.1873608526534269
m05_joint_production_wealth,inv_w0.70_s0.35,ou_25,432,0.6848419101569455,0.6985069307120938,0.24588325414704457,0.25245546292115817,0.019094739033662766,0.06546870710964538,0.05782923950876284
m05_joint_production_wealth,inv_w0.70_s0.35,ou_35,178,0.6657480874402155,0.6455359798910608,0.235886115213298,0.2263347334633069,0.06009751255494047,0.033705618499318184,0.06287499248643458
m05_joint_production_wealth,inv_w0.70_s0.35,btts,156,0.667856539331188,0.6592616234604256,0.2374734794206018,0.23324959819567326,0.049315222013303676,0.037558440538183614,0.09475829624913235
m05_joint_production_wealth,inv_w0.70_s0.50,1x2,1560,0.6129599155495322,0.6123176118070058,0.21159388488101089,0.21123299931682585,0.017720803667429154,0.013663985325952959,0.09413262956732522
m05_joint_production_wealth,inv_w0.70_s0.50,ou_05,0,NaN,NaN,NaN,NaN,NaN,NaN,NaN
m05_joint_production_wealth,inv_w0.70_s0.50,ou_15,116,0.5715646278573063,0.5785496986547277,0.19147311071244058,0.19372443296377037,0.07383750630949197,0.03517861886821262,0.19037852197120342
m05_joint_production_wealth,inv_w0.70_s0.50,ou_25,432,0.6854579104964257,0.6985069307120938,0.24618399673057562,0.25245546292115817,0.01953824382205609,0.06546870710964538,0.058011729170630355
m05_joint_production_wealth,inv_w0.70_s0.50,ou_35,178,0.6642749521558678,0.6455359798910608,0.23526022761621043,0.2263347334633069,0.05863760069295047,0.033705618499318184,0.06395744100782186
m05_joint_production_wealth,inv_w0.70_s0.50,btts,156,0.6678892249139063,0.6592616234604256,0.23748874262600836,0.23324959819567326,0.062086564667650654,0.037558440538183614,0.09438490029093427
m05_joint_production_wealth,inv_w0.70_s0.75,1x2,1560,0.6127013410168248,0.6123176118070058,0.21148344753392348,0.21123299931682585,0.017083087559166606,0.013663985325952959,0.04230115217944885
m05_joint_production_wealth,inv_w0.70_s0.75,ou_05,0,NaN,NaN,NaN,NaN,NaN,NaN,NaN
m05_joint_production_wealth,inv_w0.70_s0.75,ou_15,116,0.5722299585503652,0.5785496986547277,0.19173240573059147,0.19372443296377037,0.049912414340090874,0.03517861886821262,0.18546016035600446
m05_joint_production_wealth,inv_w0.70_s0.75,ou_25,432,0.6860243231093719,0.6985069307120938,0.24646153884392413,0.25245546292115817,0.015231054617212492,0.06546870710964538,0.058181588963376885
m05_joint_production_wealth,inv_w0.70_s0.75,ou_35,178,0.6631930139668604,0.6455359798910608,0.23479452502964349,0.2263347334633069,0.0575531346918957,0.033705618499318184,0.062329333705270384
m05_joint_production_wealth,inv_w0.70_s0.75,btts,156,0.6678205639494441,0.6592616234604256,0.23745342480162274,0.23324959819567326,0.062191873169709685,0.037558440538183614,0.09415155456772206
m05_joint_production_wealth,inv_w0.70_s1.00,1x2,1560,0.6126022566006021,0.6123176118070058,0.2114414034122757,0.21123299931682585,0.017702293746112974,0.013663985325952959,0.04397402777172804
m05_joint_production_wealth,inv_w0.70_s1.00,ou_05,0,NaN,NaN,NaN,NaN,NaN,NaN,NaN
m05_joint_production_wealth,inv_w0.70_s1.00,ou_15,116,0.5725400017839821,0.5785496986547277,0.19185283545112725,0.19372443296377037,0.04987885034641575,0.03517861886821262,0.18562828167987833
m05_joint_production_wealth,inv_w0.70_s1.00,ou_25,432,0.6862810547332634,0.6985069307120938,0.24658760189585893,0.25245546292115817,0.01536465100205964,0.06546870710964538,0.05825610149323601
m05_joint_production_wealth,inv_w0.70_s1.00,ou_35,178,0.6627515071203344,0.6455359798910608,0.23460283702166745,0.2263347334633069,0.0571043063131431,0.033705618499318184,0.0659745805030944
m05_joint_production_wealth,inv_w0.70_s1.00,btts,156,0.6677652727606277,0.6592616234604256,0.23742520016741467,0.23324959819567326,0.0622750468484551,0.037558440538183614,0.09406371474561792
m05_joint_production_wealth,inv_w0.85_s0.15,1x2,1560,0.615464471996145,0.6123176118070058,0.21272116944755481,0.21123299931682585,0.02310954575358315,0.013663985325952959,0.395736343059672
m05_joint_production_wealth,inv_w0.85_s0.15,ou_05,0,NaN,NaN,NaN,NaN,NaN,NaN,NaN
m05_joint_production_wealth,inv_w0.85_s0.15,ou_15,116,0.5710732285601213,0.5785496986547277,0.1913458055516157,0.19372443296377037,0.04217405434827216,0.03517861886821262,0.14276313367318846
m05_joint_production_wealth,inv_w0.85_s0.15,ou_25,432,0.6843803213767458,0.6985069307120938,0.2456585928189663,0.25245546292115817,0.027024587925515715,0.06546870710964538,0.16358538363178277
m05_joint_production_wealth,inv_w0.85_s0.15,ou_35,178,0.6690622442750694,0.6455359798910608,0.23733034770586006,0.2263347334633069,0.07202082035183324,0.033705618499318184,0.4025898219169105
m05_joint_production_wealth,inv_w0.85_s0.15,btts,156,0.6695684177431926,0.6592616234604256,0.23832857177560443,0.23324959819567326,0.0512909865092715,0.037558440538183614,0.07673866776991922
m05_joint_production_wealth,inv_w0.85_s0.25,1x2,1560,0.6149419477245676,0.6123176118070058,0.21248357630723638,0.21123299931682585,0.020933920057051712,0.013663985325952959,0.38967335070210185
m05_joint_production_wealth,inv_w0.85_s0.25,ou_05,0,NaN,NaN,NaN,NaN,NaN,NaN,NaN
m05_joint_production_wealth,inv_w0.85_s0.25,ou_15,116,0.5709140698247666,0.5785496986547277,0.19126366234953127,0.19372443296377037,0.03532691328616169,0.03517861886821262,0.11503910484273838
m05_joint_production_wealth,inv_w0.85_s0.25,ou_25,432,0.6842546568044904,0.6985069307120938,0.24559584173040697,0.25245546292115817,0.02743845459444964,0.06546870710964538,0.18797846305830213
m05_joint_production_wealth,inv_w0.85_s0.25,ou_35,178,0.6682837703944908,0.6455359798910608,0.23699836661229723,0.2263347334633069,0.0712521567362994,0.033705618499318184,0.40085652827805496
m05_joint_production_wealth,inv_w0.85_s0.25,btts,156,0.66923677301309,0.6592616234604256,0.23816249983949073,0.23324959819567326,0.05069918323271521,0.037558440538183614,0.07668703868410587
m05_joint_production_wealth,inv_w0.85_s0.35,1x2,1560,0.6146282089625753,0.6123176118070058,0.21234400888079863,0.21123299931682585,0.021275421117077652,0.013663985325952959,0.38754885130103456
m05_joint_production_wealth,inv_w0.85_s0.35,ou_05,0,NaN,NaN,NaN,NaN,NaN,NaN,NaN
m05_joint_production_wealth,inv_w0.85_s0.35,ou_15,116,0.5711156127281506,0.5785496986547277,0.1913331116821204,0.19372443296377037,0.03551231658651995,0.03517861886821262,0.11645754954719406
m05_joint_production_wealth,inv_w0.85_s0.35,ou_25,432,0.6844350590000327,0.6985069307120938,0.24568332063351586,0.25245546292115817,0.0323928780719365,0.06546870710964538,0.16500293083658135
m05_joint_production_wealth,inv_w0.85_s0.35,ou_35,178,0.6675052260905828,0.6455359798910608,0.23667300655893567,0.2263347334633069,0.0705028478712284,0.033705618499318184,0.4002752703942599
m05_joint_production_wealth,inv_w0.85_s0.35,btts,156,0.6692674997296043,0.6592616234604256,0.23817697069528102,0.23324959819567326,0.050478368206023395,0.037558440538183614,0.09551901745674973
m05_joint_production_wealth,inv_w0.85_s0.50,1x2,1560,0.614384307776736,0.6123176118070058,0.2122367933816063,0.21123299931682585,0.022086533156183384,0.013663985325952959,0.37817818978822704
m05_joint_production_wealth,inv_w0.85_s0.50,ou_05,0,NaN,NaN,NaN,NaN,NaN,NaN,NaN
m05_joint_production_wealth,inv_w0.85_s0.50,ou_15,116,0.5714563599749853,0.5785496986547277,0.19146368087199692,0.19372443296377037,0.035731137973310935,0.03517861886821262,0.11803472524105646
m05_joint_production_wealth,inv_w0.85_s0.50,ou_25,432,0.6847162212594805,0.6985069307120938,0.24582057598426685,0.25245546292115817,0.032671376193694014,0.06546870710964538,0.16546704479841212
m05_joint_production_wealth,inv_w0.85_s0.50,ou_35,178,0.6667854157596882,0.6455359798910608,0.23637116213075327,0.2263347334633069,0.06083870785236784,0.033705618499318184,0.08273852111666141
m05_joint_production_wealth,inv_w0.85_s0.50,btts,156,0.6692896717415088,0.6592616234604256,0.23818758914602858,0.23324959819567326,0.05045498816942446,0.037558440538183614,0.09533955953012807
m05_joint_production_wealth,inv_w0.85_s0.75,1x2,1560,0.6142192457079956,0.6123176118070058,0.21216475649870103,0.21123299931682585,0.023041386495196232,0.013663985325952959,0.051170423164575374
m05_joint_production_wealth,inv_w0.85_s0.75,ou_05,0,NaN,NaN,NaN,NaN,NaN,NaN,NaN
m05_joint_production_wealth,inv_w0.85_s0.75,ou_15,116,0.5717791581627852,0.5785496986547277,0.19159016614014363,0.19372443296377037,0.04624119809536207,0.03517861886821262,0.1891263161138388
m05_joint_production_wealth,inv_w0.85_s0.75,ou_25,432,0.6849757350991742,0.6985069307120938,0.2459476866531922,0.25245546292115817,0.03747988675239042,0.06546870710964538,0.1657937063191801
m05_joint_production_wealth,inv_w0.85_s0.75,ou_35,178,0.6662600482273595,0.6455359798910608,0.2361494946269745,0.2263347334633069,0.0603493115461768,0.033705618499318184,0.08243576645563366
m05_joint_production_wealth,inv_w0.85_s0.75,btts,156,0.6692608717977865,0.6592616234604256,0.23817298760882616,0.23324959819567326,0.050526468555158174,0.037558440538183614,0.09522587045632058
m05_joint_production_wealth,inv_w0.85_s1.00,1x2,1560,0.614154113136467,0.6123176118070058,0.2121364380338853,0.21123299931682585,0.024035783559238532,0.013663985325952959,0.11949515454598791
m05_joint_production_wealth,inv_w0.85_s1.00,ou_05,0,NaN,NaN,NaN,NaN,NaN,NaN,NaN
m05_joint_production_wealth,inv_w0.85_s1.00,ou_15,116,0.5719269020846418,0.5785496986547277,0.19164835908491143,0.19372443296377037,0.04629973279147241,0.03517861886821262,0.18967375586864804
m05_joint_production_wealth,inv_w0.85_s1.00,ou_25,432,0.6850934674036826,0.6985069307120938,0.24600545790068384,0.25245546292115817,0.0375554580023436,0.06546870710964538,0.1659240393486775
m05_joint_production_wealth,inv_w0.85_s1.00,ou_35,178,0.6660462159390762,0.6455359798910608,0.2360588880800524,0.2263347334633069,0.06014894465161833,0.033705618499318184,0.07510043681414508
m05_joint_production_wealth,inv_w0.85_s1.00,btts,156,0.6692347964277479,0.6592616234604256,0.23815985445134125,0.23324959819567326,0.050575367656539326,0.037558440538183614,0.09518280892310693
m05_joint_production_wealth,inv_w1.00_s0.15,1x2,1560,0.6161819750527245,0.6123176118070058,0.2130532774043965,0.21123299931682585,0.021523334779320908,0.013663985325952959,0.39588365808277426
m05_joint_production_wealth,inv_w1.00_s0.15,ou_05,0,NaN,NaN,NaN,NaN,NaN,NaN,NaN
m05_joint_production_wealth,inv_w1.00_s0.15,ou_15,116,0.5713403523133421,0.5785496986547277,0.19145687506718992,0.19372443296377037,0.03533114591740531,0.03517861886821262,0.20976079124631986
m05_joint_production_wealth,inv_w1.00_s0.15,ou_25,432,0.6841286369779422,0.6985069307120938,0.24553190443430936,0.25245546292115817,0.01749474487062707,0.06546870710964538,0.16159383771845182
m05_joint_production_wealth,inv_w1.00_s0.15,ou_35,178,0.6692447977841699,0.6455359798910608,0.23744430531351576,0.2263347334633069,0.07169008310253927,0.033705618499318184,0.40723856132796743
m05_joint_production_wealth,inv_w1.00_s0.15,btts,156,0.6707416600654655,0.6592616234604256,0.23891334941234918,0.23324959819567326,0.05175232609875618,0.037558440538183614,0.07888461086540799
m05_joint_production_wealth,std_w0.25_s0.15,1x2,1560,0.6116649271246437,0.6123176118070058,0.21108050603248357,0.21123299931682585,0.019620354719028756,0.013663985325952959,0.3161769479850076
m05_joint_production_wealth,std_w0.25_s0.15,ou_05,0,NaN,NaN,NaN,NaN,NaN,NaN,NaN
m05_joint_production_wealth,std_w0.25_s0.15,ou_15,116,0.5778172483537635,0.5785496986547277,0.19365654789915435,0.19372443296377037,0.04709111026470798,0.03517861886821262,0.19006276329527305
m05_joint_production_wealth,std_w0.25_s0.15,ou_25,432,0.6910342641246129,0.6985069307120938,0.2488802275187903,0.25245546292115817,0.030625408011295017,0.06546870710964538,0.1224471211476495
m05_joint_production_wealth,std_w0.25_s0.15,ou_35,178,0.6530927293182146,0.6455359798910608,0.2301841838808779,0.2263347334633069,0.042909475675457415,0.033705618499318184,0.24440435225427082
m05_joint_production_wealth,std_w0.25_s0.15,btts,156,0.6687823364542641,0.6592616234604256,0.23789895904093641,0.23324959819567326,0.057557192148721174,0.037558440538183614,0.07082438384270129
m05_joint_production_wealth,std_w0.25_s0.25,1x2,1560,0.6125900215684424,0.6123176118070058,0.2114845632842572,0.21123299931682585,0.01876289919376583,0.013663985325952959,0.7812647445788494
m05_joint_production_wealth,std_w0.25_s0.25,ou_05,0,NaN,NaN,NaN,NaN,NaN,NaN,NaN
m05_joint_production_wealth,std_w0.25_s0.25,ou_15,116,0.5786852451904837,0.5785496986547277,0.19404397193629977,0.19372443296377037,0.03946856323961576,0.03517861886821262,0.2409123052922599
m05_joint_production_wealth,std_w0.25_s0.25,ou_25,432,0.690318562378438,0.6985069307120938,0.24855714283435942,0.25245546292115817,0.028689809503640536,0.06546870710964538,0.11744152043252765
m05_joint_production_wealth,std_w0.25_s0.25,ou_35,178,0.6566537446566463,0.6455359798910608,0.23188467647276267,0.2263347334633069,0.05439093455208236,0.033705618499318184,0.08286811897226798
m05_joint_production_wealth,std_w0.25_s0.25,btts,156,0.6706678279216813,0.6592616234604256,0.2388525468362247,0.23324959819567326,0.04705706776113307,0.037558440538183614,0.05089852893006863
m05_joint_production_wealth,std_w0.25_s0.35,1x2,1560,0.6135105191435208,0.6123176118070058,0.21188432568572751,0.21123299931682585,0.019868195873251292,0.013663985325952959,0.25140957277723364
m05_joint_production_wealth,std_w0.25_s0.35,ou_05,0,NaN,NaN,NaN,NaN,NaN,NaN,NaN
m05_joint_production_wealth,std_w0.25_s0.35,ou_15,116,0.5772196973926897,0.5785496986547277,0.19361401627405508,0.19372443296377037,0.040162761254797466,0.03517861886821262,0.23808670621607736
m05_joint_production_wealth,std_w0.25_s0.35,ou_25,432,0.6886420978967794,0.6985069307120938,0.24774835865066272,0.25245546292115817,0.022355458624759787,0.06546870710964538,0.06742001928322366
m05_joint_production_wealth,std_w0.25_s0.35,ou_35,178,0.6604718946251454,0.6455359798910608,0.23364176829938751,0.2263347334633069,0.053897451877024764,0.033705618499318184,0.08976864609761082
m05_joint_production_wealth,std_w0.25_s0.35,btts,156,0.6706147276008085,0.6592616234604256,0.23883944982115596,0.23324959819567326,0.04901239240975456,0.037558440538183614,0.07462990851438833
m05_joint_production_wealth,std_w0.25_s0.50,1x2,1560,0.6144725993850001,0.6123176118070058,0.2123037801866628,0.21123299931682585,0.023371054139144816,0.013663985325952959,0.3016702183868612
m05_joint_production_wealth,std_w0.25_s0.50,ou_05,0,NaN,NaN,NaN,NaN,NaN,NaN,NaN
m05_joint_production_wealth,std_w0.25_s0.50,ou_15,116,0.5750342252327648,0.5785496986547277,0.19286599332455653,0.19372443296377037,0.04267070515397633,0.03517861886821262,0.2361116739886155
m05_joint_production_wealth,std_w0.25_s0.50,ou_25,432,0.6868943695093693,0.6985069307120938,0.24689198517484434,0.25245546292115817,0.019399088395709533,0.06546870710964538,0.08857873527899973
m05_joint_production_wealth,std_w0.25_s0.50,ou_35,178,0.6641089351290378,0.6455359798910608,0.23525814737764322,0.2263347334633069,0.06684690069519483,0.033705618499318184,0.4055446567667199
m05_joint_production_wealth,std_w0.25_s0.50,btts,156,0.6704035026541424,0.6592616234604256,0.2387392117010848,0.23324959819567326,0.038150854675806346,0.037558440538183614,0.07582709490001671
m05_joint_production_wealth,std_w0.25_s0.75,1x2,1560,0.6152790774245855,0.6123176118070058,0.21265605508489022,0.21123299931682585,0.020682472025338103,0.013663985325952959,0.07189357946654074
m05_joint_production_wealth,std_w0.25_s0.75,ou_05,0,NaN,NaN,NaN,NaN,NaN,NaN,NaN
m05_joint_production_wealth,std_w0.25_s0.75,ou_15,116,0.5732031934806654,0.5785496986547277,0.1921864216208767,0.19372443296377037,0.02437093318323698,0.03517861886821262,0.1415053552482294
m05_joint_production_wealth,std_w0.25_s0.75,ou_25,432,0.6855357261582307,0.6985069307120938,0.24622340064469805,0.25245546292115817,0.01856670819152069,0.06546870710964538,0.16334377927667454
m05_joint_production_wealth,std_w0.25_s0.75,ou_35,178,0.6667456483507284,0.6455359798910608,0.2363943916442881,0.2263347334633069,0.06942253140143373,0.033705618499318184,0.406475040759934
m05_joint_production_wealth,std_w0.25_s0.75,btts,156,0.6704187061663256,0.6592616234604256,0.23875009531457086,0.23324959819567326,0.06508703516856748,0.037558440538183614,0.10157409476196178
m05_joint_production_wealth,std_w0.25_s1.00,1x2,1560,0.6156387857396587,0.6123176118070058,0.21281381477307598,0.21123299931682585,0.019758192943825456,0.013663985325952959,0.12075604335333123
m05_joint_production_wealth,std_w0.25_s1.00,ou_05,0,NaN,NaN,NaN,NaN,NaN,NaN,NaN
m05_joint_production_wealth,std_w0.25_s1.00,ou_15,116,0.5724330616134171,0.5785496986547277,0.19188900233413353,0.19372443296377037,0.03586868308578427,0.03517861886821262,0.2097836859799455
m05_joint_production_wealth,std_w0.25_s1.00,ou_25,432,0.6849613764117028,0.6985069307120938,0.24594084466426325,0.25245546292115817,0.018187035032648447,0.06546870710964538,0.16261463053424785
m05_joint_production_wealth,std_w0.25_s1.00,ou_35,178,0.6677973332794521,0.6455359798910608,0.23683936807458814,0.2263347334633069,0.07039464440510257,0.033705618499318184,0.40680695043681936
m05_joint_production_wealth,std_w0.25_s1.00,btts,156,0.670507352284776,0.6592616234604256,0.2387958255686373,0.23324959819567326,0.0521816357098238,0.037558440538183614,0.10171065095246334
m05_joint_production_wealth,std_w0.40_s0.15,1x2,1560,0.6119867375022259,0.6123176118070058,0.21121670035665993,0.21123299931682585,0.017978727208890235,0.013663985325952959,0.08533954471443206
m05_joint_production_wealth,std_w0.40_s0.15,ou_05,0,NaN,NaN,NaN,NaN,NaN,NaN,NaN
m05_joint_production_wealth,std_w0.40_s0.15,ou_15,116,0.5762752498070501,0.5785496986547277,0.19317664871219195,0.19372443296377037,0.03256545889203708,0.03517861886821262,0.18791192542765578
m05_joint_production_wealth,std_w0.40_s0.15,ou_25,432,0.6891120899616509,0.6985069307120938,0.2479585216121652,0.25245546292115817,0.024378885999030177,0.06546870710964538,0.1192700968789005
m05_joint_production_wealth,std_w0.40_s0.15,ou_35,178,0.6561365836700574,0.6455359798910608,0.23164090323029404,0.2263347334633069,0.04775620887930498,0.033705618499318184,0.24764809871002946
m05_joint_production_wealth,std_w0.40_s0.15,btts,156,0.6691887640290726,0.6592616234604256,0.23811070431589462,0.23324959819567326,0.04659836529851407,0.037558440538183614,0.06102662913404577
m05_joint_production_wealth,std_w0.40_s0.25,1x2,1560,0.6130468534860115,0.6123176118070058,0.21168189845766724,0.21123299931682585,0.021195439991795687,0.013663985325952959,0.2589070060485982
m05_joint_production_wealth,std_w0.40_s0.25,ou_05,0,NaN,NaN,NaN,NaN,NaN,NaN,NaN
m05_joint_production_wealth,std_w0.40_s0.25,ou_15,116,0.57697848293279,0.5785496986547277,0.19349368690210136,0.19372443296377037,0.0400153619012684,0.03517861886821262,0.23948157055836983
m05_joint_production_wealth,std_w0.40_s0.25,ou_25,432,0.6888006673700773,0.6985069307120938,0.2478199999481875,0.25245546292115817,0.01926801521211716,0.06546870710964538,0.11350726491265073
m05_joint_production_wealth,std_w0.40_s0.25,ou_35,178,0.6591234911392505,0.6455359798910608,0.2330312087348234,0.2263347334633069,0.0694797218312334,0.033705618499318184,0.2569616708276284
m05_joint_production_wealth,std_w0.40_s0.25,btts,156,0.6706662273906324,0.6592616234604256,0.23885672004225228,0.23324959819567326,0.048465257908405314,0.037558440538183614,0.05242467006256568
m05_joint_production_wealth,std_w0.40_s0.35,1x2,1560,0.6139259752055406,0.6123176118070058,0.21206455821921286,0.21123299931682585,0.02246220481805717,0.013663985325952959,0.2211146247625273
m05_joint_production_wealth,std_w0.40_s0.35,ou_05,0,NaN,NaN,NaN,NaN,NaN,NaN,NaN
m05_joint_production_wealth,std_w0.40_s0.35,ou_15,116,0.575893726486417,0.5785496986547277,0.19315729677737914,0.19372443296377037,0.04249261627052786,0.03517861886821262,0.23722831189099652
m05_joint_production_wealth,std_w0.40_s0.35,ou_25,432,0.687619629724418,0.6985069307120938,0.24724670505007643,0.25245546292115817,0.021910251529785922,0.06546870710964538,0.065117651519706
m05_joint_production_wealth,std_w0.40_s0.35,ou_35,178,0.6622389510734312,0.6455359798910608,0.234435413983844,0.2263347334633069,0.06118049710419364,0.033705618499318184,0.09559464405223755
m05_joint_production_wealth,std_w0.40_s0.35,btts,156,0.6706027442839743,0.6592616234604256,0.23883462972110828,0.23324959819567326,0.05006542443307586,0.037558440538183614,0.07515410603297179
m05_joint_production_wealth,std_w0.40_s0.50,1x2,1560,0.6147725962035062,0.6123176118070058,0.21243427853884325,0.21123299931682585,0.022836420429688576,0.013663985325952959,0.07672157259640655
m05_joint_production_wealth,std_w0.40_s0.50,ou_05,0,NaN,NaN,NaN,NaN,NaN,NaN,NaN
m05_joint_production_wealth,std_w0.40_s0.50,ou_15,116,0.5742346411231132,0.5785496986547277,0.19257119852611226,0.19372443296377037,0.015903666653804445,0.03517861886821262,0.14182862506114574
m05_joint_production_wealth,std_w0.40_s0.50,ou_25,432,0.6863042479453143,0.6985069307120938,0.24660128427005562,0.25245546292115817,0.014460526799221054,0.06546870710964538,0.16445827137966063
m05_joint_production_wealth,std_w0.40_s0.50,ou_35,178,0.6651548053707123,0.6455359798910608,0.2357127683507084,0.2263347334633069,0.06789475181939628,0.033705618499318184,0.4058826432534409
m05_joint_production_wealth,std_w0.40_s0.50,btts,156,0.6704444923406332,0.6592616234604256,0.23876063080143511,0.23324959819567326,0.03878662382720698,0.037558440538183614,0.07612357127914637
m05_joint_production_wealth,std_w0.40_s0.75,1x2,1560,0.6154490174679531,0.6123176118070058,0.21273043802651173,0.21123299931682585,0.019495288274391207,0.013663985325952959,0.13229152135297484
m05_joint_production_wealth,std_w0.40_s0.75,ou_05,0,NaN,NaN,NaN,NaN,NaN,NaN,NaN
m05_joint_production_wealth,std_w0.40_s0.75,ou_15,116,0.5728147151224111,0.5785496986547277,0.19203651331966773,0.19372443296377037,0.024340138257053365,0.03517861886821262,0.2097933094376296
m05_joint_production_wealth,std_w0.40_s0.75,ou_25,432,0.6852460413923483,0.6985069307120938,0.24608077318131463,0.25245546292115817,0.013766303524306765,0.06546870710964538,0.16299688995473527
m05_joint_production_wealth,std_w0.40_s0.75,ou_35,178,0.6672529821213424,0.6455359798910608,0.23660971023402566,0.2263347334633069,0.06989541649247172,0.033705618499318184,0.406627584124969
m05_joint_production_wealth,std_w0.40_s0.75,btts,156,0.6704742837676227,0.6592616234604256,0.23877858216660314,0.23324959819567326,0.05228616206005981,0.037558440538183614,0.10163843744441103
m05_joint_production_wealth,std_w0.40_s1.00,1x2,1560,0.6157437002996466,0.6123176118070058,0.21285991619794847,0.21123299931682585,0.020628981303320765,0.013663985325952959,0.36965724283672263
m05_joint_production_wealth,std_w0.40_s1.00,ou_05,0,NaN,NaN,NaN,NaN,NaN,NaN,NaN
m05_joint_production_wealth,std_w0.40_s1.00,ou_15,116,0.5722089750436855,0.5785496986547277,0.191801093669305,0.19372443296377037,0.03576128708663319,0.03517861886821262,0.20977909668962613
m05_joint_production_wealth,std_w0.40_s1.00,ou_25,432,0.6847920835130771,0.6985069307120938,0.24585758965069127,0.25245546292115817,0.018048811891049434,0.06546870710964538,0.1624115002805503
m05_joint_production_wealth,std_w0.40_s1.00,ou_35,178,0.6680898205653704,0.6455359798910608,0.23696233083241272,0.2263347334633069,0.07066034818762448,0.033705618499318184,0.40689322132212113
m05_joint_production_wealth,std_w0.40_s1.00,btts,156,0.6705508679206773,0.6592616234604256,0.23881787732175744,0.23324959819567326,0.05209557169399627,0.037558440538183614,0.10174801706161418
m05_joint_production_wealth,std_w0.55_s0.15,1x2,1560,0.6126020912602471,0.6123176118070058,0.21147774747822137,0.21123299931682585,0.022113654978165087,0.013663985325952959,0.2338224084858489
m05_joint_production_wealth,std_w0.55_s0.15,ou_05,0,NaN,NaN,NaN,NaN,NaN,NaN,NaN
m05_joint_production_wealth,std_w0.55_s0.15,ou_15,116,0.5748840338905029,0.5785496986547277,0.19271476561962267,0.19372443296377037,0.04019217981157749,0.03517861886821262,0.24088494451107131
m05_joint_production_wealth,std_w0.55_s0.15,ou_25,432,0.6874875258464717,0.6985069307120938,0.24717126000662978,0.25245546292115817,0.037902324173946574,0.06546870710964538,0.11303793875608115
m05_joint_production_wealth,std_w0.55_s0.15,ou_35,178,0.6593506676824635,0.6455359798910608,0.23313104066941745,0.2263347334633069,0.06347535468265353,0.033705618499318184,0.5914977696484938
m05_joint_production_wealth,std_w0.55_s0.15,btts,156,0.6695826020142593,0.6592616234604256,0.23831672626342104,0.23324959819567326,0.061186816907506825,0.037558440538183614,0.07443045698347617
m05_joint_production_wealth,std_w0.55_s0.25,1x2,1560,0.6136352759742869,0.6123176118070058,0.21193548461722375,0.21123299931682585,0.019699544795427175,0.013663985325952959,0.21926357741245428
m05_joint_production_wealth,std_w0.55_s0.25,ou_05,0,NaN,NaN,NaN,NaN,NaN,NaN,NaN
m05_joint_production_wealth,std_w0.55_s0.25,ou_15,116,0.57540633018995,0.5785496986547277,0.19295583198990765,0.19372443296377037,0.040512877820855636,0.03517861886821262,0.23805530173186248
m05_joint_production_wealth,std_w0.55_s0.25,ou_25,432,0.687434814220524,0.6985069307120938,0.24715229441917,0.25245546292115817,0.036167389022745085,0.06546870710964538,0.06578364203903825
m05_joint_production_wealth,std_w0.55_s0.25,ou_35,178,0.6616571856632318,0.6455359798910608,0.23417817516613187,0.2263347334633069,0.05506468129765657,0.033705618499318184,0.09539851798506671
m05_joint_production_wealth,std_w0.55_s0.25,btts,156,0.6706689746300171,0.6592616234604256,0.23886413747955232,0.23324959819567326,0.04991327717353858,0.037558440538183614,0.07474376388568782
m05_joint_production_wealth,std_w0.55_s0.35,1x2,1560,0.6144008625780597,0.6123176118070058,0.21227073698347665,0.21123299931682585,0.023442955506475384,0.013663985325952959,0.30066512347347824
m05_joint_production_wealth,std_w0.55_s0.35,ou_05,0,NaN,NaN,NaN,NaN,NaN,NaN,NaN
m05_joint_production_wealth,std_w0.55_s0.35,ou_15,116,0.5746496847310273,0.5785496986547277,0.19271121190772322,0.19372443296377037,0.04274210230197602,0.03517861886821262,0.23637203636209628
m05_joint_production_wealth,std_w0.55_s0.35,ou_25,432,0.6866610323457416,0.6985069307120938,0.2467753927134899,0.25245546292115817,0.019496961438126133,0.06546870710964538,0.08869232954068818
m05_joint_production_wealth,std_w0.55_s0.35,ou_35,178,0.6640149224531694,0.6455359798910608,0.23521864636425346,0.2263347334633069,0.06673844471441358,0.033705618499318184,0.4052131631824506
m05_joint_production_wealth,std_w0.55_s0.35,btts,156,0.6706085524402152,0.6592616234604256,0.2388401189329511,0.23324959819567326,0.05113709506957704,0.037558440538183614,0.07568655372270316
m05_joint_production_wealth,std_w0.55_s0.50,1x2,1560,0.6150934270826869,0.6123176118070058,0.2125742453022677,0.21123299931682585,0.019842760657978,0.013663985325952959,0.05764188779388191
m05_joint_production_wealth,std_w0.55_s0.50,ou_05,0,NaN,NaN,NaN,NaN,NaN,NaN,NaN
m05_joint_production_wealth,std_w0.55_s0.50,ou_15,116,0.5734671883400261,0.5785496986547277,0.1922824352662648,0.19372443296377037,0.02437808999100736,0.03517861886821262,0.14163877153673113
m05_joint_production_wealth,std_w0.55_s0.50,ou_25,432,0.6857332935442011,0.6985069307120938,0.24632010199629953,0.25245546292115817,0.014154825389278224,0.06546870710964538,0.16375209464587293
m05_joint_production_wealth,std_w0.55_s0.50,ou_35,178,0.6661946985834973,0.6455359798910608,0.23615993017104606,0.2263347334633069,0.06890227674612402,0.033705618499318184,0.4062210271565214
m05_joint_production_wealth,std_w0.55_s0.50,btts,156,0.6704992157817392,0.6592616234604256,0.23878942994449381,0.23324959819567326,0.05213625379274427,0.037558440538183614,0.10149136050727015
m05_joint_production_wealth,std_w0.55_s0.75,1x2,1560,0.6156242469607573,0.6123176118070058,0.212807315937414,0.21123299931682585,0.01973465015970932,0.013663985325952959,0.12114573062533962
m05_joint_production_wealth,std_w0.55_s0.75,ou_05,0,NaN,NaN,NaN,NaN,NaN,NaN,NaN
m05_joint_production_wealth,std_w0.55_s0.75,ou_15,116,0.5724344245711883,0.5785496986547277,0.19188855372756494,0.19372443296377037,0.035872924341651936,0.03517861886821262,0.20978515557563532
m05_joint_production_wealth,std_w0.55_s0.75,ou_25,432,0.6849605359252701,0.6985069307120938,0.24594030756864194,0.25245546292115817,0.01819924615431054,0.06546870710964538,0.1626484217564852
m05_joint_production_wealth,std_w0.55_s0.75,ou_35,178,0.6677569798953503,0.6455359798910608,0.23682250281797135,0.2263347334633069,0.07035851506823497,0.033705618499318184,0.4067802078835434
m05_joint_production_wealth,std_w0.55_s0.75,btts,156,0.6705345708690074,0.6592616234604256,0.2388093548311476,0.23324959819567326,0.05215253831256998,0.037558440538183614,0.1017030291723201
m05_joint_production_wealth,std_w0.55_s1.00,1x2,1560,0.6158504684097528,0.6123176118070058,0.21290690529109974,0.21123299931682585,0.020101690567711213,0.013663985325952959,0.3761670860800215
m05_joint_production_wealth,std_w0.55_s1.00,ou_05,0,NaN,NaN,NaN,NaN,NaN,NaN,NaN
m05_joint_production_wealth,std_w0.55_s1.00,ou_15,116,0.5719877090321128,0.5785496986547277,0.19171391716432415,0.19372443296377037,0.03565382283105295,0.03517861886821262,0.209774512572416
m05_joint_production_wealth,std_w0.55_s1.00,ou_25,432,0.6846241673676309,0.6985069307120938,0.24577506406346813,0.25245546292115817,0.017910473458252273,0.06546870710964538,0.16220784973379743
m05_joint_production_wealth,std_w0.55_s1.00,ou_35,178,0.6683808935636087,0.6455359798910608,0.23708433352560246,0.2263347334633069,0.07092272331597768,0.033705618499318184,0.4069795178574038
m05_joint_production_wealth,std_w0.55_s1.00,btts,156,0.67059611871377,0.6592616234604256,0.23884071188109038,0.23324959819567326,0.05200953930096527,0.037558440538183614,0.07883533247099983
m05_joint_production_wealth,std_w0.70_s0.15,1x2,1560,0.6135078028832086,0.6123176118070058,0.21186849938594643,0.21123299931682585,0.020378356477490596,0.013663985325952959,0.2948844260305584
m05_joint_production_wealth,std_w0.70_s0.15,ou_05,0,NaN,NaN,NaN,NaN,NaN,NaN,NaN
m05_joint_production_wealth,std_w0.70_s0.15,ou_15,116,0.5736145044572626,0.5785496986547277,0.19227341103886467,0.19372443296377037,0.040812104147294914,0.03517861886821262,0.23849991422066075
m05_joint_production_wealth,std_w0.70_s0.15,ou_25,432,0.6861315690663305,0.6985069307120938,0.2465100522592999,0.25245546292115817,0.03389933717888756,0.06546870710964538,0.03430182267967041
m05_joint_production_wealth,std_w0.70_s0.15,ou_35,178,0.6626534386225024,0.6455359798910608,0.2346144554686494,0.2263347334633069,0.06505887725452227,0.033705618499318184,0.40122927482332515
m05_joint_production_wealth,std_w0.70_s0.15,btts,156,0.6699702062931367,0.6592616234604256,0.23851868226851808,0.23324959819567326,0.050150937872150206,0.037558440538183614,0.05430609074111514
m05_joint_production_wealth,std_w0.70_s0.25,1x2,1560,0.6143542653361465,0.6123176118070058,0.21224740717333448,0.21123299931682585,0.022285207584377558,0.013663985325952959,0.145459542793282
m05_joint_production_wealth,std_w0.70_s0.25,ou_05,0,NaN,NaN,NaN,NaN,NaN,NaN,NaN
m05_joint_production_wealth,std_w0.70_s0.25,ou_15,116,0.5739523250983076,0.5785496986547277,0.1924349387260974,0.19372443296377037,0.04282777661452536,0.03517861886821262,0.23663514536595628
m05_joint_production_wealth,std_w0.70_s0.25,ou_25,432,0.6862080827791271,0.6985069307120938,0.24655069166712204,0.25245546292115817,0.024160027393305486,0.06546870710964538,0.16539576436758563
m05_joint_production_wealth,std_w0.70_s0.25,ou_35,178,0.66421311975708,0.6455359798910608,0.23530585827800363,0.2263347334633069,0.06688035108703744,0.033705618499318184,0.4047061900747919
m05_joint_production_wealth,std_w0.70_s0.25,btts,156,0.6706811428457196,0.6592616234604256,0.238876161230194,0.23324959819567326,0.06414744577599538,0.037558440538183614,0.07558306771167267
m05_joint_production_wealth,std_w0.70_s0.35,1x2,1560,0.6149350877633164,0.6123176118070058,0.21250372245085086,0.21123299931682585,0.02133005206188861,0.013663985325952959,0.04800497122417935
m05_joint_production_wealth,std_w0.70_s0.35,ou_05,0,NaN,NaN,NaN,NaN,NaN,NaN,NaN
m05_joint_production_wealth,std_w0.70_s0.35,ou_15,116,0.5734804427446415,0.5785496986547277,0.192278000246884,0.19372443296377037,0.01570754265339769,0.03517861886821262,0.14179848223315586
m05_joint_production_wealth,std_w0.70_s0.35,ou_25,432,0.6857620119244218,0.6985069307120938,0.24633321999467753,0.25245546292115817,0.014342265154641216,0.06546870710964538,0.16410740824486747
m05_joint_production_wealth,std_w0.70_s0.35,ou_35,178,0.6657840204993483,0.6455359798910608,0.23598475445827535,0.2263347334633069,0.0684984949240885,0.033705618499318184,0.4058867163498163
m05_joint_production_wealth,std_w0.70_s0.35,btts,156,0.670633835239894,0.6592616234604256,0.23885585225083494,0.23324959819567326,0.0520344315050602,0.037558440538183614,0.054619767820061504
m05_joint_production_wealth,std_w0.70_s0.50,1x2,1560,0.6154351803815976,0.6123176118070058,0.21272391641478863,0.21123299931682585,0.019975010776726827,0.013663985325952959,0.1310795800556569
m05_joint_production_wealth,std_w0.70_s0.50,ou_05,0,NaN,NaN,NaN,NaN,NaN,NaN,NaN
m05_joint_production_wealth,std_w0.70_s0.50,ou_15,116,0.5727300977874283,0.5785496986547277,0.19200019778484492,0.19372443296377037,0.024323211805575902,0.03517861886821262,0.20979713153465396
m05_joint_production_wealth,std_w0.70_s0.50,ou_25,432,0.6851807608047891,0.6985069307120938,0.24604823541317775,0.25245546292115817,0.018427119080171018,0.06546870710964538,0.16303914280667176
m05_joint_production_wealth,std_w0.70_s0.50,ou_35,178,0.667225138465893,0.6455359798910608,0.2365983231235455,0.2263347334633069,0.06987018346466536,0.033705618499318184,0.40655980827468463
m05_joint_production_wealth,std_w0.70_s0.50,btts,156,0.6705674899172812,0.6592616234604256,0.23882506406020818,0.23324959819567326,0.05215515400239078,0.037558440538183614,0.10162584507998995
m05_joint_production_wealth,std_w0.70_s0.75,1x2,1560,0.6158047946169576,0.6123176118070058,0.21288672495885463,0.21123299931682585,0.020810694046294643,0.013663985325952959,0.37369276782353555
m05_joint_production_wealth,std_w0.70_s0.75,ou_05,0,NaN,NaN,NaN,NaN,NaN,NaN,NaN
m05_joint_production_wealth,std_w0.70_s0.75,ou_15,116,0.572062085943007,0.5785496986547277,0.19174259650808645,0.19372443296377037,0.03569253226587297,0.03517861886821262,0.20977701792792347
m05_joint_production_wealth,std_w0.70_s0.75,ou_25,432,0.684679157845493,0.6985069307120938,0.2458020024652294,0.25245546292115817,0.017964645903894617,0.06546870710964538,0.1622984034432099
m05_joint_production_wealth,std_w0.70_s0.75,ou_35,178,0.66825721798596,0.6455359798910608,0.23703262295394428,0.2263347334633069,0.07081192611340192,0.033705618499318184,0.4069329120164994
m05_joint_production_wealth,std_w0.70_s0.75,btts,156,0.6705993900554917,0.6592616234604256,0.23884222286025994,0.23324959819567326,0.05201882431498114,0.037558440538183614,0.10176786793098125
m05_joint_production_wealth,std_w0.70_s1.00,1x2,1560,0.6159590979464751,0.6123176118070058,0.212954789990235,0.21123299931682585,0.021263277905017124,0.013663985325952959,0.38270926829059704
m05_joint_production_wealth,std_w0.70_s1.00,ou_05,0,NaN,NaN,NaN,NaN,NaN,NaN,NaN
m05_joint_production_wealth,std_w0.70_s1.00,ou_15,116,0.5717692149794631,0.5785496986547277,0.19162748261938195,0.19372443296377037,0.03554630300089527,0.03517861886821262,0.20976993362700602
m05_joint_production_wealth,std_w0.70_s1.00,ou_25,432,0.684457622882959,0.6985069307120938,0.24569327140435793,0.25245546292115817,0.017772017311118292,0.06546870710964538,0.16200368495976636
m05_joint_production_wealth,std_w0.70_s1.00,ou_35,178,0.6686704683842379,0.6455359798910608,0.23720534803768717,0.2263347334633069,0.0711817904324406,0.033705618499318184,0.40706584003916024
m05_joint_production_wealth,std_w0.70_s1.00,btts,156,0.6706430462706181,0.6592616234604256,0.23886427481928338,0.23324959819567326,0.05192360764507684,0.037558440538183614,0.07885168756188699
m05_joint_production_wealth,std_w0.85_s0.15,1x2,1560,0.614701524619867,0.6123176118070058,0.21239277476913482,0.21123299931682585,0.020055957054957618,0.013663985325952959,0.043110275599421544
m05_joint_production_wealth,std_w0.85_s0.15,ou_05,0,NaN,NaN,NaN,NaN,NaN,NaN,NaN
m05_joint_production_wealth,std_w0.85_s0.15,ou_15,116,0.5724407355150736,0.5785496986547277,0.19185393383367758,0.19372443296377037,0.029127266368032118,0.03517861886821262,0.14231910732848238
m05_joint_production_wealth,std_w0.85_s0.15,ou_25,432,0.6850189975298265,0.6985069307120938,0.24596630234995198,0.25245546292115817,0.03289129448049958,0.06546870710964538,0.16447880077540322
m05_joint_production_wealth,std_w0.85_s0.15,ou_35,178,0.6659724521772469,0.6455359798910608,0.2360599723818126,0.2263347334633069,0.06859032615041194,0.033705618499318184,0.40421801368915755
m05_joint_production_wealth,std_w0.85_s0.15,btts,156,0.6703559655274969,0.6592616234604256,0.23871751748637066,0.23324959819567326,0.051099464194793866,0.037558440538183614,0.07609947469216516
m05_joint_production_wealth,std_w0.85_s0.25,1x2,1560,0.6152032069836904,0.6123176118070058,0.21261949901305893,0.21123299931682585,0.01974330818487311,0.013663985325952959,0.0592705470495396
m05_joint_production_wealth,std_w0.85_s0.25,ou_05,0,NaN,NaN,NaN,NaN,NaN,NaN,NaN
m05_joint_production_wealth,std_w0.85_s0.25,ou_15,116,0.5726014705962851,0.5785496986547277,0.19193445698276462,0.19372443296377037,0.029152555382386404,0.03517861886821262,0.14170947016093258
m05_joint_production_wealth,std_w0.85_s0.25,ou_25,432,0.6851091988215138,0.6985069307120938,0.24601167928694448,0.25245546292115817,0.02324501576648092,0.06546870710964538,0.16351538799688425
m05_joint_production_wealth,std_w0.85_s0.25,ou_35,178,0.6667535197804663,0.6455359798910608,0.2363986006810996,0.2263347334633069,0.06939747949092465,0.033705618499318184,0.40596959231836016
m05_joint_production_wealth,std_w0.85_s0.25,btts,156,0.67070544642815,0.6592616234604256,0.23889295327939175,0.23324959819567326,0.05169589669552691,0.037558440538183614,0.10152676367983127
m05_joint_production_wealth,std_w0.85_s0.35,1x2,1560,0.6155287125721619,0.6123176118070058,0.21276432406193097,0.21123299931682585,0.0200876932632088,0.013663985325952959,0.12214118693619358
m05_joint_production_wealth,std_w0.85_s0.35,ou_05,0,NaN,NaN,NaN,NaN,NaN,NaN,NaN
m05_joint_production_wealth,std_w0.85_s0.35,ou_15,116,0.5723793693823255,0.5785496986547277,0.1918594374270602,0.19372443296377037,0.035871912729566094,0.03517861886821262,0.2097973903735884
m05_joint_production_wealth,std_w0.85_s0.35,ou_25,432,0.6849188898489013,0.6985069307120938,0.2459190480847736,0.25245546292115817,0.018270878960310308,0.06546870710964538,0.1628600863042543
m05_joint_production_wealth,std_w0.85_s0.35,ou_35,178,0.6675317138422141,0.6455359798910608,0.23672816398483196,0.2263347334633069,0.07014801130738335,0.033705618499318184,0.40656184960314523
m05_joint_production_wealth,std_w0.85_s0.35,btts,156,0.6706787481586682,0.6592616234604256,0.23888088310638425,0.23324959819567326,0.0519243564057354,0.037558440538183614,0.10165422958755144
m05_joint_production_wealth,std_w0.85_s0.50,1x2,1560,0.6157979773614312,0.6123176118070058,0.21288352094003776,0.21123299931682585,0.020701289602957133,0.013663985325952959,0.37417638257947605
m05_joint_production_wealth,std_w0.85_s0.50,ou_05,0,NaN,NaN,NaN,NaN,NaN,NaN,NaN
m05_joint_production_wealth,std_w0.85_s0.50,ou_15,116,0.5720216852401552,0.5785496986547277,0.19172489881981636,0.19372443296377037,0.035679047645059254,0.03517861886821262,0.2097789213597609
m05_joint_production_wealth,std_w0.85_s0.50,ou_25,432,0.6846460350249333,0.6985069307120938,0.2457855323658268,0.25245546292115817,0.01796093179979769,0.06546870710964538,0.16231964160612833
m05_joint_production_wealth,std_w0.85_s0.50,ou_35,178,0.6682428561364792,0.6455359798910608,0.2370267885567903,0.2263347334633069,0.07079920435847799,0.033705618499318184,0.4068989864020205
m05_joint_production_wealth,std_w0.85_s0.50,btts,156,0.6706486810367135,0.6592616234604256,0.2388667259941721,0.23324959819567326,0.05195332941987186,0.037558440538183614,0.10176149097224851
m05_joint_production_wealth,std_w0.85_s0.75,1x2,1560,0.6159906922764128,0.6123176118070058,0.2129687005777344,0.21123299931682585,0.021813665530336722,0.013663985325952959,0.3847456867258504
m05_joint_production_wealth,std_w0.85_s0.75,ou_05,0,NaN,NaN,NaN,NaN,NaN,NaN,NaN
m05_joint_production_wealth,std_w0.85_s0.75,ou_15,116,0.5716974696322596,0.5785496986547277,0.19159868952136302,0.19372443296377037,0.03551192000515392,0.03517861886821262,0.209768896487252
m05_joint_production_wealth,std_w0.85_s0.75,ou_25,432,0.6844018673636971,0.6985069307120938,0.24566586363421997,0.25245546292115817,0.01772981517624036,0.06546870710964538,0.1619468650142598
m05_joint_production_wealth,std_w0.85_s0.75,ou_35,178,0.6687532881288069,0.6455359798910608,0.23723993333649582,0.2263347334633069,0.07125574900428044,0.033705618499318184,0.4070856965044878
m05_joint_production_wealth,std_w0.85_s0.75,btts,156,0.6706685133688687,0.6592616234604256,0.23887696887784665,0.23324959819567326,0.05188531907672821,0.037558440538183614,0.07885653896040423
m05_joint_production_wealth,std_w0.85_s1.00,1x2,1560,0.6160695972331662,0.6123176118070058,0.21300357812669476,0.21123299931682585,0.021910078471803835,0.013663985325952959,0.38928204747732964
m05_joint_production_wealth,std_w0.85_s1.00,ou_05,0,NaN,NaN,NaN,NaN,NaN,NaN,NaN
m05_joint_production_wealth,std_w0.85_s1.00,ou_15,116,0.5715534450785567,0.5785496986547277,0.19154179912219937,0.19372443296377037,0.03543873999196862,0.03517861886821262,0.20976535985208106
m05_joint_production_wealth,std_w0.85_s1.00,ou_25,432,0.6842924466550842,0.6985069307120938,0.24561221627995164,0.25245546292115817,0.017633441552407345,0.06546870710964538,0.16179901216919235
m05_joint_production_wealth,std_w0.85_s1.00,ou_35,178,0.668958463102945,0.6455359798910608,0.23732534731134355,0.2263347334633069,0.07143757016557578,0.033705618499318184,0.40715218786386354
m05_joint_production_wealth,std_w0.85_s1.00,btts,156,0.6706915846258112,0.6592616234604256,0.23888850794565678,0.23324959819567326,0.05183784648383806,0.037558440538183614,0.07886811380968373
m05_joint_production_wealth,std_w1.00_s0.15,1x2,1560,0.6161819750527245,0.6123176118070058,0.2130532774043965,0.21123299931682585,0.021523334779320908,0.013663985325952959,0.39588365808277426
m05_joint_production_wealth,std_w1.00_s0.15,ou_05,0,NaN,NaN,NaN,NaN,NaN,NaN,NaN
m05_joint_production_wealth,std_w1.00_s0.15,ou_15,116,0.5713403523133421,0.5785496986547277,0.19145687506718992,0.19372443296377037,0.03533114591740531,0.03517861886821262,0.20976079124631986
m05_joint_production_wealth,std_w1.00_s0.15,ou_25,432,0.6841286369779422,0.6985069307120938,0.24553190443430936,0.25245546292115817,0.01749474487062707,0.06546870710964538,0.16159383771845182
m05_joint_production_wealth,std_w1.00_s0.15,ou_35,178,0.6692447977841699,0.6455359798910608,0.23744430531351576,0.2263347334633069,0.07169008310253927,0.033705618499318184,0.40723856132796743
m05_joint_production_wealth,std_w1.00_s0.15,btts,156,0.6707416600654655,0.6592616234604256,0.23891334941234918,0.23324959819567326,0.05175232609875618,0.037558440538183614,0.07888461086540799
m05_joint_production_wealth,sta_w0.25,1x2,1560,0.6108630357982625,0.6123176118070058,0.21066336396672145,0.21123299931682585,0.008699017525463995,0.013663985325952959,0.3166024843907863
m05_joint_production_wealth,sta_w0.25,ou_05,0,NaN,NaN,NaN,NaN,NaN,NaN,NaN
m05_joint_production_wealth,sta_w0.25,ou_15,116,0.5762427728230244,0.5785496986547277,0.19309178562956347,0.19372443296377037,0.038673607578663255,0.03517861886821262,0.14872617875512578
m05_joint_production_wealth,sta_w0.25,ou_25,432,0.6926642373862744,0.6985069307120938,0.2496882180722029,0.25245546292115817,0.037332083532046346,0.06546870710964538,0.12790969958126785
m05_joint_production_wealth,sta_w0.25,ou_35,178,0.6514338970618,0.6455359798910608,0.22932826506893006,0.2263347334633069,0.0416982004195038,0.033705618499318184,0.08228399232671157
m05_joint_production_wealth,sta_w0.25,btts,156,0.6633190294191594,0.6592616234604256,0.2352107247796608,0.23324959819567326,0.06989085418028858,0.037558440538183614,0.08353233114513448
m05_joint_production_wealth,sta_w0.40,1x2,1560,0.6108622844407585,0.6123176118070058,0.2106744723082948,0.21123299931682585,0.006835520724363458,0.013663985325952959,0.08822976625179924
m05_joint_production_wealth,sta_w0.40,ou_05,0,NaN,NaN,NaN,NaN,NaN,NaN,NaN
m05_joint_production_wealth,sta_w0.40,ou_15,116,0.5750270060707111,0.5785496986547277,0.19271136696083382,0.19372443296377037,0.04167014549655053,0.03517861886821262,0.14916986969192939
m05_joint_production_wealth,sta_w0.40,ou_25,432,0.6903308345048088,0.6985069307120938,0.2485636215027611,0.25245546292115817,0.017189102680073183,0.06546870710964538,0.11836584795831545
m05_joint_production_wealth,sta_w0.40,ou_35,178,0.6548748693233776,0.6455359798910608,0.23098734118395572,0.2263347334633069,0.04806561112466911,0.033705618499318184,0.25458582962219917
m05_joint_production_wealth,sta_w0.40,btts,156,0.66472848811677,0.6592616234604256,0.23590853732385803,0.23324959819567326,0.07172438531229476,0.037558440538183614,0.09595153059633721
m05_joint_production_wealth,sta_w0.55,1x2,1560,0.6113992792006215,0.6123176118070058,0.21091234796535208,0.21123299931682585,0.012015544218423505,0.013663985325952959,0.23412650032877358
m05_joint_production_wealth,sta_w0.55,ou_05,0,NaN,NaN,NaN,NaN,NaN,NaN,NaN
m05_joint_production_wealth,sta_w0.55,ou_15,116,0.5739637327696078,0.5785496986547277,0.19236041413144245,0.19372443296377037,0.05972570896994585,0.03517861886821262,0.19171409730226902
m05_joint_production_wealth,sta_w0.55,ou_25,432,0.6883441382434069,0.6985069307120938,0.24759754445254753,0.25245546292115817,0.021239477091977575,0.06546870710964538,0.11159026753458834
m05_joint_production_wealth,sta_w0.55,ou_35,178,0.6584747510122229,0.6455359798910608,0.2326707573548256,0.2263347334633069,0.05231247274861887,0.033705618499318184,0.5908988047561354
m05_joint_production_wealth,sta_w0.55,btts,156,0.6661752140315431,0.6592616234604256,0.23662930128919968,0.23324959819567326,0.06067345496131368,0.037558440538183614,0.06263476717624061
m05_joint_production_wealth,sta_w0.70,1x2,1560,0.6124682417984,0.6123176118070058,0.21138477464185482,0.21123299931682585,0.01819687225027818,0.013663985325952959,0.2946073103382377
m05_joint_production_wealth,sta_w0.70,ou_05,0,NaN,NaN,NaN,NaN,NaN,NaN,NaN
m05_joint_production_wealth,sta_w0.70,ou_15,116,0.5730158252182191,0.5785496986547277,0.19203657127154808,0.19372443296377037,0.049824099328112395,0.03517861886821262,0.18585389090681054
m05_joint_production_wealth,sta_w0.70,ou_25,432,0.6866677542379994,0.6985069307120938,0.24677775198580085,0.25245546292115817,0.02018985176480847,0.06546870710964538,0.027080361957212307
m05_joint_production_wealth,sta_w0.70,ou_35,178,0.6621287211521617,0.6455359798910608,0.23433074031109685,0.2263347334633069,0.05646274101897088,0.033705618499318184,0.06548679226950493
m05_joint_production_wealth,sta_w0.70,btts,156,0.6676599546099822,0.6592616234604256,0.23737155422591583,0.23324959819567326,0.062429959579089596,0.037558440538183614,0.06454426014767312
m05_joint_production_wealth,sta_w0.85,1x2,1560,0.6140639272001364,0.6123176118070058,0.21209732594917083,0.21123299931682585,0.023873800052380035,0.013663985325952959,0.1233989760401556
m05_joint_production_wealth,sta_w0.85,ou_05,0,NaN,NaN,NaN,NaN,NaN,NaN,NaN
m05_joint_production_wealth,sta_w0.85,ou_15,116,0.572150597717608,0.5785496986547277,0.1917365783371303,0.19372443296377037,0.04638733052286881,0.03517861886821262,0.19048163940048118
m05_joint_production_wealth,sta_w0.85,ou_25,432,0.6852708795569479,0.6985069307120938,0.2460926243291613,0.25245546292115817,0.03766558160571187,0.06546870710964538,0.16610532051920757
m05_joint_production_wealth,sta_w0.85,ou_35,178,0.6657448559963017,0.6455359798910608,0.23593079337574654,0.2263347334633069,0.05986487657601182,0.033705618499318184,0.07493358082920748
m05_joint_production_wealth,sta_w0.85,btts,156,0.6691826138010969,0.6592616234604256,0.23813357778013478,0.23324959819567326,0.050663080098492644,0.037558440538183614,0.09512480148002722
m05_joint_production_wealth,sta_w1.00,1x2,1560,0.6161819750527245,0.6123176118070058,0.2130532774043965,0.21123299931682585,0.021523334779320908,0.013663985325952959,0.39588365808277426
m05_joint_production_wealth,sta_w1.00,ou_05,0,NaN,NaN,NaN,NaN,NaN,NaN,NaN
m05_joint_production_wealth,sta_w1.00,ou_15,116,0.5713403523133421,0.5785496986547277,0.19145687506718992,0.19372443296377037,0.03533114591740531,0.03517861886821262,0.20976079124631986
m05_joint_production_wealth,sta_w1.00,ou_25,432,0.6841286369779422,0.6985069307120938,0.24553190443430936,0.25245546292115817,0.01749474487062707,0.06546870710964538,0.16159383771845182
m05_joint_production_wealth,sta_w1.00,ou_35,178,0.6692447977841699,0.6455359798910608,0.23744430531351576,0.2263347334633069,0.07169008310253927,0.033705618499318184,0.40723856132796743
m05_joint_production_wealth,sta_w1.00,btts,156,0.6707416600654655,0.6592616234604256,0.23891334941234918,0.23324959819567326,0.05175232609875618,0.037558440538183614,0.07888461086540799
