model,container,form,scheme,trust,panel,window,risk_lambda,kelly_fraction,n_bets,n_slates,total_return_pct,flat_roi_pct,max_drawdown_pct,sharpe_ann,calmar,win_rate,mean_exposure
m12_joint_hybrid_synergy,raw,none,none,flat_1.0,P,full,23.0,0.3,1592,99,111.70250368646673,9.787065500851556,-23.44618631203682,1.2200695848572256,4.764207799079069,0.37248743718592964,0.08900712097281085
m12_joint_hybrid_synergy,raw,none,none,flat_1.0,O,evaluation,23.0,0.3,843,50,6.533937086360697,2.4902062217070413,-23.446186312036836,0.20942899803456216,0.27867803315229545,0.3760379596678529,0.1004136173486954
m12_joint_hybrid_synergy,raw,none,none,flat_1.0,F,full,18.0,0.3,1592,99,147.7634038050586,9.783932809199591,-28.959442635720258,1.1703087297803374,5.102425680762193,0.37248743718592964,0.11212231221974113
m12_joint_hybrid_synergy,raw,none,none,flat_1.0,F,full,15.0,0.3,1592,99,190.07717936194234,10.081894387805388,-32.60343016713999,1.1701764755219695,5.829974894896654,0.37248743718592964,0.13144159592343638
m12_joint_hybrid_synergy,raw,none,none,flat_1.0,F,full,12.0,0.3,1592,99,265.33381289302696,10.718235792140334,-37.735751706420054,1.1817505747854802,7.031364181036977,0.37248743718592964,0.15604626763377746
m12_joint_hybrid_synergy,raw,none,none,flat_1.0,F,full,10.0,0.3,1592,99,372.0763247146105,11.722976538037301,-41.60446791572948,1.2597592552444286,8.94318190700713,0.37248743718592964,0.17329650470125493
m12_joint_hybrid_synergy,raw,none,none,flat_1.0,F,full,8.0,0.3,1592,99,465.3562095137753,12.190242376467483,-44.63933698606788,1.290115567609282,10.42480110443878,0.37248743718592964,0.18897702604108688
m12_joint_hybrid_synergy,raw,none,none,canonical_P1,P,full,23.0,0.3,1127,99,151.52046006000467,15.042082507640986,-16.148567670505155,1.5922465968934099,9.382903991959111,0.32741792369121564,0.0687811318492692
m12_joint_hybrid_synergy,raw,none,none,canonical_P1,O,evaluation,23.0,0.3,554,50,31.77288292601428,9.100833888870854,-16.148567670505123,0.9414799212691509,1.9675356709218552,0.3303249097472924,0.0736297074918205
m12_joint_hybrid_synergy,raw,none,none,canonical_P1,F,full,18.0,0.3,1127,99,175.1760751024887,14.998376561702376,-19.063962477145637,1.5885607300927989,9.188859625195667,0.32741792369121564,0.07649192367219881
m12_joint_hybrid_synergy,raw,none,none,canonical_P1,F,full,15.0,0.3,1127,99,174.53022560803197,14.95081834998295,-19.294674719341685,1.5823797621623419,9.045512720309118,0.32741792369121564,0.07659925639492784
m12_joint_hybrid_synergy,raw,none,none,canonical_P1,F,full,12.0,0.3,1127,99,174.53022560803197,14.95081834998295,-19.294674719341685,1.5823797621623419,9.045512720309118,0.32741792369121564,0.07659925639492784
m12_joint_hybrid_synergy,raw,none,none,canonical_P1,F,full,10.0,0.3,1127,99,174.53022560803197,14.95081834998295,-19.294674719341685,1.5823797621623419,9.045512720309118,0.32741792369121564,0.07659925639492784
m12_joint_hybrid_synergy,raw,none,none,canonical_P1,F,full,8.0,0.3,1127,99,174.53022560803197,14.95081834998295,-19.294674719341685,1.5823797621623419,9.045512720309118,0.32741792369121564,0.07659925639492784
m12_joint_hybrid_synergy,raw,none,none,flat_1.0,F,full,23.0,0.4,1592,99,111.7025036864669,9.787065500851579,-23.44618631203679,1.2200695848572278,4.764207799079082,0.37248743718592964,0.08900712097281085
m12_joint_hybrid_synergy,raw,none,none,flat_1.0,F,full,18.0,0.4,1592,99,147.76340380505926,9.783932809199609,-28.95944263572022,1.17030872978034,5.102425680762222,0.37248743718592964,0.11212231221974113
m12_joint_hybrid_synergy,raw,none,none,flat_1.0,F,full,15.0,0.4,1592,99,190.07717936194152,10.081894387805372,-32.603430167140004,1.1701764755219666,5.829974894896625,0.37248743718592964,0.13144159592343632
m12_joint_hybrid_synergy,raw,none,none,flat_1.0,F,full,12.0,0.4,1592,99,265.33381289302775,10.71823579214034,-37.73575170642005,1.1817505747854815,7.031364181037,0.37248743718592964,0.1560462676337775
m12_joint_hybrid_synergy,raw,none,none,flat_1.0,F,full,10.0,0.4,1592,99,372.0763247146098,11.722976538037301,-41.604467915729494,1.2597592552444283,8.94318190700711,0.37248743718592964,0.17329650470125493
m12_joint_hybrid_synergy,raw,none,none,flat_1.0,F,full,8.0,0.4,1592,99,465.35620951377393,12.190242376467475,-44.63933698606788,1.2901155676092804,10.424801104438748,0.37248743718592964,0.18897702604108688
m12_joint_hybrid_synergy,raw,none,none,canonical_P1,F,full,23.0,0.4,1127,99,150.98792036494788,14.95352760080993,-16.363959598998644,1.5761679509756015,9.226857317234348,0.32741792369121564,0.06914554476994238
m12_joint_hybrid_synergy,raw,none,none,canonical_P1,F,full,18.0,0.4,1127,99,210.12448483629188,14.974363508680385,-20.436582962972963,1.5385598296436986,10.281781705728193,0.32741792369121564,0.08742585463042031
m12_joint_hybrid_synergy,raw,none,none,canonical_P1,F,full,15.0,0.4,1127,99,257.7023736648721,15.106381982302262,-23.469481953742253,1.5486032663895313,10.980317936833751,0.32741792369121564,0.0990192967375095
m12_joint_hybrid_synergy,raw,none,none,canonical_P1,F,full,12.0,0.4,1127,99,263.59767850587286,14.936293524035852,-25.945167446489304,1.525144335197416,10.159798700452821,0.32741792369121564,0.10204327980704991
m12_joint_hybrid_synergy,raw,none,none,canonical_P1,F,full,10.0,0.4,1127,99,263.59767850587286,14.936293524035852,-25.945167446489304,1.525144335197416,10.159798700452821,0.32741792369121564,0.10204327980704991
m12_joint_hybrid_synergy,raw,none,none,canonical_P1,F,full,8.0,0.4,1127,99,263.59767850587286,14.936293524035852,-25.945167446489304,1.525144335197416,10.159798700452821,0.32741792369121564,0.10204327980704991
m12_joint_hybrid_synergy,raw,none,none,flat_1.0,F,full,23.0,0.5,1592,99,111.70250368646597,9.78706550085152,-23.446186312036723,1.220069584857221,4.764207799079056,0.37248743718592964,0.08900712097281083
m12_joint_hybrid_synergy,raw,none,none,flat_1.0,F,full,18.0,0.5,1592,99,147.76340380505894,9.783932809199593,-28.95944263572023,1.1703087297803378,5.1024256807622095,0.37248743718592964,0.11212231221974117
m12_joint_hybrid_synergy,raw,none,none,flat_1.0,F,full,15.0,0.5,1592,99,190.07717936194234,10.081894387805377,-32.60343016713999,1.1701764755219686,5.829974894896654,0.37248743718592964,0.13144159592343632
m12_joint_hybrid_synergy,raw,none,none,flat_1.0,F,full,12.0,0.5,1592,99,265.3338128930281,10.71823579214034,-37.73575170642003,1.181750574785482,7.031364181037011,0.37248743718592964,0.15604626763377746
m12_joint_hybrid_synergy,raw,none,none,flat_1.0,F,full,10.0,0.5,1592,99,372.0763247146111,11.722976538037315,-41.604467915729494,1.2597592552444308,8.94318190700714,0.37248743718592964,0.17329650470125493
m12_joint_hybrid_synergy,raw,none,none,flat_1.0,F,full,8.0,0.5,1592,99,465.3562095137749,12.190242376467483,-44.63933698606785,1.2901155676092817,10.424801104438776,0.37248743718592964,0.1889770260410869
m12_joint_hybrid_synergy,raw,none,none,canonical_P1,F,full,23.0,0.5,1127,99,150.9837676912619,14.953153917004927,-16.363959598998605,1.576138110903862,9.226603547744116,0.32741792369121564,0.06914615727119948
m12_joint_hybrid_synergy,raw,none,none,canonical_P1,F,full,18.0,0.5,1127,99,209.60423323264848,14.947678699902253,-20.416737807236967,1.5350443935642057,10.26629401874141,0.32741792369121564,0.08748324438418403
m12_joint_hybrid_synergy,raw,none,none,canonical_P1,F,full,15.0,0.5,1127,99,268.88653119923885,14.933700655052352,-23.971842676125576,1.4955836158785285,11.216765220432247,0.32741792369121564,0.10392444503400007
m12_joint_hybrid_synergy,raw,none,none,canonical_P1,F,full,12.0,0.5,1127,99,350.3471817575309,15.015685528566683,-30.29732409629151,1.4799737144451226,11.5636344861365,0.32741792369121564,0.12239947573565899
m12_joint_hybrid_synergy,raw,none,none,canonical_P1,F,full,10.0,0.5,1127,99,358.54035900677775,14.829810199624418,-33.55100409955894,1.4499776052106728,10.686427087035858,0.32741792369121564,0.12657502307611904
m12_joint_hybrid_synergy,raw,none,none,canonical_P1,F,full,8.0,0.5,1127,99,358.61521769827027,14.831060822279694,-33.55100409955896,1.450119671922721,10.688658277830331,0.32741792369121564,0.1265760506029663
m12_joint_hybrid_synergy,raw,none,none,flat_1.0,F,full,23.0,0.6,1592,99,111.70250368646673,9.787065500851556,-23.44618631203682,1.2200695848572256,4.764207799079069,0.37248743718592964,0.08900712097281085
m12_joint_hybrid_synergy,raw,none,none,flat_1.0,F,full,18.0,0.6,1592,99,147.7634038050586,9.783932809199591,-28.959442635720258,1.1703087297803374,5.102425680762193,0.37248743718592964,0.11212231221974113
m12_joint_hybrid_synergy,raw,none,none,flat_1.0,F,full,15.0,0.6,1592,99,190.07717936194234,10.081894387805388,-32.60343016713999,1.1701764755219695,5.829974894896654,0.37248743718592964,0.13144159592343638
m12_joint_hybrid_synergy,raw,none,none,flat_1.0,F,full,12.0,0.6,1592,99,265.33381289302696,10.718235792140334,-37.735751706420054,1.1817505747854802,7.031364181036977,0.37248743718592964,0.15604626763377746
m12_joint_hybrid_synergy,raw,none,none,flat_1.0,F,full,10.0,0.6,1592,99,372.0763247146105,11.722976538037301,-41.60446791572948,1.2597592552444286,8.94318190700713,0.37248743718592964,0.17329650470125493
m12_joint_hybrid_synergy,raw,none,none,flat_1.0,F,full,8.0,0.6,1592,99,465.3562095137753,12.190242376467483,-44.63933698606788,1.290115567609282,10.42480110443878,0.37248743718592964,0.18897702604108688
m12_joint_hybrid_synergy,raw,none,none,canonical_P1,F,full,23.0,0.6,1127,99,150.98376769126256,14.95315391700495,-16.36395959899861,1.5761381109038664,9.226603547744153,0.32741792369121564,0.0691461572711995
m12_joint_hybrid_synergy,raw,none,none,canonical_P1,F,full,18.0,0.6,1127,99,209.58951634064067,14.946830692067046,-20.416737807236927,1.534976568552786,10.26557319388945,0.32741792369121564,0.08748500323236151
m12_joint_hybrid_synergy,raw,none,none,canonical_P1,F,full,15.0,0.6,1127,99,268.7056864573686,14.926341975453855,-23.97184267612561,1.4949951524478515,11.209221172012024,0.32741792369121564,0.1039425848228602
m12_joint_hybrid_synergy,raw,none,none,canonical_P1,F,full,12.0,0.6,1127,99,360.7575638116158,14.849648729404716,-30.325256517461558,1.4268351107940147,11.89627410419062,0.32741792369121564,0.12755353028884628
m12_joint_hybrid_synergy,raw,none,none,canonical_P1,F,full,10.0,0.6,1127,99,454.7092916671057,15.151475490998285,-36.30842410337596,1.4300209764546923,12.523520447278976,0.32741792369121564,0.1433498136784076
m12_joint_hybrid_synergy,raw,none,none,canonical_P1,F,full,8.0,0.6,1127,99,471.38188275562305,15.064385084798946,-39.87098501854617,1.4055111997154666,11.82267963874877,0.32741792369121564,0.148256323942213
m12_joint_hybrid_synergy,std_A_pool,std,A_pool,flat_1.0,P,full,23.0,0.3,1503,99,63.34625156946312,9.628370785161056,-12.104950278769618,1.3962476310441436,5.233086473767972,0.3712574850299401,0.055348623145930295
m12_joint_hybrid_synergy,std_A_pool,std,A_pool,flat_1.0,O,evaluation,23.0,0.3,788,50,12.530572318634503,4.61366046880691,-11.260120268510141,0.6838770711508146,1.1128275737584514,0.36928934010152287,0.059957290066711515
m12_joint_hybrid_synergy,std_A_pool,std,A_pool,flat_1.0,F,full,18.0,0.3,1503,99,83.69505721469449,9.625762588009279,-15.271602100632506,1.3707837997455694,5.480437262782539,0.3712574850299401,0.06998151024268774
m12_joint_hybrid_synergy,std_A_pool,std,A_pool,flat_1.0,F,full,15.0,0.3,1503,99,103.32052015693219,9.623448138344639,-18.10623805337121,1.347753460235528,5.7063493726514265,0.3712574850299401,0.08317468022515509
m12_joint_hybrid_synergy,std_A_pool,std,A_pool,flat_1.0,F,full,12.0,0.3,1503,99,134.17374819074973,9.620121550206559,-22.215125148289502,1.3138994718805272,6.039747572661355,0.3712574850299401,0.10249672754367767
m12_joint_hybrid_synergy,std_A_pool,std,A_pool,flat_1.0,F,full,10.0,0.3,1503,99,165.9855744055795,9.61057687191991,-26.151558441668595,1.2789671165095633,6.347062442791414,0.3712574850299401,0.12118261610444186
m12_joint_hybrid_synergy,std_A_pool,std,A_pool,flat_1.0,F,full,8.0,0.3,1503,99,214.07347926360393,9.718483927333228,-32.0923729531541,1.2306098462867652,6.670540678811487,0.3712574850299401,0.14578814135085985
m12_joint_hybrid_synergy,std_A_pool,std,A_pool,canonical_P1,P,full,23.0,0.3,1103,99,72.85353708902431,13.616918959437049,-11.357966125858539,1.6062981209770704,6.414311883107274,0.329102447869447,0.043200668106963436
m12_joint_hybrid_synergy,std_A_pool,std,A_pool,canonical_P1,O,evaluation,23.0,0.3,540,50,24.62695933719752,10.883874805384536,-8.607005716439643,1.2691808746387363,2.861269081088128,0.32222222222222224,0.04429466958150429
m12_joint_hybrid_synergy,std_A_pool,std,A_pool,canonical_P1,F,full,18.0,0.3,1103,99,84.18179150822145,13.656501406440176,-14.025134055359484,1.6154512518640405,6.002209403200157,0.329102447869447,0.04837591905469454
m12_joint_hybrid_synergy,std_A_pool,std,A_pool,canonical_P1,F,full,15.0,0.3,1103,99,84.28085649973205,13.660396974438521,-14.029785956948182,1.6161211184882611,6.007280279140137,0.329102447869447,0.04840498236770874
m12_joint_hybrid_synergy,std_A_pool,std,A_pool,canonical_P1,F,full,12.0,0.3,1103,99,84.28085649973205,13.660396974438521,-14.029785956948182,1.6161211184882611,6.007280279140137,0.329102447869447,0.04840498236770874
m12_joint_hybrid_synergy,std_A_pool,std,A_pool,canonical_P1,F,full,10.0,0.3,1103,99,84.28085649973205,13.660396974438521,-14.029785956948182,1.6161211184882611,6.007280279140137,0.329102447869447,0.04840498236770874
m12_joint_hybrid_synergy,std_A_pool,std,A_pool,canonical_P1,F,full,8.0,0.3,1103,99,84.28085649973205,13.660396974438521,-14.029785956948182,1.6161211184882611,6.007280279140137,0.329102447869447,0.04840498236770874
m12_joint_hybrid_synergy,std_A_pool,std,A_pool,flat_1.0,F,full,23.0,0.4,1503,99,63.34625156946221,9.628370785160973,-12.104950278769543,1.3962476310441272,5.233086473767928,0.3712574850299401,0.05534862314593026
m12_joint_hybrid_synergy,std_A_pool,std,A_pool,flat_1.0,F,full,18.0,0.4,1503,99,83.69505721469346,9.625762588009204,-15.271602100632592,1.370783799745559,5.480437262782441,0.3712574850299401,0.06998151024268774
m12_joint_hybrid_synergy,std_A_pool,std,A_pool,flat_1.0,F,full,15.0,0.4,1503,99,103.32052015693188,9.623448138344614,-18.10623805337123,1.3477534602355252,5.706349372651403,0.3712574850299401,0.0831746802251551
m12_joint_hybrid_synergy,std_A_pool,std,A_pool,flat_1.0,F,full,12.0,0.4,1503,99,134.17374819074936,9.620121550206544,-22.215125148289548,1.313899471880525,6.039747572661326,0.3712574850299401,0.10249672754367761
m12_joint_hybrid_synergy,std_A_pool,std,A_pool,flat_1.0,F,full,10.0,0.4,1503,99,165.98557440558062,9.61057687191994,-26.15155844166866,1.27896711650957,6.347062442791442,0.3712574850299401,0.12118261610444186
m12_joint_hybrid_synergy,std_A_pool,std,A_pool,flat_1.0,F,full,8.0,0.4,1503,99,214.07347926360362,9.718483927333223,-32.092372953154076,1.230609846286766,6.670540678811482,0.3712574850299401,0.14578814135085985
m12_joint_hybrid_synergy,std_A_pool,std,A_pool,canonical_P1,F,full,23.0,0.4,1103,99,72.64828959678793,13.540551975507345,-11.387447126509482,1.5943213879191385,6.379681836472889,0.329102447869447,0.04338169076110737
m12_joint_hybrid_synergy,std_A_pool,std,A_pool,canonical_P1,F,full,18.0,0.4,1103,99,97.19836289431585,13.551476470906781,-14.37119895248507,1.5715349522988216,6.763413631366386,0.329102447869447,0.054822064114720924
m12_joint_hybrid_synergy,std_A_pool,std,A_pool,canonical_P1,F,full,15.0,0.4,1103,99,118.37676904272473,13.768014318177844,-17.26301711619472,1.5966571224913666,6.85724680952054,0.329102447869447,0.06262708313949134
m12_joint_hybrid_synergy,std_A_pool,std,A_pool,canonical_P1,F,full,12.0,0.4,1103,99,121.71671995265316,13.660396974438523,-18.559745745412474,1.5838692826713998,6.558102768338765,0.329102447869447,0.06453997649027832
m12_joint_hybrid_synergy,std_A_pool,std,A_pool,canonical_P1,F,full,10.0,0.4,1103,99,121.71671995265316,13.660396974438523,-18.559745745412474,1.5838692826713998,6.558102768338765,0.329102447869447,0.06453997649027832
m12_joint_hybrid_synergy,std_A_pool,std,A_pool,canonical_P1,F,full,8.0,0.4,1103,99,121.71671995265316,13.660396974438523,-18.559745745412474,1.5838692826713998,6.558102768338765,0.329102447869447,0.06453997649027832
m12_joint_hybrid_synergy,std_A_pool,std,A_pool,flat_1.0,F,full,23.0,0.5,1503,99,63.34625156946352,9.628370785161092,-12.10495027876967,1.3962476310441494,5.233086473767982,0.3712574850299401,0.055348623145930385
m12_joint_hybrid_synergy,std_A_pool,std,A_pool,flat_1.0,F,full,18.0,0.5,1503,99,83.69505721469415,9.625762588009277,-15.271602100632547,1.370783799745569,5.480437262782502,0.3712574850299401,0.0699815102426877
m12_joint_hybrid_synergy,std_A_pool,std,A_pool,flat_1.0,F,full,15.0,0.5,1503,99,103.32052015693121,9.623448138344552,-18.10623805337121,1.3477534602355141,5.706349372651372,0.3712574850299401,0.08317468022515509
m12_joint_hybrid_synergy,std_A_pool,std,A_pool,flat_1.0,F,full,12.0,0.5,1503,99,134.17374819075025,9.620121550206585,-22.215125148289516,1.313899471880532,6.039747572661374,0.3712574850299401,0.1024967275436777
m12_joint_hybrid_synergy,std_A_pool,std,A_pool,flat_1.0,F,full,10.0,0.5,1503,99,165.98557440558045,9.610576871919934,-26.151558441668655,1.2789671165095677,6.347062442791436,0.3712574850299401,0.12118261610444185
m12_joint_hybrid_synergy,std_A_pool,std,A_pool,flat_1.0,F,full,8.0,0.5,1503,99,214.0734792636042,9.718483927333232,-32.09237295315403,1.2306098462867674,6.670540678811509,0.3712574850299401,0.1457881413508598
m12_joint_hybrid_synergy,std_A_pool,std,A_pool,canonical_P1,F,full,23.0,0.5,1103,99,72.64838767350179,13.540303638893644,-11.387447126509505,1.594323119911043,6.37969044917709,0.329102447869447,0.04338252878537199
m12_joint_hybrid_synergy,std_A_pool,std,A_pool,canonical_P1,F,full,18.0,0.5,1103,99,97.13668311269647,13.538500068519383,-14.371198952485129,1.5707043299705319,6.759121729081566,0.329102447869447,0.05485165101917559
m12_joint_hybrid_synergy,std_A_pool,std,A_pool,canonical_P1,F,full,15.0,0.5,1103,99,121.26353204660228,13.540064408462023,-17.04477990948386,1.5492900671745349,7.114408792050768,0.329102447869447,0.06517622996891284
m12_joint_hybrid_synergy,std_A_pool,std,A_pool,canonical_P1,F,full,12.0,0.5,1103,99,158.4387660450475,13.778980061670953,-21.136651071941262,1.5667318988738084,7.495925702978259,0.329102447869447,0.07777576506362156
m12_joint_hybrid_synergy,std_A_pool,std,A_pool,canonical_P1,F,full,10.0,0.5,1103,99,164.319998931864,13.660396974438523,-22.999978573872806,1.5513783529218859,7.144354435117863,0.329102447869447,0.08067497061284787
m12_joint_hybrid_synergy,std_A_pool,std,A_pool,canonical_P1,F,full,8.0,0.5,1103,99,164.319998931864,13.660396974438523,-22.999978573872806,1.5513783529218859,7.144354435117863,0.329102447869447,0.08067497061284787
m12_joint_hybrid_synergy,std_A_pool,std,A_pool,flat_1.0,F,full,23.0,0.6,1503,99,63.34625156946312,9.628370785161056,-12.104950278769618,1.3962476310441436,5.233086473767972,0.3712574850299401,0.055348623145930295
m12_joint_hybrid_synergy,std_A_pool,std,A_pool,flat_1.0,F,full,18.0,0.6,1503,99,83.69505721469449,9.625762588009279,-15.271602100632506,1.3707837997455694,5.480437262782539,0.3712574850299401,0.06998151024268774
m12_joint_hybrid_synergy,std_A_pool,std,A_pool,flat_1.0,F,full,15.0,0.6,1503,99,103.32052015693219,9.623448138344639,-18.10623805337121,1.347753460235528,5.7063493726514265,0.3712574850299401,0.08317468022515509
m12_joint_hybrid_synergy,std_A_pool,std,A_pool,flat_1.0,F,full,12.0,0.6,1503,99,134.17374819074973,9.620121550206559,-22.215125148289502,1.3138994718805272,6.039747572661355,0.3712574850299401,0.10249672754367767
m12_joint_hybrid_synergy,std_A_pool,std,A_pool,flat_1.0,F,full,10.0,0.6,1503,99,165.9855744055795,9.61057687191991,-26.151558441668595,1.2789671165095633,6.347062442791414,0.3712574850299401,0.12118261610444186
m12_joint_hybrid_synergy,std_A_pool,std,A_pool,flat_1.0,F,full,8.0,0.6,1503,99,214.07347926360393,9.718483927333228,-32.0923729531541,1.2306098462867652,6.670540678811487,0.3712574850299401,0.14578814135085985
m12_joint_hybrid_synergy,std_A_pool,std,A_pool,canonical_P1,F,full,23.0,0.6,1103,99,72.64838767350122,13.540303638893576,-11.387447126509551,1.5943231199110328,6.379690449177014,0.329102447869447,0.043382528785372
m12_joint_hybrid_synergy,std_A_pool,std,A_pool,canonical_P1,F,full,18.0,0.6,1103,99,97.13696141963621,13.538012047163136,-14.371198952485125,1.5707077374969982,6.759141094684998,0.329102447869447,0.05485373366451529
m12_joint_hybrid_synergy,std_A_pool,std,A_pool,canonical_P1,F,full,15.0,0.6,1103,99,121.26646239119063,13.536212014144017,-17.044779909483808,1.5493169842842092,7.114580712404348,0.329102447869447,0.06519576740549586
m12_joint_hybrid_synergy,std_A_pool,std,A_pool,canonical_P1,F,full,12.0,0.6,1103,99,160.2260496380532,13.539013587746318,-20.925622223423307,1.5179302250338418,7.656931197902567,0.329102447869447,0.08031479390780438
m12_joint_hybrid_synergy,std_A_pool,std,A_pool,canonical_P1,F,full,10.0,0.6,1103,99,201.68174886003817,13.76118429698339,-24.868415037519252,1.5328568332212449,8.109955884030352,0.329102447869447,0.09261332798395225
m12_joint_hybrid_synergy,std_A_pool,std,A_pool,canonical_P1,F,full,8.0,0.6,1103,99,212.26573620222857,13.660396974438521,-27.341755794930695,1.5186466542694208,7.763427403648443,0.329102447869447,0.09680996473541748
m12_joint_hybrid_synergy,std_B_full,std,B_full,flat_1.0,P,full,23.0,0.3,1495,99,64.36047572932202,9.828615222007844,-11.79950224516558,1.4085674250534448,5.4545076895672775,0.36789297658862874,0.05488879533050544
m12_joint_hybrid_synergy,std_B_full,std,B_full,flat_1.0,O,evaluation,23.0,0.3,785,50,12.715367640451113,4.722575000926553,-11.184686424153345,0.693531100145796,1.1368550854489994,0.3681528662420382,0.05926950928736629
m12_joint_hybrid_synergy,std_B_full,std,B_full,flat_1.0,F,full,18.0,0.3,1495,99,85.12070674675883,9.825784043240928,-14.899383693458123,1.3831064020126205,5.713035417977242,0.36789297658862874,0.06940167710436555
m12_joint_hybrid_synergy,std_B_full,std,B_full,flat_1.0,F,full,15.0,0.3,1495,99,105.1769140893454,9.823269253571027,-17.678632276708072,1.3600784523072589,5.949380723751913,0.36789297658862874,0.0824872102650392
m12_joint_hybrid_synergy,std_B_full,std,B_full,flat_1.0,F,full,12.0,0.3,1495,99,136.77006174215524,9.819650440784427,-21.714417067118646,1.3262277710847865,6.29858316340719,0.36789297658862874,0.10165257990549458
m12_joint_hybrid_synergy,std_B_full,std,B_full,flat_1.0,F,full,10.0,0.3,1495,99,169.67453217599254,9.813487696899717,-25.58862904174694,1.2923852557740303,6.630856694165778,0.36789297658862874,0.12024270389677526
m12_joint_hybrid_synergy,std_B_full,std,B_full,flat_1.0,F,full,8.0,0.3,1495,99,218.5003481341735,9.890987593751435,-31.44492784662986,1.2402371347008518,6.948667498933106,0.36789297658862874,0.14493166834539462
m12_joint_hybrid_synergy,std_B_full,std,B_full,canonical_P1,P,full,23.0,0.3,1100,99,73.3790240010624,13.737489864279894,-11.224815044338035,1.6087322834812776,6.53721452970184,0.33,0.04306611076387664
m12_joint_hybrid_synergy,std_B_full,std,B_full,canonical_P1,O,evaluation,23.0,0.3,540,50,24.382673494715633,10.843865759417364,-8.600580283125145,1.2572188641446838,2.8350033011790963,0.32222222222222224,0.04409856170904585
m12_joint_hybrid_synergy,std_B_full,std,B_full,canonical_P1,F,full,18.0,0.3,1100,99,84.6507474730143,13.759464081981683,-13.895218400499937,1.6157495683333813,6.092077507034265,0.33,0.04822624588910993
m12_joint_hybrid_synergy,std_B_full,std,B_full,canonical_P1,F,full,15.0,0.3,1100,99,84.72021802088196,13.759493145539542,-13.902753228559869,1.6159357206646816,6.093772695817157,0.33,0.04825698059521275
m12_joint_hybrid_synergy,std_B_full,std,B_full,canonical_P1,F,full,12.0,0.3,1100,99,84.72021802088196,13.759493145539542,-13.902753228559869,1.6159357206646816,6.093772695817157,0.33,0.04825698059521275
m12_joint_hybrid_synergy,std_B_full,std,B_full,canonical_P1,F,full,10.0,0.3,1100,99,84.72021802088196,13.759493145539542,-13.902753228559869,1.6159357206646816,6.093772695817157,0.33,0.04825698059521275
m12_joint_hybrid_synergy,std_B_full,std,B_full,canonical_P1,F,full,8.0,0.3,1100,99,84.72021802088196,13.759493145539542,-13.902753228559869,1.6159357206646816,6.093772695817157,0.33,0.04825698059521275
m12_joint_hybrid_synergy,std_B_full,std,B_full,flat_1.0,F,full,23.0,0.4,1495,99,64.36047572932182,9.828615222007821,-11.799502245165568,1.4085674250534388,5.454507689567267,0.36789297658862874,0.05488879533050542
m12_joint_hybrid_synergy,std_B_full,std,B_full,flat_1.0,F,full,18.0,0.4,1495,99,85.12070674675942,9.82578404324098,-14.899383693458073,1.3831064020126278,5.7130354179773,0.36789297658862874,0.06940167710436554
m12_joint_hybrid_synergy,std_B_full,std,B_full,flat_1.0,F,full,15.0,0.4,1495,99,105.1769140893457,9.823269253571034,-17.678632276708047,1.360078452307261,5.949380723751938,0.36789297658862874,0.08248721026503926
m12_joint_hybrid_synergy,std_B_full,std,B_full,flat_1.0,F,full,12.0,0.4,1495,99,136.77006174215384,9.819650440784377,-21.714417067118625,1.326227771084777,6.298583163407132,0.36789297658862874,0.10165257990549459
m12_joint_hybrid_synergy,std_B_full,std,B_full,flat_1.0,F,full,10.0,0.4,1495,99,169.67453217599382,9.813487696899745,-25.588629041746923,1.2923852557740358,6.630856694165833,0.36789297658862874,0.12024270389677526
m12_joint_hybrid_synergy,std_B_full,std,B_full,flat_1.0,F,full,8.0,0.4,1495,99,218.50034813417318,9.89098759375143,-31.444927846629827,1.2402371347008512,6.948667498933103,0.36789297658862874,0.14493166834539467
m12_joint_hybrid_synergy,std_B_full,std,B_full,canonical_P1,F,full,23.0,0.4,1100,99,73.13876901552393,13.655181203212925,-11.262280282916114,1.5958466342024635,6.494135039994431,0.33,0.04325007495451826
m12_joint_hybrid_synergy,std_B_full,std,B_full,canonical_P1,F,full,18.0,0.4,1100,99,97.89370141695888,13.666431840245599,-14.22057876569696,1.5730428634781728,6.883946358997649,0.33,0.054657176524051485
m12_joint_hybrid_synergy,std_B_full,std,B_full,canonical_P1,F,full,15.0,0.4,1100,99,119.30363624546145,13.889451415598263,-17.08003048517492,1.5989390733510214,6.984977945385654,0.33,0.06243111907390184
m12_joint_hybrid_synergy,std_B_full,std,B_full,canonical_P1,F,full,12.0,0.4,1100,99,122.38877973789037,13.759493145539546,-18.402260613950798,1.5835982643568565,6.650747009044483,0.33,0.06434264079361701
m12_joint_hybrid_synergy,std_B_full,std,B_full,canonical_P1,F,full,10.0,0.4,1100,99,122.38877973789037,13.759493145539546,-18.402260613950798,1.5835982643568565,6.650747009044483,0.33,0.06434264079361701
m12_joint_hybrid_synergy,std_B_full,std,B_full,canonical_P1,F,full,8.0,0.4,1100,99,122.38877973789037,13.759493145539546,-18.402260613950798,1.5835982643568565,6.650747009044483,0.33,0.06434264079361701
m12_joint_hybrid_synergy,std_B_full,std,B_full,flat_1.0,F,full,23.0,0.5,1495,99,64.36047572932236,9.828615222007873,-11.79950224516558,1.4085674250534495,5.454507689567307,0.36789297658862874,0.05488879533050545
m12_joint_hybrid_synergy,std_B_full,std,B_full,flat_1.0,F,full,18.0,0.5,1495,99,85.12070674675833,9.825784043240898,-14.899383693458045,1.3831064020126145,5.713035417977238,0.36789297658862874,0.06940167710436551
m12_joint_hybrid_synergy,std_B_full,std,B_full,flat_1.0,F,full,15.0,0.5,1495,99,105.17691408934509,9.823269253570995,-17.678632276708083,1.3600784523072555,5.949380723751892,0.36789297658862874,0.08248721026503922
m12_joint_hybrid_synergy,std_B_full,std,B_full,flat_1.0,F,full,12.0,0.5,1495,99,136.77006174215384,9.819650440784361,-21.714417067118553,1.326227771084777,6.2985831634071525,0.36789297658862874,0.10165257990549466
m12_joint_hybrid_synergy,std_B_full,std,B_full,flat_1.0,F,full,10.0,0.5,1495,99,169.6745321759939,9.813487696899756,-25.58862904174693,1.2923852557740372,6.630856694165834,0.36789297658862874,0.1202427038967753
m12_joint_hybrid_synergy,std_B_full,std,B_full,flat_1.0,F,full,8.0,0.5,1495,99,218.50034813417514,9.890987593751465,-31.44492784662979,1.2402371347008576,6.948667498933174,0.36789297658862874,0.14493166834539456
m12_joint_hybrid_synergy,std_B_full,std,B_full,canonical_P1,F,full,23.0,0.5,1100,99,73.1387911826737,13.654888691046144,-11.262280282916121,1.595847023070017,6.49413700825922,0.33,0.04325101091959109
m12_joint_hybrid_synergy,std_B_full,std,B_full,canonical_P1,F,full,18.0,0.5,1100,99,97.82591567376457,13.652916663902998,-14.220578765696978,1.5721461727466237,6.879179623106566,0.33,0.05468630414162277
m12_joint_hybrid_synergy,std_B_full,std,B_full,canonical_P1,F,full,15.0,0.5,1100,99,122.16250473355386,13.65449380029554,-16.873759797031607,1.5506752842780644,7.239791617458274,0.33,0.06498076462795635
m12_joint_hybrid_synergy,std_B_full,std,B_full,canonical_P1,F,full,12.0,0.5,1100,99,159.8191099862807,13.90444666144389,-20.929699224871822,1.5692637639685416,7.635996498046161,0.33,0.07752817175261616
m12_joint_hybrid_synergy,std_B_full,std,B_full,canonical_P1,F,full,10.0,0.5,1100,99,165.28665109677814,13.760218469390196,-22.81733910116457,1.5511060351125447,7.243905626504104,0.33,0.0804276111285196
m12_joint_hybrid_synergy,std_B_full,std,B_full,canonical_P1,F,full,8.0,0.5,1100,99,165.27375708515927,13.759493145539528,-22.817339101164542,1.5510237730471654,7.243340529427645,0.33,0.08042830099202125
m12_joint_hybrid_synergy,std_B_full,std,B_full,flat_1.0,F,full,23.0,0.6,1495,99,64.36047572932202,9.828615222007844,-11.79950224516558,1.4085674250534448,5.4545076895672775,0.36789297658862874,0.05488879533050544
m12_joint_hybrid_synergy,std_B_full,std,B_full,flat_1.0,F,full,18.0,0.6,1495,99,85.12070674675883,9.825784043240928,-14.899383693458123,1.3831064020126205,5.713035417977242,0.36789297658862874,0.06940167710436555
m12_joint_hybrid_synergy,std_B_full,std,B_full,flat_1.0,F,full,15.0,0.6,1495,99,105.1769140893454,9.823269253571027,-17.678632276708072,1.3600784523072589,5.949380723751913,0.36789297658862874,0.0824872102650392
m12_joint_hybrid_synergy,std_B_full,std,B_full,flat_1.0,F,full,12.0,0.6,1495,99,136.77006174215524,9.819650440784427,-21.714417067118646,1.3262277710847865,6.29858316340719,0.36789297658862874,0.10165257990549458
m12_joint_hybrid_synergy,std_B_full,std,B_full,flat_1.0,F,full,10.0,0.6,1495,99,169.67453217599254,9.813487696899717,-25.58862904174694,1.2923852557740303,6.630856694165778,0.36789297658862874,0.12024270389677526
m12_joint_hybrid_synergy,std_B_full,std,B_full,flat_1.0,F,full,8.0,0.6,1495,99,218.5003481341735,9.890987593751435,-31.44492784662986,1.2402371347008518,6.948667498933106,0.36789297658862874,0.14493166834539462
m12_joint_hybrid_synergy,std_B_full,std,B_full,canonical_P1,F,full,23.0,0.6,1100,99,73.13879118267361,13.654888691046137,-11.262280282916047,1.5958470230700157,6.494137008259255,0.33,0.043251010919591035
m12_joint_hybrid_synergy,std_B_full,std,B_full,canonical_P1,F,full,18.0,0.6,1100,99,97.82597553887378,13.652369965866034,-14.220578765697,1.5721469003897157,6.879183832858506,0.33,0.05468851640008939
m12_joint_hybrid_synergy,std_B_full,std,B_full,canonical_P1,F,full,15.0,0.6,1100,99,122.16310143903458,13.650410822789457,-16.87375979703157,1.550680722367176,7.239826980382018,0.33,0.06500039979256234
m12_joint_hybrid_synergy,std_B_full,std,B_full,canonical_P1,F,full,12.0,0.6,1100,99,161.48115989968625,13.653153234861179,-20.728893864755708,1.5192003469813342,7.790148425345769,0.33,0.0800760012389884
m12_joint_hybrid_synergy,std_B_full,std,B_full,canonical_P1,F,full,10.0,0.6,1100,99,203.56132110127896,13.887581330692313,-24.638594357603928,1.535351010823995,8.261888569891413,0.33,0.09231779838302619
m12_joint_hybrid_synergy,std_B_full,std,B_full,canonical_P1,F,full,8.0,0.6,1100,99,213.5521853217409,13.759514060532354,-27.13887115028044,1.5182129226326464,7.868867652571251,0.33,0.09651394344607402
m12_joint_hybrid_synergy,std_B_anch,std,B_anch,flat_1.0,P,full,23.0,0.3,1502,99,64.12010948769777,9.720449436622827,-11.866130023203974,1.4065969006925105,5.403624379836747,0.3681757656458056,0.0553350282762219
m12_joint_hybrid_synergy,std_B_anch,std,B_anch,flat_1.0,O,evaluation,23.0,0.3,786,50,12.82725902016766,4.713537202639915,-11.22007971054652,0.6972146655750955,1.143241345078007,0.366412213740458,0.059855431326521026
m12_joint_hybrid_synergy,std_B_anch,std,B_anch,flat_1.0,F,full,18.0,0.3,1502,99,84.78617427070057,9.717776981470532,-14.97849784883708,1.3811776849723805,5.660525850212898,0.3681757656458056,0.0699651567808279
m12_joint_hybrid_synergy,std_B_anch,std,B_anch,flat_1.0,F,full,15.0,0.3,1502,99,104.74539680176713,9.715405000873414,-17.767336594326352,1.358187720071335,5.895391030933443,0.3681757656458056,0.08315613378487546
m12_joint_hybrid_synergy,std_B_anch,std,B_anch,flat_1.0,F,full,12.0,0.3,1502,99,136.1753469983875,9.711994833730824,-21.814482318569254,1.3243932266973302,6.242428539432736,0.3681757656458056,0.10247546772853433
m12_joint_hybrid_synergy,std_B_anch,std,B_anch,flat_1.0,F,full,10.0,0.3,1502,99,168.71790283054574,9.703288821177921,-25.696891217695615,1.2898236640612974,6.565693157247043,0.3681757656458056,0.12117598126661949
m12_joint_hybrid_synergy,std_B_anch,std,B_anch,flat_1.0,F,full,8.0,0.3,1502,99,217.5977307122712,9.800638266311626,-31.56843327628444,1.240130870920919,6.892889767695247,0.3681757656458056,0.14584710529082728
m12_joint_hybrid_synergy,std_B_anch,std,B_anch,canonical_P1,P,full,23.0,0.3,1105,99,73.65245015198968,13.66846411796692,-11.24786379005321,1.6125171313870867,6.548127851363433,0.33031674208144796,0.043403208410405604
m12_joint_hybrid_synergy,std_B_anch,std,B_anch,canonical_P1,O,evaluation,23.0,0.3,540,50,24.869241783724362,10.926317983697396,-8.69326540485318,1.2735618767652566,2.8607480187871217,0.32222222222222224,0.04451997449689255
m12_joint_hybrid_synergy,std_B_anch,std,B_anch,canonical_P1,F,full,18.0,0.3,1105,99,85.00181688945962,13.699412222410965,-13.909788617936227,1.6209060808569784,6.11093519996792,0.33031674208144796,0.04857802384469074
m12_joint_hybrid_synergy,std_B_anch,std,B_anch,canonical_P1,F,full,15.0,0.3,1105,99,85.08457729956072,13.701302040996733,-13.916358947738635,1.621321068375451,6.113997031772934,0.33031674208144796,0.0486073979164002
m12_joint_hybrid_synergy,std_B_anch,std,B_anch,canonical_P1,F,full,12.0,0.3,1105,99,85.08457729956072,13.701302040996733,-13.916358947738635,1.621321068375451,6.113997031772934,0.33031674208144796,0.0486073979164002
m12_joint_hybrid_synergy,std_B_anch,std,B_anch,canonical_P1,F,full,10.0,0.3,1105,99,85.08457729956072,13.701302040996733,-13.916358947738635,1.621321068375451,6.113997031772934,0.33031674208144796,0.0486073979164002
m12_joint_hybrid_synergy,std_B_anch,std,B_anch,canonical_P1,F,full,8.0,0.3,1105,99,85.08457729956072,13.701302040996733,-13.916358947738635,1.621321068375451,6.113997031772934,0.33031674208144796,0.0486073979164002
m12_joint_hybrid_synergy,std_B_anch,std,B_anch,flat_1.0,F,full,23.0,0.4,1502,99,64.1201094876977,9.72044943662282,-11.86613002320395,1.4065969006925083,5.403624379836751,0.3681757656458056,0.055335028276221915
m12_joint_hybrid_synergy,std_B_anch,std,B_anch,flat_1.0,F,full,18.0,0.4,1502,99,84.78617427069925,9.717776981470443,-14.978497848837055,1.3811776849723654,5.660525850212819,0.3681757656458056,0.06996515678082785
m12_joint_hybrid_synergy,std_B_anch,std,B_anch,flat_1.0,F,full,15.0,0.4,1502,99,104.74539680176682,9.715405000873375,-17.767336594326423,1.3581877200713308,5.8953910309334026,0.3681757656458056,0.08315613378487553
m12_joint_hybrid_synergy,std_B_anch,std,B_anch,flat_1.0,F,full,12.0,0.4,1502,99,136.1753469983884,9.71199483373087,-21.81448231856925,1.324393226697337,6.242428539432777,0.3681757656458056,0.1024754677285343
m12_joint_hybrid_synergy,std_B_anch,std,B_anch,flat_1.0,F,full,10.0,0.4,1502,99,168.71790283054256,9.703288821177825,-25.696891217695605,1.2898236640612815,6.565693157246922,0.3681757656458056,0.12117598126661945
m12_joint_hybrid_synergy,std_B_anch,std,B_anch,flat_1.0,F,full,8.0,0.4,1502,99,217.59773071227391,9.80063826631168,-31.568433276284352,1.2401308709209269,6.892889767695354,0.3681757656458056,0.14584710529082734
m12_joint_hybrid_synergy,std_B_anch,std,B_anch,canonical_P1,F,full,23.0,0.4,1105,99,73.41938466789186,13.587619508990693,-11.284701632704905,1.5997378056307838,6.506098881259786,0.33031674208144796,0.04358874607069673
m12_joint_hybrid_synergy,std_B_anch,std,B_anch,canonical_P1,F,full,18.0,0.4,1105,99,98.28710446714955,13.598096997820688,-14.247279698140925,1.5768087139068379,6.898657606895628,0.33031674208144796,0.05508447390742965
m12_joint_hybrid_synergy,std_B_anch,std,B_anch,canonical_P1,F,full,15.0,0.4,1105,99,119.72052279740555,13.816039960080515,-17.117000194936566,1.6023768772348959,6.9942467391465275,0.33031674208144796,0.0629054023284816
m12_joint_hybrid_synergy,std_B_anch,std,B_anch,canonical_P1,F,full,12.0,0.4,1105,99,122.97365981772268,13.701302040996731,-18.41777260693007,1.5889932222247443,6.676901840532622,0.33031674208144796,0.0648098638885336
m12_joint_hybrid_synergy,std_B_anch,std,B_anch,canonical_P1,F,full,10.0,0.4,1105,99,122.97365981772268,13.701302040996731,-18.41777260693007,1.5889932222247443,6.676901840532622,0.33031674208144796,0.0648098638885336
m12_joint_hybrid_synergy,std_B_anch,std,B_anch,canonical_P1,F,full,8.0,0.4,1105,99,122.97365981772268,13.701302040996731,-18.41777260693007,1.5889932222247443,6.676901840532622,0.33031674208144796,0.0648098638885336
m12_joint_hybrid_synergy,std_B_anch,std,B_anch,flat_1.0,F,full,23.0,0.5,1502,99,64.12010948769935,9.720449436623007,-11.8661300232039,1.406596900692539,5.403624379836914,0.3681757656458056,0.055335028276221915
m12_joint_hybrid_synergy,std_B_anch,std,B_anch,flat_1.0,F,full,18.0,0.5,1502,99,84.78617427069865,9.717776981470386,-14.97849784883713,1.3811776849723576,5.660525850212751,0.3681757656458056,0.0699651567808279
m12_joint_hybrid_synergy,std_B_anch,std,B_anch,flat_1.0,F,full,15.0,0.5,1502,99,104.74539680176771,9.715405000873428,-17.767336594326338,1.3581877200713386,5.895391030933481,0.3681757656458056,0.08315613378487552
m12_joint_hybrid_synergy,std_B_anch,std,B_anch,flat_1.0,F,full,12.0,0.5,1502,99,136.17534699838822,9.711994833730857,-21.814482318569254,1.3243932266973344,6.242428539432768,0.3681757656458056,0.10247546772853429
m12_joint_hybrid_synergy,std_B_anch,std,B_anch,flat_1.0,F,full,10.0,0.5,1502,99,168.71790283054423,9.703288821177868,-25.696891217695566,1.2898236640612883,6.565693157246997,0.3681757656458056,0.12117598126661948
m12_joint_hybrid_synergy,std_B_anch,std,B_anch,flat_1.0,F,full,8.0,0.5,1502,99,217.59773071227193,9.800638266311637,-31.56843327628443,1.2401308709209216,6.892889767695273,0.3681757656458056,0.14584710529082726
m12_joint_hybrid_synergy,std_B_anch,std,B_anch,canonical_P1,F,full,23.0,0.5,1105,99,73.41956773090533,13.587431208608102,-11.284701632704909,1.5997410080767045,6.506115103488729,0.33031674208144796,0.04358942862643343
m12_joint_hybrid_synergy,std_B_anch,std,B_anch,canonical_P1,F,full,18.0,0.5,1105,99,98.22813569129762,13.585456019215354,-14.247279698140902,1.5760200101166375,6.894518657067932,0.33031674208144796,0.05511398813749181
m12_joint_hybrid_synergy,std_B_anch,std,B_anch,canonical_P1,F,full,15.0,0.5,1105,99,122.6901171460141,13.586716540204005,-16.903773171310448,1.5544826821382203,7.258149757608388,0.33031674208144796,0.06548843229705907
m12_joint_hybrid_synergy,std_B_anch,std,B_anch,canonical_P1,F,full,12.0,0.5,1105,99,160.4611859697814,13.831817735750203,-20.968533343047387,1.5728318278231563,7.6524754185054205,0.33031674208144796,0.07812181924927461
m12_joint_hybrid_synergy,std_B_anch,std,B_anch,canonical_P1,F,full,10.0,0.5,1105,99,166.14936264262715,13.701489868432075,-22.833669500471654,1.5564466365155512,7.276507292846433,0.33031674208144796,0.08101219603358904
m12_joint_hybrid_synergy,std_B_anch,std,B_anch,canonical_P1,F,full,8.0,0.5,1105,99,166.1458302712952,13.701302040996735,-22.833669500471647,1.5564244734889012,7.276352592729931,0.33031674208144796,0.081012329860667
m12_joint_hybrid_synergy,std_B_anch,std,B_anch,flat_1.0,F,full,23.0,0.6,1502,99,64.12010948769777,9.720449436622827,-11.866130023203974,1.4065969006925105,5.403624379836747,0.3681757656458056,0.0553350282762219
m12_joint_hybrid_synergy,std_B_anch,std,B_anch,flat_1.0,F,full,18.0,0.6,1502,99,84.78617427070057,9.717776981470532,-14.97849784883708,1.3811776849723805,5.660525850212898,0.3681757656458056,0.0699651567808279
m12_joint_hybrid_synergy,std_B_anch,std,B_anch,flat_1.0,F,full,15.0,0.6,1502,99,104.74539680176713,9.715405000873414,-17.767336594326352,1.358187720071335,5.895391030933443,0.3681757656458056,0.08315613378487546
m12_joint_hybrid_synergy,std_B_anch,std,B_anch,flat_1.0,F,full,12.0,0.6,1502,99,136.1753469983875,9.711994833730824,-21.814482318569254,1.3243932266973302,6.242428539432736,0.3681757656458056,0.10247546772853433
m12_joint_hybrid_synergy,std_B_anch,std,B_anch,flat_1.0,F,full,10.0,0.6,1502,99,168.71790283054574,9.703288821177921,-25.696891217695615,1.2898236640612974,6.565693157247043,0.3681757656458056,0.12117598126661949
m12_joint_hybrid_synergy,std_B_anch,std,B_anch,flat_1.0,F,full,8.0,0.6,1502,99,217.5977307122712,9.800638266311626,-31.56843327628444,1.240130870920919,6.892889767695247,0.3681757656458056,0.14584710529082728
m12_joint_hybrid_synergy,std_B_anch,std,B_anch,canonical_P1,F,full,23.0,0.6,1105,99,73.41956773090416,13.587431208607946,-11.284701632704925,1.599741008076683,6.506115103488616,0.33031674208144796,0.04358942862643341
m12_joint_hybrid_synergy,std_B_anch,std,B_anch,canonical_P1,F,full,18.0,0.6,1105,99,98.22871654461771,13.585042696824422,-14.247279698140872,1.5760270477354512,6.89455942648726,0.33031674208144796,0.05511588287732584
m12_joint_hybrid_synergy,std_B_anch,std,B_anch,canonical_P1,F,full,15.0,0.6,1105,99,122.69691048516837,13.583095802879823,-16.903773171310444,1.5545443788371582,7.258551640613174,0.33031674208144796,0.06550815792150469
m12_joint_hybrid_synergy,std_B_anch,std,B_anch,canonical_P1,F,full,12.0,0.6,1105,99,162.23747591509104,13.58544330777434,-20.762869990200205,1.5229751079770986,7.8138270861236885,0.33031674208144796,0.08070059620068415
m12_joint_hybrid_synergy,std_B_anch,std,B_anch,canonical_P1,F,full,10.0,0.6,1105,99,204.43804872202645,13.813824631962751,-24.67971197866231,1.5387661738434983,8.283648078988133,0.33031674208144796,0.09303160485700757
m12_joint_hybrid_synergy,std_B_anch,std,B_anch,canonical_P1,F,full,8.0,0.6,1105,99,214.78850435004534,13.701302040996733,-27.155061778225065,1.5236132359481755,7.909704131930153,0.33031674208144796,0.0972147958328004
m12_joint_hybrid_synergy,std_C_sqrt,std,C_sqrt,flat_1.0,P,full,23.0,0.3,1500,99,63.742344753663225,9.70458233218989,-11.988094341939052,1.4011997038600164,5.317137397782025,0.37066666666666664,0.05517796551618558
m12_joint_hybrid_synergy,std_C_sqrt,std,C_sqrt,flat_1.0,O,evaluation,23.0,0.3,788,50,12.60591869118921,4.655063524744203,-11.22588950391627,0.6878140941763966,1.1229327250006784,0.36928934010152287,0.059711628881329366
m12_joint_hybrid_synergy,std_C_sqrt,std,C_sqrt,flat_1.0,F,full,18.0,0.3,1500,99,84.25201623390389,9.7019002855846,-15.129056835817542,1.3757439037216024,5.568887548524507,0.37066666666666664,0.06976628376471498
m12_joint_hybrid_synergy,std_C_sqrt,std,C_sqrt,flat_1.0,F,full,15.0,0.3,1500,99,104.04601552630264,9.699519518554714,-17.94232821264721,1.3527207576247269,5.798913847365837,0.37066666666666664,0.0829194671972253
m12_joint_hybrid_synergy,std_C_sqrt,std,C_sqrt,flat_1.0,F,full,12.0,0.3,1500,99,135.1890241512537,9.696096254748571,-22.022923876793428,1.3188772553533126,6.138559298827193,0.37066666666666664,0.10218329012997518
m12_joint_hybrid_synergy,std_C_sqrt,std,C_sqrt,flat_1.0,F,full,10.0,0.3,1500,99,167.41636405201504,9.687724312305734,-25.9351690037265,1.2843285047697761,6.455186932769159,0.37066666666666664,0.12083206245440155
m12_joint_hybrid_synergy,std_C_sqrt,std,C_sqrt,flat_1.0,F,full,8.0,0.3,1500,99,215.7760747788873,9.783340876039421,-31.842871313806082,1.2344429214345831,6.776275689853807,0.37066666666666664,0.14547599071902573
m12_joint_hybrid_synergy,std_C_sqrt,std,C_sqrt,canonical_P1,P,full,23.0,0.3,1102,99,73.13652120568479,13.673789458255632,-11.305228455903292,1.6085867994587075,6.469265215732534,0.33030852994555354,0.04315036865384393
m12_joint_hybrid_synergy,std_C_sqrt,std,C_sqrt,canonical_P1,O,evaluation,23.0,0.3,540,50,24.56917852980176,10.880352102125936,-8.59711187303499,1.2661093959928056,2.8578409694613223,0.32222222222222224,0.044225790627680034
m12_joint_hybrid_synergy,std_C_sqrt,std,C_sqrt,canonical_P1,F,full,18.0,0.3,1102,99,84.4604622410847,13.7068361360708,-13.971360054183513,1.616958274341681,6.045257005297368,0.33030852994555354,0.048319911025869126
m12_joint_hybrid_synergy,std_C_sqrt,std,C_sqrt,canonical_P1,F,full,15.0,0.3,1102,99,84.54954004750752,13.709411997993568,-13.976834445125618,1.6174625717726874,6.049262469227711,0.33030852994555354,0.04834954139993182
m12_joint_hybrid_synergy,std_C_sqrt,std,C_sqrt,canonical_P1,F,full,12.0,0.3,1102,99,84.54954004750752,13.709411997993568,-13.976834445125618,1.6174625717726874,6.049262469227711,0.33030852994555354,0.04834954139993182
m12_joint_hybrid_synergy,std_C_sqrt,std,C_sqrt,canonical_P1,F,full,10.0,0.3,1102,99,84.54954004750752,13.709411997993568,-13.976834445125618,1.6174625717726874,6.049262469227711,0.33030852994555354,0.04834954139993182
m12_joint_hybrid_synergy,std_C_sqrt,std,C_sqrt,canonical_P1,F,full,8.0,0.3,1102,99,84.54954004750752,13.709411997993568,-13.976834445125618,1.6174625717726874,6.049262469227711,0.33030852994555354,0.04834954139993182
m12_joint_hybrid_synergy,std_C_sqrt,std,C_sqrt,flat_1.0,F,full,23.0,0.4,1500,99,63.742344753663225,9.704582332189897,-11.98809434193894,1.4011997038600144,5.317137397782075,0.37066666666666664,0.05517796551618554
m12_joint_hybrid_synergy,std_C_sqrt,std,C_sqrt,flat_1.0,F,full,18.0,0.4,1500,99,84.25201623390339,9.701900285584548,-15.12905683581757,1.3757439037215942,5.568887548524464,0.37066666666666664,0.06976628376471498
m12_joint_hybrid_synergy,std_C_sqrt,std,C_sqrt,flat_1.0,F,full,15.0,0.4,1500,99,104.04601552630304,9.69951951855473,-17.942328212647194,1.3527207576247309,5.798913847365864,0.37066666666666664,0.08291946719722532
m12_joint_hybrid_synergy,std_C_sqrt,std,C_sqrt,flat_1.0,F,full,12.0,0.4,1500,99,135.18902415125487,9.69609625474863,-22.022923876793335,1.3188772553533206,6.138559298827271,0.37066666666666664,0.10218329012997517
m12_joint_hybrid_synergy,std_C_sqrt,std,C_sqrt,flat_1.0,F,full,10.0,0.4,1500,99,167.41636405201555,9.687724312305741,-25.93516900372656,1.2843285047697772,6.455186932769164,0.37066666666666664,0.12083206245440153
m12_joint_hybrid_synergy,std_C_sqrt,std,C_sqrt,flat_1.0,F,full,8.0,0.4,1500,99,215.7760747788861,9.783340876039398,-31.842871313806135,1.2344429214345791,6.776275689853758,0.37066666666666664,0.14547599071902567
m12_joint_hybrid_synergy,std_C_sqrt,std,C_sqrt,canonical_P1,F,full,23.0,0.4,1102,99,72.92602846369178,13.596048220559213,-11.3373704378282,1.5963543445619823,6.432358267166365,0.33030852994555354,0.043333213879064
m12_joint_hybrid_synergy,std_C_sqrt,std,C_sqrt,canonical_P1,F,full,18.0,0.4,1102,99,97.5943255873724,13.607133107365312,-14.310858318485359,1.5735676826145122,6.819599734371603,0.33030852994555354,0.054761308048998016
m12_joint_hybrid_synergy,std_C_sqrt,std,C_sqrt,canonical_P1,F,full,15.0,0.4,1102,99,118.8764216409035,13.8248951570957,-17.18919763431992,1.5988612075608117,6.915763270040892,0.33030852994555354,0.06255373059791815
m12_joint_hybrid_synergy,std_C_sqrt,std,C_sqrt,canonical_P1,F,full,12.0,0.4,1102,99,122.1348123796835,13.709411997993554,-18.493915557486112,1.585183959121926,6.604053749463824,0.33030852994555354,0.06446605519990911
m12_joint_hybrid_synergy,std_C_sqrt,std,C_sqrt,canonical_P1,F,full,10.0,0.4,1102,99,122.1348123796835,13.709411997993554,-18.493915557486112,1.585183959121926,6.604053749463824,0.33030852994555354,0.06446605519990911
m12_joint_hybrid_synergy,std_C_sqrt,std,C_sqrt,canonical_P1,F,full,8.0,0.4,1102,99,122.1348123796835,13.709411997993554,-18.493915557486112,1.585183959121926,6.604053749463824,0.33030852994555354,0.06446605519990911
m12_joint_hybrid_synergy,std_C_sqrt,std,C_sqrt,flat_1.0,F,full,23.0,0.5,1500,99,63.742344753663026,9.70458233218986,-11.988094341939073,1.4011997038600108,5.317137397781999,0.37066666666666664,0.05517796551618553
m12_joint_hybrid_synergy,std_C_sqrt,std,C_sqrt,flat_1.0,F,full,18.0,0.5,1500,99,84.25201623390333,9.701900285584564,-15.129056835817604,1.3757439037215957,5.568887548524447,0.37066666666666664,0.06976628376471493
m12_joint_hybrid_synergy,std_C_sqrt,std,C_sqrt,flat_1.0,F,full,15.0,0.5,1500,99,104.04601552630344,9.699519518554759,-17.94232821264717,1.3527207576247327,5.7989138473658945,0.37066666666666664,0.08291946719722526
m12_joint_hybrid_synergy,std_C_sqrt,std,C_sqrt,flat_1.0,F,full,12.0,0.5,1500,99,135.18902415125362,9.696096254748582,-22.02292387679339,1.3188772553533123,6.1385592988272,0.37066666666666664,0.10218329012997517
m12_joint_hybrid_synergy,std_C_sqrt,std,C_sqrt,flat_1.0,F,full,10.0,0.5,1500,99,167.41636405201535,9.687724312305743,-25.935169003726603,1.2843285047697774,6.455186932769146,0.37066666666666664,0.12083206245440153
m12_joint_hybrid_synergy,std_C_sqrt,std,C_sqrt,flat_1.0,F,full,8.0,0.5,1500,99,215.77607477888608,9.783340876039395,-31.842871313806114,1.2344429214345782,6.776275689853762,0.37066666666666664,0.14547599071902564
m12_joint_hybrid_synergy,std_C_sqrt,std,C_sqrt,canonical_P1,F,full,23.0,0.5,1102,99,72.9260960460121,13.595779898709466,-11.337370437828188,1.5963555344379075,6.432364228188877,0.33030852994555354,0.04333409812593002
m12_joint_hybrid_synergy,std_C_sqrt,std,C_sqrt,canonical_P1,F,full,18.0,0.5,1102,99,97.53013416258563,13.593929883877996,-14.310858318485309,1.5727099995972968,6.815114229494267,0.33030852994555354,0.05479072795009286
m12_joint_hybrid_synergy,std_C_sqrt,std,C_sqrt,canonical_P1,F,full,15.0,0.5,1102,99,121.78033481195926,13.59552405762809,-16.976181586058132,1.5512791082469293,7.173599916719355,0.33030852994555354,0.06510417813457745
m12_joint_hybrid_synergy,std_C_sqrt,std,C_sqrt,canonical_P1,F,full,12.0,0.5,1102,99,159.18786025731734,13.837751028062499,-21.053025415870167,1.5690813481827186,7.5612819114025545,0.33030852994555354,0.07768353628912487
m12_joint_hybrid_synergy,std_C_sqrt,std,C_sqrt,canonical_P1,F,full,10.0,0.5,1102,99,164.92537984064856,13.709472598946748,-22.923411176474794,1.5526737802431405,7.1946264267119036,0.33030852994555354,0.08058252605376781
m12_joint_hybrid_synergy,std_C_sqrt,std,C_sqrt,canonical_P1,F,full,8.0,0.5,1102,99,164.92425143268926,13.709411997993547,-22.92341117647478,1.5526666513797933,7.194577201579112,0.33030852994555354,0.08058256899988638
m12_joint_hybrid_synergy,std_C_sqrt,std,C_sqrt,flat_1.0,F,full,23.0,0.6,1500,99,63.742344753663225,9.70458233218989,-11.988094341939052,1.4011997038600164,5.317137397782025,0.37066666666666664,0.05517796551618558
m12_joint_hybrid_synergy,std_C_sqrt,std,C_sqrt,flat_1.0,F,full,18.0,0.6,1500,99,84.25201623390389,9.7019002855846,-15.129056835817542,1.3757439037216024,5.568887548524507,0.37066666666666664,0.06976628376471498
m12_joint_hybrid_synergy,std_C_sqrt,std,C_sqrt,flat_1.0,F,full,15.0,0.6,1500,99,104.04601552630264,9.699519518554714,-17.94232821264721,1.3527207576247269,5.798913847365837,0.37066666666666664,0.0829194671972253
m12_joint_hybrid_synergy,std_C_sqrt,std,C_sqrt,flat_1.0,F,full,12.0,0.6,1500,99,135.1890241512537,9.696096254748571,-22.022923876793428,1.3188772553533126,6.138559298827193,0.37066666666666664,0.10218329012997518
m12_joint_hybrid_synergy,std_C_sqrt,std,C_sqrt,flat_1.0,F,full,10.0,0.6,1500,99,167.41636405201504,9.687724312305734,-25.9351690037265,1.2843285047697761,6.455186932769159,0.37066666666666664,0.12083206245440155
m12_joint_hybrid_synergy,std_C_sqrt,std,C_sqrt,flat_1.0,F,full,8.0,0.6,1500,99,215.7760747788873,9.783340876039421,-31.842871313806082,1.2344429214345831,6.776275689853807,0.37066666666666664,0.14547599071902573
m12_joint_hybrid_synergy,std_C_sqrt,std,C_sqrt,canonical_P1,F,full,23.0,0.6,1102,99,72.92609604601145,13.595779898709376,-11.337370437828241,1.596355534437898,6.432364228188789,0.33030852994555354,0.04333409812593003
m12_joint_hybrid_synergy,std_C_sqrt,std,C_sqrt,canonical_P1,F,full,18.0,0.6,1102,99,97.53032131346507,13.593415507146295,-14.310858318485364,1.572712283243873,6.815127307038248,0.33030852994555354,0.05479287164547616
m12_joint_hybrid_synergy,std_C_sqrt,std,C_sqrt,canonical_P1,F,full,15.0,0.6,1102,99,121.78225424335008,13.591570303910597,-16.97618158605822,1.5512966734818083,7.173712982863261,0.33030852994555354,0.06512376000263097
m12_joint_hybrid_synergy,std_C_sqrt,std,C_sqrt,canonical_P1,F,full,12.0,0.6,1102,99,160.95612929640822,13.594382395017997,-20.84656279087679,1.519880902261385,7.720991268970655,0.33030852994555354,0.08022672833566223
m12_joint_hybrid_synergy,std_C_sqrt,std,C_sqrt,canonical_P1,F,full,10.0,0.6,1102,99,202.70868460259,13.820355067833058,-24.775483189383763,1.535193800620921,8.18182568037463,0.33030852994555354,0.09250339598722933
m12_joint_hybrid_synergy,std_C_sqrt,std,C_sqrt,canonical_P1,F,full,8.0,0.6,1102,99,213.09638356598813,13.709411997993568,-27.256444507334603,1.519908945558711,7.818201802096555,0.33030852994555354,0.09669908279986364
m12_joint_hybrid_synergy,std_D_sup,std,D_sup,flat_1.0,P,full,23.0,0.3,1496,99,64.11493561432138,9.772057022570024,-11.930342530612768,1.4031631579745445,5.374106858189956,0.37032085561497324,0.05505705095024512
m12_joint_hybrid_synergy,std_D_sup,std,D_sup,flat_1.0,O,evaluation,23.0,0.3,785,50,12.45819827524912,4.633145197998163,-11.276681896173073,0.6787661618167614,1.1047751803194,0.36942675159235666,0.059463197478676906
m12_joint_hybrid_synergy,std_D_sup,std,D_sup,flat_1.0,F,full,18.0,0.3,1496,99,84.7680667002856,9.76925711509269,-15.06005578545425,1.3776373390578003,5.62866883814327,0.37032085561497324,0.06961449147946713
m12_joint_hybrid_synergy,std_D_sup,std,D_sup,flat_1.0,F,full,15.0,0.3,1496,99,104.70865899780226,9.766770356751893,-17.864509605373275,1.3545500644392166,5.8612669091296,0.37032085561497324,0.0827402250151572
m12_joint_hybrid_synergy,std_D_sup,std,D_sup,flat_1.0,F,full,12.0,0.3,1496,99,136.0959240584572,9.763192321009546,-21.934340632303694,1.3206109024686934,6.2046963863606,0.37032085561497324,0.10196451265486109
m12_joint_hybrid_synergy,std_D_sup,std,D_sup,flat_1.0,F,full,10.0,0.3,1496,99,168.70101719940544,9.756257839443247,-25.838420796738713,1.2864486021049057,6.529076158582363,0.37032085561497324,0.12060032833369363
m12_joint_hybrid_synergy,std_D_sup,std,D_sup,flat_1.0,F,full,8.0,0.3,1496,99,217.19851473701448,9.839422436680847,-31.742343381555173,1.2349112935539543,6.842548205285439,0.37032085561497324,0.1452999999375604
m12_joint_hybrid_synergy,std_D_sup,std,D_sup,canonical_P1,P,full,23.0,0.3,1099,99,73.20257657765123,13.696600978802705,-11.258428938665517,1.6055891367084791,6.502024125786068,0.3303002729754322,0.04311969238738578
m12_joint_hybrid_synergy,std_D_sup,std,D_sup,canonical_P1,O,evaluation,23.0,0.3,538,50,24.320919299397524,10.815125634720129,-8.590645762973338,1.253161559041283,2.8310932577645627,0.32342007434944237,0.044130750524641014
m12_joint_hybrid_synergy,std_D_sup,std,D_sup,canonical_P1,F,full,18.0,0.3,1099,99,84.46337919224302,13.72075782401939,-13.931044053267543,1.612774598929374,6.062961172851366,0.3303002729754322,0.048288261238797175
m12_joint_hybrid_synergy,std_D_sup,std,D_sup,canonical_P1,F,full,15.0,0.3,1099,99,84.53604915430604,13.721200847248209,-13.939048227086456,1.6130215152817082,6.064693067783136,0.3303002729754322,0.04831888907362902
m12_joint_hybrid_synergy,std_D_sup,std,D_sup,canonical_P1,F,full,12.0,0.3,1099,99,84.53604915430604,13.721200847248209,-13.939048227086456,1.6130215152817082,6.064693067783136,0.3303002729754322,0.04831888907362902
m12_joint_hybrid_synergy,std_D_sup,std,D_sup,canonical_P1,F,full,10.0,0.3,1099,99,84.53604915430604,13.721200847248209,-13.939048227086456,1.6130215152817082,6.064693067783136,0.3303002729754322,0.04831888907362902
m12_joint_hybrid_synergy,std_D_sup,std,D_sup,canonical_P1,F,full,8.0,0.3,1099,99,84.53604915430604,13.721200847248209,-13.939048227086456,1.6130215152817082,6.064693067783136,0.3303002729754322,0.04831888907362902
m12_joint_hybrid_synergy,std_D_sup,std,D_sup,flat_1.0,F,full,23.0,0.4,1496,99,64.11493561432134,9.772057022570012,-11.930342530612785,1.4031631579745445,5.374106858189944,0.37032085561497324,0.05505705095024514
m12_joint_hybrid_synergy,std_D_sup,std,D_sup,flat_1.0,F,full,18.0,0.4,1496,99,84.76806670028623,9.769257115092742,-15.06005578545428,1.3776373390578085,5.6286688381433,0.37032085561497324,0.06961449147946715
m12_joint_hybrid_synergy,std_D_sup,std,D_sup,flat_1.0,F,full,15.0,0.4,1496,99,104.70865899780178,9.766770356751858,-17.864509605373215,1.3545500644392123,5.861266909129593,0.37032085561497324,0.08274022501515718
m12_joint_hybrid_synergy,std_D_sup,std,D_sup,flat_1.0,F,full,12.0,0.4,1496,99,136.0959240584584,9.763192321009615,-21.93434063230369,1.3206109024687018,6.204696386360655,0.37032085561497324,0.10196451265486105
m12_joint_hybrid_synergy,std_D_sup,std,D_sup,flat_1.0,F,full,10.0,0.4,1496,99,168.70101719940553,9.756257839443247,-25.838420796738713,1.2864486021049062,6.529076158582367,0.37032085561497324,0.12060032833369368
m12_joint_hybrid_synergy,std_D_sup,std,D_sup,flat_1.0,F,full,8.0,0.4,1496,99,217.19851473701524,9.839422436680856,-31.742343381555127,1.2349112935539561,6.842548205285473,0.37032085561497324,0.14529999993756038
m12_joint_hybrid_synergy,std_D_sup,std,D_sup,canonical_P1,F,full,23.0,0.4,1099,99,72.99444036962781,13.619230802409644,-11.28878804119901,1.5935352452208473,6.4661007101232535,0.3303002729754322,0.0433017134067665
m12_joint_hybrid_synergy,std_D_sup,std,D_sup,canonical_P1,F,full,18.0,0.4,1099,99,97.6848819928946,13.63036201646522,-14.252039422928275,1.5707259777154543,6.854098497352031,0.3303002729754322,0.05472249080855816
m12_joint_hybrid_synergy,std_D_sup,std,D_sup,canonical_P1,F,full,15.0,0.4,1099,99,118.97480323401464,13.84785738733802,-17.128408917555475,1.5957267584007664,6.9460510784555956,0.3303002729754322,0.06250933453187081
m12_joint_hybrid_synergy,std_D_sup,std,D_sup,canonical_P1,F,full,12.0,0.4,1099,99,122.09241639788088,13.721200847248223,-18.447227937979704,1.5806826351275602,6.618469550458221,0.3303002729754322,0.06442518543150537
m12_joint_hybrid_synergy,std_D_sup,std,D_sup,canonical_P1,F,full,10.0,0.4,1099,99,122.09241639788088,13.721200847248223,-18.447227937979704,1.5806826351275602,6.618469550458221,0.3303002729754322,0.06442518543150537
m12_joint_hybrid_synergy,std_D_sup,std,D_sup,canonical_P1,F,full,8.0,0.4,1099,99,122.09241639788088,13.721200847248223,-18.447227937979704,1.5806826351275602,6.618469550458221,0.3303002729754322,0.06442518543150537
m12_joint_hybrid_synergy,std_D_sup,std,D_sup,flat_1.0,F,full,23.0,0.5,1496,99,64.11493561432218,9.772057022570104,-11.9303425306127,1.4031631579745576,5.374106858190053,0.37032085561497324,0.05505705095024518
m12_joint_hybrid_synergy,std_D_sup,std,D_sup,flat_1.0,F,full,18.0,0.5,1496,99,84.76806670028463,9.769257115092627,-15.06005578545432,1.3776373390577876,5.628668838143179,0.37032085561497324,0.06961449147946713
m12_joint_hybrid_synergy,std_D_sup,std,D_sup,flat_1.0,F,full,15.0,0.5,1496,99,104.7086589978032,9.76677035675193,-17.864509605373268,1.3545500644392234,5.861266909129655,0.37032085561497324,0.08274022501515722
m12_joint_hybrid_synergy,std_D_sup,std,D_sup,flat_1.0,F,full,12.0,0.5,1496,99,136.09592405845854,9.76319232100961,-21.934340632303694,1.320610902468702,6.20469638636066,0.37032085561497324,0.10196451265486109
m12_joint_hybrid_synergy,std_D_sup,std,D_sup,flat_1.0,F,full,10.0,0.5,1496,99,168.70101719940598,9.75625783944327,-25.83842079673868,1.286448602104909,6.529076158582392,0.37032085561497324,0.12060032833369357
m12_joint_hybrid_synergy,std_D_sup,std,D_sup,flat_1.0,F,full,8.0,0.5,1496,99,217.19851473701368,9.839422436680831,-31.742343381555266,1.234911293553952,6.842548205285394,0.37032085561497324,0.14529999993756038
m12_joint_hybrid_synergy,std_D_sup,std,D_sup,canonical_P1,F,full,23.0,0.5,1099,99,72.99450257623288,13.618988578500538,-11.288788041199053,1.5935363371222293,6.46610622060007,0.3303002729754322,0.04330251023119174
m12_joint_hybrid_synergy,std_D_sup,std,D_sup,canonical_P1,F,full,18.0,0.5,1099,99,97.61827013523698,13.616972020490543,-14.25203942292828,1.5698434228620732,6.849424649934061,0.3303002729754322,0.05475166788510004
m12_joint_hybrid_synergy,std_D_sup,std,D_sup,canonical_P1,F,full,15.0,0.5,1099,99,121.88517723480965,13.618477095223565,-16.909012160046174,1.548369275405838,7.208296740291469,0.3303002729754322,0.06505842498651616
m12_joint_hybrid_synergy,std_D_sup,std,D_sup,canonical_P1,F,full,12.0,0.5,1099,99,159.34953159420132,13.862936466358013,-20.983455072269834,1.5661064115776622,7.594055938136983,0.3303002729754322,0.07762911841044809
m12_joint_hybrid_synergy,std_D_sup,std,D_sup,canonical_P1,F,full,10.0,0.5,1099,99,164.83554536373538,13.72150002080628,-22.869444394617762,1.5481375630518646,7.207675994198127,0.3303002729754322,0.08053101590682492
m12_joint_hybrid_synergy,std_D_sup,std,D_sup,canonical_P1,F,full,8.0,0.5,1099,99,164.83083786558925,13.721200847248213,-22.869444394617762,1.5481063859355275,7.207470151936947,0.3303002729754322,0.0805314817893817
m12_joint_hybrid_synergy,std_D_sup,std,D_sup,flat_1.0,F,full,23.0,0.6,1496,99,64.11493561432138,9.772057022570024,-11.930342530612768,1.4031631579745445,5.374106858189956,0.37032085561497324,0.05505705095024512
m12_joint_hybrid_synergy,std_D_sup,std,D_sup,flat_1.0,F,full,18.0,0.6,1496,99,84.7680667002856,9.76925711509269,-15.06005578545425,1.3776373390578003,5.62866883814327,0.37032085561497324,0.06961449147946713
m12_joint_hybrid_synergy,std_D_sup,std,D_sup,flat_1.0,F,full,15.0,0.6,1496,99,104.70865899780226,9.766770356751893,-17.864509605373275,1.3545500644392166,5.8612669091296,0.37032085561497324,0.0827402250151572
m12_joint_hybrid_synergy,std_D_sup,std,D_sup,flat_1.0,F,full,12.0,0.6,1496,99,136.0959240584572,9.763192321009546,-21.934340632303694,1.3206109024686934,6.2046963863606,0.37032085561497324,0.10196451265486109
m12_joint_hybrid_synergy,std_D_sup,std,D_sup,flat_1.0,F,full,10.0,0.6,1496,99,168.70101719940544,9.756257839443247,-25.838420796738713,1.2864486021049057,6.529076158582363,0.37032085561497324,0.12060032833369363
m12_joint_hybrid_synergy,std_D_sup,std,D_sup,flat_1.0,F,full,8.0,0.6,1496,99,217.19851473701448,9.839422436680847,-31.742343381555173,1.2349112935539543,6.842548205285439,0.37032085561497324,0.1452999999375604
m12_joint_hybrid_synergy,std_D_sup,std,D_sup,canonical_P1,F,full,23.0,0.6,1099,99,72.99450257623373,13.61898857850064,-11.288788041199,1.5935363371222404,6.466106220600176,0.3303002729754322,0.04330251023119174
m12_joint_hybrid_synergy,std_D_sup,std,D_sup,canonical_P1,F,full,18.0,0.6,1099,99,97.61845225437713,13.61648114651459,-14.252039422928252,1.569845638267318,6.849437428395792,0.3303002729754322,0.05475371004924262
m12_joint_hybrid_synergy,std_D_sup,std,D_sup,canonical_P1,F,full,15.0,0.6,1099,99,121.8871550972226,13.614481908070804,-16.90901216004613,1.5483873193013051,7.208413711194,0.3303002729754322,0.0650781778443049
m12_joint_hybrid_synergy,std_D_sup,std,D_sup,canonical_P1,F,full,12.0,0.6,1099,99,161.08052832179908,13.617106762862575,-20.768609468392558,1.5169017281526795,7.755961157002117,0.3303002729754322,0.08017186613485561
m12_joint_hybrid_synergy,std_D_sup,std,D_sup,canonical_P1,F,full,10.0,0.6,1099,99,202.94688170004042,13.847087165915301,-24.69806982280606,1.5323787899323158,8.217115068345965,0.3303002729754322,0.09244082954796086
m12_joint_hybrid_synergy,std_D_sup,std,D_sup,canonical_P1,F,full,8.0,0.6,1099,99,212.92200983759741,13.721200847248209,-27.19668949413261,1.5152910340544774,7.828967929480278,0.3303002729754322,0.09663777814725805
m12_joint_hybrid_synergy,std_D_sup_anch,std,D_sup_anch,flat_1.0,P,full,23.0,0.3,1501,99,63.87242679402285,9.707229467814624,-12.010408993405033,1.4002367843428623,5.318089236519379,0.37108594270486345,0.05526320053748281
m12_joint_hybrid_synergy,std_D_sup_anch,std,D_sup_anch,flat_1.0,O,evaluation,23.0,0.3,785,50,12.489748227399522,4.621800675357026,-11.312992599618202,0.678969626377822,1.1040180674935678,0.36942675159235666,0.059767045773383404
m12_joint_hybrid_synergy,std_D_sup_anch,std,D_sup_anch,flat_1.0,F,full,18.0,0.3,1501,99,84.42734237380182,9.704492451702771,-15.156409980145765,1.3747226369197907,5.570405028921622,0.37108594270486345,0.06987481222651946
m12_joint_hybrid_synergy,std_D_sup_anch,std,D_sup_anch,flat_1.0,F,full,15.0,0.3,1501,99,104.26523137877241,9.70206242793506,-17.973926798281727,1.3516459395048603,5.800915545552348,0.37108594270486345,0.08304926493470487
m12_joint_hybrid_synergy,std_D_sup_anch,std,D_sup_anch,flat_1.0,F,full,12.0,0.3,1501,99,135.47638927624055,9.698567536414632,-22.060243220884317,1.3177223835471696,6.141201070167067,0.37108594270486345,0.10234469146193362
m12_joint_hybrid_synergy,std_D_sup_anch,std,D_sup_anch,flat_1.0,F,full,10.0,0.3,1501,99,167.78270282156137,9.69021460192161,-25.977498346033308,1.2831483909502353,6.458770609340885,0.37108594270486345,0.12102816432966153
m12_joint_hybrid_synergy,std_D_sup_anch,std,D_sup_anch,flat_1.0,F,full,8.0,0.3,1501,99,216.19794920854432,9.785194506815804,-31.896851733757263,1.233143939341774,6.778034114875871,0.37108594270486345,0.14570496476077396
m12_joint_hybrid_synergy,std_D_sup_anch,std,D_sup_anch,canonical_P1,P,full,23.0,0.3,1102,99,73.134927107303,13.641292067923903,-11.317331417932373,1.604551592245186,6.462206010104141,0.33030852994555354,0.04326505426661797
m12_joint_hybrid_synergy,std_D_sup_anch,std,D_sup_anch,canonical_P1,O,evaluation,23.0,0.3,538,50,24.493961023884946,10.82997167263885,-8.632155803427217,1.2579069561917897,2.837525362338818,0.32342007434944237,0.04434790254025797
m12_joint_hybrid_synergy,std_D_sup_anch,std,D_sup_anch,canonical_P1,F,full,18.0,0.3,1102,99,84.39985550410944,13.6695991929515,-13.983517452165325,1.6123986440897082,6.03566704821041,0.33030852994555354,0.048441316346169154
m12_joint_hybrid_synergy,std_D_sup_anch,std,D_sup_anch,canonical_P1,F,full,15.0,0.3,1102,99,84.4774420959357,13.670766329768114,-13.991249866883097,1.612733967451693,6.037876737223561,0.33030852994555354,0.04847140972495533
m12_joint_hybrid_synergy,std_D_sup_anch,std,D_sup_anch,canonical_P1,F,full,12.0,0.3,1102,99,84.4774420959357,13.670766329768114,-13.991249866883097,1.612733967451693,6.037876737223561,0.33030852994555354,0.04847140972495533
m12_joint_hybrid_synergy,std_D_sup_anch,std,D_sup_anch,canonical_P1,F,full,10.0,0.3,1102,99,84.4774420959357,13.670766329768114,-13.991249866883097,1.612733967451693,6.037876737223561,0.33030852994555354,0.04847140972495533
m12_joint_hybrid_synergy,std_D_sup_anch,std,D_sup_anch,canonical_P1,F,full,8.0,0.3,1102,99,84.4774420959357,13.670766329768114,-13.991249866883097,1.612733967451693,6.037876737223561,0.33030852994555354,0.04847140972495533
m12_joint_hybrid_synergy,std_D_sup_anch,std,D_sup_anch,flat_1.0,F,full,23.0,0.4,1501,99,63.87242679402219,9.707229467814555,-12.010408993404985,1.4002367843428547,5.318089236519345,0.37108594270486345,0.05526320053748283
m12_joint_hybrid_synergy,std_D_sup_anch,std,D_sup_anch,flat_1.0,F,full,18.0,0.4,1501,99,84.42734237380101,9.704492451702718,-15.15640998014576,1.3747226369197798,5.57040502892157,0.37108594270486345,0.06987481222651945
m12_joint_hybrid_synergy,std_D_sup_anch,std,D_sup_anch,flat_1.0,F,full,15.0,0.4,1501,99,104.26523137877189,9.702062427935033,-17.973926798281802,1.3516459395048552,5.800915545552295,0.37108594270486345,0.08304926493470487
m12_joint_hybrid_synergy,std_D_sup_anch,std,D_sup_anch,flat_1.0,F,full,12.0,0.4,1501,99,135.4763892762398,9.698567536414595,-22.060243220884352,1.3177223835471628,6.141201070167022,0.37108594270486345,0.10234469146193373
m12_joint_hybrid_synergy,std_D_sup_anch,std,D_sup_anch,flat_1.0,F,full,10.0,0.4,1501,99,167.78270282155984,9.690214601921566,-25.977498346033396,1.2831483909502288,6.458770609340804,0.37108594270486345,0.12102816432966153
m12_joint_hybrid_synergy,std_D_sup_anch,std,D_sup_anch,flat_1.0,F,full,8.0,0.4,1501,99,216.19794920854355,9.785194506815776,-31.89685173375722,1.2331439393417714,6.778034114875856,0.37108594270486345,0.14570496476077402
m12_joint_hybrid_synergy,std_D_sup_anch,std,D_sup_anch,canonical_P1,F,full,23.0,0.4,1102,99,72.92870862411182,13.564478256344536,-11.349077600984224,1.5925451644887003,6.425959112112093,0.33030852994555354,0.04344761758628822
m12_joint_hybrid_synergy,std_D_sup_anch,std,D_sup_anch,canonical_P1,F,full,18.0,0.4,1102,99,97.58272597409182,13.574935349501242,-14.324937853364917,1.569636075040439,6.812087212732285,0.33030852994555354,0.05490655254358267
m12_joint_hybrid_synergy,std_D_sup_anch,std,D_sup_anch,canonical_P1,F,full,15.0,0.4,1102,99,118.79835481407906,13.789384733970545,-17.202458283537048,1.5944050305389446,6.905894079555505,0.33030852994555354,0.0627126427613197
m12_joint_hybrid_synergy,std_D_sup_anch,std,D_sup_anch,canonical_P1,F,full,12.0,0.4,1102,99,122.00124635626062,13.670766329768114,-18.51171542477263,1.5804005039767375,6.590488431612172,0.33030852994555354,0.06462854629994044
m12_joint_hybrid_synergy,std_D_sup_anch,std,D_sup_anch,canonical_P1,F,full,10.0,0.4,1102,99,122.00124635626062,13.670766329768114,-18.51171542477263,1.5804005039767375,6.590488431612172,0.33030852994555354,0.06462854629994044
m12_joint_hybrid_synergy,std_D_sup_anch,std,D_sup_anch,canonical_P1,F,full,8.0,0.4,1102,99,122.00124635626062,13.670766329768114,-18.51171542477263,1.5804005039767375,6.590488431612172,0.33030852994555354,0.06462854629994044
m12_joint_hybrid_synergy,std_D_sup_anch,std,D_sup_anch,flat_1.0,F,full,23.0,0.5,1501,99,63.87242679402294,9.707229467814653,-12.010408993405063,1.4002367843428656,5.318089236519373,0.37108594270486345,0.05526320053748284
m12_joint_hybrid_synergy,std_D_sup_anch,std,D_sup_anch,flat_1.0,F,full,18.0,0.5,1501,99,84.42734237380085,9.70449245170271,-15.156409980145835,1.3747226369197798,5.570405028921532,0.37108594270486345,0.06987481222651949
m12_joint_hybrid_synergy,std_D_sup_anch,std,D_sup_anch,flat_1.0,F,full,15.0,0.5,1501,99,104.26523137877206,9.702062427935045,-17.97392679828178,1.3516459395048577,5.800915545552311,0.37108594270486345,0.08304926493470484
m12_joint_hybrid_synergy,std_D_sup_anch,std,D_sup_anch,flat_1.0,F,full,12.0,0.5,1501,99,135.47638927624033,9.698567536414625,-22.060243220884335,1.3177223835471665,6.141201070167051,0.37108594270486345,0.10234469146193372
m12_joint_hybrid_synergy,std_D_sup_anch,std,D_sup_anch,flat_1.0,F,full,10.0,0.5,1501,99,167.78270282156038,9.69021460192158,-25.977498346033347,1.2831483909502315,6.458770609340837,0.37108594270486345,0.12102816432966149
m12_joint_hybrid_synergy,std_D_sup_anch,std,D_sup_anch,flat_1.0,F,full,8.0,0.5,1501,99,216.19794920854432,9.785194506815797,-31.8968517337573,1.2331439393417738,6.778034114875864,0.37108594270486345,0.14570496476077396
m12_joint_hybrid_synergy,std_D_sup_anch,std,D_sup_anch,canonical_P1,F,full,23.0,0.5,1102,99,72.92894188065229,13.564277967214023,-11.349077600984202,1.5925492569808366,6.425979665019457,0.33030852994555354,0.04344835959161143
m12_joint_hybrid_synergy,std_D_sup_anch,std,D_sup_anch,canonical_P1,F,full,18.0,0.5,1102,99,97.52329781904294,13.562239866273288,-14.324937853365045,1.5688406334100808,6.80793863242722,0.33030852994555354,0.054935912956609316
m12_joint_hybrid_synergy,std_D_sup_anch,std,D_sup_anch,canonical_P1,F,full,15.0,0.5,1102,99,121.75306073216365,13.563381266873595,-16.99215918826165,1.547306196322378,7.16524953557826,0.33030852994555354,0.06527708288702713
m12_joint_hybrid_synergy,std_D_sup_anch,std,D_sup_anch,canonical_P1,F,full,12.0,0.5,1102,99,159.10593926417985,13.804640903374926,-21.067837268081835,1.5648371083756059,7.552077474284857,0.33030852994555354,0.07788436868994984
m12_joint_hybrid_synergy,std_D_sup_anch,std,D_sup_anch,canonical_P1,F,full,10.0,0.5,1102,99,164.69910140592384,13.670766329768108,-22.943938685465646,1.5478284891301692,7.178327298715115,0.33030852994555354,0.08078568287492555
m12_joint_hybrid_synergy,std_D_sup_anch,std,D_sup_anch,canonical_P1,F,full,8.0,0.5,1102,99,164.69910140592384,13.670766329768108,-22.943938685465646,1.5478284891301692,7.178327298715115,0.33030852994555354,0.08078568287492555
m12_joint_hybrid_synergy,std_D_sup_anch,std,D_sup_anch,flat_1.0,F,full,23.0,0.6,1501,99,63.87242679402285,9.707229467814624,-12.010408993405033,1.4002367843428623,5.318089236519379,0.37108594270486345,0.05526320053748281
m12_joint_hybrid_synergy,std_D_sup_anch,std,D_sup_anch,flat_1.0,F,full,18.0,0.6,1501,99,84.42734237380182,9.704492451702771,-15.156409980145765,1.3747226369197907,5.570405028921622,0.37108594270486345,0.06987481222651946
m12_joint_hybrid_synergy,std_D_sup_anch,std,D_sup_anch,flat_1.0,F,full,15.0,0.6,1501,99,104.26523137877241,9.70206242793506,-17.973926798281727,1.3516459395048603,5.800915545552348,0.37108594270486345,0.08304926493470487
m12_joint_hybrid_synergy,std_D_sup_anch,std,D_sup_anch,flat_1.0,F,full,12.0,0.6,1501,99,135.47638927624055,9.698567536414632,-22.060243220884317,1.3177223835471696,6.141201070167067,0.37108594270486345,0.10234469146193362
m12_joint_hybrid_synergy,std_D_sup_anch,std,D_sup_anch,flat_1.0,F,full,10.0,0.6,1501,99,167.78270282156137,9.69021460192161,-25.977498346033308,1.2831483909502353,6.458770609340885,0.37108594270486345,0.12102816432966153
m12_joint_hybrid_synergy,std_D_sup_anch,std,D_sup_anch,flat_1.0,F,full,8.0,0.6,1501,99,216.19794920854432,9.785194506815804,-31.896851733757263,1.233143939341774,6.778034114875871,0.37108594270486345,0.14570496476077396
m12_joint_hybrid_synergy,std_D_sup_anch,std,D_sup_anch,canonical_P1,F,full,23.0,0.6,1102,99,72.92894188065316,13.564277967214123,-11.34907760098412,1.5925492569808526,6.42597966501958,0.33030852994555354,0.04344835959161142
m12_joint_hybrid_synergy,std_D_sup_anch,std,D_sup_anch,canonical_P1,F,full,18.0,0.6,1102,99,97.52400693080546,13.561818343352789,-14.324937853364847,1.5688492565814924,6.807988134335788,0.33030852994555354,0.05493788788933298
m12_joint_hybrid_synergy,std_D_sup_anch,std,D_sup_anch,canonical_P1,F,full,15.0,0.6,1102,99,121.76105513863212,13.559819520391637,-16.992159188261667,1.5473791169527793,7.165720011777299,0.33030852994555354,0.06529691516258447
m12_joint_hybrid_synergy,std_D_sup_anch,std,D_sup_anch,canonical_P1,F,full,12.0,0.6,1102,99,160.88785431889403,13.561984944740777,-20.864926597721844,1.5158149688403475,7.710923571447441,0.33030852994555354,0.08044088251594235
m12_joint_hybrid_synergy,std_D_sup_anch,std,D_sup_anch,canonical_P1,F,full,10.0,0.6,1102,99,202.61105838851364,13.788549313911602,-24.792174038645012,1.5310534436326872,8.172379641764854,0.33030852994555354,0.09274739042448836
m12_joint_hybrid_synergy,std_D_sup_anch,std,D_sup_anch,canonical_P1,F,full,8.0,0.6,1102,99,212.74092167187823,13.670766329768114,-27.27907939014295,1.515016311923692,7.798684062217665,0.33030852994555354,0.09694281944991066
m12_joint_hybrid_synergy,std_D_tot,std,D_tot,flat_1.0,P,full,23.0,0.3,1499,99,63.751746768339636,9.70728011408248,-11.918531880276458,1.404457447682039,5.348959704830766,0.3682454969979987,0.05515228576802216
m12_joint_hybrid_synergy,std_D_tot,std,D_tot,flat_1.0,O,evaluation,23.0,0.3,786,50,12.858142849745713,4.727125050072777,-11.13419843878276,0.7029885555511038,1.1548332751963617,0.36768447837150126,0.0596973188748908
m12_joint_hybrid_synergy,std_D_tot,std,D_tot,flat_1.0,F,full,18.0,0.3,1499,99,84.27478664382551,9.704655672862662,-15.043272007124987,1.379078670722583,5.602158001524549,0.3682454969979987,0.06973319646632119
m12_joint_hybrid_synergy,std_D_tot,std,D_tot,flat_1.0,F,full,15.0,0.3,1499,99,104.0871921489836,9.702326555987462,-17.842710762348815,1.356126021582052,5.8335974581074,0.3682454969979987,0.08287948178455981
m12_joint_hybrid_synergy,std_D_tot,std,D_tot,flat_1.0,F,full,12.0,0.3,1499,99,135.2709928962914,9.698978449597163,-21.90441443283474,1.3223875945784735,6.175512854318535,0.3682454969979987,0.10213282884563162
m12_joint_hybrid_synergy,std_D_tot,std,D_tot,flat_1.0,F,full,10.0,0.3,1499,99,167.54305428640896,9.690488845825984,-25.799857687809396,1.2878754598410045,6.493952653295997,0.3682454969979987,0.12076743276877774
m12_joint_hybrid_synergy,std_D_tot,std,D_tot,flat_1.0,F,full,8.0,0.3,1499,99,216.0750238003661,9.788080983872335,-31.677359561321587,1.2382916950979075,6.821118514694518,0.3682454969979987,0.1453865378389505
m12_joint_hybrid_synergy,std_D_tot,std,D_tot,canonical_P1,P,full,23.0,0.3,1102,99,73.26199797697575,13.691512620625014,-11.263749213704035,1.6128932875261779,6.504228440015477,0.3294010889292196,0.043141445171511736
m12_joint_hybrid_synergy,std_D_tot,std,D_tot,canonical_P1,O,evaluation,23.0,0.3,540,50,24.747964087745732,10.943159130808905,-8.613298631631013,1.2765550486489883,2.8732272206216845,0.32222222222222224,0.044222469941682066
m12_joint_hybrid_synergy,std_D_tot,std,D_tot,canonical_P1,F,full,18.0,0.3,1102,99,84.65541691131,13.730438193742051,-13.926208418857902,1.6219992706959374,6.078856093857932,0.3294010889292196,0.04830645589889904
m12_joint_hybrid_synergy,std_D_tot,std,D_tot,canonical_P1,F,full,15.0,0.3,1102,99,84.76290079298914,13.735383937811015,-13.930183609053554,1.6227803992324648,6.084837298045357,0.3294010889292196,0.04833496762185151
m12_joint_hybrid_synergy,std_D_tot,std,D_tot,canonical_P1,F,full,12.0,0.3,1102,99,84.76290079298914,13.735383937811015,-13.930183609053554,1.6227803992324648,6.084837298045357,0.3294010889292196,0.04833496762185151
m12_joint_hybrid_synergy,std_D_tot,std,D_tot,canonical_P1,F,full,10.0,0.3,1102,99,84.76290079298914,13.735383937811015,-13.930183609053554,1.6227803992324648,6.084837298045357,0.3294010889292196,0.04833496762185151
m12_joint_hybrid_synergy,std_D_tot,std,D_tot,canonical_P1,F,full,8.0,0.3,1102,99,84.76290079298914,13.735383937811015,-13.930183609053554,1.6227803992324648,6.084837298045357,0.3294010889292196,0.04833496762185151
m12_joint_hybrid_synergy,std_D_tot,std,D_tot,flat_1.0,F,full,23.0,0.4,1499,99,63.751746768339856,9.707280114082499,-11.918531880276364,1.4044574476820442,5.348959704830826,0.3682454969979987,0.05515228576802216
m12_joint_hybrid_synergy,std_D_tot,std,D_tot,flat_1.0,F,full,18.0,0.4,1499,99,84.2747866438267,9.704655672862764,-15.043272007124934,1.3790786707225973,5.602158001524648,0.3682454969979987,0.06973319646632117
m12_joint_hybrid_synergy,std_D_tot,std,D_tot,flat_1.0,F,full,15.0,0.4,1499,99,104.08719214898419,9.702326555987487,-17.842710762348794,1.3561260215820583,5.83359745810744,0.3682454969979987,0.08287948178455978
m12_joint_hybrid_synergy,std_D_tot,std,D_tot,flat_1.0,F,full,12.0,0.4,1499,99,135.27099289629084,9.698978449597147,-21.904414432834795,1.3223875945784704,6.1755128543184945,0.3682454969979987,0.10213282884563159
m12_joint_hybrid_synergy,std_D_tot,std,D_tot,flat_1.0,F,full,10.0,0.4,1499,99,167.54305428640785,9.690488845825971,-25.799857687809368,1.2878754598409998,6.4939526532959615,0.3682454969979987,0.12076743276877774
m12_joint_hybrid_synergy,std_D_tot,std,D_tot,flat_1.0,F,full,8.0,0.4,1499,99,216.07502380036848,9.788080983872378,-31.677359561321556,1.2382916950979146,6.8211185146946,0.3682454969979987,0.14538653783895047
m12_joint_hybrid_synergy,std_D_tot,std,D_tot,canonical_P1,F,full,23.0,0.4,1102,99,73.02950145579767,13.610541071807202,-11.300521853500504,1.6000688671237915,6.462489290543313,0.3294010889292196,0.043325385712665164
m12_joint_hybrid_synergy,std_D_tot,std,D_tot,canonical_P1,F,full,18.0,0.4,1102,99,97.74981431103258,13.62186063381951,-14.266478895887062,1.5773175106465755,6.851712677275487,0.3294010889292196,0.05475076895643761
m12_joint_hybrid_synergy,std_D_tot,std,D_tot,canonical_P1,F,full,15.0,0.4,1102,99,119.15962415691426,13.845236296311594,-17.13827073234896,1.60354765339626,6.952838242425309,0.3294010889292196,0.06254370297888522
m12_joint_hybrid_synergy,std_D_tot,std,D_tot,canonical_P1,F,full,12.0,0.4,1102,99,122.48757226039496,13.735383937811019,-18.435520809211393,1.590527962555931,6.644106967631393,0.3294010889292196,0.064446623495802
m12_joint_hybrid_synergy,std_D_tot,std,D_tot,canonical_P1,F,full,10.0,0.4,1102,99,122.48757226039496,13.735383937811019,-18.435520809211393,1.590527962555931,6.644106967631393,0.3294010889292196,0.064446623495802
m12_joint_hybrid_synergy,std_D_tot,std,D_tot,canonical_P1,F,full,8.0,0.4,1102,99,122.48757226039496,13.735383937811019,-18.435520809211393,1.590527962555931,6.644106967631393,0.3294010889292196,0.064446623495802
m12_joint_hybrid_synergy,std_D_tot,std,D_tot,flat_1.0,F,full,23.0,0.5,1499,99,63.75174676833944,9.70728011408246,-11.918531880276356,1.4044574476820346,5.348959704830794,0.3682454969979987,0.05515228576802217
m12_joint_hybrid_synergy,std_D_tot,std,D_tot,flat_1.0,F,full,18.0,0.5,1499,99,84.27478664382588,9.704655672862707,-15.043272007124905,1.3790786707225884,5.602158001524604,0.3682454969979987,0.06973319646632113
m12_joint_hybrid_synergy,std_D_tot,std,D_tot,flat_1.0,F,full,15.0,0.5,1499,99,104.08719214898285,9.702326555987405,-17.84271076234878,1.3561260215820454,5.83359745810737,0.3682454969979987,0.0828794817845598
m12_joint_hybrid_synergy,std_D_tot,std,D_tot,flat_1.0,F,full,12.0,0.5,1499,99,135.27099289629146,9.698978449597176,-21.90441443283469,1.3223875945784747,6.175512854318552,0.3682454969979987,0.1021328288456316
m12_joint_hybrid_synergy,std_D_tot,std,D_tot,flat_1.0,F,full,10.0,0.5,1499,99,167.5430542864077,9.690488845825948,-25.799857687809357,1.287875459840998,6.493952653295959,0.3682454969979987,0.12076743276877773
m12_joint_hybrid_synergy,std_D_tot,std,D_tot,flat_1.0,F,full,8.0,0.5,1499,99,216.07502380036897,9.788080983872394,-31.677359561321662,1.238291695097917,6.821118514694593,0.3682454969979987,0.14538653783895053
m12_joint_hybrid_synergy,std_D_tot,std,D_tot,canonical_P1,F,full,23.0,0.5,1102,99,73.0294572202487,13.610244027299268,-11.300521853500497,1.6000680873069708,6.462485376073742,0.3294010889292196,0.04332631231896317
m12_joint_hybrid_synergy,std_D_tot,std,D_tot,canonical_P1,F,full,18.0,0.5,1102,99,97.68464762313509,13.60851582170151,-14.266478895887094,1.576445049330604,6.847144858658625,0.3294010889292196,0.054780379642938255
m12_joint_hybrid_synergy,std_D_tot,std,D_tot,canonical_P1,F,full,15.0,0.5,1102,99,121.99529801783906,13.610354755038534,-16.925748857692632,1.55505778696173,7.207675066169558,0.3294010889292196,0.06509156410790572
m12_joint_hybrid_synergy,std_D_tot,std,D_tot,canonical_P1,F,full,12.0,0.5,1102,99,159.5798620117296,13.856652632372695,-20.994023836332783,1.5736045491983073,7.601204192954983,0.3294010889292196,0.07766816247072612
m12_joint_hybrid_synergy,std_D_tot,std,D_tot,canonical_P1,F,full,10.0,0.5,1102,99,165.46515167848867,13.735383937811013,-22.85503024482277,1.5580360985853041,7.239769534585088,0.3294010889292196,0.08055827936975252
m12_joint_hybrid_synergy,std_D_tot,std,D_tot,canonical_P1,F,full,8.0,0.5,1102,99,165.46515167848867,13.735383937811013,-22.85503024482277,1.5580360985853041,7.239769534585088,0.3294010889292196,0.08055827936975252
m12_joint_hybrid_synergy,std_D_tot,std,D_tot,flat_1.0,F,full,23.0,0.6,1499,99,63.751746768339636,9.70728011408248,-11.918531880276458,1.404457447682039,5.348959704830766,0.3682454969979987,0.05515228576802216
m12_joint_hybrid_synergy,std_D_tot,std,D_tot,flat_1.0,F,full,18.0,0.6,1499,99,84.27478664382551,9.704655672862662,-15.043272007124987,1.379078670722583,5.602158001524549,0.3682454969979987,0.06973319646632119
m12_joint_hybrid_synergy,std_D_tot,std,D_tot,flat_1.0,F,full,15.0,0.6,1499,99,104.0871921489836,9.702326555987462,-17.842710762348815,1.356126021582052,5.8335974581074,0.3682454969979987,0.08287948178455981
m12_joint_hybrid_synergy,std_D_tot,std,D_tot,flat_1.0,F,full,12.0,0.6,1499,99,135.2709928962914,9.698978449597163,-21.90441443283474,1.3223875945784735,6.175512854318535,0.3682454969979987,0.10213282884563162
m12_joint_hybrid_synergy,std_D_tot,std,D_tot,flat_1.0,F,full,10.0,0.6,1499,99,167.54305428640896,9.690488845825984,-25.799857687809396,1.2878754598410045,6.493952653295997,0.3682454969979987,0.12076743276877774
m12_joint_hybrid_synergy,std_D_tot,std,D_tot,flat_1.0,F,full,8.0,0.6,1499,99,216.0750238003661,9.788080983872335,-31.677359561321587,1.2382916950979075,6.821118514694518,0.3682454969979987,0.1453865378389505
m12_joint_hybrid_synergy,std_D_tot,std,D_tot,canonical_P1,F,full,23.0,0.6,1102,99,73.02945722024883,13.61024402729929,-11.300521853500515,1.6000680873069706,6.462485376073744,0.3294010889292196,0.04332631231896313
m12_joint_hybrid_synergy,std_D_tot,std,D_tot,canonical_P1,F,full,18.0,0.6,1102,99,97.68452825901342,13.607961049339007,-14.266478895887099,1.5764435912682653,6.847136491904461,0.3294010889292196,0.05478256812267898
m12_joint_hybrid_synergy,std_D_tot,std,D_tot,canonical_P1,F,full,15.0,0.6,1102,99,121.9941101622664,13.606217811192247,-16.925748857692653,1.5550469074160096,7.207604885784465,0.3294010889292196,0.06511095784620274
m12_joint_hybrid_synergy,std_D_tot,std,D_tot,canonical_P1,F,full,12.0,0.6,1102,99,161.2817435722464,13.609403580570072,-20.788468113950774,1.5236956467440403,7.758231279389609,0.3294010889292196,0.08021026666961152
m12_joint_hybrid_synergy,std_D_tot,std,D_tot,canonical_P1,F,full,10.0,0.6,1102,99,203.18597569208546,13.83651197206378,-24.70889939538706,1.5394190282287745,8.223190051517168,0.3294010889292196,0.09248149674022943
m12_joint_hybrid_synergy,std_D_tot,std,D_tot,canonical_P1,F,full,8.0,0.6,1102,99,213.88424694328347,13.735383937811015,-27.179740482406668,1.525303060479805,7.869252728212392,0.3294010889292196,0.09666993524370301
m12_joint_hybrid_synergy,inv_A_pool,inv,A_pool,flat_1.0,P,full,23.0,0.3,1318,99,41.13247664295139,9.204465457868011,-14.399550484633675,1.087236731362178,2.856511158931348,0.36949924127465855,0.04105664601884419
m12_joint_hybrid_synergy,inv_A_pool,inv,A_pool,flat_1.0,O,evaluation,23.0,0.3,710,50,0.10856544965240911,0.7261646916649064,-14.399550484633695,0.006940173131897542,0.007539502692689151,0.37183098591549296,0.048421783636004224
m12_joint_hybrid_synergy,inv_A_pool,inv,A_pool,flat_1.0,F,full,18.0,0.3,1318,99,53.058825802202534,9.199464493884788,-17.944766369320455,1.0640493645396794,2.956785544609562,0.36949924127465855,0.051918034361218376
m12_joint_hybrid_synergy,inv_A_pool,inv,A_pool,flat_1.0,F,full,15.0,0.3,1318,99,64.09472239607919,9.195090592685794,-21.04954740822283,1.0430916359252744,3.044945392557045,0.36949924127465855,0.061712952425886126
m12_joint_hybrid_synergy,inv_A_pool,inv,A_pool,flat_1.0,F,full,12.0,0.3,1318,99,80.62542672166195,9.188920506207312,-25.442125439309375,1.0123095562659077,3.1689737130645375,0.36949924127465855,0.0760614799766805
m12_joint_hybrid_synergy,inv_A_pool,inv,A_pool,flat_1.0,F,full,10.0,0.3,1318,99,97.77270716206003,9.24528822562609,-29.24435032162169,0.9893402124850186,3.3433024186477547,0.36949924127465855,0.08983594340520541
m12_joint_hybrid_synergy,inv_A_pool,inv,A_pool,flat_1.0,F,full,8.0,0.3,1318,99,128.03392427254337,9.594519836274307,-32.27983681818418,0.9899115693076393,3.9663745821793657,0.36949924127465855,0.10838770595179616
m12_joint_hybrid_synergy,inv_A_pool,inv,A_pool,canonical_P1,P,full,23.0,0.3,975,99,65.64313986870197,17.436264680878484,-7.760690933011298,1.7718280464562342,8.458414390589725,0.3333333333333333,0.030671811132881754
m12_joint_hybrid_synergy,inv_A_pool,inv,A_pool,canonical_P1,O,evaluation,23.0,0.3,489,50,15.215617985375918,9.069274732111124,-7.760690933011309,1.0104025454861023,1.9606009460644687,0.3292433537832311,0.03421537115925018
m12_joint_hybrid_synergy,inv_A_pool,inv,A_pool,canonical_P1,F,full,18.0,0.3,975,99,76.10956928811763,17.657983723290055,-7.851433546964798,1.8055157703433915,9.693716291789798,0.3333333333333333,0.03409761726962284
m12_joint_hybrid_synergy,inv_A_pool,inv,A_pool,canonical_P1,F,full,15.0,0.3,975,99,75.9960077367349,17.601359478343877,-7.851433546964779,1.797651000614672,9.679252493465166,0.3333333333333333,0.034180724137012425
m12_joint_hybrid_synergy,inv_A_pool,inv,A_pool,canonical_P1,F,full,12.0,0.3,975,99,75.9960077367349,17.601359478343877,-7.851433546964779,1.797651000614672,9.679252493465166,0.3333333333333333,0.034180724137012425
m12_joint_hybrid_synergy,inv_A_pool,inv,A_pool,canonical_P1,F,full,10.0,0.3,975,99,75.9960077367349,17.601359478343877,-7.851433546964779,1.797651000614672,9.679252493465166,0.3333333333333333,0.034180724137012425
m12_joint_hybrid_synergy,inv_A_pool,inv,A_pool,canonical_P1,F,full,8.0,0.3,975,99,75.9960077367349,17.601359478343877,-7.851433546964779,1.797651000614672,9.679252493465166,0.3333333333333333,0.034180724137012425
m12_joint_hybrid_synergy,inv_A_pool,inv,A_pool,flat_1.0,F,full,23.0,0.4,1318,99,41.13247664295137,9.204465457868023,-14.399550484633664,1.087236731362176,2.8565111589313483,0.36949924127465855,0.041056646018844206
m12_joint_hybrid_synergy,inv_A_pool,inv,A_pool,flat_1.0,F,full,18.0,0.4,1318,99,53.05882580220285,9.199464493884824,-17.944766369320387,1.0640493645396865,2.9567855446095908,0.36949924127465855,0.05191803436121836
m12_joint_hybrid_synergy,inv_A_pool,inv,A_pool,flat_1.0,F,full,15.0,0.4,1318,99,64.09472239607916,9.195090592685798,-21.049547408222853,1.0430916359252744,3.04494539255704,0.36949924127465855,0.061712952425886
m12_joint_hybrid_synergy,inv_A_pool,inv,A_pool,flat_1.0,F,full,12.0,0.4,1318,99,80.62542672166322,9.188920506207399,-25.442125439309375,1.0123095562659197,3.1689737130645868,0.36949924127465855,0.07606147997668058
m12_joint_hybrid_synergy,inv_A_pool,inv,A_pool,flat_1.0,F,full,10.0,0.4,1318,99,97.77270716206068,9.245288225626117,-29.24435032162167,0.9893402124850216,3.343302418647779,0.36949924127465855,0.08983594340520541
m12_joint_hybrid_synergy,inv_A_pool,inv,A_pool,flat_1.0,F,full,8.0,0.4,1318,99,128.03392427254377,9.594519836274333,-32.279836818184165,0.9899115693076415,3.9663745821793794,0.36949924127465855,0.1083877059517961
m12_joint_hybrid_synergy,inv_A_pool,inv,A_pool,canonical_P1,F,full,23.0,0.4,975,99,66.71672458440294,17.518719446242372,-7.829285059450703,1.7773532268315515,8.521432554543331,0.3333333333333333,0.030928075908347816
m12_joint_hybrid_synergy,inv_A_pool,inv,A_pool,canonical_P1,F,full,18.0,0.4,975,99,88.33214148736694,17.420021040252657,-9.87454999242878,1.747742213157077,8.945434632980216,0.3333333333333333,0.03903267110792782
m12_joint_hybrid_synergy,inv_A_pool,inv,A_pool,canonical_P1,F,full,15.0,0.4,975,99,104.12472743985992,17.50432610731138,-10.36324429023184,1.7744148704119147,10.047502936701544,0.3333333333333333,0.04403946499410068
m12_joint_hybrid_synergy,inv_A_pool,inv,A_pool,canonical_P1,F,full,12.0,0.4,975,99,109.72378909311611,17.60135947834387,-10.383060992202266,1.774247831393144,10.56757628367196,0.3333333333333333,0.045574298849349916
m12_joint_hybrid_synergy,inv_A_pool,inv,A_pool,canonical_P1,F,full,10.0,0.4,975,99,109.72378909311611,17.60135947834387,-10.383060992202266,1.774247831393144,10.56757628367196,0.3333333333333333,0.045574298849349916
m12_joint_hybrid_synergy,inv_A_pool,inv,A_pool,canonical_P1,F,full,8.0,0.4,975,99,109.72378909311611,17.60135947834387,-10.383060992202266,1.774247831393144,10.56757628367196,0.3333333333333333,0.045574298849349916
m12_joint_hybrid_synergy,inv_A_pool,inv,A_pool,flat_1.0,F,full,23.0,0.5,1318,99,41.13247664295094,9.204465457867952,-14.399550484633656,1.0872367313621676,2.8565111589313203,0.36949924127465855,0.041056646018844144
m12_joint_hybrid_synergy,inv_A_pool,inv,A_pool,flat_1.0,F,full,18.0,0.5,1318,99,53.0588258022022,9.199464493884744,-17.944766369320487,1.0640493645396751,2.9567855446095384,0.36949924127465855,0.051918034361218404
m12_joint_hybrid_synergy,inv_A_pool,inv,A_pool,flat_1.0,F,full,15.0,0.5,1318,99,64.09472239607908,9.195090592685794,-21.049547408222846,1.0430916359252727,3.0449453925570373,0.36949924127465855,0.061712952425886015
m12_joint_hybrid_synergy,inv_A_pool,inv,A_pool,flat_1.0,F,full,12.0,0.5,1318,99,80.62542672166293,9.188920506207388,-25.4421254393094,1.0123095562659161,3.1689737130645725,0.36949924127465855,0.07606147997668056
m12_joint_hybrid_synergy,inv_A_pool,inv,A_pool,flat_1.0,F,full,10.0,0.5,1318,99,97.77270716205977,9.24528822562607,-29.244350321621727,0.9893402124850155,3.3433024186477414,0.36949924127465855,0.08983594340520536
m12_joint_hybrid_synergy,inv_A_pool,inv,A_pool,flat_1.0,F,full,8.0,0.5,1318,99,128.03392427254389,9.59451983627433,-32.27983681818419,0.989911569307641,3.9663745821793803,0.36949924127465855,0.10838770595179616
m12_joint_hybrid_synergy,inv_A_pool,inv,A_pool,canonical_P1,F,full,23.0,0.5,975,99,66.71672458440281,17.518719446242372,-7.829285059450831,1.7773532268315486,8.521432554543175,0.3333333333333333,0.030928075908347875
m12_joint_hybrid_synergy,inv_A_pool,inv,A_pool,canonical_P1,F,full,18.0,0.5,975,99,89.28280478865605,17.515573414333808,-9.845277913664727,1.7591386746165183,9.068591620429142,0.3333333333333333,0.039118218354422904
m12_joint_hybrid_synergy,inv_A_pool,inv,A_pool,canonical_P1,F,full,15.0,0.5,975,99,110.73761705315408,17.442471968987647,-11.648603056471018,1.734086209058534,9.506514774030116,0.3333333333333333,0.04644458059247173
m12_joint_hybrid_synergy,inv_A_pool,inv,A_pool,canonical_P1,F,full,12.0,0.5,975,99,138.5345168535111,17.465664669186623,-12.833429920027642,1.7462783231707613,10.794816172823477,0.3333333333333333,0.05467842902161924
m12_joint_hybrid_synergy,inv_A_pool,inv,A_pool,canonical_P1,F,full,10.0,0.5,975,99,148.4447771417057,17.611751713087195,-12.871994963921123,1.7516530122468459,11.53238309662031,0.3333333333333333,0.05695881973751547
m12_joint_hybrid_synergy,inv_A_pool,inv,A_pool,canonical_P1,F,full,8.0,0.5,975,99,148.33569994435965,17.601359478343873,-12.871994963921113,1.750637520599172,11.523909103455173,0.3333333333333333,0.056967873561687386
m12_joint_hybrid_synergy,inv_A_pool,inv,A_pool,flat_1.0,F,full,23.0,0.6,1318,99,41.13247664295139,9.204465457868011,-14.399550484633675,1.087236731362178,2.856511158931348,0.36949924127465855,0.04105664601884419
m12_joint_hybrid_synergy,inv_A_pool,inv,A_pool,flat_1.0,F,full,18.0,0.6,1318,99,53.058825802202534,9.199464493884788,-17.944766369320455,1.0640493645396794,2.956785544609562,0.36949924127465855,0.051918034361218376
m12_joint_hybrid_synergy,inv_A_pool,inv,A_pool,flat_1.0,F,full,15.0,0.6,1318,99,64.09472239607919,9.195090592685794,-21.04954740822283,1.0430916359252744,3.044945392557045,0.36949924127465855,0.061712952425886126
m12_joint_hybrid_synergy,inv_A_pool,inv,A_pool,flat_1.0,F,full,12.0,0.6,1318,99,80.62542672166195,9.188920506207312,-25.442125439309375,1.0123095562659077,3.1689737130645375,0.36949924127465855,0.0760614799766805
m12_joint_hybrid_synergy,inv_A_pool,inv,A_pool,flat_1.0,F,full,10.0,0.6,1318,99,97.77270716206003,9.24528822562609,-29.24435032162169,0.9893402124850186,3.3433024186477547,0.36949924127465855,0.08983594340520541
m12_joint_hybrid_synergy,inv_A_pool,inv,A_pool,flat_1.0,F,full,8.0,0.6,1318,99,128.03392427254337,9.594519836274307,-32.27983681818418,0.9899115693076393,3.9663745821793657,0.36949924127465855,0.10838770595179616
m12_joint_hybrid_synergy,inv_A_pool,inv,A_pool,canonical_P1,F,full,23.0,0.6,975,99,66.71672458440152,17.518719446242205,-7.829285059450705,1.7773532268315284,8.521432554543146,0.3333333333333333,0.030928075908347775
m12_joint_hybrid_synergy,inv_A_pool,inv,A_pool,canonical_P1,F,full,18.0,0.6,975,99,89.2828047886546,17.515573414333623,-9.845277913664725,1.7591386746164972,9.068591620428997,0.3333333333333333,0.03911821835442282
m12_joint_hybrid_synergy,inv_A_pool,inv,A_pool,canonical_P1,F,full,15.0,0.6,975,99,111.62711909429146,17.512804556059642,-11.643264924768795,1.7426295541023913,9.58726953440923,0.3333333333333333,0.0465073187660408
m12_joint_hybrid_synergy,inv_A_pool,inv,A_pool,canonical_P1,F,full,12.0,0.6,975,99,146.4765952424297,17.426348791722873,-14.26818758140833,1.7081231989489047,10.265956654038595,0.3333333333333333,0.05724317400468818
m12_joint_hybrid_synergy,inv_A_pool,inv,A_pool,canonical_P1,F,full,10.0,0.6,975,99,176.36203857059832,17.430294667615186,-15.256741464416123,1.7184955449613792,11.55961376037827,0.3333333333333333,0.06514087328153947
m12_joint_hybrid_synergy,inv_A_pool,inv,A_pool,canonical_P1,F,full,8.0,0.6,975,99,192.23016572984636,17.601359478343877,-15.318297342784792,1.7268247333281794,12.549055644254771,0.3333333333333333,0.06836144827402485
m12_joint_hybrid_synergy,inv_B_full,inv,B_full,flat_1.0,P,full,23.0,0.3,1316,99,40.7207749969835,9.156099622890032,-14.713788316917825,1.0698820132850593,2.7675248630675897,0.35790273556231,0.04099917510482432
m12_joint_hybrid_synergy,inv_B_full,inv,B_full,flat_1.0,O,evaluation,23.0,0.3,710,50,-0.0016096433261614251,0.6910314077563413,-14.713788316917809,-0.00010252442159941136,-0.00010939693378017874,0.36338028169014086,0.04810440333951093
m12_joint_hybrid_synergy,inv_B_full,inv,B_full,flat_1.0,F,full,18.0,0.3,1316,99,52.4695891105486,9.15050445322294,-18.34764872905105,1.046448498235184,2.8597445855538983,0.35790273556231,0.051846660790001074
m12_joint_hybrid_synergy,inv_B_full,inv,B_full,flat_1.0,F,full,15.0,0.3,1316,99,63.315602212544064,9.14559459115961,-21.53302184227794,1.0252692498351257,2.940395578303376,0.35790273556231,0.06162951648326826
m12_joint_hybrid_synergy,inv_B_full,inv,B_full,flat_1.0,F,full,12.0,0.3,1316,99,79.51251534060818,9.138639197990706,-26.043647385060236,0.9941633642824442,3.0530483754829207,0.35790273556231,0.07596119611036582
m12_joint_hybrid_synergy,inv_B_full,inv,B_full,flat_1.0,F,full,10.0,0.3,1316,99,96.04234973924437,9.177015548230825,-30.04016848592937,0.9689592678930806,3.1971308611078535,0.35790273556231,0.08977259899737255
m12_joint_hybrid_synergy,inv_B_full,inv,B_full,flat_1.0,F,full,8.0,0.3,1316,99,125.61424487240905,9.521400122764087,-33.3876776943017,0.968360676016213,3.762293562988591,0.35790273556231,0.10847164833743775
m12_joint_hybrid_synergy,inv_B_full,inv,B_full,canonical_P1,P,full,23.0,0.3,967,99,65.32385406671885,17.32658799075718,-7.852810593077663,1.7498143179560615,8.318531727264952,0.3298862461220269,0.030776898503160927
m12_joint_hybrid_synergy,inv_B_full,inv,B_full,canonical_P1,O,evaluation,23.0,0.3,486,50,14.539807829603424,8.722851984436973,-7.852810593077667,0.9633044266069062,1.8515418979314762,0.3271604938271605,0.03425383293739639
m12_joint_hybrid_synergy,inv_B_full,inv,B_full,canonical_P1,F,full,18.0,0.3,967,99,75.7142359462933,17.550348372185372,-7.757854173680057,1.7826834743238615,9.759687956389762,0.3298862461220269,0.03420561403140445
m12_joint_hybrid_synergy,inv_B_full,inv,B_full,canonical_P1,F,full,15.0,0.3,967,99,75.52249566403498,17.474316495233005,-7.75785417368006,1.7738667741392182,9.734972322663511,0.3298862461220269,0.0343011129488383
m12_joint_hybrid_synergy,inv_B_full,inv,B_full,canonical_P1,F,full,12.0,0.3,967,99,75.52249566403498,17.474316495233005,-7.75785417368006,1.7738667741392182,9.734972322663511,0.3298862461220269,0.0343011129488383
m12_joint_hybrid_synergy,inv_B_full,inv,B_full,canonical_P1,F,full,10.0,0.3,967,99,75.52249566403498,17.474316495233005,-7.75785417368006,1.7738667741392182,9.734972322663511,0.3298862461220269,0.0343011129488383
m12_joint_hybrid_synergy,inv_B_full,inv,B_full,canonical_P1,F,full,8.0,0.3,967,99,75.52249566403498,17.474316495233005,-7.75785417368006,1.7738667741392182,9.734972322663511,0.3298862461220269,0.0343011129488383
m12_joint_hybrid_synergy,inv_B_full,inv,B_full,flat_1.0,F,full,23.0,0.4,1316,99,40.72077499698348,9.15609962289004,-14.713788316917872,1.0698820132850586,2.767524863067579,0.35790273556231,0.040999175104824294
m12_joint_hybrid_synergy,inv_B_full,inv,B_full,flat_1.0,F,full,18.0,0.4,1316,99,52.469589110548064,9.150504453222885,-18.347648729051098,1.0464484982351783,2.8597445855538615,0.35790273556231,0.051846660790000984
m12_joint_hybrid_synergy,inv_B_full,inv,B_full,flat_1.0,F,full,15.0,0.4,1316,99,63.315602212544796,9.145594591159673,-21.533021842277954,1.0252692498351323,2.940395578303408,0.35790273556231,0.06162951648326829
m12_joint_hybrid_synergy,inv_B_full,inv,B_full,flat_1.0,F,full,12.0,0.4,1316,99,79.51251534060823,9.138639197990718,-26.04364738506017,0.9941633642824448,3.053048375482931,0.35790273556231,0.07596119611036586
m12_joint_hybrid_synergy,inv_B_full,inv,B_full,flat_1.0,F,full,10.0,0.4,1316,99,96.04234973924417,9.177015548230814,-30.040168485929374,0.9689592678930796,3.1971308611078464,0.35790273556231,0.08977259899737247
m12_joint_hybrid_synergy,inv_B_full,inv,B_full,flat_1.0,F,full,8.0,0.4,1316,99,125.61424487241047,9.521400122764158,-33.38767769430169,0.9683606760162217,3.762293562988634,0.35790273556231,0.10847164833743769
m12_joint_hybrid_synergy,inv_B_full,inv,B_full,canonical_P1,F,full,23.0,0.4,967,99,66.28165043062756,17.384067067102603,-7.911826687046773,1.7531327817457338,8.377540744053931,0.3298862461220269,0.031039164707955945
m12_joint_hybrid_synergy,inv_B_full,inv,B_full,canonical_P1,F,full,18.0,0.4,967,99,87.75491095723598,17.29432417409702,-9.998693728920088,1.7243465795816373,8.776637562506275,0.3298862461220269,0.039174620584044154
m12_joint_hybrid_synergy,inv_B_full,inv,B_full,canonical_P1,F,full,15.0,0.4,967,99,103.55546148229196,17.40156437962536,-10.243301878232122,1.7521484242159668,10.109578211529236,0.3298862461220269,0.044184214477449364
m12_joint_hybrid_synergy,inv_B_full,inv,B_full,canonical_P1,F,full,12.0,0.4,967,99,108.92840362627147,17.474316495233005,-10.261815490391099,1.7500983225579032,10.614925178519263,0.3298862461220269,0.04573481726511773
m12_joint_hybrid_synergy,inv_B_full,inv,B_full,canonical_P1,F,full,10.0,0.4,967,99,108.92840362627147,17.474316495233005,-10.261815490391099,1.7500983225579032,10.614925178519263,0.3298862461220269,0.04573481726511773
m12_joint_hybrid_synergy,inv_B_full,inv,B_full,canonical_P1,F,full,8.0,0.4,967,99,108.92840362627147,17.474316495233005,-10.261815490391099,1.7500983225579032,10.614925178519263,0.3298862461220269,0.04573481726511773
m12_joint_hybrid_synergy,inv_B_full,inv,B_full,flat_1.0,F,full,23.0,0.5,1316,99,40.72077499698415,9.15609962289014,-14.713788316917848,1.0698820132850737,2.7675248630676292,0.35790273556231,0.04099917510482435
m12_joint_hybrid_synergy,inv_B_full,inv,B_full,flat_1.0,F,full,18.0,0.5,1316,99,52.46958911054848,9.150504453222961,-18.347648729051215,1.0464484982351843,2.859744585553866,0.35790273556231,0.05184666079000092
m12_joint_hybrid_synergy,inv_B_full,inv,B_full,flat_1.0,F,full,15.0,0.5,1316,99,63.31560221254402,9.14559459115961,-21.533021842277925,1.0252692498351248,2.940395578303376,0.35790273556231,0.06162951648326823
m12_joint_hybrid_synergy,inv_B_full,inv,B_full,flat_1.0,F,full,12.0,0.5,1316,99,79.51251534060803,9.138639197990713,-26.043647385060144,0.9941633642824436,3.053048375482926,0.35790273556231,0.07596119611036581
m12_joint_hybrid_synergy,inv_B_full,inv,B_full,flat_1.0,F,full,10.0,0.5,1316,99,96.04234973924535,9.17701554823088,-30.040168485929218,0.9689592678930874,3.1971308611079023,0.35790273556231,0.08977259899737255
m12_joint_hybrid_synergy,inv_B_full,inv,B_full,flat_1.0,F,full,8.0,0.5,1316,99,125.61424487241109,9.52140012276417,-33.38767769430169,0.9683606760162246,3.762293562988653,0.35790273556231,0.10847164833743761
m12_joint_hybrid_synergy,inv_B_full,inv,B_full,canonical_P1,F,full,23.0,0.5,967,99,66.2816504306272,17.384067067102535,-7.911826687046636,1.7531327817457272,8.377540744054029,0.3298862461220269,0.03103916470795597
m12_joint_hybrid_synergy,inv_B_full,inv,B_full,canonical_P1,F,full,18.0,0.5,967,99,88.63124922417909,17.38035536056187,-9.973320187871838,1.7346446395040322,8.886834830787851,0.3298862461220269,0.03925940098616123
m12_joint_hybrid_synergy,inv_B_full,inv,B_full,canonical_P1,F,full,15.0,0.5,967,99,109.92002955099092,17.31347855956017,-11.821570261857804,1.710113063266095,9.298259631856773,0.3298862461220269,0.04661712951302286
m12_joint_hybrid_synergy,inv_B_full,inv,B_full,canonical_P1,F,full,12.0,0.5,967,99,137.58036662934376,17.356318326462432,-12.6872334816372,1.7231928272704917,10.8440005323832,0.3298862461220269,0.054861295288959916
m12_joint_hybrid_synergy,inv_B_full,inv,B_full,canonical_P1,F,full,10.0,0.5,967,99,147.33074556122,17.49653180264081,-12.724762897273658,1.7283149160090014,11.578270396911389,0.3298862461220269,0.0571494438986175
m12_joint_hybrid_synergy,inv_B_full,inv,B_full,canonical_P1,F,full,8.0,0.5,967,99,147.0954771513929,17.474316495232998,-12.724762897273656,1.726127728894441,11.55978137580142,0.3298862461220269,0.05716852158139715
m12_joint_hybrid_synergy,inv_B_full,inv,B_full,flat_1.0,F,full,23.0,0.6,1316,99,40.7207749969835,9.156099622890032,-14.713788316917825,1.0698820132850593,2.7675248630675897,0.35790273556231,0.04099917510482432
m12_joint_hybrid_synergy,inv_B_full,inv,B_full,flat_1.0,F,full,18.0,0.6,1316,99,52.4695891105486,9.15050445322294,-18.34764872905105,1.046448498235184,2.8597445855538983,0.35790273556231,0.051846660790001074
m12_joint_hybrid_synergy,inv_B_full,inv,B_full,flat_1.0,F,full,15.0,0.6,1316,99,63.315602212544064,9.14559459115961,-21.53302184227794,1.0252692498351257,2.940395578303376,0.35790273556231,0.06162951648326826
m12_joint_hybrid_synergy,inv_B_full,inv,B_full,flat_1.0,F,full,12.0,0.6,1316,99,79.51251534060818,9.138639197990706,-26.043647385060236,0.9941633642824442,3.0530483754829207,0.35790273556231,0.07596119611036582
m12_joint_hybrid_synergy,inv_B_full,inv,B_full,flat_1.0,F,full,10.0,0.6,1316,99,96.04234973924437,9.177015548230825,-30.04016848592937,0.9689592678930806,3.1971308611078535,0.35790273556231,0.08977259899737255
m12_joint_hybrid_synergy,inv_B_full,inv,B_full,flat_1.0,F,full,8.0,0.6,1316,99,125.61424487240905,9.521400122764087,-33.3876776943017,0.968360676016213,3.762293562988591,0.35790273556231,0.10847164833743775
m12_joint_hybrid_synergy,inv_B_full,inv,B_full,canonical_P1,F,full,23.0,0.6,967,99,66.28165043062779,17.384067067102666,-7.911826687046866,1.7531327817457412,8.37754074405386,0.3298862461220269,0.031039164707955934
m12_joint_hybrid_synergy,inv_B_full,inv,B_full,canonical_P1,F,full,18.0,0.6,967,99,88.63124922417944,17.38035536056192,-9.973320187871716,1.7346446395040354,8.886834830787995,0.3298862461220269,0.03925940098616121
m12_joint_hybrid_synergy,inv_B_full,inv,B_full,canonical_P1,F,full,15.0,0.6,967,99,110.72916273161356,17.377077586104672,-11.8198127244933,1.7178884953517501,9.368097897368367,0.3298862461220269,0.04667589515208512
m12_joint_hybrid_synergy,inv_B_full,inv,B_full,canonical_P1,F,full,12.0,0.6,967,99,145.23462089870472,17.29707689898101,-14.52244468681639,1.683825866361375,10.000700572855344,0.3298862461220269,0.05745677735003505
m12_joint_hybrid_synergy,inv_B_full,inv,B_full,canonical_P1,F,full,10.0,0.6,967,99,175.10056938313667,17.325764084978903,-15.162309853133186,1.6957944743499018,11.548409911102915,0.3298862461220269,0.06537012430576984
m12_joint_hybrid_synergy,inv_B_full,inv,B_full,canonical_P1,F,full,8.0,0.6,967,99,190.5533811094378,17.485129797919125,-15.146708696826487,1.7030331355615456,12.580514019482148,0.3298862461220269,0.06859108071239721
m12_joint_hybrid_synergy,inv_B_anch,inv,B_anch,flat_1.0,P,full,23.0,0.3,1328,99,41.76534227050399,9.205761964949959,-14.686507606881591,1.093044761192432,2.8437899185054856,0.3621987951807229,0.041592398035936624
m12_joint_hybrid_synergy,inv_B_anch,inv,B_anch,flat_1.0,O,evaluation,23.0,0.3,717,50,0.06279109495361812,0.7122644011616356,-14.686507606881605,0.00398429653143181,0.004275427258431155,0.3668061366806137,0.04879785332223562
m12_joint_hybrid_synergy,inv_B_anch,inv,B_anch,flat_1.0,F,full,18.0,0.3,1328,99,53.9029417172056,9.200612100894384,-18.293174687390927,1.0696876994809421,2.9466149336211,0.3621987951807229,0.052595929644120604
m12_joint_hybrid_synergy,inv_B_anch,inv,B_anch,flat_1.0,F,full,15.0,0.3,1328,99,65.14325906625247,9.196102479918807,-21.448630118309996,1.0485756927473264,3.0371757406847997,0.3621987951807229,0.0625191888219533
m12_joint_hybrid_synergy,inv_B_anch,inv,B_anch,flat_1.0,F,full,12.0,0.3,1328,99,81.99429516268113,9.189730947945025,-25.90773646858333,1.0175653517226995,3.164857542151952,0.3621987951807229,0.07705599476833526
m12_joint_hybrid_synergy,inv_B_anch,inv,B_anch,flat_1.0,F,full,10.0,0.3,1328,99,99.41877207404983,9.241001981997062,-29.78985920015449,0.993790269440347,3.337336084943102,0.3621987951807229,0.09102341396629161
m12_joint_hybrid_synergy,inv_B_anch,inv,B_anch,flat_1.0,F,full,8.0,0.3,1328,99,131.07155234245513,9.619390411516623,-32.88222931689743,1.0000610067779028,3.986090817604646,0.3621987951807229,0.1097645422996507
m12_joint_hybrid_synergy,inv_B_anch,inv,B_anch,canonical_P1,P,full,23.0,0.3,984,99,66.81995497964535,17.3378261204838,-7.9541308363420775,1.7746931870539568,8.400660782991887,0.3353658536585366,0.031294767856210305
m12_joint_hybrid_synergy,inv_B_anch,inv,B_anch,canonical_P1,O,evaluation,23.0,0.3,495,50,15.382174135459792,9.03344704027479,-7.954130836342095,1.0081247861678306,1.933859833582228,0.33131313131313134,0.03474581834489902
m12_joint_hybrid_synergy,inv_B_anch,inv,B_anch,canonical_P1,F,full,18.0,0.3,984,99,77.4018295181503,17.55923209390987,-8.051278095505724,1.808602768191296,9.613607752706555,0.3353658536585366,0.034749424064948194
m12_joint_hybrid_synergy,inv_B_anch,inv,B_anch,canonical_P1,F,full,15.0,0.3,984,99,77.15378986788886,17.477128414964767,-8.051278095505738,1.799334255294892,9.582800265085424,0.3353658536585366,0.034840398198856384
m12_joint_hybrid_synergy,inv_B_anch,inv,B_anch,canonical_P1,F,full,12.0,0.3,984,99,77.15378986788886,17.477128414964767,-8.051278095505738,1.799334255294892,9.582800265085424,0.3353658536585366,0.034840398198856384
m12_joint_hybrid_synergy,inv_B_anch,inv,B_anch,canonical_P1,F,full,10.0,0.3,984,99,77.15378986788886,17.477128414964767,-8.051278095505738,1.799334255294892,9.582800265085424,0.3353658536585366,0.034840398198856384
m12_joint_hybrid_synergy,inv_B_anch,inv,B_anch,canonical_P1,F,full,8.0,0.3,984,99,77.15378986788886,17.477128414964767,-8.051278095505738,1.799334255294892,9.582800265085424,0.3353658536585366,0.034840398198856384
m12_joint_hybrid_synergy,inv_B_anch,inv,B_anch,flat_1.0,F,full,23.0,0.4,1328,99,41.7653422705049,9.205761964950112,-14.686507606881532,1.0930447611924488,2.843789918505559,0.3621987951807229,0.04159239803593663
m12_joint_hybrid_synergy,inv_B_anch,inv,B_anch,flat_1.0,F,full,18.0,0.4,1328,99,53.902941717205735,9.200612100894377,-18.293174687390966,1.069687699480943,2.9466149336211007,0.3621987951807229,0.052595929644120715
m12_joint_hybrid_synergy,inv_B_anch,inv,B_anch,flat_1.0,F,full,15.0,0.4,1328,99,65.14325906625193,9.196102479918778,-21.448630118310085,1.0485756927473207,3.037175740684762,0.3621987951807229,0.06251918882195329
m12_joint_hybrid_synergy,inv_B_anch,inv,B_anch,flat_1.0,F,full,12.0,0.4,1328,99,81.99429516268117,9.189730947945021,-25.90773646858331,1.0175653517226986,3.1648575421519562,0.3621987951807229,0.0770559947683352
m12_joint_hybrid_synergy,inv_B_anch,inv,B_anch,flat_1.0,F,full,10.0,0.4,1328,99,99.41877207405025,9.241001981997101,-29.789859200154517,0.9937902694403512,3.337336084943113,0.3621987951807229,0.09102341396629164
m12_joint_hybrid_synergy,inv_B_anch,inv,B_anch,flat_1.0,F,full,8.0,0.4,1328,99,131.07155234245545,9.619390411516624,-32.88222931689742,1.0000610067779026,3.9860908176046563,0.3621987951807229,0.10976454229965067
m12_joint_hybrid_synergy,inv_B_anch,inv,B_anch,canonical_P1,F,full,23.0,0.4,984,99,67.77728448494666,17.397542558193663,-8.02490585259488,1.7778897973016834,8.445866621977958,0.3353658536585366,0.03154752797656753
m12_joint_hybrid_synergy,inv_B_anch,inv,B_anch,canonical_P1,F,full,18.0,0.4,984,99,89.8560124489286,17.307436776008654,-10.118644844473506,1.7492313774292103,8.880241754705443,0.3353658536585366,0.039813182969821434
m12_joint_hybrid_synergy,inv_B_anch,inv,B_anch,canonical_P1,F,full,15.0,0.4,984,99,106.12556289506836,17.411351512967034,-10.624143160451208,1.7778537357453967,9.989093830185285,0.3353658536585366,0.04490917789023473
m12_joint_hybrid_synergy,inv_B_anch,inv,B_anch,canonical_P1,F,full,12.0,0.4,984,99,111.50577492246651,17.47712841496477,-10.6441547947687,1.7755953563693168,10.475775397147403,0.3353658536585366,0.046453864265141843
m12_joint_hybrid_synergy,inv_B_anch,inv,B_anch,canonical_P1,F,full,10.0,0.4,984,99,111.50577492246651,17.47712841496477,-10.6441547947687,1.7755953563693168,10.475775397147403,0.3353658536585366,0.046453864265141843
m12_joint_hybrid_synergy,inv_B_anch,inv,B_anch,canonical_P1,F,full,8.0,0.4,984,99,111.50577492246651,17.47712841496477,-10.6441547947687,1.7755953563693168,10.475775397147403,0.3353658536585366,0.046453864265141843
m12_joint_hybrid_synergy,inv_B_anch,inv,B_anch,flat_1.0,F,full,23.0,0.5,1328,99,41.76534227050457,9.20576196495005,-14.686507606881552,1.093044761192443,2.843789918505532,0.3621987951807229,0.04159239803593659
m12_joint_hybrid_synergy,inv_B_anch,inv,B_anch,flat_1.0,F,full,18.0,0.5,1328,99,53.90294171720562,9.200612100894359,-18.293174687390877,1.0696876994809426,2.946614933621109,0.3621987951807229,0.052595929644120694
m12_joint_hybrid_synergy,inv_B_anch,inv,B_anch,flat_1.0,F,full,15.0,0.5,1328,99,65.14325906625211,9.196102479918759,-21.448630118310067,1.048575692747323,3.037175740684773,0.3621987951807229,0.06251918882195336
m12_joint_hybrid_synergy,inv_B_anch,inv,B_anch,flat_1.0,F,full,12.0,0.5,1328,99,81.994295162681,9.189730947944998,-25.90773646858329,1.0175653517226977,3.164857542151952,0.3621987951807229,0.07705599476833526
m12_joint_hybrid_synergy,inv_B_anch,inv,B_anch,flat_1.0,F,full,10.0,0.5,1328,99,99.41877207404926,9.241001981997018,-29.789859200154517,0.9937902694403413,3.3373360849430798,0.3621987951807229,0.0910234139662916
m12_joint_hybrid_synergy,inv_B_anch,inv,B_anch,flat_1.0,F,full,8.0,0.5,1328,99,131.07155234245553,9.61939041151663,-32.88222931689743,1.0000610067779043,3.986090817604658,0.3621987951807229,0.1097645422996506
m12_joint_hybrid_synergy,inv_B_anch,inv,B_anch,canonical_P1,F,full,23.0,0.5,984,99,67.77728448494649,17.397542558193635,-8.024905852594891,1.7778897973016847,8.445866621977926,0.3353658536585366,0.03154752797656745
m12_joint_hybrid_synergy,inv_B_anch,inv,B_anch,canonical_P1,F,full,18.0,0.5,984,99,90.76699232162963,17.394231752271523,-10.089021918984503,1.7593928987149918,8.996609686300063,0.3353658536585366,0.039901737212778454
m12_joint_hybrid_synergy,inv_B_anch,inv,B_anch,canonical_P1,F,full,15.0,0.5,984,99,112.68536737041389,17.32411236159385,-11.934183735394821,1.7345125798624965,9.442235000640023,0.3353658536585366,0.04737886500078843
m12_joint_hybrid_synergy,inv_B_anch,inv,B_anch,canonical_P1,F,full,12.0,0.5,984,99,141.29567667153697,17.36739751346744,-13.152216869785867,1.748863480496634,10.743107270085444,0.3353658536585366,0.055762868157769103
m12_joint_hybrid_synergy,inv_B_anch,inv,B_anch,canonical_P1,F,full,10.0,0.5,984,99,151.12948709875334,17.499845386906813,-13.191716950528958,1.7538298225457862,11.456392497315779,0.3353658536585366,0.058045942866611897
m12_joint_hybrid_synergy,inv_B_anch,inv,B_anch,canonical_P1,F,full,8.0,0.5,984,99,150.888919533327,17.47712841496476,-13.191716950528946,1.7516478287691868,11.438156238432393,0.3353658536585366,0.0580673303314273
m12_joint_hybrid_synergy,inv_B_anch,inv,B_anch,flat_1.0,F,full,23.0,0.6,1328,99,41.76534227050399,9.205761964949959,-14.686507606881591,1.093044761192432,2.8437899185054856,0.3621987951807229,0.041592398035936624
m12_joint_hybrid_synergy,inv_B_anch,inv,B_anch,flat_1.0,F,full,18.0,0.6,1328,99,53.9029417172056,9.200612100894384,-18.293174687390927,1.0696876994809421,2.9466149336211,0.3621987951807229,0.052595929644120604
m12_joint_hybrid_synergy,inv_B_anch,inv,B_anch,flat_1.0,F,full,15.0,0.6,1328,99,65.14325906625247,9.196102479918807,-21.448630118309996,1.0485756927473264,3.0371757406847997,0.3621987951807229,0.0625191888219533
m12_joint_hybrid_synergy,inv_B_anch,inv,B_anch,flat_1.0,F,full,12.0,0.6,1328,99,81.99429516268113,9.189730947945025,-25.90773646858333,1.0175653517226995,3.164857542151952,0.3621987951807229,0.07705599476833526
m12_joint_hybrid_synergy,inv_B_anch,inv,B_anch,flat_1.0,F,full,10.0,0.6,1328,99,99.41877207404983,9.241001981997062,-29.78985920015449,0.993790269440347,3.337336084943102,0.3621987951807229,0.09102341396629161
m12_joint_hybrid_synergy,inv_B_anch,inv,B_anch,flat_1.0,F,full,8.0,0.6,1328,99,131.07155234245513,9.619390411516623,-32.88222931689743,1.0000610067779028,3.986090817604646,0.3621987951807229,0.1097645422996507
m12_joint_hybrid_synergy,inv_B_anch,inv,B_anch,canonical_P1,F,full,23.0,0.6,984,99,67.77728448494729,17.397542558193763,-8.024905852594824,1.777889797301696,8.445866621978094,0.3353658536585366,0.03154752797656749
m12_joint_hybrid_synergy,inv_B_anch,inv,B_anch,canonical_P1,F,full,18.0,0.6,984,99,90.76699232163077,17.39423175227166,-10.089021918984638,1.7593928987150054,8.996609686300054,0.3353658536585366,0.03990173721277844
m12_joint_hybrid_synergy,inv_B_anch,inv,B_anch,canonical_P1,F,full,15.0,0.6,984,99,113.55373379922594,17.39131466040568,-11.92911611663389,1.7426267937353348,9.519040026853897,0.3353658536585366,0.0474388668097907
m12_joint_hybrid_synergy,inv_B_anch,inv,B_anch,canonical_P1,F,full,12.0,0.6,984,99,149.18094265969253,17.3075639781546,-14.612671800891668,1.7081461375819622,10.209012061065348,0.3353658536585366,0.05839454067089545
m12_joint_hybrid_synergy,inv_B_anch,inv,B_anch,canonical_P1,F,full,10.0,0.6,984,99,180.04760816925693,17.328015010770788,-15.630652722959134,1.7202043671728162,11.51887968854899,0.3353658536585366,0.06645056780024827
m12_joint_hybrid_synergy,inv_B_anch,inv,B_anch,canonical_P1,F,full,8.0,0.6,984,99,195.89961337640807,17.48922213555121,-15.694064504396838,1.7286674157738062,12.482401440463367,0.3353658536585366,0.06966713091892557
m12_joint_hybrid_synergy,inv_C_sqrt,inv,C_sqrt,flat_1.0,P,full,23.0,0.3,1311,99,41.10662639596343,9.217397851793537,-14.466698375258613,1.0848237530631855,2.8414656426559106,0.36536994660564454,0.04098976711263569
m12_joint_hybrid_synergy,inv_C_sqrt,inv,C_sqrt,flat_1.0,O,evaluation,23.0,0.3,707,50,0.08415378440072008,0.7186250465367184,-14.466698375258632,0.0053786146566840954,0.005817069120943472,0.36775106082036774,0.048281873866172074
m12_joint_hybrid_synergy,inv_C_sqrt,inv,C_sqrt,flat_1.0,F,full,18.0,0.3,1311,99,53.017708299262424,9.21222229361138,-18.026623658152964,1.0615849998684883,2.9410781133872463,0.36536994660564454,0.05183392390896757
m12_joint_hybrid_synergy,inv_C_sqrt,inv,C_sqrt,flat_1.0,F,full,15.0,0.3,1311,99,64.03582728164406,9.207690919844815,-21.143655600956144,1.0405809522082188,3.0286071855402468,0.36536994660564454,0.06161347061223789
m12_joint_hybrid_synergy,inv_C_sqrt,inv,C_sqrt,flat_1.0,F,full,12.0,0.3,1311,99,80.53264541631944,9.201290116023387,-25.552520245069687,1.0097310403437332,3.151651760528712,0.36536994660564454,0.07593977166867086
m12_joint_hybrid_synergy,inv_C_sqrt,inv,C_sqrt,flat_1.0,F,full,10.0,0.3,1311,99,97.54839802199915,9.250641596626672,-29.4007134700714,0.9859362081505041,3.317892204258887,0.36536994660564454,0.08971402451484739
m12_joint_hybrid_synergy,inv_C_sqrt,inv,C_sqrt,flat_1.0,F,full,8.0,0.3,1311,99,127.6983977299964,9.597413069190667,-32.50401606360795,0.9859602177640094,3.928695994984131,0.36536994660564454,0.1082948754675891
m12_joint_hybrid_synergy,inv_C_sqrt,inv,C_sqrt,canonical_P1,P,full,23.0,0.3,973,99,65.5248553463452,17.409193417324207,-7.750012079932779,1.7653169296633318,8.454806866173755,0.3319630010277492,0.030684048746374502
m12_joint_hybrid_synergy,inv_C_sqrt,inv,C_sqrt,canonical_P1,O,evaluation,23.0,0.3,489,50,15.003421885739133,8.96485143878636,-7.750012079932776,0.9963614349459887,1.9359223870873339,0.32719836400818,0.034206701771435435
m12_joint_hybrid_synergy,inv_C_sqrt,inv,C_sqrt,canonical_P1,F,full,18.0,0.3,973,99,75.98228830468669,17.633772921864423,-7.840296475363936,1.7989501994333155,9.691251924393548,0.3319630010277492,0.03411052959281329
m12_joint_hybrid_synergy,inv_C_sqrt,inv,C_sqrt,canonical_P1,F,full,15.0,0.3,973,99,75.8423097197636,17.571113951076505,-7.840296475363933,1.7907801341064982,9.673398188203482,0.3319630010277492,0.034196580570086156
m12_joint_hybrid_synergy,inv_C_sqrt,inv,C_sqrt,canonical_P1,F,full,12.0,0.3,973,99,75.8423097197636,17.571113951076505,-7.840296475363933,1.7907801341064982,9.673398188203482,0.3319630010277492,0.034196580570086156
m12_joint_hybrid_synergy,inv_C_sqrt,inv,C_sqrt,canonical_P1,F,full,10.0,0.3,973,99,75.8423097197636,17.571113951076505,-7.840296475363933,1.7907801341064982,9.673398188203482,0.3319630010277492,0.034196580570086156
m12_joint_hybrid_synergy,inv_C_sqrt,inv,C_sqrt,canonical_P1,F,full,8.0,0.3,973,99,75.8423097197636,17.571113951076505,-7.840296475363933,1.7907801341064982,9.673398188203482,0.3319630010277492,0.034196580570086156
m12_joint_hybrid_synergy,inv_C_sqrt,inv,C_sqrt,flat_1.0,F,full,23.0,0.4,1311,99,41.10662639596332,9.217397851793507,-14.466698375258598,1.0848237530631835,2.8414656426559053,0.36536994660564454,0.040989767112635696
m12_joint_hybrid_synergy,inv_C_sqrt,inv,C_sqrt,flat_1.0,F,full,18.0,0.4,1311,99,53.017708299262246,9.212222293611312,-18.026623658152925,1.0615849998684808,2.9410781133872432,0.36536994660564454,0.05183392390896759
m12_joint_hybrid_synergy,inv_C_sqrt,inv,C_sqrt,flat_1.0,F,full,15.0,0.4,1311,99,64.03582728164419,9.207690919844847,-21.143655600956098,1.0405809522082208,3.028607185540259,0.36536994660564454,0.06161347061223791
m12_joint_hybrid_synergy,inv_C_sqrt,inv,C_sqrt,flat_1.0,F,full,12.0,0.4,1311,99,80.53264541631972,9.201290116023433,-25.552520245069676,1.009731040343738,3.1516517605287246,0.36536994660564454,0.07593977166867084
m12_joint_hybrid_synergy,inv_C_sqrt,inv,C_sqrt,flat_1.0,F,full,10.0,0.4,1311,99,97.54839802199993,9.250641596626725,-29.400713470071434,0.9859362081505083,3.31789220425891,0.36536994660564454,0.08971402451484742
m12_joint_hybrid_synergy,inv_C_sqrt,inv,C_sqrt,flat_1.0,F,full,8.0,0.4,1311,99,127.69839772999654,9.597413069190663,-32.504016063607935,0.9859602177640102,3.9286959949841367,0.36536994660564454,0.10829487546758923
m12_joint_hybrid_synergy,inv_C_sqrt,inv,C_sqrt,canonical_P1,F,full,23.0,0.4,973,99,66.56793701523497,17.485452702035445,-7.816653172313474,1.770264450765959,8.516168691098908,0.3319630010277492,0.030941315225547158
m12_joint_hybrid_synergy,inv_C_sqrt,inv,C_sqrt,canonical_P1,F,full,18.0,0.4,973,99,88.13112749356537,17.389006238207312,-9.869983582170423,1.7408968537472822,8.929207101496031,0.3319630010277492,0.03904979326475959
m12_joint_hybrid_synergy,inv_C_sqrt,inv,C_sqrt,canonical_P1,F,full,15.0,0.4,973,99,103.91985455730803,17.479350993195972,-10.349338493286766,1.7678181166157358,10.041207428350807,0.3319630010277492,0.04405657733636551
m12_joint_hybrid_synergy,inv_C_sqrt,inv,C_sqrt,canonical_P1,F,full,12.0,0.4,973,99,109.46816847319809,17.571113951076505,-10.36865133668328,1.7672813638931195,10.557609173905805,0.3319630010277492,0.04559544076011488
m12_joint_hybrid_synergy,inv_C_sqrt,inv,C_sqrt,canonical_P1,F,full,10.0,0.4,973,99,109.46816847319809,17.571113951076505,-10.36865133668328,1.7672813638931195,10.557609173905805,0.3319630010277492,0.04559544076011488
m12_joint_hybrid_synergy,inv_C_sqrt,inv,C_sqrt,canonical_P1,F,full,8.0,0.4,973,99,109.46816847319809,17.571113951076505,-10.36865133668328,1.7672813638931195,10.557609173905805,0.3319630010277492,0.04559544076011488
m12_joint_hybrid_synergy,inv_C_sqrt,inv,C_sqrt,flat_1.0,F,full,23.0,0.5,1311,99,41.10662639596336,9.217397851793521,-14.466698375258655,1.0848237530631835,2.8414656426558973,0.36536994660564454,0.040989767112635696
m12_joint_hybrid_synergy,inv_C_sqrt,inv,C_sqrt,flat_1.0,F,full,18.0,0.5,1311,99,53.017708299261734,9.212222293611259,-18.026623658152886,1.0615849998684745,2.941078113387221,0.36536994660564454,0.051833923908967655
m12_joint_hybrid_synergy,inv_C_sqrt,inv,C_sqrt,flat_1.0,F,full,15.0,0.5,1311,99,64.0358272816447,9.20769091984488,-21.143655600956123,1.040580952208227,3.02860718554028,0.36536994660564454,0.061613470612237965
m12_joint_hybrid_synergy,inv_C_sqrt,inv,C_sqrt,flat_1.0,F,full,12.0,0.5,1311,99,80.53264541631917,9.201290116023376,-25.55252024506966,1.0097310403437318,3.151651760528705,0.36536994660564454,0.07593977166867075
m12_joint_hybrid_synergy,inv_C_sqrt,inv,C_sqrt,flat_1.0,F,full,10.0,0.5,1311,99,97.54839802200037,9.25064159662675,-29.400713470071356,0.985936208150513,3.3178922042589334,0.36536994660564454,0.08971402451484735
m12_joint_hybrid_synergy,inv_C_sqrt,inv,C_sqrt,flat_1.0,F,full,8.0,0.5,1311,99,127.69839772999623,9.597413069190662,-32.504016063607935,0.9859602177640102,3.9286959949841274,0.36536994660564454,0.10829487546758912
m12_joint_hybrid_synergy,inv_C_sqrt,inv,C_sqrt,canonical_P1,F,full,23.0,0.5,973,99,66.56793701523596,17.485452702035612,-7.816653172313491,1.7702644507659773,8.516168691099017,0.3319630010277492,0.030941315225547186
m12_joint_hybrid_synergy,inv_C_sqrt,inv,C_sqrt,canonical_P1,F,full,18.0,0.5,973,99,89.06230019222427,17.48214180251768,-9.84187252944296,1.7519786296149238,9.049324701756234,0.3319630010277492,0.0391352077073533
m12_joint_hybrid_synergy,inv_C_sqrt,inv,C_sqrt,canonical_P1,F,full,15.0,0.5,973,99,110.45430111501831,17.410290796985738,-11.670745133243269,1.7270305840337208,9.464203001091787,0.3319630010277492,0.046466003410002746
m12_joint_hybrid_synergy,inv_C_sqrt,inv,C_sqrt,canonical_P1,F,full,12.0,0.5,973,99,138.21842302931543,17.439749121664992,-12.816314631185188,1.7395787597775096,10.784568497795508,0.3319630010277492,0.05470167382730868
m12_joint_hybrid_synergy,inv_C_sqrt,inv,C_sqrt,canonical_P1,F,full,10.0,0.5,973,99,148.07745180069753,17.58413254535593,-12.854521314144465,1.744850319387061,11.51948393735678,0.3319630010277492,0.05698299721545909
m12_joint_hybrid_synergy,inv_C_sqrt,inv,C_sqrt,canonical_P1,F,full,8.0,0.5,973,99,147.9406456922502,17.571113951076516,-12.854521314144444,1.7435773416468456,11.508841292243535,0.3319630010277492,0.05699430095014361
m12_joint_hybrid_synergy,inv_C_sqrt,inv,C_sqrt,flat_1.0,F,full,23.0,0.6,1311,99,41.10662639596343,9.217397851793537,-14.466698375258613,1.0848237530631855,2.8414656426559106,0.36536994660564454,0.04098976711263569
m12_joint_hybrid_synergy,inv_C_sqrt,inv,C_sqrt,flat_1.0,F,full,18.0,0.6,1311,99,53.017708299262424,9.21222229361138,-18.026623658152964,1.0615849998684883,2.9410781133872463,0.36536994660564454,0.05183392390896757
m12_joint_hybrid_synergy,inv_C_sqrt,inv,C_sqrt,flat_1.0,F,full,15.0,0.6,1311,99,64.03582728164406,9.207690919844815,-21.143655600956144,1.0405809522082188,3.0286071855402468,0.36536994660564454,0.06161347061223789
m12_joint_hybrid_synergy,inv_C_sqrt,inv,C_sqrt,flat_1.0,F,full,12.0,0.6,1311,99,80.53264541631944,9.201290116023387,-25.552520245069687,1.0097310403437332,3.151651760528712,0.36536994660564454,0.07593977166867086
m12_joint_hybrid_synergy,inv_C_sqrt,inv,C_sqrt,flat_1.0,F,full,10.0,0.6,1311,99,97.54839802199915,9.250641596626672,-29.4007134700714,0.9859362081505041,3.317892204258887,0.36536994660564454,0.08971402451484739
m12_joint_hybrid_synergy,inv_C_sqrt,inv,C_sqrt,flat_1.0,F,full,8.0,0.6,1311,99,127.6983977299964,9.597413069190667,-32.50401606360795,0.9859602177640094,3.928695994984131,0.36536994660564454,0.1082948754675891
m12_joint_hybrid_synergy,inv_C_sqrt,inv,C_sqrt,canonical_P1,F,full,23.0,0.6,973,99,66.56793701523493,17.48545270203538,-7.816653172313498,1.7702644507659553,8.516168691098878,0.3319630010277492,0.030941315225547165
m12_joint_hybrid_synergy,inv_C_sqrt,inv,C_sqrt,canonical_P1,F,full,18.0,0.6,973,99,89.06230019222447,17.482141802517692,-9.841872529442872,1.7519786296149293,9.049324701756333,0.3319630010277492,0.0391352077073533
m12_joint_hybrid_synergy,inv_C_sqrt,inv,C_sqrt,canonical_P1,F,full,15.0,0.6,973,99,111.32585580355499,17.479224557580775,-11.666356694189414,1.7354053016302045,9.542469746274973,0.3319630010277492,0.04652777915489501
m12_joint_hybrid_synergy,inv_C_sqrt,inv,C_sqrt,canonical_P1,F,full,12.0,0.6,973,99,146.05178544286224,17.394046035039718,-14.342089719904585,1.7009828250671553,10.183438278186555,0.3319630010277492,0.05726996532994327
m12_joint_hybrid_synergy,inv_C_sqrt,inv,C_sqrt,canonical_P1,F,full,10.0,0.6,973,99,175.90620139126628,17.404319747508712,-15.236533451711434,1.7117206257869144,11.545027741957126,0.3319630010277492,0.06516901115392157
m12_joint_hybrid_synergy,inv_C_sqrt,inv,C_sqrt,canonical_P1,F,full,8.0,0.6,973,99,191.67685607816844,17.57298279993464,-15.297961648735281,1.7198569038600917,12.52956834899732,0.3319630010277492,0.06839121359713313
m12_joint_hybrid_synergy,inv_D_sup,inv,D_sup,flat_1.0,P,full,23.0,0.3,1312,99,41.04084474099694,9.133476055757857,-14.580283843933062,1.07670506141501,2.8148179541836744,0.36128048780487804,0.041354715649386184
m12_joint_hybrid_synergy,inv_D_sup,inv,D_sup,flat_1.0,O,evaluation,23.0,0.3,707,50,-0.11402415243912944,0.640755097001953,-14.58028384393311,-0.0072583297814402285,-0.007820434338565718,0.36633663366336633,0.048485212134582484
m12_joint_hybrid_synergy,inv_D_sup,inv,D_sup,flat_1.0,F,full,18.0,0.3,1312,99,52.908203878954474,9.128096548273854,-18.185288070792723,1.0533045587382655,2.909395972887007,0.36128048780487804,0.05229600502378418
m12_joint_hybrid_synergy,inv_D_sup,inv,D_sup,flat_1.0,F,full,15.0,0.3,1312,99,63.874238368988514,9.123380266926928,-21.34678362698484,1.032153726138471,2.9922183821755692,0.36128048780487804,0.062163361277581264
m12_joint_hybrid_synergy,inv_D_sup,inv,D_sup,flat_1.0,F,full,12.0,0.3,1312,99,80.26988258391017,9.11670683409594,-25.825938960856824,1.0010871541284627,3.1081109076255276,0.36128048780487804,0.07661866507170526
m12_joint_hybrid_synergy,inv_D_sup,inv,D_sup,flat_1.0,F,full,10.0,0.3,1312,99,97.10332598636992,9.161304884685912,-29.76597320230502,0.9766028728509041,3.2622258081872637,0.36128048780487804,0.09053027078396482
m12_joint_hybrid_synergy,inv_D_sup,inv,D_sup,flat_1.0,F,full,8.0,0.3,1312,99,126.99516383087617,9.503008987879179,-33.01211029808091,0.9761254950139066,3.846926557683856,0.36128048780487804,0.10931348692688252
m12_joint_hybrid_synergy,inv_D_sup,inv,D_sup,canonical_P1,P,full,23.0,0.3,970,99,65.22547502871645,17.17457574454513,-7.900789092288594,1.7474860094911093,8.255564636243543,0.32989690721649484,0.03101455793827254
m12_joint_hybrid_synergy,inv_D_sup,inv,D_sup,canonical_P1,O,evaluation,23.0,0.3,485,50,14.596989310838971,8.714657365857757,-7.900789092288582,0.9660909847849676,1.8475356246486938,0.32783505154639175,0.0344058993322317
m12_joint_hybrid_synergy,inv_D_sup,inv,D_sup,canonical_P1,F,full,18.0,0.3,970,99,75.44342128156008,17.375321724441296,-7.747072892993646,1.777985677307369,9.738313079484529,0.32989690721649484,0.03445967408361269
m12_joint_hybrid_synergy,inv_D_sup,inv,D_sup,canonical_P1,F,full,15.0,0.3,970,99,75.28901744353877,17.31112566089198,-7.761516654223047,1.7701024345525198,9.700297093683869,0.32989690721649484,0.03454556118255738
m12_joint_hybrid_synergy,inv_D_sup,inv,D_sup,canonical_P1,F,full,12.0,0.3,970,99,75.28901744353877,17.31112566089198,-7.761516654223047,1.7701024345525198,9.700297093683869,0.32989690721649484,0.03454556118255738
m12_joint_hybrid_synergy,inv_D_sup,inv,D_sup,canonical_P1,F,full,10.0,0.3,970,99,75.28901744353877,17.31112566089198,-7.761516654223047,1.7701024345525198,9.700297093683869,0.32989690721649484,0.03454556118255738
m12_joint_hybrid_synergy,inv_D_sup,inv,D_sup,canonical_P1,F,full,8.0,0.3,970,99,75.28901744353877,17.31112566089198,-7.761516654223047,1.7701024345525198,9.700297093683869,0.32989690721649484,0.03454556118255738
m12_joint_hybrid_synergy,inv_D_sup,inv,D_sup,flat_1.0,F,full,23.0,0.4,1312,99,41.04084474099694,9.133476055757873,-14.580283843933051,1.0767050614150127,2.814817954183676,0.36128048780487804,0.041354715649386066
m12_joint_hybrid_synergy,inv_D_sup,inv,D_sup,flat_1.0,F,full,18.0,0.4,1312,99,52.908203878954076,9.128096548273803,-18.185288070792733,1.0533045587382608,2.9093959728869834,0.36128048780487804,0.05229600502378417
m12_joint_hybrid_synergy,inv_D_sup,inv,D_sup,flat_1.0,F,full,15.0,0.4,1312,99,63.874238368988486,9.123380266926905,-21.346783626984816,1.0321537261384681,2.9922183821755715,0.36128048780487804,0.06216336127758122
m12_joint_hybrid_synergy,inv_D_sup,inv,D_sup,flat_1.0,F,full,12.0,0.4,1312,99,80.26988258390992,9.116706834095922,-25.825938960856888,1.0010871541284594,3.10811090762551,0.36128048780487804,0.07661866507170516
m12_joint_hybrid_synergy,inv_D_sup,inv,D_sup,flat_1.0,F,full,10.0,0.4,1312,99,97.10332598637055,9.161304884685926,-29.76597320230505,0.9766028728509062,3.262225808187281,0.36128048780487804,0.09053027078396486
m12_joint_hybrid_synergy,inv_D_sup,inv,D_sup,flat_1.0,F,full,8.0,0.4,1312,99,126.9951638308766,9.5030089878792,-33.01211029808094,0.976125495013908,3.8469265576838656,0.36128048780487804,0.10931348692688252
m12_joint_hybrid_synergy,inv_D_sup,inv,D_sup,canonical_P1,F,full,23.0,0.4,970,99,66.20172858086957,17.237758303347245,-7.960731765672293,1.7519497439231027,8.316035576822221,0.32989690721649484,0.03127356038738733
m12_joint_hybrid_synergy,inv_D_sup,inv,D_sup,canonical_P1,F,full,18.0,0.4,970,99,87.62895300262011,17.145808135526146,-10.058342447155704,1.7225807387518859,8.712066969583026,0.32989690721649484,0.039474022024283115
m12_joint_hybrid_synergy,inv_D_sup,inv,D_sup,canonical_P1,F,full,15.0,0.4,970,99,103.275546357948,17.237891467917482,-10.228365320662881,1.7485928741476946,10.096974748185364,0.32989690721649484,0.04452309695892241
m12_joint_hybrid_synergy,inv_D_sup,inv,D_sup,canonical_P1,F,full,12.0,0.4,970,99,108.55999286622718,17.311125660891985,-10.258852542454642,1.7463521487372413,10.582079469118868,0.32989690721649484,0.04606074824340984
m12_joint_hybrid_synergy,inv_D_sup,inv,D_sup,canonical_P1,F,full,10.0,0.4,970,99,108.55999286622718,17.311125660891985,-10.258852542454642,1.7463521487372413,10.582079469118868,0.32989690721649484,0.04606074824340984
m12_joint_hybrid_synergy,inv_D_sup,inv,D_sup,canonical_P1,F,full,8.0,0.4,970,99,108.55999286622718,17.311125660891985,-10.258852542454642,1.7463521487372413,10.582079469118868,0.32989690721649484,0.04606074824340984
m12_joint_hybrid_synergy,inv_D_sup,inv,D_sup,flat_1.0,F,full,23.0,0.5,1312,99,41.04084474099621,9.133476055757727,-14.580283843933264,1.0767050614149964,2.8148179541835847,0.36128048780487804,0.04135471564938618
m12_joint_hybrid_synergy,inv_D_sup,inv,D_sup,flat_1.0,F,full,18.0,0.5,1312,99,52.90820387895416,9.128096548273826,-18.18528807079281,1.0533045587382623,2.9093959728869754,0.36128048780487804,0.05229600502378422
m12_joint_hybrid_synergy,inv_D_sup,inv,D_sup,flat_1.0,F,full,15.0,0.5,1312,99,63.87423836898867,9.123380266926938,-21.34678362698485,1.0321537261384723,2.992218382175576,0.36128048780487804,0.06216336127758128
m12_joint_hybrid_synergy,inv_D_sup,inv,D_sup,flat_1.0,F,full,12.0,0.5,1312,99,80.2698825839095,9.116706834095886,-25.825938960856774,1.0010871541284572,3.1081109076255076,0.36128048780487804,0.07661866507170514
m12_joint_hybrid_synergy,inv_D_sup,inv,D_sup,flat_1.0,F,full,10.0,0.5,1312,99,97.10332598637177,9.161304884686013,-29.765973202305098,0.9766028728509148,3.262225808187317,0.36128048780487804,0.09053027078396483
m12_joint_hybrid_synergy,inv_D_sup,inv,D_sup,flat_1.0,F,full,8.0,0.5,1312,99,126.99516383087692,9.503008987879221,-33.01211029808094,0.9761254950139101,3.846926557683875,0.36128048780487804,0.10931348692688253
m12_joint_hybrid_synergy,inv_D_sup,inv,D_sup,canonical_P1,F,full,23.0,0.5,970,99,66.20172858086929,17.237758303347224,-7.960731765672049,1.7519497439231002,8.31603557682244,0.32989690721649484,0.03127356038738721
m12_joint_hybrid_synergy,inv_D_sup,inv,D_sup,canonical_P1,F,full,18.0,0.5,970,99,88.51743107255643,17.23410664935466,-10.03375544150181,1.7334870852362176,8.82196417768256,0.32989690721649484,0.03955572942503315
m12_joint_hybrid_synergy,inv_D_sup,inv,D_sup,canonical_P1,F,full,15.0,0.5,970,99,109.7673941220497,17.167742509655096,-11.892012213497972,1.7089281921980877,9.230346568048319,0.32989690721649484,0.04696800319444536
m12_joint_hybrid_synergy,inv_D_sup,inv,D_sup,canonical_P1,F,full,12.0,0.5,970,99,137.30573345994932,17.20236771774391,-12.721737476700584,1.7204781965004659,10.793001640807315,0.32989690721649484,0.05528593746389613
m12_joint_hybrid_synergy,inv_D_sup,inv,D_sup,canonical_P1,F,full,10.0,0.5,970,99,146.61590458202775,17.316908618858353,-12.711915329654774,1.7229770153744202,11.533738290405172,0.32989690721649484,0.057570948675562464
m12_joint_hybrid_synergy,inv_D_sup,inv,D_sup,canonical_P1,F,full,8.0,0.5,970,99,146.5540428338692,17.311125660891996,-12.711915329654778,1.7223985107880329,11.528871852377987,0.32989690721649484,0.05757593530426229
m12_joint_hybrid_synergy,inv_D_sup,inv,D_sup,flat_1.0,F,full,23.0,0.6,1312,99,41.04084474099694,9.133476055757857,-14.580283843933062,1.07670506141501,2.8148179541836744,0.36128048780487804,0.041354715649386184
m12_joint_hybrid_synergy,inv_D_sup,inv,D_sup,flat_1.0,F,full,18.0,0.6,1312,99,52.908203878954474,9.128096548273854,-18.185288070792723,1.0533045587382655,2.909395972887007,0.36128048780487804,0.05229600502378418
m12_joint_hybrid_synergy,inv_D_sup,inv,D_sup,flat_1.0,F,full,15.0,0.6,1312,99,63.874238368988514,9.123380266926928,-21.34678362698484,1.032153726138471,2.9922183821755692,0.36128048780487804,0.062163361277581264
m12_joint_hybrid_synergy,inv_D_sup,inv,D_sup,flat_1.0,F,full,12.0,0.6,1312,99,80.26988258391017,9.11670683409594,-25.825938960856824,1.0010871541284627,3.1081109076255276,0.36128048780487804,0.07661866507170526
m12_joint_hybrid_synergy,inv_D_sup,inv,D_sup,flat_1.0,F,full,10.0,0.6,1312,99,97.10332598636992,9.161304884685912,-29.76597320230502,0.9766028728509041,3.2622258081872637,0.36128048780487804,0.09053027078396482
m12_joint_hybrid_synergy,inv_D_sup,inv,D_sup,flat_1.0,F,full,8.0,0.6,1312,99,126.99516383087617,9.503008987879179,-33.01211029808091,0.9761254950139066,3.846926557683856,0.36128048780487804,0.10931348692688252
m12_joint_hybrid_synergy,inv_D_sup,inv,D_sup,canonical_P1,F,full,23.0,0.6,970,99,66.20172858086903,17.23775830334722,-7.960731765672151,1.7519497439230989,8.316035576822303,0.32989690721649484,0.031273560387387225
m12_joint_hybrid_synergy,inv_D_sup,inv,D_sup,canonical_P1,F,full,18.0,0.6,970,99,88.5174310725559,17.234106649354626,-10.033755441501835,1.7334870852362108,8.821964177682485,0.32989690721649484,0.03955572942503315
m12_joint_hybrid_synergy,inv_D_sup,inv,D_sup,canonical_P1,F,full,15.0,0.6,970,99,110.57908090571718,17.23088329894334,-11.890151013135057,1.7167541864566493,9.300056894446538,0.32989690721649484,0.047028049814195984
m12_joint_hybrid_synergy,inv_D_sup,inv,D_sup,canonical_P1,F,full,12.0,0.6,970,99,145.02054430806237,17.151734429612546,-14.606179272457517,1.6826955227592395,9.928711787176523,0.32989690721649484,0.0578890293979135
m12_joint_hybrid_synergy,inv_D_sup,inv,D_sup,canonical_P1,F,full,10.0,0.6,970,99,174.64177520865022,17.168452386081192,-15.253810600349698,1.6926344795452573,11.44905884727889,0.32989690721649484,0.06587267846171987
m12_joint_hybrid_synergy,inv_D_sup,inv,D_sup,canonical_P1,F,full,8.0,0.6,970,99,189.63196450502008,17.31112566089198,-15.126672639633561,1.698245880556978,12.536264188607037,0.32989690721649484,0.06909112236511476
m12_joint_hybrid_synergy,inv_D_sup_anch,inv,D_sup_anch,flat_1.0,P,full,23.0,0.3,1320,99,41.666657456134715,9.185886801204195,-14.490015324948466,1.0896109092256543,2.87554267692142,0.36818181818181817,0.04161306985631084
m12_joint_hybrid_synergy,inv_D_sup_anch,inv,D_sup_anch,flat_1.0,O,evaluation,23.0,0.3,712,50,-0.0630754503068931,0.6605286219768264,-14.490015324948475,-0.004006350978848369,-0.004353028543613179,0.3693820224719101,0.04877076906699097
m12_joint_hybrid_synergy,inv_D_sup_anch,inv,D_sup_anch,flat_1.0,F,full,18.0,0.3,1320,99,53.76464714959357,9.180751917680952,-18.055246615728272,1.0662343175826856,2.977785255104638,0.36818181818181817,0.05262237150965613
m12_joint_hybrid_synergy,inv_D_sup_anch,inv,D_sup_anch,flat_1.0,F,full,15.0,0.3,1320,99,64.96363240804203,9.176255547562457,-21.194990649444115,1.045104222860646,3.0650465236107967,0.36818181818181817,0.06255094126448124
m12_joint_hybrid_synergy,inv_D_sup_anch,inv,D_sup_anch,flat_1.0,F,full,12.0,0.3,1320,99,81.74388125607615,9.169903021787912,-25.64930427016468,1.0140665842821392,3.1869823990181594,0.36818181818181817,0.07709570898068013
m12_joint_hybrid_synergy,inv_D_sup_anch,inv,D_sup_anch,flat_1.0,F,full,10.0,0.3,1320,99,99.09623687370946,9.22172269974934,-29.536243231141246,0.9903458659240575,3.355072481568283,0.36818181818181817,0.09107031858387427
m12_joint_hybrid_synergy,inv_D_sup_anch,inv,D_sup_anch,flat_1.0,F,full,8.0,0.3,1320,99,130.23611298293426,9.584462296412074,-32.68207177231262,0.993869401043722,3.9849405475348973,0.36818181818181817,0.10985880517031771
m12_joint_hybrid_synergy,inv_D_sup_anch,inv,D_sup_anch,canonical_P1,P,full,23.0,0.3,977,99,66.07617650760417,17.215855262689228,-7.85482224282983,1.7616480783071038,8.412179736838848,0.33469805527123847,0.031249018769149088
m12_joint_hybrid_synergy,inv_D_sup_anch,inv,D_sup_anch,canonical_P1,O,evaluation,23.0,0.3,489,50,15.012162526330531,8.877237392657825,-7.854822242829799,0.9888320390581902,1.9112033426388793,0.3312883435582822,0.03461077832836652
m12_joint_hybrid_synergy,inv_D_sup_anch,inv,D_sup_anch,canonical_P1,F,full,18.0,0.3,977,99,76.42650892881949,17.41872981433154,-7.884071796379521,1.7930013844991266,9.693786523343894,0.33469805527123847,0.03470474534374706
m12_joint_hybrid_synergy,inv_D_sup_anch,inv,D_sup_anch,canonical_P1,F,full,15.0,0.3,977,99,76.24277755286128,17.350846588420378,-7.884071796379513,1.7848139886008998,9.670482400714963,0.33469805527123847,0.03478881036690198
m12_joint_hybrid_synergy,inv_D_sup_anch,inv,D_sup_anch,canonical_P1,F,full,12.0,0.3,977,99,76.24277755286128,17.350846588420378,-7.884071796379513,1.7848139886008998,9.670482400714963,0.33469805527123847,0.03478881036690198
m12_joint_hybrid_synergy,inv_D_sup_anch,inv,D_sup_anch,canonical_P1,F,full,10.0,0.3,977,99,76.24277755286128,17.350846588420378,-7.884071796379513,1.7848139886008998,9.670482400714963,0.33469805527123847,0.03478881036690198
m12_joint_hybrid_synergy,inv_D_sup_anch,inv,D_sup_anch,canonical_P1,F,full,8.0,0.3,977,99,76.24277755286128,17.350846588420378,-7.884071796379513,1.7848139886008998,9.670482400714963,0.33469805527123847,0.03478881036690198
m12_joint_hybrid_synergy,inv_D_sup_anch,inv,D_sup_anch,flat_1.0,F,full,23.0,0.4,1320,99,41.666657456134935,9.185886801204289,-14.490015324948436,1.089610909225661,2.8755426769214414,0.36818181818181817,0.04161306985631077
m12_joint_hybrid_synergy,inv_D_sup_anch,inv,D_sup_anch,flat_1.0,F,full,18.0,0.4,1320,99,53.76464714959393,9.18075191768099,-18.055246615728226,1.0662343175826903,2.9777852551046657,0.36818181818181817,0.05262237150965614
m12_joint_hybrid_synergy,inv_D_sup_anch,inv,D_sup_anch,flat_1.0,F,full,15.0,0.4,1320,99,64.96363240804195,9.176255547562455,-21.194990649444158,1.0451042228606469,3.065046523610787,0.36818181818181817,0.06255094126448123
m12_joint_hybrid_synergy,inv_D_sup_anch,inv,D_sup_anch,flat_1.0,F,full,12.0,0.4,1320,99,81.7438812560757,9.169903021787885,-25.6493042701647,1.014066584282137,3.1869823990181394,0.36818181818181817,0.07709570898068016
m12_joint_hybrid_synergy,inv_D_sup_anch,inv,D_sup_anch,flat_1.0,F,full,10.0,0.4,1320,99,99.09623687370956,9.22172269974936,-29.536243231141228,0.9903458659240605,3.355072481568288,0.36818181818181817,0.09107031858387427
m12_joint_hybrid_synergy,inv_D_sup_anch,inv,D_sup_anch,flat_1.0,F,full,8.0,0.4,1320,99,130.23611298293503,9.584462296412115,-32.68207177231264,0.9938694010437265,3.984940547534918,0.36818181818181817,0.10985880517031761
m12_joint_hybrid_synergy,inv_D_sup_anch,inv,D_sup_anch,canonical_P1,F,full,23.0,0.4,977,99,67.07331680947226,17.283406351671633,-7.9162182283743245,1.7663163212219508,8.47289891138416,0.33469805527123847,0.03150420391265032
m12_joint_hybrid_synergy,inv_D_sup_anch,inv,D_sup_anch,canonical_P1,F,full,18.0,0.4,977,99,88.85307294594674,17.19109338508552,-10.005989458763445,1.7369689865726854,8.879988662003582,0.33469805527123847,0.039763645807890505
m12_joint_hybrid_synergy,inv_D_sup_anch,inv,D_sup_anch,canonical_P1,F,full,15.0,0.4,977,99,104.74771798661541,17.27983731607837,-10.406469801710186,1.7633566103198166,10.065634166295405,0.33469805527123847,0.04484964684940726
m12_joint_hybrid_synergy,inv_D_sup_anch,inv,D_sup_anch,canonical_P1,F,full,12.0,0.4,977,99,110.06455333438984,17.350846588420374,-10.426283749246974,1.7610704262253079,10.556450983058957,0.33469805527123847,0.04638508048920264
m12_joint_hybrid_synergy,inv_D_sup_anch,inv,D_sup_anch,canonical_P1,F,full,10.0,0.4,977,99,110.06455333438984,17.350846588420374,-10.426283749246974,1.7610704262253079,10.556450983058957,0.33469805527123847,0.04638508048920264
m12_joint_hybrid_synergy,inv_D_sup_anch,inv,D_sup_anch,canonical_P1,F,full,8.0,0.4,977,99,110.06455333438984,17.350846588420374,-10.426283749246974,1.7610704262253079,10.556450983058957,0.33469805527123847,0.04638508048920264
m12_joint_hybrid_synergy,inv_D_sup_anch,inv,D_sup_anch,flat_1.0,F,full,23.0,0.5,1320,99,41.66665745613509,9.185886801204266,-14.490015324948386,1.0896109092256638,2.8755426769214623,0.36818181818181817,0.04161306985631085
m12_joint_hybrid_synergy,inv_D_sup_anch,inv,D_sup_anch,flat_1.0,F,full,18.0,0.5,1320,99,53.764647149593344,9.180751917680897,-18.055246615728283,1.06623431758268,2.977785255104624,0.36818181818181817,0.05262237150965616
m12_joint_hybrid_synergy,inv_D_sup_anch,inv,D_sup_anch,flat_1.0,F,full,15.0,0.5,1320,99,64.96363240804222,9.176255547562459,-21.194990649444144,1.0451042228606506,3.0650465236108015,0.36818181818181817,0.06255094126448124
m12_joint_hybrid_synergy,inv_D_sup_anch,inv,D_sup_anch,flat_1.0,F,full,12.0,0.5,1320,99,81.74388125607572,9.169903021787885,-25.649304270164674,1.0140665842821366,3.1869823990181434,0.36818181818181817,0.07709570898068001
m12_joint_hybrid_synergy,inv_D_sup_anch,inv,D_sup_anch,flat_1.0,F,full,10.0,0.5,1320,99,99.09623687371013,9.221722699749364,-29.536243231141217,0.9903458659240615,3.3550724815683086,0.36818181818181817,0.09107031858387427
m12_joint_hybrid_synergy,inv_D_sup_anch,inv,D_sup_anch,flat_1.0,F,full,8.0,0.5,1320,99,130.2361129829337,9.584462296412067,-32.682071772312746,0.9938694010437192,3.9849405475348645,0.36818181818181817,0.10985880517031761
m12_joint_hybrid_synergy,inv_D_sup_anch,inv,D_sup_anch,canonical_P1,F,full,23.0,0.5,977,99,67.07331680947183,17.283406351671527,-7.916218228374314,1.7663163212219404,8.472898911384117,0.33469805527123847,0.03150420391265033
m12_joint_hybrid_synergy,inv_D_sup_anch,inv,D_sup_anch,canonical_P1,F,full,18.0,0.5,977,99,89.76132042548508,17.279952405233086,-9.979583904835794,1.747852903163003,8.994495289727416,0.33469805527123847,0.03984720707828577
m12_joint_hybrid_synergy,inv_D_sup_anch,inv,D_sup_anch,canonical_P1,F,full,15.0,0.5,977,99,111.37675273181134,17.21160885275586,-11.831333682806914,1.7230779342852225,9.413710720851537,0.33469805527123847,0.04731336440326863
m12_joint_hybrid_synergy,inv_D_sup_anch,inv,D_sup_anch,canonical_P1,F,full,12.0,0.5,977,99,139.42767205572343,17.244650254783192,-12.886379633199176,1.735201015318194,10.819770643456442,0.33469805527123847,0.05569161027615179
m12_joint_hybrid_synergy,inv_D_sup_anch,inv,D_sup_anch,canonical_P1,F,full,10.0,0.5,977,99,148.838494229928,17.357689131024813,-12.925632017245936,1.7377989076801221,11.51498774151556,0.33469805527123847,0.05797522322110266
m12_joint_hybrid_synergy,inv_D_sup_anch,inv,D_sup_anch,canonical_P1,F,full,8.0,0.5,977,99,148.76506275005403,17.35084658842037,-12.92563201724595,1.7371210291553054,11.509306666905347,0.33469805527123847,0.05798135061150331
m12_joint_hybrid_synergy,inv_D_sup_anch,inv,D_sup_anch,flat_1.0,F,full,23.0,0.6,1320,99,41.666657456134715,9.185886801204195,-14.490015324948466,1.0896109092256543,2.87554267692142,0.36818181818181817,0.04161306985631084
m12_joint_hybrid_synergy,inv_D_sup_anch,inv,D_sup_anch,flat_1.0,F,full,18.0,0.6,1320,99,53.76464714959357,9.180751917680952,-18.055246615728272,1.0662343175826856,2.977785255104638,0.36818181818181817,0.05262237150965613
m12_joint_hybrid_synergy,inv_D_sup_anch,inv,D_sup_anch,flat_1.0,F,full,15.0,0.6,1320,99,64.96363240804203,9.176255547562457,-21.194990649444115,1.045104222860646,3.0650465236107967,0.36818181818181817,0.06255094126448124
m12_joint_hybrid_synergy,inv_D_sup_anch,inv,D_sup_anch,flat_1.0,F,full,12.0,0.6,1320,99,81.74388125607615,9.169903021787912,-25.64930427016468,1.0140665842821392,3.1869823990181594,0.36818181818181817,0.07709570898068013
m12_joint_hybrid_synergy,inv_D_sup_anch,inv,D_sup_anch,flat_1.0,F,full,10.0,0.6,1320,99,99.09623687370946,9.22172269974934,-29.536243231141246,0.9903458659240575,3.355072481568283,0.36818181818181817,0.09107031858387427
m12_joint_hybrid_synergy,inv_D_sup_anch,inv,D_sup_anch,flat_1.0,F,full,8.0,0.6,1320,99,130.23611298293426,9.584462296412074,-32.68207177231262,0.993869401043722,3.9849405475348973,0.36818181818181817,0.10985880517031771
m12_joint_hybrid_synergy,inv_D_sup_anch,inv,D_sup_anch,canonical_P1,F,full,23.0,0.6,977,99,67.07331680947274,17.283406351671715,-7.9162182283743014,1.7663163212219577,8.472898911384245,0.33469805527123847,0.03150420391265034
m12_joint_hybrid_synergy,inv_D_sup_anch,inv,D_sup_anch,canonical_P1,F,full,18.0,0.6,977,99,89.76132042548511,17.279952405233125,-9.979583904835842,1.7478529031630017,8.994495289727375,0.33469805527123847,0.039847207078285735
m12_joint_hybrid_synergy,inv_D_sup_anch,inv,D_sup_anch,canonical_P1,F,full,15.0,0.6,977,99,112.2232992666572,17.276906614395788,-11.827989951097184,1.7311183959799594,9.487943406330606,0.33469805527123847,0.04737432343453677
m12_joint_hybrid_synergy,inv_D_sup_anch,inv,D_sup_anch,canonical_P1,F,full,12.0,0.6,977,99,147.31728162019695,17.195569478596777,-14.535449250432745,1.6968154125729085,10.135034637186124,0.33469805527123847,0.05831432630420663
m12_joint_hybrid_synergy,inv_D_sup_anch,inv,D_sup_anch,canonical_P1,F,full,10.0,0.6,977,99,177.4824699593645,17.206798679974675,-15.319025585703189,1.7067793669580786,11.58575452246805,0.33469805527123847,0.06635879734999185
m12_joint_hybrid_synergy,inv_D_sup_anch,inv,D_sup_anch,canonical_P1,F,full,8.0,0.6,977,99,192.7317691875413,17.350846588420378,-15.38216580327175,1.7129702540768035,12.529559988655674,0.33469805527123847,0.06957762073380395
m12_joint_hybrid_synergy,inv_D_tot,inv,D_tot,flat_1.0,P,full,23.0,0.3,1320,99,40.73295778754251,9.211675311453474,-14.584822841541033,1.0793865452266942,2.792831851993799,0.3613636363636364,0.040705933467906706
m12_joint_hybrid_synergy,inv_D_tot,inv,D_tot,flat_1.0,O,evaluation,23.0,0.3,707,50,0.17903154651033315,0.7594642579085055,-14.584822841541051,0.011452102459620316,0.012275195143297089,0.3649222065063649,0.04806725398543036
m12_joint_hybrid_synergy,inv_D_tot,inv,D_tot,flat_1.0,F,full,18.0,0.3,1320,99,52.51297386148948,9.206426909861914,-18.169991133266574,1.056162759383562,2.8900935325909964,0.3613636363636364,0.05147469072076127
m12_joint_hybrid_synergy,inv_D_tot,inv,D_tot,flat_1.0,F,full,15.0,0.3,1320,99,63.40131534080804,9.201831612673471,-21.307819108802814,1.035173298684695,2.975495287296451,0.3613636363636364,0.061186127177628266
m12_joint_hybrid_synergy,inv_D_tot,inv,D_tot,flat_1.0,F,full,12.0,0.3,1320,99,79.6887700898764,9.195340253604423,-25.743951411967213,1.0043466350953205,3.0954366256623933,0.3613636363636364,0.0754124563515133
m12_joint_hybrid_synergy,inv_D_tot,inv,D_tot,flat_1.0,F,full,10.0,0.3,1320,99,96.46967857768504,9.24427212437249,-29.618390200905086,0.9805411315377685,3.2570871652145734,0.3613636363636364,0.08909244570076025
m12_joint_hybrid_synergy,inv_D_tot,inv,D_tot,flat_1.0,F,full,8.0,0.3,1320,99,126.40509547166828,9.599758419027555,-32.751747416207174,0.9815781685998398,3.859491643768504,0.3613636363636364,0.10755382158091546
m12_joint_hybrid_synergy,inv_D_tot,inv,D_tot,canonical_P1,P,full,23.0,0.3,974,99,65.5200142835414,17.54668186912572,-7.7805531131639585,1.770760323334917,8.420996981909648,0.3326488706365503,0.030433366909290795
m12_joint_hybrid_synergy,inv_D_tot,inv,D_tot,canonical_P1,O,evaluation,23.0,0.3,487,50,15.098679457832898,9.046620594587983,-7.780553113163943,1.0037766760447147,1.9405663374095334,0.32854209445585214,0.0340721003687707
m12_joint_hybrid_synergy,inv_D_tot,inv,D_tot,canonical_P1,F,full,18.0,0.3,974,99,76.12413477441908,17.791907364244082,-7.869237692785502,1.8066025992019121,9.673635204107445,0.3326488706365503,0.033844171766374644
m12_joint_hybrid_synergy,inv_D_tot,inv,D_tot,canonical_P1,F,full,15.0,0.3,974,99,75.98164497598331,17.724833883132423,-7.8692376927855054,1.7979567410606325,9.655528012026256,0.3326488706365503,0.03393686169784972
m12_joint_hybrid_synergy,inv_D_tot,inv,D_tot,canonical_P1,F,full,12.0,0.3,974,99,75.98164497598331,17.724833883132423,-7.8692376927855054,1.7979567410606325,9.655528012026256,0.3326488706365503,0.03393686169784972
m12_joint_hybrid_synergy,inv_D_tot,inv,D_tot,canonical_P1,F,full,10.0,0.3,974,99,75.98164497598331,17.724833883132423,-7.8692376927855054,1.7979567410606325,9.655528012026256,0.3326488706365503,0.03393686169784972
m12_joint_hybrid_synergy,inv_D_tot,inv,D_tot,canonical_P1,F,full,8.0,0.3,974,99,75.98164497598331,17.724833883132423,-7.8692376927855054,1.7979567410606325,9.655528012026256,0.3326488706365503,0.03393686169784972
m12_joint_hybrid_synergy,inv_D_tot,inv,D_tot,flat_1.0,F,full,23.0,0.4,1320,99,40.732957787542645,9.211675311453499,-14.584822841540987,1.079386545226695,2.7928318519938173,0.3613636363636364,0.040705933467906734
m12_joint_hybrid_synergy,inv_D_tot,inv,D_tot,flat_1.0,F,full,18.0,0.4,1320,99,52.512973861489165,9.206426909861872,-18.169991133266556,1.0561627593835559,2.8900935325909822,0.3613636363636364,0.051474690720761246
m12_joint_hybrid_synergy,inv_D_tot,inv,D_tot,flat_1.0,F,full,15.0,0.4,1320,99,63.40131534080753,9.201831612673441,-21.307819108802775,1.0351732986846915,2.9754952872964324,0.3613636363636364,0.06118612717762824
m12_joint_hybrid_synergy,inv_D_tot,inv,D_tot,flat_1.0,F,full,12.0,0.4,1320,99,79.68877008987639,9.1953402536044,-25.743951411967153,1.004346635095319,3.0954366256624,0.3613636363636364,0.07541245635151332
m12_joint_hybrid_synergy,inv_D_tot,inv,D_tot,flat_1.0,F,full,10.0,0.4,1320,99,96.46967857768523,9.24427212437248,-29.618390200905104,0.9805411315377685,3.2570871652145774,0.3613636363636364,0.0890924457007602
m12_joint_hybrid_synergy,inv_D_tot,inv,D_tot,flat_1.0,F,full,8.0,0.4,1320,99,126.40509547166778,9.599758419027554,-32.75174741620723,0.9815781685998385,3.859491643768482,0.3613636363636364,0.10755382158091549
m12_joint_hybrid_synergy,inv_D_tot,inv,D_tot,canonical_P1,F,full,23.0,0.4,974,99,66.5584705007459,17.62090550620523,-7.848103488117922,1.7749732890363796,8.48083496879416,0.3326488706365503,0.03069250639819087
m12_joint_hybrid_synergy,inv_D_tot,inv,D_tot,canonical_P1,F,full,18.0,0.4,974,99,88.12334756886295,17.524320144616652,-9.898397798661087,1.7459554817015415,8.902789053475201,0.3326488706365503,0.038732692581192156
m12_joint_hybrid_synergy,inv_D_tot,inv,D_tot,canonical_P1,F,full,15.0,0.4,974,99,104.03473502202836,17.627698775798766,-10.387096471892152,1.7744930308053488,10.015766706658594,0.3326488706365503,0.04370212093740723
m12_joint_hybrid_synergy,inv_D_tot,inv,D_tot,canonical_P1,F,full,12.0,0.4,974,99,109.70252788059275,17.724833883132415,-10.406344839276095,1.7745394441409073,10.541888585754773,0.3326488706365503,0.0452491489304663
m12_joint_hybrid_synergy,inv_D_tot,inv,D_tot,canonical_P1,F,full,10.0,0.4,974,99,109.70252788059275,17.724833883132415,-10.406344839276095,1.7745394441409073,10.541888585754773,0.3326488706365503,0.0452491489304663
m12_joint_hybrid_synergy,inv_D_tot,inv,D_tot,canonical_P1,F,full,8.0,0.4,974,99,109.70252788059275,17.724833883132415,-10.406344839276095,1.7745394441409073,10.541888585754773,0.3326488706365503,0.0452491489304663
m12_joint_hybrid_synergy,inv_D_tot,inv,D_tot,flat_1.0,F,full,23.0,0.5,1320,99,40.73295778754269,9.211675311453504,-14.584822841540937,1.0793865452266969,2.7928318519938298,0.3613636363636364,0.040705933467906665
m12_joint_hybrid_synergy,inv_D_tot,inv,D_tot,flat_1.0,F,full,18.0,0.5,1320,99,52.51297386148974,9.20642690986195,-18.169991133266556,1.0561627593835632,2.8900935325910138,0.3613636363636364,0.051474690720761274
m12_joint_hybrid_synergy,inv_D_tot,inv,D_tot,flat_1.0,F,full,15.0,0.5,1320,99,63.401315340807464,9.201831612673436,-21.307819108802843,1.03517329868469,2.97549528729642,0.3613636363636364,0.061186127177628204
m12_joint_hybrid_synergy,inv_D_tot,inv,D_tot,flat_1.0,F,full,12.0,0.5,1320,99,79.68877008987631,9.195340253604389,-25.74395141196717,1.0043466350953187,3.095436625662395,0.3613636363636364,0.07541245635151328
m12_joint_hybrid_synergy,inv_D_tot,inv,D_tot,flat_1.0,F,full,10.0,0.5,1320,99,96.46967857768544,9.24427212437251,-29.618390200905072,0.9805411315377717,3.2570871652145885,0.3613636363636364,0.08909244570076018
m12_joint_hybrid_synergy,inv_D_tot,inv,D_tot,flat_1.0,F,full,8.0,0.5,1320,99,126.40509547166747,9.599758419027536,-32.7517474162072,0.9815781685998368,3.8594916437684756,0.3613636363636364,0.10755382158091539
m12_joint_hybrid_synergy,inv_D_tot,inv,D_tot,canonical_P1,F,full,23.0,0.5,974,99,66.55847050074732,17.620905506205496,-7.8481034881179,1.7749732890364058,8.480834968794365,0.3326488706365503,0.030692506398190895
m12_joint_hybrid_synergy,inv_D_tot,inv,D_tot,canonical_P1,F,full,18.0,0.5,974,99,89.05701830078137,17.61765627371205,-9.868753147767537,1.756727355829695,9.024140837986957,0.3326488706365503,0.03882035670134246
m12_joint_hybrid_synergy,inv_D_tot,inv,D_tot,canonical_P1,F,full,15.0,0.5,974,99,110.4519720509931,17.544615149622352,-11.676038101302604,1.7317743841970017,9.459713225727727,0.3326488706365503,0.04609226934813872
m12_joint_hybrid_synergy,inv_D_tot,inv,D_tot,canonical_P1,F,full,12.0,0.5,974,99,138.29255405826984,17.579796216563384,-12.862720268235503,1.7456188038711782,10.75142358493043,0.3326488706365503,0.05425783157446616
m12_joint_hybrid_synergy,inv_D_tot,inv,D_tot,canonical_P1,F,full,10.0,0.5,974,99,148.58203978833782,17.751413864802,-12.900536384465614,1.7534734303715054,11.517508680279004,0.3326488706365503,0.056538359677562634
m12_joint_hybrid_synergy,inv_D_tot,inv,D_tot,canonical_P1,F,full,8.0,0.5,974,99,148.30638064965038,17.72483388313243,-12.90053638446562,1.750915600727268,11.496140643286415,0.3326488706365503,0.05656143616308287
m12_joint_hybrid_synergy,inv_D_tot,inv,D_tot,flat_1.0,F,full,23.0,0.6,1320,99,40.73295778754251,9.211675311453474,-14.584822841541033,1.0793865452266942,2.792831851993799,0.3613636363636364,0.040705933467906706
m12_joint_hybrid_synergy,inv_D_tot,inv,D_tot,flat_1.0,F,full,18.0,0.6,1320,99,52.51297386148948,9.206426909861914,-18.169991133266574,1.056162759383562,2.8900935325909964,0.3613636363636364,0.05147469072076127
m12_joint_hybrid_synergy,inv_D_tot,inv,D_tot,flat_1.0,F,full,15.0,0.6,1320,99,63.40131534080804,9.201831612673471,-21.307819108802814,1.035173298684695,2.975495287296451,0.3613636363636364,0.061186127177628266
m12_joint_hybrid_synergy,inv_D_tot,inv,D_tot,flat_1.0,F,full,12.0,0.6,1320,99,79.6887700898764,9.195340253604423,-25.743951411967213,1.0043466350953205,3.0954366256623933,0.3613636363636364,0.0754124563515133
m12_joint_hybrid_synergy,inv_D_tot,inv,D_tot,flat_1.0,F,full,10.0,0.6,1320,99,96.46967857768504,9.24427212437249,-29.618390200905086,0.9805411315377685,3.2570871652145734,0.3613636363636364,0.08909244570076025
m12_joint_hybrid_synergy,inv_D_tot,inv,D_tot,flat_1.0,F,full,8.0,0.6,1320,99,126.40509547166828,9.599758419027555,-32.751747416207174,0.9815781685998398,3.859491643768504,0.3613636363636364,0.10755382158091546
m12_joint_hybrid_synergy,inv_D_tot,inv,D_tot,canonical_P1,F,full,23.0,0.6,974,99,66.55847050074672,17.620905506205332,-7.848103488117873,1.7749732890363965,8.480834968794317,0.3326488706365503,0.030692506398190943
m12_joint_hybrid_synergy,inv_D_tot,inv,D_tot,canonical_P1,F,full,18.0,0.6,974,99,89.0570183007823,17.617656273712168,-9.868753147767519,1.7567273558297067,9.02414083798707,0.3326488706365503,0.03882035670134251
m12_joint_hybrid_synergy,inv_D_tot,inv,D_tot,canonical_P1,F,full,15.0,0.6,974,99,111.32864305181651,17.614794753994087,-11.67082556874724,1.7401896237586065,9.53905466207449,0.3326488706365503,0.04615328925703102
m12_joint_hybrid_synergy,inv_D_tot,inv,D_tot,canonical_P1,F,full,12.0,0.6,974,99,146.0645634717258,17.52802718547155,-14.301758785862598,1.705747886231546,10.213049014371,0.3326488706365503,0.056809044150943074
m12_joint_hybrid_synergy,inv_D_tot,inv,D_tot,canonical_P1,F,full,10.0,0.6,974,99,176.0764896191661,17.54656665356821,-15.291265148391982,1.718111210754211,11.514841179618298,0.3326488706365503,0.06463938355563882
m12_joint_hybrid_synergy,inv_D_tot,inv,D_tot,canonical_P1,F,full,8.0,0.6,974,99,192.42491675207432,17.74068317277213,-15.35187749128377,1.728627653676441,12.53429209953806,0.3326488706365503,0.06785720843373992
m05_joint_production_wealth,raw,none,none,flat_1.0,P,full,23.0,0.3,1595,99,93.23398562246072,9.023408780998404,-22.73179591720139,1.1325702219683647,4.10147908955621,0.3711598746081505,0.08497536024447168
m05_joint_production_wealth,raw,none,none,flat_1.0,O,evaluation,23.0,0.3,848,50,9.350998001128152,3.051963629471994,-22.731795917201385,0.304000902172655,0.41136204262911563,0.375,0.09705999250451977
m05_joint_production_wealth,raw,none,none,flat_1.0,F,full,18.0,0.3,1595,99,121.72508704825673,9.00446087147331,-28.060869466818538,1.0859888956455273,4.337894347578731,0.3711598746081505,0.10722303706563842
m05_joint_production_wealth,raw,none,none,flat_1.0,F,full,15.0,0.3,1595,99,152.92090923814428,9.209323509227733,-31.594522166951066,1.075101591338567,4.84010830833532,0.3711598746081505,0.12607868888496987
m05_joint_production_wealth,raw,none,none,flat_1.0,F,full,12.0,0.3,1595,99,215.61806598016454,9.903978115048274,-35.95790092010244,1.107865978360373,5.996403028621234,0.3711598746081505,0.15008768734300387
m05_joint_production_wealth,raw,none,none,flat_1.0,F,full,10.0,0.3,1595,99,292.9163772494443,10.713073354517404,-40.26720872235047,1.1698870908313688,7.274315418015551,0.3711598746081505,0.16793707928101484
m05_joint_production_wealth,raw,none,none,flat_1.0,F,full,8.0,0.3,1595,99,370.42492266817436,11.205453976672807,-44.77317512491638,1.2078918243277224,8.27336729268575,0.3711598746081505,0.18458894874632983
m05_joint_production_wealth,raw,none,none,canonical_P1,P,full,23.0,0.3,1113,99,130.15276802337246,14.66887912841222,-16.0657856083645,1.5444444505204973,8.101238943186797,0.3225516621743037,0.06348657466852299
m05_joint_production_wealth,raw,none,none,canonical_P1,O,evaluation,23.0,0.3,541,50,30.09058386765606,9.214553563420408,-16.0657856083645,0.944673727804912,1.8729606258401508,0.3197781885397412,0.06873658308812551
m05_joint_production_wealth,raw,none,none,canonical_P1,F,full,18.0,0.3,1113,99,151.60815954266894,14.743361269331041,-18.11819536789488,1.539322780115132,8.367729592502126,0.3225516621743037,0.07070064611114908
m05_joint_production_wealth,raw,none,none,canonical_P1,F,full,15.0,0.3,1113,99,150.77852128514152,14.672940982739036,-18.168894312395896,1.5294719905930056,8.2987175054605,0.3225516621743037,0.07085023174567626
m05_joint_production_wealth,raw,none,none,canonical_P1,F,full,12.0,0.3,1113,99,150.77852128514152,14.672940982739036,-18.168894312395896,1.5294719905930056,8.2987175054605,0.3225516621743037,0.07085023174567626
m05_joint_production_wealth,raw,none,none,canonical_P1,F,full,10.0,0.3,1113,99,150.77852128514152,14.672940982739036,-18.168894312395896,1.5294719905930056,8.2987175054605,0.3225516621743037,0.07085023174567626
m05_joint_production_wealth,raw,none,none,canonical_P1,F,full,8.0,0.3,1113,99,150.77852128514152,14.672940982739036,-18.168894312395896,1.5294719905930056,8.2987175054605,0.3225516621743037,0.07085023174567626
m05_joint_production_wealth,raw,none,none,flat_1.0,F,full,23.0,0.4,1595,99,93.23398562246021,9.023408780998365,-22.73179591720135,1.1325702219683595,4.101479089556195,0.3711598746081505,0.08497536024447169
m05_joint_production_wealth,raw,none,none,flat_1.0,F,full,18.0,0.4,1595,99,121.72508704825682,9.004460871473306,-28.060869466818566,1.0859888956455277,4.33789434757873,0.3711598746081505,0.10722303706563843
m05_joint_production_wealth,raw,none,none,flat_1.0,F,full,15.0,0.4,1595,99,152.92090923814382,9.209323509227717,-31.594522166951055,1.0751015913385649,4.8401083083353065,0.3711598746081505,0.12607868888496987
m05_joint_production_wealth,raw,none,none,flat_1.0,F,full,12.0,0.4,1595,99,215.6180659801641,9.90397811504826,-35.95790092010243,1.1078659783603717,5.9964030286212235,0.3711598746081505,0.15008768734300398
m05_joint_production_wealth,raw,none,none,flat_1.0,F,full,10.0,0.4,1595,99,292.9163772494444,10.713073354517407,-40.26720872235049,1.1698870908313685,7.27431541801555,0.3711598746081505,0.16793707928101484
m05_joint_production_wealth,raw,none,none,flat_1.0,F,full,8.0,0.4,1595,99,370.4249226681733,11.205453976672782,-44.77317512491634,1.2078918243277206,8.273367292685732,0.3711598746081505,0.1845889487463299
m05_joint_production_wealth,raw,none,none,canonical_P1,F,full,23.0,0.4,1113,99,129.04105789582925,14.54164067019307,-16.64788585474427,1.5230636133523547,7.751197901147038,0.3225516621743037,0.06379799256688899
m05_joint_production_wealth,raw,none,none,canonical_P1,F,full,18.0,0.4,1113,99,177.97580937976204,14.588833535196446,-20.453178802858922,1.4937510203693385,8.701620960497582,0.3225516621743037,0.0806331456850804
m05_joint_production_wealth,raw,none,none,canonical_P1,F,full,15.0,0.4,1113,99,221.3299142258755,14.89099066078833,-22.33528302973393,1.5156839271303708,9.909429575225406,0.3225516621743037,0.09144717294450593
m05_joint_production_wealth,raw,none,none,canonical_P1,F,full,12.0,0.4,1113,99,223.89737342279165,14.655208983306924,-24.159425900875533,1.4760720990401908,9.267495607777569,0.3225516621743037,0.09430158334284505
m05_joint_production_wealth,raw,none,none,canonical_P1,F,full,10.0,0.4,1113,99,223.89737342279165,14.655208983306924,-24.159425900875533,1.4760720990401908,9.267495607777569,0.3225516621743037,0.09430158334284505
m05_joint_production_wealth,raw,none,none,canonical_P1,F,full,8.0,0.4,1113,99,223.89737342279165,14.655208983306924,-24.159425900875533,1.4760720990401908,9.267495607777569,0.3225516621743037,0.09430158334284505
m05_joint_production_wealth,raw,none,none,flat_1.0,F,full,23.0,0.5,1595,99,93.23398562246108,9.023408780998418,-22.73179591720139,1.1325702219683662,4.101479089556226,0.3711598746081505,0.08497536024447168
m05_joint_production_wealth,raw,none,none,flat_1.0,F,full,18.0,0.5,1595,99,121.72508704825748,9.004460871473327,-28.060869466818556,1.085988895645532,4.337894347578755,0.3711598746081505,0.10722303706563846
m05_joint_production_wealth,raw,none,none,flat_1.0,F,full,15.0,0.5,1595,99,152.92090923814396,9.209323509227723,-31.594522166951062,1.0751015913385655,4.84010830833531,0.3711598746081505,0.12607868888496987
m05_joint_production_wealth,raw,none,none,flat_1.0,F,full,12.0,0.5,1595,99,215.61806598016466,9.903978115048277,-35.95790092010243,1.1078659783603735,5.996403028621239,0.3711598746081505,0.1500876873430039
m05_joint_production_wealth,raw,none,none,flat_1.0,F,full,10.0,0.5,1595,99,292.9163772494443,10.713073354517395,-40.26720872235047,1.1698870908313679,7.274315418015551,0.3711598746081505,0.16793707928101487
m05_joint_production_wealth,raw,none,none,flat_1.0,F,full,8.0,0.5,1595,99,370.4249226681733,11.205453976672791,-44.77317512491633,1.2078918243277197,8.273367292685734,0.3711598746081505,0.18458894874632983
m05_joint_production_wealth,raw,none,none,canonical_P1,F,full,23.0,0.5,1113,99,129.04105789582846,14.541640670192999,-16.647885854744253,1.5230636133523459,7.751197901146998,0.3225516621743037,0.06379799256688903
m05_joint_production_wealth,raw,none,none,canonical_P1,F,full,18.0,0.5,1113,99,177.13499628158195,14.541092179226508,-20.717595533827687,1.4868322585622438,8.549978494963662,0.3225516621743037,0.08071535426471703
m05_joint_production_wealth,raw,none,none,canonical_P1,F,full,15.0,0.5,1113,99,224.1347126122272,14.515645976288658,-24.271859266590614,1.4484237928296577,9.234344602547237,0.3225516621743037,0.09576215595827589
m05_joint_production_wealth,raw,none,none,canonical_P1,F,full,12.0,0.5,1113,99,298.26363818048236,14.812119639642875,-27.121125560247116,1.4541855328149875,10.997465334464707,0.3225516621743037,0.11302544464328833
m05_joint_production_wealth,raw,none,none,canonical_P1,F,full,10.0,0.5,1113,99,304.9369391902843,14.618817290537145,-31.221382124192015,1.4150966588210245,9.766926332002537,0.3225516621743037,0.11719241270145846
m05_joint_production_wealth,raw,none,none,canonical_P1,F,full,8.0,0.5,1113,99,304.6974278455077,14.61175987183531,-31.22138212419196,1.4144414917234212,9.759254943726923,0.3225516621743037,0.11720907495464795
m05_joint_production_wealth,raw,none,none,flat_1.0,F,full,23.0,0.6,1595,99,93.23398562246072,9.023408780998404,-22.73179591720139,1.1325702219683647,4.10147908955621,0.3711598746081505,0.08497536024447168
m05_joint_production_wealth,raw,none,none,flat_1.0,F,full,18.0,0.6,1595,99,121.72508704825673,9.00446087147331,-28.060869466818538,1.0859888956455273,4.337894347578731,0.3711598746081505,0.10722303706563842
m05_joint_production_wealth,raw,none,none,flat_1.0,F,full,15.0,0.6,1595,99,152.92090923814428,9.209323509227733,-31.594522166951066,1.075101591338567,4.84010830833532,0.3711598746081505,0.12607868888496987
m05_joint_production_wealth,raw,none,none,flat_1.0,F,full,12.0,0.6,1595,99,215.61806598016454,9.903978115048274,-35.95790092010244,1.107865978360373,5.996403028621234,0.3711598746081505,0.15008768734300387
m05_joint_production_wealth,raw,none,none,flat_1.0,F,full,10.0,0.6,1595,99,292.9163772494443,10.713073354517404,-40.26720872235047,1.1698870908313688,7.274315418015551,0.3711598746081505,0.16793707928101484
m05_joint_production_wealth,raw,none,none,flat_1.0,F,full,8.0,0.6,1595,99,370.42492266817436,11.205453976672807,-44.77317512491638,1.2078918243277224,8.27336729268575,0.3711598746081505,0.18458894874632983
m05_joint_production_wealth,raw,none,none,canonical_P1,F,full,23.0,0.6,1113,99,129.04105789582948,14.5416406701931,-16.647885854744242,1.5230636133523565,7.751197901147065,0.3225516621743037,0.06379799256688894
m05_joint_production_wealth,raw,none,none,canonical_P1,F,full,18.0,0.6,1113,99,177.13499628158283,14.541092179226535,-20.717595533827698,1.4868322585622467,8.549978494963701,0.3225516621743037,0.08071535426471707
m05_joint_production_wealth,raw,none,none,canonical_P1,F,full,15.0,0.6,1113,99,224.25757325556157,14.518056981713842,-24.27185926659065,1.448862130982038,9.23940645800646,0.3225516621743037,0.09577345554067786
m05_joint_production_wealth,raw,none,none,canonical_P1,F,full,12.0,0.6,1113,99,298.4975730036688,14.472703013198753,-29.201604632497123,1.3894054495913837,10.221957894446819,0.3225516621743037,0.11748759623258473
m05_joint_production_wealth,raw,none,none,canonical_P1,F,full,10.0,0.6,1113,99,384.8930822878161,14.88424290835482,-32.33133812315166,1.4051650310557486,11.904644367694878,0.3225516621743037,0.1332909340150653
m05_joint_production_wealth,raw,none,none,canonical_P1,F,full,8.0,0.6,1113,99,396.72249762415095,14.778908494531263,-37.448490412747105,1.3674284155580452,10.593818155327043,0.3225516621743037,0.13819253987290217
m05_joint_production_wealth,std_A_pool,std,A_pool,flat_1.0,P,full,23.0,0.3,1497,99,52.78645136105584,8.583474816215544,-13.685827059408687,1.2056956779849617,3.857015811460688,0.3700734802939212,0.05419256920464991
m05_joint_production_wealth,std_A_pool,std,A_pool,flat_1.0,O,evaluation,23.0,0.3,794,50,8.87230211553225,3.5399453235433014,-13.685827059408664,0.48544832158900797,0.6482839566084363,0.3690176322418136,0.05977870582187439
m05_joint_production_wealth,std_A_pool,std,A_pool,flat_1.0,F,full,18.0,0.3,1497,99,68.83863713008517,8.58190645660522,-17.05865233356654,1.180831441338517,4.035408881311829,0.3700734802939212,0.0685176086316092
m05_joint_production_wealth,std_A_pool,std,A_pool,flat_1.0,F,full,15.0,0.3,1497,99,83.96363957085636,8.5805237504774,-20.014947382524422,1.1583339119485285,4.195046730133662,0.3700734802939212,0.08143244508489104
m05_joint_production_wealth,std_A_pool,std,A_pool,flat_1.0,F,full,12.0,0.3,1497,99,107.0853858020432,8.578551983576892,-24.202797328217812,1.1252474160204666,4.424504504576145,0.3700734802939212,0.10034555207060245
m05_joint_production_wealth,std_A_pool,std,A_pool,flat_1.0,F,full,10.0,0.3,1497,99,130.44481078368025,8.576695676244642,-28.115708870824868,1.0929283461089074,4.6395704046800805,0.3700734802939212,0.1187276205593591
m05_joint_production_wealth,std_A_pool,std,A_pool,flat_1.0,F,full,8.0,0.3,1497,99,167.40467165382307,8.754587033632937,-32.944321359493564,1.0631093098713305,5.081442407845565,0.3700734802939212,0.14285565241582768
m05_joint_production_wealth,std_A_pool,std,A_pool,canonical_P1,P,full,23.0,0.3,1078,99,63.011300759555965,12.916433000917241,-10.835585223281095,1.4841650866731766,5.815218971668582,0.32560296846011133,0.04076472109579719
m05_joint_production_wealth,std_A_pool,std,A_pool,canonical_P1,O,evaluation,23.0,0.3,526,50,19.987298283477916,9.544902035031265,-9.078704520685656,1.0813064690230418,2.2015584093454343,0.3155893536121673,0.04229406522402672
m05_joint_production_wealth,std_A_pool,std,A_pool,canonical_P1,F,full,18.0,0.3,1078,99,72.20890200072998,12.917590378467288,-13.913480957819955,1.4828587854624167,5.189851642420624,0.32560296846011133,0.04566702787040446
m05_joint_production_wealth,std_A_pool,std,A_pool,canonical_P1,F,full,15.0,0.3,1078,99,71.98935131490994,12.866930629308296,-14.023842206931677,1.4772134553237164,5.133354344170186,0.32560296846011133,0.045754948984342195
m05_joint_production_wealth,std_A_pool,std,A_pool,canonical_P1,F,full,12.0,0.3,1078,99,71.98935131490994,12.866930629308296,-14.023842206931677,1.4772134553237164,5.133354344170186,0.32560296846011133,0.045754948984342195
m05_joint_production_wealth,std_A_pool,std,A_pool,canonical_P1,F,full,10.0,0.3,1078,99,71.98935131490994,12.866930629308296,-14.023842206931677,1.4772134553237164,5.133354344170186,0.32560296846011133,0.045754948984342195
m05_joint_production_wealth,std_A_pool,std,A_pool,canonical_P1,F,full,8.0,0.3,1078,99,71.98935131490994,12.866930629308296,-14.023842206931677,1.4772134553237164,5.133354344170186,0.32560296846011133,0.045754948984342195
m05_joint_production_wealth,std_A_pool,std,A_pool,flat_1.0,F,full,23.0,0.4,1497,99,52.78645136105604,8.58347481621557,-13.685827059408656,1.205695677984965,3.8570158114607116,0.3700734802939212,0.054192569204649904
m05_joint_production_wealth,std_A_pool,std,A_pool,flat_1.0,F,full,18.0,0.4,1497,99,68.83863713008506,8.581906456605221,-17.058652333566556,1.180831441338518,4.0354088813118185,0.3700734802939212,0.06851760863160915
m05_joint_production_wealth,std_A_pool,std,A_pool,flat_1.0,F,full,15.0,0.4,1497,99,83.9636395708563,8.580523750477411,-20.014947382524447,1.1583339119485292,4.195046730133654,0.3700734802939212,0.08143244508489095
m05_joint_production_wealth,std_A_pool,std,A_pool,flat_1.0,F,full,12.0,0.4,1497,99,107.08538580204392,8.578551983576931,-24.20279732821786,1.1252474160204713,4.424504504576166,0.3700734802939212,0.10034555207060236
m05_joint_production_wealth,std_A_pool,std,A_pool,flat_1.0,F,full,10.0,0.4,1497,99,130.4448107836794,8.576695676244615,-28.11570887082486,1.0929283461089048,4.639570404680051,0.3700734802939212,0.11872762055935912
m05_joint_production_wealth,std_A_pool,std,A_pool,flat_1.0,F,full,8.0,0.4,1497,99,167.4046716538236,8.754587033632951,-32.944321359493564,1.0631093098713331,5.081442407845582,0.3700734802939212,0.14285565241582768
m05_joint_production_wealth,std_A_pool,std,A_pool,canonical_P1,F,full,23.0,0.4,1078,99,63.07851801960764,12.877402424237296,-10.736064453592885,1.477264125582958,5.875385556063615,0.32560296846011133,0.04094802267973515
m05_joint_production_wealth,std_A_pool,std,A_pool,canonical_P1,F,full,18.0,0.4,1078,99,83.51510214785884,12.874958864932285,-13.631709544904139,1.4554395440560963,6.126531809730262,0.32560296846011133,0.051743237857616725
m05_joint_production_wealth,std_A_pool,std,A_pool,canonical_P1,F,full,15.0,0.4,1078,99,101.83184308300453,13.165701318766509,-16.674747249288433,1.4826264908629798,6.106949722272404,0.32560296846011133,0.05908073952055092
m05_joint_production_wealth,std_A_pool,std,A_pool,canonical_P1,F,full,12.0,0.4,1078,99,102.47766080250051,12.866930629308282,-18.53834864085772,1.4472359515046584,5.527874288470558,0.32560296846011133,0.0610065986457896
m05_joint_production_wealth,std_A_pool,std,A_pool,canonical_P1,F,full,10.0,0.4,1078,99,102.47766080250051,12.866930629308282,-18.53834864085772,1.4472359515046584,5.527874288470558,0.32560296846011133,0.0610065986457896
m05_joint_production_wealth,std_A_pool,std,A_pool,canonical_P1,F,full,8.0,0.4,1078,99,102.47766080250051,12.866930629308282,-18.53834864085772,1.4472359515046584,5.527874288470558,0.32560296846011133,0.0610065986457896
m05_joint_production_wealth,std_A_pool,std,A_pool,flat_1.0,F,full,23.0,0.5,1497,99,52.78645136105617,8.58347481621559,-13.68582705940864,1.205695677984969,3.857015811460726,0.3700734802939212,0.05419256920464991
m05_joint_production_wealth,std_A_pool,std,A_pool,flat_1.0,F,full,18.0,0.5,1497,99,68.83863713008505,8.581906456605195,-17.058652333566553,1.1808314413385161,4.0354088813118185,0.3700734802939212,0.06851760863160923
m05_joint_production_wealth,std_A_pool,std,A_pool,flat_1.0,F,full,15.0,0.5,1497,99,83.9636395708558,8.580523750477365,-20.014947382524422,1.1583339119485223,4.195046730133633,0.3700734802939212,0.081432445084891
m05_joint_production_wealth,std_A_pool,std,A_pool,flat_1.0,F,full,12.0,0.5,1497,99,107.08538580204427,8.578551983576952,-24.202797328217883,1.125247416020473,4.424504504576176,0.3700734802939212,0.10034555207060236
m05_joint_production_wealth,std_A_pool,std,A_pool,flat_1.0,F,full,10.0,0.5,1497,99,130.44481078367986,8.576695676244638,-28.11570887082485,1.092928346108907,4.639570404680069,0.3700734802939212,0.1187276205593591
m05_joint_production_wealth,std_A_pool,std,A_pool,flat_1.0,F,full,8.0,0.5,1497,99,167.4046716538238,8.75458703363296,-32.944321359493586,1.0631093098713338,5.081442407845585,0.3700734802939212,0.14285565241582773
m05_joint_production_wealth,std_A_pool,std,A_pool,canonical_P1,F,full,23.0,0.5,1078,99,63.0785180196072,12.877402424237228,-10.736064453592846,1.4772641255829522,5.875385556063596,0.32560296846011133,0.04094802267973519
m05_joint_production_wealth,std_A_pool,std,A_pool,canonical_P1,F,full,18.0,0.5,1078,99,83.5974559930715,12.87706354854738,-13.562001167285642,1.4556510367300992,6.16409444018674,0.32560296846011133,0.0517749805021395
m05_joint_production_wealth,std_A_pool,std,A_pool,canonical_P1,F,full,15.0,0.5,1078,99,103.5755229641675,12.881122107713946,-16.098277817060588,1.436531072444175,6.433950521986925,0.32560296846011133,0.06153285953540491
m05_joint_production_wealth,std_A_pool,std,A_pool,canonical_P1,F,full,12.0,0.5,1078,99,134.6312363594699,13.174447954380023,-20.38641224572582,1.4543411819903163,6.603969091603966,0.32560296846011133,0.0733673600415949
m05_joint_production_wealth,std_A_pool,std,A_pool,canonical_P1,F,full,10.0,0.5,1078,99,136.53453326719026,12.880820209286135,-22.956438531442437,1.4185179737658653,5.947548574670449,0.32560296846011133,0.07623627229651601
m05_joint_production_wealth,std_A_pool,std,A_pool,canonical_P1,F,full,8.0,0.5,1078,99,136.34858650411493,12.866930629308278,-22.956438531442412,1.4170538024432486,5.939448591616872,0.32560296846011133,0.07625824830723699
m05_joint_production_wealth,std_A_pool,std,A_pool,flat_1.0,F,full,23.0,0.6,1497,99,52.78645136105584,8.583474816215544,-13.685827059408687,1.2056956779849617,3.857015811460688,0.3700734802939212,0.05419256920464991
m05_joint_production_wealth,std_A_pool,std,A_pool,flat_1.0,F,full,18.0,0.6,1497,99,68.83863713008517,8.58190645660522,-17.05865233356654,1.180831441338517,4.035408881311829,0.3700734802939212,0.0685176086316092
m05_joint_production_wealth,std_A_pool,std,A_pool,flat_1.0,F,full,15.0,0.6,1497,99,83.96363957085636,8.5805237504774,-20.014947382524422,1.1583339119485285,4.195046730133662,0.3700734802939212,0.08143244508489104
m05_joint_production_wealth,std_A_pool,std,A_pool,flat_1.0,F,full,12.0,0.6,1497,99,107.0853858020432,8.578551983576892,-24.202797328217812,1.1252474160204666,4.424504504576145,0.3700734802939212,0.10034555207060245
m05_joint_production_wealth,std_A_pool,std,A_pool,flat_1.0,F,full,10.0,0.6,1497,99,130.44481078368025,8.576695676244642,-28.115708870824868,1.0929283461089074,4.6395704046800805,0.3700734802939212,0.1187276205593591
m05_joint_production_wealth,std_A_pool,std,A_pool,flat_1.0,F,full,8.0,0.6,1497,99,167.40467165382307,8.754587033632937,-32.944321359493564,1.0631093098713305,5.081442407845565,0.3700734802939212,0.14285565241582768
m05_joint_production_wealth,std_A_pool,std,A_pool,canonical_P1,F,full,23.0,0.6,1078,99,63.078518019607976,12.877402424237332,-10.736064453592856,1.4772641255829648,5.875385556063661,0.32560296846011133,0.040948022679735165
m05_joint_production_wealth,std_A_pool,std,A_pool,canonical_P1,F,full,18.0,0.6,1078,99,83.59745599307129,12.877063548547358,-13.562001167285596,1.455651036730098,6.164094440186745,0.32560296846011133,0.0517749805021395
m05_joint_production_wealth,std_A_pool,std,A_pool,canonical_P1,F,full,15.0,0.6,1078,99,103.53258668064976,12.876769149232222,-16.09827781706062,1.4360797483128576,6.431283386781168,0.32560296846011133,0.06153718766948694
m05_joint_production_wealth,std_A_pool,std,A_pool,canonical_P1,F,full,12.0,0.6,1078,99,135.27616348200812,12.882830146020824,-19.786447533556974,1.4078846821366988,6.836809045817118,0.32560296846011133,0.07582409407843296
m05_joint_production_wealth,std_A_pool,std,A_pool,canonical_P1,F,full,10.0,0.6,1078,99,169.1114359911234,13.141301566544044,-23.946097569060527,1.4219816920300117,7.062171007338717,0.32560296846011133,0.08737632368742408
m05_joint_production_wealth,std_A_pool,std,A_pool,canonical_P1,F,full,8.0,0.6,1078,99,173.6978775539026,12.87318494891946,-27.26963561244326,1.3873310020511238,6.369644245434782,0.32560296846011133,0.09149802143057147
m05_joint_production_wealth,std_B_full,std,B_full,flat_1.0,P,full,23.0,0.3,1491,99,53.75732361052965,8.79334163306788,-13.564807218375712,1.216249227066072,3.9629994547734313,0.3675385647216633,0.05368145950995762
m05_joint_production_wealth,std_B_full,std,B_full,flat_1.0,O,evaluation,23.0,0.3,789,50,9.063960968763984,3.6510504555799215,-13.56480721837572,0.4937132232194487,0.6681968142153459,0.36755386565272496,0.059010399597516236
m05_joint_production_wealth,std_B_full,std,B_full,flat_1.0,F,full,18.0,0.3,1491,99,70.17115913297663,8.791571585901558,-16.910299442017653,1.1913057026997362,4.149610678011989,0.3675385647216633,0.06787346540392684
m05_joint_production_wealth,std_B_full,std,B_full,flat_1.0,F,full,15.0,0.3,1491,99,85.66159284810423,8.790007810338961,-19.84350546318365,1.1687358465463256,4.316857876096297,0.3675385647216633,0.08066910736234996
m05_joint_production_wealth,std_B_full,std,B_full,flat_1.0,F,full,12.0,0.3,1491,99,109.38540154540672,8.787772157627092,-24.0000933081892,1.1355419825322386,4.5577073447494785,0.3675385647216633,0.09940893177070455
m05_joint_production_wealth,std_B_full,std,B_full,flat_1.0,F,full,10.0,0.3,1491,99,133.4035457111179,8.785660802194569,-27.885396412633046,1.1031169007259751,4.783993160329667,0.3675385647216633,0.11762403204925012
m05_joint_production_wealth,std_B_full,std,B_full,flat_1.0,F,full,8.0,0.3,1491,99,170.17198008927812,8.912559189000886,-32.883355965654495,1.06587465463258,5.175018640646555,0.3675385647216633,0.14195878239976017
m05_joint_production_wealth,std_B_full,std,B_full,canonical_P1,P,full,23.0,0.3,1072,99,62.972767185107536,12.966766615991126,-10.780733594859441,1.4730873352787033,5.841232104569835,0.32369402985074625,0.04062269189197746
m05_joint_production_wealth,std_B_full,std,B_full,canonical_P1,O,evaluation,23.0,0.3,522,50,19.609546769268405,9.450627698296117,-9.281797808540071,1.0571793080459762,2.112688422411647,0.31417624521072796,0.04208830634386093
m05_joint_production_wealth,std_B_full,std,B_full,canonical_P1,F,full,18.0,0.3,1072,99,72.08549266918722,12.960113069363679,-13.88751889801858,1.4707528731006112,5.1906674762093115,0.32369402985074625,0.04550335817386462
m05_joint_production_wealth,std_B_full,std,B_full,canonical_P1,F,full,15.0,0.3,1072,99,71.81298957428584,12.901575797162362,-14.012516317303023,1.4641386924254678,5.124917462940562,0.32369402985074625,0.045594696235679175
m05_joint_production_wealth,std_B_full,std,B_full,canonical_P1,F,full,12.0,0.3,1072,99,71.81298957428584,12.901575797162362,-14.012516317303023,1.4641386924254678,5.124917462940562,0.32369402985074625,0.045594696235679175
m05_joint_production_wealth,std_B_full,std,B_full,canonical_P1,F,full,10.0,0.3,1072,99,71.81298957428584,12.901575797162362,-14.012516317303023,1.4641386924254678,5.124917462940562,0.32369402985074625,0.045594696235679175
m05_joint_production_wealth,std_B_full,std,B_full,canonical_P1,F,full,8.0,0.3,1072,99,71.81298957428584,12.901575797162362,-14.012516317303023,1.4641386924254678,5.124917462940562,0.32369402985074625,0.045594696235679175
m05_joint_production_wealth,std_B_full,std,B_full,flat_1.0,F,full,23.0,0.4,1491,99,53.75732361053005,8.79334163306792,-13.564807218375735,1.2162492270660796,3.962999454773454,0.3675385647216633,0.05368145950995757
m05_joint_production_wealth,std_B_full,std,B_full,flat_1.0,F,full,18.0,0.4,1491,99,70.17115913297707,8.791571585901586,-16.910299442017635,1.1913057026997416,4.149610678012019,0.3675385647216633,0.06787346540392682
m05_joint_production_wealth,std_B_full,std,B_full,flat_1.0,F,full,15.0,0.4,1491,99,85.66159284810406,8.79000781033897,-19.843505463183643,1.168735846546325,4.3168578760962895,0.3675385647216633,0.08066910736234986
m05_joint_production_wealth,std_B_full,std,B_full,flat_1.0,F,full,12.0,0.4,1491,99,109.3854015454077,8.787772157627163,-24.0000933081892,1.1355419825322466,4.557707344749519,0.3675385647216633,0.09940893177070444
m05_joint_production_wealth,std_B_full,std,B_full,flat_1.0,F,full,10.0,0.4,1491,99,133.40354571111797,8.785660802194565,-27.885396412633064,1.1031169007259745,4.783993160329666,0.3675385647216633,0.11762403204925012
m05_joint_production_wealth,std_B_full,std,B_full,flat_1.0,F,full,8.0,0.4,1491,99,170.1719800892774,8.912559189000872,-32.883355965654516,1.0658746546325768,5.17501864064653,0.3675385647216633,0.14195878239976017
m05_joint_production_wealth,std_B_full,std,B_full,canonical_P1,F,full,23.0,0.4,1072,99,62.99499034680789,12.920849072776088,-10.697172475752652,1.465376151257041,5.888938454493375,0.32369402985074625,0.04080541473892704
m05_joint_production_wealth,std_B_full,std,B_full,canonical_P1,F,full,18.0,0.4,1072,99,83.38610869304341,12.919818433176765,-13.57917152123245,1.4434613152008253,6.140736094441443,0.32369402985074625,0.05156514794953005
m05_joint_production_wealth,std_B_full,std,B_full,canonical_P1,F,full,15.0,0.4,1072,99,101.87397018466942,13.232118946058547,-16.614168308083375,1.472539440207899,6.131752627972606,0.32369402985074625,0.058872559381240884
m05_joint_production_wealth,std_B_full,std,B_full,canonical_P1,F,full,12.0,0.4,1072,99,102.15366164124737,12.901575797162362,-18.530998221344717,1.4339381511035274,5.512582777304616,0.32369402985074625,0.0607929283142389
m05_joint_production_wealth,std_B_full,std,B_full,canonical_P1,F,full,10.0,0.4,1072,99,102.15366164124737,12.901575797162362,-18.530998221344717,1.4339381511035274,5.512582777304616,0.32369402985074625,0.0607929283142389
m05_joint_production_wealth,std_B_full,std,B_full,canonical_P1,F,full,8.0,0.4,1072,99,102.15366164124737,12.901575797162362,-18.530998221344717,1.4339381511035274,5.512582777304616,0.32369402985074625,0.0607929283142389
m05_joint_production_wealth,std_B_full,std,B_full,flat_1.0,F,full,23.0,0.5,1491,99,53.757323610529426,8.793341633067877,-13.564807218375746,1.2162492270660696,3.9629994547734047,0.3675385647216633,0.05368145950995757
m05_joint_production_wealth,std_B_full,std,B_full,flat_1.0,F,full,18.0,0.5,1491,99,70.17115913297742,8.79157158590162,-16.910299442017692,1.191305702699745,4.149610678012026,0.3675385647216633,0.06787346540392687
m05_joint_production_wealth,std_B_full,std,B_full,flat_1.0,F,full,15.0,0.5,1491,99,85.66159284810419,8.79000781033896,-19.843505463183625,1.1687358465463225,4.3168578760963,0.3675385647216633,0.08066910736234995
m05_joint_production_wealth,std_B_full,std,B_full,flat_1.0,F,full,12.0,0.5,1491,99,109.3854015454077,8.787772157627165,-24.00009330818923,1.135541982532246,4.557707344749514,0.3675385647216633,0.0994089317707044
m05_joint_production_wealth,std_B_full,std,B_full,flat_1.0,F,full,10.0,0.5,1491,99,133.4035457111172,8.78566080219454,-27.885396412633057,1.1031169007259702,4.783993160329639,0.3675385647216633,0.11762403204925012
m05_joint_production_wealth,std_B_full,std,B_full,flat_1.0,F,full,8.0,0.5,1491,99,170.17198008927846,8.91255918900089,-32.88335596565448,1.0658746546325815,5.175018640646568,0.3675385647216633,0.14195878239976017
m05_joint_production_wealth,std_B_full,std,B_full,canonical_P1,F,full,23.0,0.5,1072,99,62.994990346808336,12.920849072776166,-10.697172475752593,1.465376151257046,5.888938454493449,0.32369402985074625,0.040805414738927
m05_joint_production_wealth,std_B_full,std,B_full,canonical_P1,F,full,18.0,0.5,1072,99,83.45364377060751,12.920398405619357,-13.51934722168306,1.4435818772500502,6.17290483054981,0.32369402985074625,0.05159606641340346
m05_joint_production_wealth,std_B_full,std,B_full,canonical_P1,F,full,15.0,0.5,1072,99,103.35773001925403,12.924481576381437,-16.054244194030705,1.4243069053831245,6.43803151179702,0.32369402985074625,0.061321652620536404
m05_joint_production_wealth,std_B_full,std,B_full,canonical_P1,F,full,12.0,0.5,1072,99,134.74879316417358,13.247354218236556,-20.31977572376034,1.4447641245847216,6.631411438592257,0.32369402985074625,0.07311456374229587
m05_joint_production_wealth,std_B_full,std,B_full,canonical_P1,F,full,10.0,0.5,1072,99,135.99970583716163,12.915925402089911,-22.955973818399016,1.4050323557071525,5.924371011791233,0.32369402985074625,0.07596869247286347
m05_joint_production_wealth,std_B_full,std,B_full,canonical_P1,F,full,8.0,0.5,1072,99,135.80837402534706,12.901575797162355,-22.955973818399027,1.4035345572889,5.916036283178618,0.32369402985074625,0.07599116039279863
m05_joint_production_wealth,std_B_full,std,B_full,flat_1.0,F,full,23.0,0.6,1491,99,53.75732361052965,8.79334163306788,-13.564807218375712,1.216249227066072,3.9629994547734313,0.3675385647216633,0.05368145950995762
m05_joint_production_wealth,std_B_full,std,B_full,flat_1.0,F,full,18.0,0.6,1491,99,70.17115913297663,8.791571585901558,-16.910299442017653,1.1913057026997362,4.149610678011989,0.3675385647216633,0.06787346540392684
m05_joint_production_wealth,std_B_full,std,B_full,flat_1.0,F,full,15.0,0.6,1491,99,85.66159284810423,8.790007810338961,-19.84350546318365,1.1687358465463256,4.316857876096297,0.3675385647216633,0.08066910736234996
m05_joint_production_wealth,std_B_full,std,B_full,flat_1.0,F,full,12.0,0.6,1491,99,109.38540154540672,8.787772157627092,-24.0000933081892,1.1355419825322386,4.5577073447494785,0.3675385647216633,0.09940893177070455
m05_joint_production_wealth,std_B_full,std,B_full,flat_1.0,F,full,10.0,0.6,1491,99,133.4035457111179,8.785660802194569,-27.885396412633046,1.1031169007259751,4.783993160329667,0.3675385647216633,0.11762403204925012
m05_joint_production_wealth,std_B_full,std,B_full,flat_1.0,F,full,8.0,0.6,1491,99,170.17198008927812,8.912559189000886,-32.883355965654495,1.06587465463258,5.175018640646555,0.3675385647216633,0.14195878239976017
m05_joint_production_wealth,std_B_full,std,B_full,canonical_P1,F,full,23.0,0.6,1072,99,62.99499034680813,12.92084907277614,-10.697172475752614,1.465376151257046,5.888938454493418,0.32369402985074625,0.040805414738926994
m05_joint_production_wealth,std_B_full,std,B_full,canonical_P1,F,full,18.0,0.6,1072,99,83.45364377060733,12.920398405619352,-13.519347221683068,1.4435818772500484,6.172904830549792,0.32369402985074625,0.051596066413403446
m05_joint_production_wealth,std_B_full,std,B_full,canonical_P1,F,full,15.0,0.6,1072,99,103.31366270617637,12.920004098361739,-16.054244194030773,1.4238466742490201,6.435286610663993,0.32369402985074625,0.06132603704120828
m05_joint_production_wealth,std_B_full,std,B_full,canonical_P1,F,full,12.0,0.6,1072,99,134.90723245871496,12.926159375131132,-19.743527278255623,1.395434196903561,6.832985340329434,0.32369402985074625,0.07556668913939792
m05_joint_production_wealth,std_B_full,std,B_full,canonical_P1,F,full,10.0,0.6,1072,99,168.94750983349627,13.204223465783173,-23.882890928634655,1.4117286745531872,7.073997462800234,0.32369402985074625,0.08705910450149631
m05_joint_production_wealth,std_B_full,std,B_full,canonical_P1,F,full,8.0,0.6,1072,99,172.86193198778093,12.908204890420604,-27.278436878028455,1.373624775816314,6.336944186380906,0.32369402985074625,0.09117693507193193
m05_joint_production_wealth,std_B_anch,std,B_anch,flat_1.0,P,full,23.0,0.3,1497,99,53.95638241911742,8.734151890167242,-13.655983513750023,1.2224859256493164,3.9511165464420395,0.3680694722778891,0.054177923927780404
m05_joint_production_wealth,std_B_anch,std,B_anch,flat_1.0,O,evaluation,23.0,0.3,793,50,9.302022321354109,3.6848842278542273,-13.655983513750034,0.5051887221413599,0.6811682448201568,0.3656998738965952,0.05969499436049255
m05_joint_production_wealth,std_B_anch,std,B_anch,flat_1.0,F,full,18.0,0.3,1497,99,70.45842470289423,8.732529861893964,-17.02163186580767,1.1976303292948773,4.139346054383195,0.3680694722778891,0.06850025329316341
m05_joint_production_wealth,std_B_anch,std,B_anch,flat_1.0,F,full,15.0,0.3,1497,99,86.04436214953613,8.731099285155999,-19.97169993068992,1.1751399413928658,4.308314387265268,0.3680694722778891,0.08141305490978545
m05_joint_production_wealth,std_B_anch,std,B_anch,flat_1.0,F,full,12.0,0.3,1497,99,109.93847860723159,8.729058277735998,-24.15083681974704,1.1420629033765208,4.552160218205768,0.3680694722778891,0.10032387346544866
m05_joint_production_wealth,std_B_anch,std,B_anch,flat_1.0,F,full,10.0,0.3,1497,99,134.1604623667328,8.727135636779927,-28.05573003000401,1.1097520193072716,4.781927336171819,0.3680694722778891,0.11870449623071087
m05_joint_production_wealth,std_B_anch,std,B_anch,flat_1.0,F,full,8.0,0.3,1497,99,172.69335988237532,8.90610148844941,-32.82760285963044,1.0804429363290668,5.260614386643017,0.3680694722778891,0.14288942123251228
m05_joint_production_wealth,std_B_anch,std,B_anch,canonical_P1,P,full,23.0,0.3,1080,99,64.06941702279106,13.009157516118716,-10.727819894720595,1.4935996628907848,5.972268145023676,0.32592592592592595,0.04101282776098388
m05_joint_production_wealth,std_B_anch,std,B_anch,canonical_P1,O,evaluation,23.0,0.3,527,50,20.334654609845604,9.630637828415962,-9.156407164639086,1.0892548126903598,2.220811530572333,0.31499051233396586,0.04258850563141347
m05_joint_production_wealth,std_B_anch,std,B_anch,canonical_P1,F,full,18.0,0.3,1080,99,73.33990494119114,13.003797840016977,-13.80838272083818,1.4917038709189003,5.311259574990933,0.32592592592592595,0.045912758388431126
m05_joint_production_wealth,std_B_anch,std,B_anch,canonical_P1,F,full,15.0,0.3,1080,99,73.09304559894119,12.950190050871864,-13.921750932750435,1.4856759908368289,5.250276775674268,0.32592592592592595,0.045999846660185265
m05_joint_production_wealth,std_B_anch,std,B_anch,canonical_P1,F,full,12.0,0.3,1080,99,73.09304559894119,12.950190050871864,-13.921750932750435,1.4856759908368289,5.250276775674268,0.32592592592592595,0.045999846660185265
m05_joint_production_wealth,std_B_anch,std,B_anch,canonical_P1,F,full,10.0,0.3,1080,99,73.09304559894119,12.950190050871864,-13.921750932750435,1.4856759908368289,5.250276775674268,0.32592592592592595,0.045999846660185265
m05_joint_production_wealth,std_B_anch,std,B_anch,canonical_P1,F,full,8.0,0.3,1080,99,73.09304559894119,12.950190050871864,-13.921750932750435,1.4856759908368289,5.250276775674268,0.32592592592592595,0.045999846660185265
m05_joint_production_wealth,std_B_anch,std,B_anch,flat_1.0,F,full,23.0,0.4,1497,99,53.956382419117354,8.73415189016722,-13.655983513749964,1.2224859256493148,3.951116546442052,0.3680694722778891,0.054177923927780376
m05_joint_production_wealth,std_B_anch,std,B_anch,flat_1.0,F,full,18.0,0.4,1497,99,70.4584247028951,8.732529861894028,-17.021631865807667,1.1976303292948878,4.139346054383246,0.3680694722778891,0.06850025329316342
m05_joint_production_wealth,std_B_anch,std,B_anch,flat_1.0,F,full,15.0,0.4,1497,99,86.0443621495359,8.731099285156,-19.971699930689894,1.1751399413928656,4.308314387265262,0.3680694722778891,0.08141305490978536
m05_joint_production_wealth,std_B_anch,std,B_anch,flat_1.0,F,full,12.0,0.4,1497,99,109.9384786072314,8.72905827773598,-24.150836819747145,1.142062903376519,4.552160218205741,0.3680694722778891,0.10032387346544866
m05_joint_production_wealth,std_B_anch,std,B_anch,flat_1.0,F,full,10.0,0.4,1497,99,134.16046236673233,8.727135636779897,-28.05573003000406,1.1097520193072679,4.781927336171794,0.3680694722778891,0.1187044962307109
m05_joint_production_wealth,std_B_anch,std,B_anch,flat_1.0,F,full,8.0,0.4,1497,99,172.69335988237611,8.906101488449426,-32.827602859630375,1.0804429363290695,5.260614386643051,0.3680694722778891,0.14288942123251233
m05_joint_production_wealth,std_B_anch,std,B_anch,canonical_P1,F,full,23.0,0.4,1080,99,64.10760405238658,12.964716229883978,-10.640139411278733,1.4858701118303075,6.025071812915478,0.32592592592592595,0.04119983659656523
m05_joint_production_wealth,std_B_anch,std,B_anch,canonical_P1,F,full,18.0,0.4,1080,99,84.96244767550563,12.963629238933128,-13.513388865052775,1.464085015265902,6.287279121762609,0.32592592592592595,0.0520607927035659
m05_joint_production_wealth,std_B_anch,std,B_anch,canonical_P1,F,full,15.0,0.4,1080,99,103.63960967663792,13.257599924631966,-16.540964999628912,1.4916289018668767,6.26563260843385,0.32592592592592595,0.05942219557400692
m05_joint_production_wealth,std_B_anch,std,B_anch,canonical_P1,F,full,12.0,0.4,1080,99,104.1678648189989,12.95019005087186,-18.41250369259983,1.4555966731133276,5.657452487619324,0.32592592592592595,0.061333128880247
m05_joint_production_wealth,std_B_anch,std,B_anch,canonical_P1,F,full,10.0,0.4,1080,99,104.1678648189989,12.95019005087186,-18.41250369259983,1.4555966731133276,5.657452487619324,0.32592592592592595,0.061333128880247
m05_joint_production_wealth,std_B_anch,std,B_anch,canonical_P1,F,full,8.0,0.4,1080,99,104.1678648189989,12.95019005087186,-18.41250369259983,1.4555966731133276,5.657452487619324,0.32592592592592595,0.061333128880247
m05_joint_production_wealth,std_B_anch,std,B_anch,flat_1.0,F,full,23.0,0.5,1497,99,53.95638241911751,8.734151890167247,-13.655983513750039,1.2224859256493177,3.9511165464420417,0.3680694722778891,0.05417792392778037
m05_joint_production_wealth,std_B_anch,std,B_anch,flat_1.0,F,full,18.0,0.5,1497,99,70.45842470289465,8.732529861893982,-17.021631865807702,1.1976303292948813,4.1393460543832115,0.3680694722778891,0.06850025329316355
m05_joint_production_wealth,std_B_anch,std,B_anch,flat_1.0,F,full,15.0,0.5,1497,99,86.04436214953563,8.731099285155965,-19.971699930689915,1.1751399413928612,4.308314387265243,0.3680694722778891,0.08141305490978541
m05_joint_production_wealth,std_B_anch,std,B_anch,flat_1.0,F,full,12.0,0.5,1497,99,109.93847860723167,8.729058277736003,-24.15083681974699,1.142062903376521,4.552160218205781,0.3680694722778891,0.1003238734654486
m05_joint_production_wealth,std_B_anch,std,B_anch,flat_1.0,F,full,10.0,0.5,1497,99,134.16046236673233,8.727135636779899,-28.05573003000402,1.1097520193072676,4.781927336171801,0.3680694722778891,0.1187044962307109
m05_joint_production_wealth,std_B_anch,std,B_anch,flat_1.0,F,full,8.0,0.5,1497,99,172.69335988237415,8.906101488449378,-32.827602859630396,1.0804429363290629,5.260614386642988,0.3680694722778891,0.14288942123251241
m05_joint_production_wealth,std_B_anch,std,B_anch,canonical_P1,F,full,23.0,0.5,1080,99,64.10760405238567,12.964716229883859,-10.640139411278795,1.4858701118302937,6.025071812915357,0.32592592592592595,0.04119983659656516
m05_joint_production_wealth,std_B_anch,std,B_anch,canonical_P1,F,full,18.0,0.5,1080,99,85.03624035853213,12.964358968359635,-13.447663696852302,1.4641394753523724,6.323495461775757,0.32592592592592595,0.05209409491774141
m05_joint_production_wealth,std_B_anch,std,B_anch,canonical_P1,F,full,15.0,0.5,1080,99,105.44052168237039,12.968380307131943,-15.969586208514261,1.4449042696089207,6.602583204451113,0.32592592592592595,0.061912766563651946
m05_joint_production_wealth,std_B_anch,std,B_anch,canonical_P1,F,full,12.0,0.5,1080,99,137.24827659756787,13.269521169398857,-20.230293067644748,1.4636131147905282,6.784295024231529,0.32592592592592595,0.07379625152746494
m05_joint_production_wealth,std_B_anch,std,B_anch,canonical_P1,F,full,10.0,0.5,1080,99,138.9450585251132,12.964246379805795,-22.811283862598895,1.4267866975475405,6.091067007101948,0.32592592592592595,0.07664401898363396
m05_joint_production_wealth,std_B_anch,std,B_anch,canonical_P1,F,full,8.0,0.5,1080,99,138.75451234863027,12.950190050871857,-22.81128386259891,1.4253099557270295,6.082713852688073,0.32592592592592595,0.07666641110030877
m05_joint_production_wealth,std_B_anch,std,B_anch,flat_1.0,F,full,23.0,0.6,1497,99,53.95638241911742,8.734151890167242,-13.655983513750023,1.2224859256493164,3.9511165464420395,0.3680694722778891,0.054177923927780404
m05_joint_production_wealth,std_B_anch,std,B_anch,flat_1.0,F,full,18.0,0.6,1497,99,70.45842470289423,8.732529861893964,-17.02163186580767,1.1976303292948773,4.139346054383195,0.3680694722778891,0.06850025329316341
m05_joint_production_wealth,std_B_anch,std,B_anch,flat_1.0,F,full,15.0,0.6,1497,99,86.04436214953613,8.731099285155999,-19.97169993068992,1.1751399413928658,4.308314387265268,0.3680694722778891,0.08141305490978545
m05_joint_production_wealth,std_B_anch,std,B_anch,flat_1.0,F,full,12.0,0.6,1497,99,109.93847860723159,8.729058277735998,-24.15083681974704,1.1420629033765208,4.552160218205768,0.3680694722778891,0.10032387346544866
m05_joint_production_wealth,std_B_anch,std,B_anch,flat_1.0,F,full,10.0,0.6,1497,99,134.1604623667328,8.727135636779927,-28.05573003000401,1.1097520193072716,4.781927336171819,0.3680694722778891,0.11870449623071087
m05_joint_production_wealth,std_B_anch,std,B_anch,flat_1.0,F,full,8.0,0.6,1497,99,172.69335988237532,8.90610148844941,-32.82760285963044,1.0804429363290668,5.260614386643017,0.3680694722778891,0.14288942123251228
m05_joint_production_wealth,std_B_anch,std,B_anch,canonical_P1,F,full,23.0,0.6,1080,99,64.10760405238598,12.964716229883871,-10.640139411278803,1.4858701118302986,6.025071812915382,0.32592592592592595,0.04119983659656525
m05_joint_production_wealth,std_B_anch,std,B_anch,canonical_P1,F,full,18.0,0.6,1080,99,85.03624035853225,12.96435896835967,-13.447663696852318,1.4641394753523773,6.323495461775758,0.32592592592592595,0.052094094917741356
m05_joint_production_wealth,std_B_anch,std,B_anch,canonical_P1,F,full,15.0,0.6,1080,99,105.39757282934445,12.964048511622645,-15.969586208514219,1.4444600983902696,6.599893788929329,0.32592592592592595,0.061917233849339996
m05_joint_production_wealth,std_B_anch,std,B_anch,canonical_P1,F,full,12.0,0.6,1080,99,137.8654041082684,12.969910798482372,-19.640341436838728,1.4160709516643286,7.019501394699732,0.32592592592592595,0.07629339566287664
m05_joint_production_wealth,std_B_anch,std,B_anch,canonical_P1,F,full,10.0,0.6,1080,99,172.5578579167085,13.234877288923112,-23.776924950056372,1.431057271499931,7.2573664710288535,0.32592592592592595,0.08788192719894407
m05_joint_production_wealth,std_B_anch,std,B_anch,canonical_P1,F,full,8.0,0.6,1080,99,176.96348346851195,12.956650793151622,-27.109214815617065,1.3954996129247148,6.527798192316766,0.32592592592592595,0.09198734080370101
m05_joint_production_wealth,std_C_sqrt,std,C_sqrt,flat_1.0,P,full,23.0,0.3,1496,99,53.14036134958222,8.660374685131409,-13.651465726768924,1.209670217147718,3.892648775829265,0.37032085561497324,0.05400071491349976
m05_joint_production_wealth,std_C_sqrt,std,C_sqrt,flat_1.0,O,evaluation,23.0,0.3,794,50,8.973608906572084,3.5901797318643993,-13.651465726768924,0.4900038995464673,0.657336661584689,0.3702770780856423,0.05949836150376335
m05_joint_production_wealth,std_C_sqrt,std,C_sqrt,flat_1.0,F,full,18.0,0.3,1496,99,69.32458668323413,8.658743334414291,-17.016567813724986,1.1847796370409738,4.073946488040865,0.37032085561497324,0.06827578426841285
m05_joint_production_wealth,std_C_sqrt,std,C_sqrt,flat_1.0,F,full,15.0,0.3,1496,99,84.58311505058944,8.657304121352134,-19.96635155655766,1.1622579208740416,4.23628296892375,0.37032085561497324,0.08114583659382076
m05_joint_production_wealth,std_C_sqrt,std,C_sqrt,flat_1.0,F,full,12.0,0.3,1496,99,107.92507442105416,8.655250079629665,-24.145405808638174,1.1291352598872226,4.469797495904719,0.37032085561497324,0.09999381609867883
m05_joint_production_wealth,std_C_sqrt,std,C_sqrt,flat_1.0,F,full,10.0,0.3,1496,99,131.52574734996293,8.65331434097798,-28.05057168094664,1.0967801931967147,4.6888793870572645,0.37032085561497324,0.11831310591217284
m05_joint_production_wealth,std_C_sqrt,std,C_sqrt,flat_1.0,F,full,8.0,0.3,1496,99,168.341401370562,8.810592174077634,-32.95539566212013,1.063831115561768,5.108159012760948,0.37032085561497324,0.142520663853729
m05_joint_production_wealth,std_C_sqrt,std,C_sqrt,canonical_P1,P,full,23.0,0.3,1076,99,63.04269403270357,12.942091851881726,-10.817403267099058,1.4812867646043375,5.827895334589847,0.3252788104089219,0.04071056063169751
m05_joint_production_wealth,std_C_sqrt,std,C_sqrt,canonical_P1,O,evaluation,23.0,0.3,525,50,19.897192966581102,9.52861638273977,-9.157017452859925,1.0748912493773455,2.1728901434349455,0.3161904761904762,0.042222942320105684
m05_joint_production_wealth,std_C_sqrt,std,C_sqrt,canonical_P1,F,full,18.0,0.3,1076,99,72.20885896264326,12.93929549553288,-13.904982609957225,1.4794709193708888,5.193020443688667,0.3252788104089219,0.04560446813391209
m05_joint_production_wealth,std_C_sqrt,std,C_sqrt,canonical_P1,F,full,15.0,0.3,1076,99,71.97213408332253,12.886084753871947,-14.020144983640492,1.4735069859498622,5.133480015171294,0.3252788104089219,0.04569345464170346
m05_joint_production_wealth,std_C_sqrt,std,C_sqrt,canonical_P1,F,full,12.0,0.3,1076,99,71.97213408332253,12.886084753871947,-14.020144983640492,1.4735069859498622,5.133480015171294,0.3252788104089219,0.04569345464170346
m05_joint_production_wealth,std_C_sqrt,std,C_sqrt,canonical_P1,F,full,10.0,0.3,1076,99,71.97213408332253,12.886084753871947,-14.020144983640492,1.4735069859498622,5.133480015171294,0.3252788104089219,0.04569345464170346
m05_joint_production_wealth,std_C_sqrt,std,C_sqrt,canonical_P1,F,full,8.0,0.3,1076,99,71.97213408332253,12.886084753871947,-14.020144983640492,1.4735069859498622,5.133480015171294,0.3252788104089219,0.04569345464170346
m05_joint_production_wealth,std_C_sqrt,std,C_sqrt,flat_1.0,F,full,23.0,0.4,1496,99,53.14036134958224,8.660374685131424,-13.651465726768903,1.2096702171477192,3.8926487758292727,0.37032085561497324,0.05400071491349971
m05_joint_production_wealth,std_C_sqrt,std,C_sqrt,flat_1.0,F,full,18.0,0.4,1496,99,69.32458668323433,8.658743334414318,-17.016567813725008,1.1847796370409778,4.073946488040872,0.37032085561497324,0.06827578426841283
m05_joint_production_wealth,std_C_sqrt,std,C_sqrt,flat_1.0,F,full,15.0,0.4,1496,99,84.58311505058929,8.657304121352123,-19.966351556557704,1.1622579208740405,4.236282968923733,0.37032085561497324,0.08114583659382076
m05_joint_production_wealth,std_C_sqrt,std,C_sqrt,flat_1.0,F,full,12.0,0.4,1496,99,107.92507442105368,8.655250079629628,-24.145405808638156,1.12913525988722,4.469797495904702,0.37032085561497324,0.09999381609867881
m05_joint_production_wealth,std_C_sqrt,std,C_sqrt,flat_1.0,F,full,10.0,0.4,1496,99,131.52574734996284,8.653314340977964,-28.050571680946657,1.0967801931967132,4.688879387057258,0.37032085561497324,0.1183131059121729
m05_joint_production_wealth,std_C_sqrt,std,C_sqrt,flat_1.0,F,full,8.0,0.4,1496,99,168.3414013705628,8.810592174077668,-32.955395662120104,1.063831115561771,5.108159012760977,0.37032085561497324,0.1425206638537289
m05_joint_production_wealth,std_C_sqrt,std,C_sqrt,canonical_P1,F,full,23.0,0.4,1076,99,63.09285127899638,12.900374593119858,-10.723228924977338,1.4740643526234825,5.883754951089018,0.3252788104089219,0.040893801191239976
m05_joint_production_wealth,std_C_sqrt,std,C_sqrt,canonical_P1,F,full,18.0,0.4,1076,99,83.53181675604453,12.89839537925058,-13.614312927228006,1.4522105831724827,6.135588127182291,0.3252788104089219,0.05167535825184583
m05_joint_production_wealth,std_C_sqrt,std,C_sqrt,canonical_P1,F,full,15.0,0.4,1076,99,101.9169369299771,13.19627905578833,-16.65373934011485,1.4800206285880326,6.119762946240171,0.3252788104089219,0.05900030262099828
m05_joint_production_wealth,std_C_sqrt,std,C_sqrt,canonical_P1,F,full,12.0,0.4,1076,99,102.43491029029741,12.886084753871945,-18.53607083931067,1.443462754746258,5.526247238603389,0.3252788104089219,0.06092460618893796
m05_joint_production_wealth,std_C_sqrt,std,C_sqrt,canonical_P1,F,full,10.0,0.4,1076,99,102.43491029029741,12.886084753871945,-18.53607083931067,1.443462754746258,5.526247238603389,0.3252788104089219,0.06092460618893796
m05_joint_production_wealth,std_C_sqrt,std,C_sqrt,canonical_P1,F,full,8.0,0.4,1076,99,102.43491029029741,12.886084753871945,-18.53607083931067,1.443462754746258,5.526247238603389,0.3252788104089219,0.06092460618893796
m05_joint_production_wealth,std_C_sqrt,std,C_sqrt,flat_1.0,F,full,23.0,0.5,1496,99,53.14036134958246,8.66037468513143,-13.651465726768928,1.2096702171477192,3.8926487758292816,0.37032085561497324,0.05400071491349979
m05_joint_production_wealth,std_C_sqrt,std,C_sqrt,flat_1.0,F,full,18.0,0.5,1496,99,69.32458668323511,8.658743334414364,-17.01656781372497,1.184779637040985,4.073946488040927,0.37032085561497324,0.06827578426841288
m05_joint_production_wealth,std_C_sqrt,std,C_sqrt,flat_1.0,F,full,15.0,0.5,1496,99,84.58311505058927,8.657304121352103,-19.966351556557694,1.1622579208740373,4.236282968923735,0.37032085561497324,0.08114583659382078
m05_joint_production_wealth,std_C_sqrt,std,C_sqrt,flat_1.0,F,full,12.0,0.5,1496,99,107.92507442105426,8.655250079629658,-24.145405808638166,1.1291352598872215,4.469797495904724,0.37032085561497324,0.09999381609867888
m05_joint_production_wealth,std_C_sqrt,std,C_sqrt,flat_1.0,F,full,10.0,0.5,1496,99,131.5257473499616,8.653314340977916,-28.050571680946636,1.0967801931967063,4.688879387057217,0.37032085561497324,0.11831310591217291
m05_joint_production_wealth,std_C_sqrt,std,C_sqrt,flat_1.0,F,full,8.0,0.5,1496,99,168.3414013705631,8.810592174077668,-32.955395662120154,1.063831115561772,5.108159012760978,0.37032085561497324,0.14252066385372897
m05_joint_production_wealth,std_C_sqrt,std,C_sqrt,canonical_P1,F,full,23.0,0.5,1076,99,63.092851278997045,12.900374593119967,-10.723228924977388,1.4740643526234944,5.8837549510890526,0.3252788104089219,0.04089380119123994
m05_joint_production_wealth,std_C_sqrt,std,C_sqrt,canonical_P1,F,full,18.0,0.5,1076,99,83.6096086800104,12.90000117668377,-13.548006553957043,1.4523963288048212,6.171358741747144,0.3252788104089219,0.05170692445567209
m05_joint_production_wealth,std_C_sqrt,std,C_sqrt,canonical_P1,F,full,15.0,0.5,1076,99,103.5823288412813,12.904084422227433,-16.083926838708752,1.4332310926733196,6.4401143999233135,0.3252788104089219,0.061452483067754415
m05_joint_production_wealth,std_C_sqrt,std,C_sqrt,canonical_P1,F,full,12.0,0.5,1076,99,134.80459048796294,13.208874046318197,-20.363143036346738,1.452118249757913,6.620028659001535,0.3252788104089219,0.07327060536882415
m05_joint_production_wealth,std_C_sqrt,std,C_sqrt,canonical_P1,F,full,10.0,0.5,1076,99,136.45248461497425,12.90019551636586,-22.956574863697394,1.4146971941886377,5.94393917320631,0.3252788104089219,0.07613353775923899
m05_joint_production_wealth,std_C_sqrt,std,C_sqrt,canonical_P1,F,full,8.0,0.5,1076,99,136.2637462303329,12.886084753871959,-22.956574863697412,1.4132142390347295,5.935717633810208,0.3252788104089219,0.07615575773617245
m05_joint_production_wealth,std_C_sqrt,std,C_sqrt,flat_1.0,F,full,23.0,0.6,1496,99,53.14036134958222,8.660374685131409,-13.651465726768924,1.209670217147718,3.892648775829265,0.37032085561497324,0.05400071491349976
m05_joint_production_wealth,std_C_sqrt,std,C_sqrt,flat_1.0,F,full,18.0,0.6,1496,99,69.32458668323413,8.658743334414291,-17.016567813724986,1.1847796370409738,4.073946488040865,0.37032085561497324,0.06827578426841285
m05_joint_production_wealth,std_C_sqrt,std,C_sqrt,flat_1.0,F,full,15.0,0.6,1496,99,84.58311505058944,8.657304121352134,-19.96635155655766,1.1622579208740416,4.23628296892375,0.37032085561497324,0.08114583659382076
m05_joint_production_wealth,std_C_sqrt,std,C_sqrt,flat_1.0,F,full,12.0,0.6,1496,99,107.92507442105416,8.655250079629665,-24.145405808638174,1.1291352598872226,4.469797495904719,0.37032085561497324,0.09999381609867883
m05_joint_production_wealth,std_C_sqrt,std,C_sqrt,flat_1.0,F,full,10.0,0.6,1496,99,131.52574734996293,8.65331434097798,-28.05057168094664,1.0967801931967147,4.6888793870572645,0.37032085561497324,0.11831310591217284
m05_joint_production_wealth,std_C_sqrt,std,C_sqrt,flat_1.0,F,full,8.0,0.6,1496,99,168.341401370562,8.810592174077634,-32.95539566212013,1.063831115561768,5.108159012760948,0.37032085561497324,0.142520663853729
m05_joint_production_wealth,std_C_sqrt,std,C_sqrt,canonical_P1,F,full,23.0,0.6,1076,99,63.09285127899646,12.900374593119881,-10.723228924977384,1.4740643526234882,5.883754951089,0.3252788104089219,0.04089380119123993
m05_joint_production_wealth,std_C_sqrt,std,C_sqrt,canonical_P1,F,full,18.0,0.6,1076,99,83.60960868001115,12.900001176683876,-13.548006553956956,1.452396328804832,6.171358741747239,0.3252788104089219,0.05170692445567208
m05_joint_production_wealth,std_C_sqrt,std,C_sqrt,canonical_P1,F,full,15.0,0.6,1076,99,103.53885568894094,12.899675934779363,-16.08392683870874,1.4327752398790508,6.4374115057373205,0.3252788104089219,0.06145683652828808
m05_joint_production_wealth,std_C_sqrt,std,C_sqrt,canonical_P1,F,full,12.0,0.6,1076,99,135.26647736363367,12.90578782451268,-19.772646432795142,1.404516532845924,6.841091192491012,0.3252788104089219,0.07572607794822275
m05_joint_production_wealth,std_C_sqrt,std,C_sqrt,canonical_P1,F,full,10.0,0.6,1076,99,169.22462726869608,13.171741088289009,-23.924184497598148,1.4194743286590845,7.073370767797133,0.3252788104089219,0.08725543336867245
m05_joint_production_wealth,std_C_sqrt,std,C_sqrt,canonical_P1,F,full,8.0,0.6,1076,99,173.55272340175335,12.892521536560606,-27.272999053617042,1.38344273729168,6.363536443519077,0.3252788104089219,0.09137474428286803
m05_joint_production_wealth,std_D_sup,std,D_sup,flat_1.0,P,full,23.0,0.3,1490,99,53.687148019091914,8.756388447610844,-13.67942028914042,1.2138393640387173,3.924665437884976,0.3704697986577181,0.05386264169909992
m05_joint_production_wealth,std_D_sup,std,D_sup,flat_1.0,O,evaluation,23.0,0.3,791,50,8.890902896986974,3.587545106753451,-13.679420289140456,0.48378122966180137,0.6499473449211226,0.37041719342604296,0.05921030784213059
m05_joint_production_wealth,std_D_sup,std,D_sup,flat_1.0,F,full,18.0,0.3,1490,99,70.06964220107498,8.754655608498206,-17.0512066333526,1.1888517017592317,4.109365613106639,0.3704697986577181,0.06810259957467998
m05_joint_production_wealth,std_D_sup,std,D_sup,flat_1.0,F,full,15.0,0.3,1490,99,85.52598261792205,8.753125087112403,-20.006764393334628,1.1662409545995729,4.274853291440546,0.3704697986577181,0.08094149225843225
m05_joint_production_wealth,std_D_sup,std,D_sup,flat_1.0,F,full,12.0,0.3,1490,99,109.18860580739013,8.750937640951427,-24.193844250349926,1.13298529906477,4.51307384959341,0.3704697986577181,0.09974468631314255
m05_joint_production_wealth,std_D_sup,std,D_sup,flat_1.0,F,full,10.0,0.3,1490,99,133.13290188050627,8.748872584424092,-28.106322988038375,1.100497946162421,4.736759836466891,0.3704697986577181,0.11802141026939428
m05_joint_production_wealth,std_D_sup,std,D_sup,flat_1.0,F,full,8.0,0.3,1490,99,169.9838768321905,8.885631340106775,-33.07807121639118,1.0645150882442658,5.138869062835755,0.3704697986577181,0.14233985534466576
m05_joint_production_wealth,std_D_sup,std,D_sup,canonical_P1,P,full,23.0,0.3,1073,99,63.07274978611475,12.958236053132428,-10.731936384477997,1.47491964642602,5.877108056411817,0.32432432432432434,0.04069757681929613
m05_joint_production_wealth,std_D_sup,std,D_sup,canonical_P1,O,evaluation,23.0,0.3,523,50,19.60697436375487,9.439171018133425,-9.202981828067335,1.0569094500995162,2.1305023447897447,0.3154875717017208,0.04213599338416924
m05_joint_production_wealth,std_D_sup,std,D_sup,canonical_P1,F,full,18.0,0.3,1073,99,72.20427240300135,12.95110759027844,-13.833662339793799,1.4726442491315455,5.219461819253687,0.32432432432432434,0.04558907799020092
m05_joint_production_wealth,std_D_sup,std,D_sup,canonical_P1,F,full,15.0,0.3,1073,99,71.9313902612289,12.892431753668133,-13.960066004340133,1.4660059767176814,5.152654023187691,0.32432432432432434,0.045681346680402475
m05_joint_production_wealth,std_D_sup,std,D_sup,canonical_P1,F,full,12.0,0.3,1073,99,71.9313902612289,12.892431753668133,-13.960066004340133,1.4660059767176814,5.152654023187691,0.32432432432432434,0.045681346680402475
m05_joint_production_wealth,std_D_sup,std,D_sup,canonical_P1,F,full,10.0,0.3,1073,99,71.9313902612289,12.892431753668133,-13.960066004340133,1.4660059767176814,5.152654023187691,0.32432432432432434,0.045681346680402475
m05_joint_production_wealth,std_D_sup,std,D_sup,canonical_P1,F,full,8.0,0.3,1073,99,71.9313902612289,12.892431753668133,-13.960066004340133,1.4660059767176814,5.152654023187691,0.32432432432432434,0.045681346680402475
m05_joint_production_wealth,std_D_sup,std,D_sup,flat_1.0,F,full,23.0,0.4,1490,99,53.68714801909198,8.75638844761086,-13.679420289140488,1.2138393640387164,3.9246654378849612,0.3704697986577181,0.05386264169909995
m05_joint_production_wealth,std_D_sup,std,D_sup,flat_1.0,F,full,18.0,0.4,1490,99,70.0696422010741,8.754655608498128,-17.051206633352674,1.1888517017592202,4.109365613106569,0.3704697986577181,0.06810259957468005
m05_joint_production_wealth,std_D_sup,std,D_sup,flat_1.0,F,full,15.0,0.4,1490,99,85.52598261792124,8.753125087112336,-20.006764393334624,1.166240954599562,4.274853291440507,0.3704697986577181,0.08094149225843232
m05_joint_production_wealth,std_D_sup,std,D_sup,flat_1.0,F,full,12.0,0.4,1490,99,109.18860580739009,8.750937640951431,-24.19384425034992,1.1329852990647697,4.513073849593409,0.3704697986577181,0.09974468631314254
m05_joint_production_wealth,std_D_sup,std,D_sup,flat_1.0,F,full,10.0,0.4,1490,99,133.13290188050678,8.748872584424111,-28.106322988038386,1.100497946162423,4.7367598364669075,0.3704697986577181,0.11802141026939428
m05_joint_production_wealth,std_D_sup,std,D_sup,flat_1.0,F,full,8.0,0.4,1490,99,169.9838768321901,8.885631340106762,-33.07807121639114,1.0645150882442633,5.13886906283575,0.3704697986577181,0.1423398553446657
m05_joint_production_wealth,std_D_sup,std,D_sup,canonical_P1,F,full,23.0,0.4,1073,99,63.121368906594874,12.916915934071282,-10.640205575764538,1.4679532255158374,5.932344864686448,0.32432432432432434,0.040877938937730805
m05_joint_production_wealth,std_D_sup,std,D_sup,canonical_P1,F,full,18.0,0.4,1073,99,83.5742727561612,12.916639318403126,-13.501129767465647,1.4460779815854363,6.19016883739273,0.32432432432432434,0.051657676592041256
m05_joint_production_wealth,std_D_sup,std,D_sup,canonical_P1,F,full,15.0,0.4,1073,99,102.034478610992,13.22144065672651,-16.551845202843648,1.474263879671444,6.164537993230037,0.32432432432432434,0.05898096241118351
m05_joint_production_wealth,std_D_sup,std,D_sup,canonical_P1,F,full,12.0,0.4,1073,99,102.3392092222334,12.892431753668124,-18.463437134623007,1.435821443421679,5.542803784368235,0.32432432432432434,0.06090846224053662
m05_joint_production_wealth,std_D_sup,std,D_sup,canonical_P1,F,full,10.0,0.4,1073,99,102.3392092222334,12.892431753668124,-18.463437134623007,1.435821443421679,5.542803784368235,0.32432432432432434,0.06090846224053662
m05_joint_production_wealth,std_D_sup,std,D_sup,canonical_P1,F,full,8.0,0.4,1073,99,102.3392092222334,12.892431753668124,-18.463437134623007,1.435821443421679,5.542803784368235,0.32432432432432434,0.06090846224053662
m05_joint_production_wealth,std_D_sup,std,D_sup,flat_1.0,F,full,23.0,0.5,1490,99,53.68714801909218,8.756388447610876,-13.679420289140479,1.2138393640387204,3.9246654378849786,0.3704697986577181,0.05386264169909995
m05_joint_production_wealth,std_D_sup,std,D_sup,flat_1.0,F,full,18.0,0.5,1490,99,70.06964220107446,8.754655608498163,-17.051206633352617,1.188851701759226,4.109365613106603,0.3704697986577181,0.06810259957468001
m05_joint_production_wealth,std_D_sup,std,D_sup,flat_1.0,F,full,15.0,0.5,1490,99,85.52598261792201,8.753125087112403,-20.006764393334596,1.1662409545995698,4.274853291440551,0.3704697986577181,0.08094149225843222
m05_joint_production_wealth,std_D_sup,std,D_sup,flat_1.0,F,full,12.0,0.5,1490,99,109.18860580739009,8.750937640951433,-24.19384425034992,1.1329852990647706,4.513073849593409,0.3704697986577181,0.09974468631314254
m05_joint_production_wealth,std_D_sup,std,D_sup,flat_1.0,F,full,10.0,0.5,1490,99,133.13290188050573,8.748872584424062,-28.106322988038457,1.1004979461624165,4.736759836466858,0.3704697986577181,0.1180214102693943
m05_joint_production_wealth,std_D_sup,std,D_sup,flat_1.0,F,full,8.0,0.5,1490,99,169.98387683218965,8.885631340106755,-33.078071216391166,1.0645150882442624,5.138869062835731,0.3704697986577181,0.14233985534466576
m05_joint_production_wealth,std_D_sup,std,D_sup,canonical_P1,F,full,23.0,0.5,1073,99,63.12136890659434,12.916915934071161,-10.640205575764497,1.4679532255158283,5.932344864686422,0.32432432432432434,0.04087793893773085
m05_joint_production_wealth,std_D_sup,std,D_sup,canonical_P1,F,full,18.0,0.5,1073,99,83.63418182321587,12.916469091413802,-13.44828047440867,1.4461783850529808,6.218949848820232,0.32432432432432434,0.051687845297729726
m05_joint_production_wealth,std_D_sup,std,D_sup,canonical_P1,F,full,15.0,0.5,1073,99,103.59591799987643,12.920508543183068,-15.970868199942526,1.426915222153893,6.486555189294545,0.32432432432432434,0.06143081079576783
m05_joint_production_wealth,std_D_sup,std,D_sup,canonical_P1,F,full,12.0,0.5,1073,99,134.97314075401167,13.236159081210806,-20.24444015103219,1.4464629922947194,6.6671708255231685,0.32432432432432434,0.07324923144717979
m05_joint_production_wealth,std_D_sup,std,D_sup,canonical_P1,F,full,10.0,0.5,1073,99,136.2651607614537,12.906369623073601,-22.874535491642686,1.4068910392711371,5.95706788499547,0.32432432432432434,0.07611370141175952
m05_joint_production_wealth,std_D_sup,std,D_sup,canonical_P1,F,full,8.0,0.5,1073,99,136.07873605527385,12.892431753668125,-22.87453549164266,1.4054328872018758,5.948918005569598,0.32432432432432434,0.07613557780067078
m05_joint_production_wealth,std_D_sup,std,D_sup,flat_1.0,F,full,23.0,0.6,1490,99,53.687148019091914,8.756388447610844,-13.67942028914042,1.2138393640387173,3.924665437884976,0.3704697986577181,0.05386264169909992
m05_joint_production_wealth,std_D_sup,std,D_sup,flat_1.0,F,full,18.0,0.6,1490,99,70.06964220107498,8.754655608498206,-17.0512066333526,1.1888517017592317,4.109365613106639,0.3704697986577181,0.06810259957467998
m05_joint_production_wealth,std_D_sup,std,D_sup,flat_1.0,F,full,15.0,0.6,1490,99,85.52598261792205,8.753125087112403,-20.006764393334628,1.1662409545995729,4.274853291440546,0.3704697986577181,0.08094149225843225
m05_joint_production_wealth,std_D_sup,std,D_sup,flat_1.0,F,full,12.0,0.6,1490,99,109.18860580739013,8.750937640951427,-24.193844250349926,1.13298529906477,4.51307384959341,0.3704697986577181,0.09974468631314255
m05_joint_production_wealth,std_D_sup,std,D_sup,flat_1.0,F,full,10.0,0.6,1490,99,133.13290188050627,8.748872584424092,-28.106322988038375,1.100497946162421,4.736759836466891,0.3704697986577181,0.11802141026939428
m05_joint_production_wealth,std_D_sup,std,D_sup,flat_1.0,F,full,8.0,0.6,1490,99,169.9838768321905,8.885631340106775,-33.07807121639118,1.0645150882442658,5.138869062835755,0.3704697986577181,0.14233985534466576
m05_joint_production_wealth,std_D_sup,std,D_sup,canonical_P1,F,full,23.0,0.6,1073,99,63.121368906594725,12.916915934071266,-10.640205575764497,1.4679532255158374,5.932344864686457,0.32432432432432434,0.04087793893773078
m05_joint_production_wealth,std_D_sup,std,D_sup,canonical_P1,F,full,18.0,0.6,1073,99,83.63418182321513,12.916469091413735,-13.448280474408572,1.4461783850529726,6.218949848820222,0.32432432432432434,0.051687845297729754
m05_joint_production_wealth,std_D_sup,std,D_sup,canonical_P1,F,full,15.0,0.6,1073,99,103.5523093503703,12.91607830795742,-15.970868199942531,1.4264602278285832,6.483824677154552,0.32432432432432434,0.06143520429876045
m05_joint_production_wealth,std_D_sup,std,D_sup,canonical_P1,F,full,12.0,0.6,1073,99,135.24816660108345,12.922190921264285,-19.642863813135783,1.398066913622767,6.885358870667264,0.32432432432432434,0.07570136328432303
m05_joint_production_wealth,std_D_sup,std,D_sup,canonical_P1,F,full,10.0,0.6,1073,99,169.3362601445063,13.19583575322723,-23.791535404862643,1.4137341545667514,7.1175002900357764,0.32432432432432434,0.08722743469873372
m05_joint_production_wealth,std_D_sup,std,D_sup,canonical_P1,F,full,8.0,0.6,1073,99,173.22985776960996,12.898653253989272,-27.184370277394198,1.3754958498070826,6.372406496892935,0.32432432432432434,0.09135097343911608
m05_joint_production_wealth,std_D_sup_anch,std,D_sup_anch,flat_1.0,P,full,23.0,0.3,1496,99,53.61679598340099,8.70698243820632,-13.726645475637996,1.2150625955484813,3.906037791866913,0.3689839572192513,0.0540975170794573
m05_joint_production_wealth,std_D_sup_anch,std,D_sup_anch,flat_1.0,O,evaluation,23.0,0.3,794,50,8.910874222531561,3.571912412137047,-13.726645475638,0.48462305616386525,0.6491661956554897,0.3690176322418136,0.059581113956500086
m05_joint_production_wealth,std_D_sup_anch,std,D_sup_anch,flat_1.0,F,full,18.0,0.3,1496,99,69.97985324825319,8.705316678448469,-17.10912758569396,1.1901408393370552,4.090205821293181,0.3689839572192513,0.0683991379720978
m05_joint_production_wealth,std_D_sup_anch,std,D_sup_anch,flat_1.0,F,full,15.0,0.3,1496,99,85.41965473562891,8.703846733086408,-20.073725692697433,1.1675896788141766,4.255296502666842,0.3689839572192513,0.08129346643389859
m05_joint_production_wealth,std_D_sup_anch,std,D_sup_anch,flat_1.0,F,full,12.0,0.3,1496,99,109.06136806188923,8.701748171807488,-24.273049932873555,1.1344216467025228,4.493105248969347,0.3689839572192513,0.1001775696155539
m05_joint_production_wealth,std_D_sup_anch,std,D_sup_anch,flat_1.0,F,full,10.0,0.3,1496,99,132.99139154946013,8.699769707007853,-28.196340519212683,1.1020199593077185,4.716618862608828,0.3689839572192513,0.1185326128621709
m05_joint_production_wealth,std_D_sup_anch,std,D_sup_anch,flat_1.0,F,full,8.0,0.3,1496,99,170.8122100547382,8.870093910254319,-33.02038721831584,1.0714682411030703,5.1729317686496294,0.3689839572192513,0.1427488221086774
m05_joint_production_wealth,std_D_sup_anch,std,D_sup_anch,canonical_P1,P,full,23.0,0.3,1076,99,63.46759670741622,12.964081312715086,-10.734483651555959,1.4832909086918156,5.912496470961286,0.3243494423791822,0.040865031133107674
m05_joint_production_wealth,std_D_sup_anch,std,D_sup_anch,canonical_P1,O,evaluation,23.0,0.3,526,50,19.88844413987696,9.495338615411848,-9.170126265779285,1.0688567048999738,2.1688299117642327,0.3155893536121673,0.04239848724675968
m05_joint_production_wealth,std_D_sup_anch,std,D_sup_anch,canonical_P1,F,full,18.0,0.3,1076,99,72.63324152938154,12.95461489801612,-13.818659854920353,1.4808412656845469,5.2561711694147615,0.3243494423791822,0.04576583089401462
m05_joint_production_wealth,std_D_sup_anch,std,D_sup_anch,canonical_P1,F,full,15.0,0.3,1076,99,72.37752772852038,12.898835207974825,-13.938190159218752,1.4745655334295376,5.192749338453365,0.3243494423791822,0.045856306867235
m05_joint_production_wealth,std_D_sup_anch,std,D_sup_anch,canonical_P1,F,full,12.0,0.3,1076,99,72.37752772852038,12.898835207974825,-13.938190159218752,1.4745655334295376,5.192749338453365,0.3243494423791822,0.045856306867235
m05_joint_production_wealth,std_D_sup_anch,std,D_sup_anch,canonical_P1,F,full,10.0,0.3,1076,99,72.37752772852038,12.898835207974825,-13.938190159218752,1.4745655334295376,5.192749338453365,0.3243494423791822,0.045856306867235
m05_joint_production_wealth,std_D_sup_anch,std,D_sup_anch,canonical_P1,F,full,8.0,0.3,1076,99,72.37752772852038,12.898835207974825,-13.938190159218752,1.4745655334295376,5.192749338453365,0.3243494423791822,0.045856306867235
m05_joint_production_wealth,std_D_sup_anch,std,D_sup_anch,flat_1.0,F,full,23.0,0.4,1496,99,53.616795983400635,8.70698243820627,-13.72664547563799,1.2150625955484762,3.9060377918668885,0.3689839572192513,0.05409751707945735
m05_joint_production_wealth,std_D_sup_anch,std,D_sup_anch,flat_1.0,F,full,18.0,0.4,1496,99,69.97985324825429,8.705316678448543,-17.109127585693944,1.1901408393370647,4.0902058212932495,0.3689839572192513,0.06839913797209789
m05_joint_production_wealth,std_D_sup_anch,std,D_sup_anch,flat_1.0,F,full,15.0,0.4,1496,99,85.4196547356284,8.703846733086383,-20.07372569269749,1.1675896788141706,4.255296502666804,0.3689839572192513,0.08129346643389855
m05_joint_production_wealth,std_D_sup_anch,std,D_sup_anch,flat_1.0,F,full,12.0,0.4,1496,99,109.06136806188967,8.701748171807502,-24.273049932873555,1.1344216467025254,4.493105248969365,0.3689839572192513,0.10017756961555396
m05_joint_production_wealth,std_D_sup_anch,std,D_sup_anch,flat_1.0,F,full,10.0,0.4,1496,99,132.99139154945996,8.699769707007848,-28.19634051921267,1.1020199593077178,4.716618862608824,0.3689839572192513,0.11853261286217089
m05_joint_production_wealth,std_D_sup_anch,std,D_sup_anch,flat_1.0,F,full,8.0,0.4,1496,99,170.8122100547389,8.870093910254337,-33.020387218315804,1.0714682411030714,5.172931768649657,0.3689839572192513,0.14274882210867737
m05_joint_production_wealth,std_D_sup_anch,std,D_sup_anch,canonical_P1,F,full,23.0,0.4,1076,99,63.52219721404377,12.923306697054445,-10.64123493970683,1.4762846958203455,5.969438469685158,0.3243494423791822,0.04104724161910457
m05_joint_production_wealth,std_D_sup_anch,std,D_sup_anch,canonical_P1,F,full,18.0,0.4,1076,99,84.14065294676422,12.922610590689661,-13.504651227380284,1.4544180172482646,6.230494333402073,0.3243494423791822,0.05187062045195714
m05_joint_production_wealth,std_D_sup_anch,std,D_sup_anch,canonical_P1,F,full,15.0,0.4,1076,99,102.61286788871189,13.216244844224818,-16.54385138285592,1.4816353666512658,6.202477616248878,0.3243494423791822,0.059214818859898447
m05_joint_production_wealth,std_D_sup_anch,std,D_sup_anch,canonical_P1,F,full,12.0,0.4,1076,99,103.04578963524182,12.898835207974829,-18.43305291205846,1.444458582058331,5.590272546108286,0.3243494423791822,0.061141742489646676
m05_joint_production_wealth,std_D_sup_anch,std,D_sup_anch,canonical_P1,F,full,10.0,0.4,1076,99,103.04578963524182,12.898835207974829,-18.43305291205846,1.444458582058331,5.590272546108286,0.3243494423791822,0.061141742489646676
m05_joint_production_wealth,std_D_sup_anch,std,D_sup_anch,canonical_P1,F,full,8.0,0.4,1076,99,103.04578963524182,12.898835207974829,-18.43305291205846,1.444458582058331,5.590272546108286,0.3243494423791822,0.061141742489646676
m05_joint_production_wealth,std_D_sup_anch,std,D_sup_anch,flat_1.0,F,full,23.0,0.5,1496,99,53.61679598340163,8.706982438206408,-13.726645475638025,1.2150625955484944,3.9060377918669515,0.3689839572192513,0.0540975170794573
m05_joint_production_wealth,std_D_sup_anch,std,D_sup_anch,flat_1.0,F,full,18.0,0.5,1496,99,69.97985324825436,8.70531667844856,-17.1091275856939,1.1901408393370692,4.090205821293264,0.3689839572192513,0.06839913797209789
m05_joint_production_wealth,std_D_sup_anch,std,D_sup_anch,flat_1.0,F,full,15.0,0.5,1496,99,85.41965473562855,8.703846733086396,-20.07372569269748,1.1675896788141729,4.255296502666814,0.3689839572192513,0.0812934664338985
m05_joint_production_wealth,std_D_sup_anch,std,D_sup_anch,flat_1.0,F,full,12.0,0.5,1496,99,109.06136806188944,8.701748171807488,-24.27304993287356,1.1344216467025228,4.493105248969355,0.3689839572192513,0.10017756961555402
m05_joint_production_wealth,std_D_sup_anch,std,D_sup_anch,flat_1.0,F,full,10.0,0.5,1496,99,132.99139154946053,8.69976970700787,-28.19634051921262,1.102019959307722,4.716618862608852,0.3689839572192513,0.11853261286217086
m05_joint_production_wealth,std_D_sup_anch,std,D_sup_anch,flat_1.0,F,full,8.0,0.5,1496,99,170.81221005473896,8.870093910254333,-33.02038721831587,1.0714682411030712,5.172931768649649,0.3689839572192513,0.14274882210867743
m05_joint_production_wealth,std_D_sup_anch,std,D_sup_anch,canonical_P1,F,full,23.0,0.5,1076,99,63.52219721404293,12.923306697054334,-10.641234939706887,1.476284695820333,5.969438469685047,0.3243494423791822,0.04104724161910457
m05_joint_production_wealth,std_D_sup_anch,std,D_sup_anch,canonical_P1,F,full,18.0,0.5,1076,99,84.20654764587603,12.922902580989692,-13.448167567216975,1.4545506182009167,6.261562939708529,0.3243494423791822,0.051901615164092675
m05_joint_production_wealth,std_D_sup_anch,std,D_sup_anch,canonical_P1,F,full,15.0,0.5,1076,99,104.35190262164107,12.926965096723773,-15.969298299229134,1.4353188830742025,6.534532743162442,0.3243494423791822,0.061684376131175736
m05_joint_production_wealth,std_D_sup_anch,std,D_sup_anch,canonical_P1,F,full,12.0,0.5,1076,99,135.77418980233733,13.228578010081899,-20.233051268425097,1.453654972939243,6.710514790926329,0.3243494423791822,0.07353806568489098
m05_joint_production_wealth,std_D_sup_anch,std,D_sup_anch,canonical_P1,F,full,10.0,0.5,1076,99,137.30373175850713,12.912574601226723,-22.835315657083687,1.4155881023888919,6.012780108687242,0.3243494423791822,0.07640541471525936
m05_joint_production_wealth,std_D_sup_anch,std,D_sup_anch,canonical_P1,F,full,8.0,0.5,1076,99,137.11887193249822,12.898835207974832,-22.83531565708366,1.4141464893314724,6.004684760727757,0.3243494423791822,0.07642717811205835
m05_joint_production_wealth,std_D_sup_anch,std,D_sup_anch,flat_1.0,F,full,23.0,0.6,1496,99,53.61679598340099,8.70698243820632,-13.726645475637996,1.2150625955484813,3.906037791866913,0.3689839572192513,0.0540975170794573
m05_joint_production_wealth,std_D_sup_anch,std,D_sup_anch,flat_1.0,F,full,18.0,0.6,1496,99,69.97985324825319,8.705316678448469,-17.10912758569396,1.1901408393370552,4.090205821293181,0.3689839572192513,0.0683991379720978
m05_joint_production_wealth,std_D_sup_anch,std,D_sup_anch,flat_1.0,F,full,15.0,0.6,1496,99,85.41965473562891,8.703846733086408,-20.073725692697433,1.1675896788141766,4.255296502666842,0.3689839572192513,0.08129346643389859
m05_joint_production_wealth,std_D_sup_anch,std,D_sup_anch,flat_1.0,F,full,12.0,0.6,1496,99,109.06136806188923,8.701748171807488,-24.273049932873555,1.1344216467025228,4.493105248969347,0.3689839572192513,0.1001775696155539
m05_joint_production_wealth,std_D_sup_anch,std,D_sup_anch,flat_1.0,F,full,10.0,0.6,1496,99,132.99139154946013,8.699769707007853,-28.196340519212683,1.1020199593077185,4.716618862608828,0.3689839572192513,0.1185326128621709
m05_joint_production_wealth,std_D_sup_anch,std,D_sup_anch,flat_1.0,F,full,8.0,0.6,1496,99,170.8122100547382,8.870093910254319,-33.02038721831584,1.0714682411030703,5.1729317686496294,0.3689839572192513,0.1427488221086774
m05_joint_production_wealth,std_D_sup_anch,std,D_sup_anch,canonical_P1,F,full,23.0,0.6,1076,99,63.52219721404351,12.923306697054425,-10.641234939706827,1.4762846958203428,5.969438469685135,0.3243494423791822,0.041047241619104544
m05_joint_production_wealth,std_D_sup_anch,std,D_sup_anch,canonical_P1,F,full,18.0,0.6,1076,99,84.20654764587539,12.922902580989613,-13.448167567216979,1.454550618200907,6.26156293970848,0.3243494423791822,0.051901615164092724
m05_joint_production_wealth,std_D_sup_anch,std,D_sup_anch,canonical_P1,F,full,15.0,0.6,1076,99,104.30860700686355,12.92255030006325,-15.969298299229276,1.4348687160778546,6.531821564877261,0.3243494423791822,0.061688958205563256
m05_joint_production_wealth,std_D_sup_anch,std,D_sup_anch,canonical_P1,F,full,12.0,0.6,1076,99,136.32708251456035,12.928575510211328,-19.638505402548752,1.406506345649901,6.941825750999735,0.3243494423791822,0.07601318641619682
m05_joint_production_wealth,std_D_sup_anch,std,D_sup_anch,canonical_P1,F,full,10.0,0.6,1076,99,170.53583939556404,13.192426671884206,-23.77593818075228,1.4211822158095093,7.1726229307586555,0.3243494423791822,0.08757682529944222
m05_joint_production_wealth,std_D_sup_anch,std,D_sup_anch,canonical_P1,F,full,8.0,0.6,1076,99,174.68583096910885,12.904931812851071,-27.136139413291332,1.3842736520658074,6.437386995570468,0.3243494423791822,0.09170102336660231
m05_joint_production_wealth,std_D_tot,std,D_tot,flat_1.0,P,full,23.0,0.3,1492,99,53.10149143257969,8.65656598250944,-13.527937412665652,1.2121529791718806,3.925320602301349,0.3699731903485255,0.053972514825179445
m05_joint_production_wealth,std_D_tot,std,D_tot,flat_1.0,O,evaluation,23.0,0.3,790,50,9.222036209144191,3.66185483321732,-13.527937412665647,0.5048446790747059,0.6817030510881859,0.369620253164557,0.059496584695432224
m05_joint_production_wealth,std_D_tot,std,D_tot,flat_1.0,F,full,18.0,0.3,1492,99,69.28024565562865,8.654967269414131,-16.864478885538574,1.1873335825820834,4.108057303510102,0.3699731903485255,0.06823933710196209
m05_joint_production_wealth,std_D_tot,std,D_tot,flat_1.0,F,full,15.0,0.3,1492,99,84.5373449867709,8.65355721997432,-19.78991113228508,1.164877526581979,4.271739495022666,0.3699731903485255,0.08110167382400735
m05_joint_production_wealth,std_D_tot,std,D_tot,flat_1.0,F,full,12.0,0.3,1492,99,107.88532037556263,8.651545444179444,-23.93562878844335,1.1318535816981734,4.507310893276054,0.3699731903485255,0.09993787801624006
m05_joint_production_wealth,std_D_tot,std,D_tot,flat_1.0,F,full,10.0,0.3,1492,99,131.50394489463312,8.649650285136607,-27.81096025571785,1.0995974072965031,4.7284935034775115,0.3699731903485255,0.11824518516571352
m05_joint_production_wealth,std_D_tot,std,D_tot,flat_1.0,F,full,8.0,0.3,1492,99,168.16940716906527,8.802706614396692,-32.735371770809145,1.065781965942029,5.137238347145507,0.3699731903485255,0.14242932598777067
m05_joint_production_wealth,std_D_tot,std,D_tot,canonical_P1,P,full,23.0,0.3,1077,99,63.06607438623575,12.949102977655452,-10.825591627924606,1.4844521354509892,5.825646907237555,0.32590529247910865,0.040690583021843627
m05_joint_production_wealth,std_D_tot,std,D_tot,canonical_P1,O,evaluation,23.0,0.3,525,50,20.08508351288807,9.602274811802921,-9.130981647244464,1.0868290388089383,2.1996631127770714,0.3161904761904762,0.042206600284248434
m05_joint_production_wealth,std_D_tot,std,D_tot,canonical_P1,F,full,18.0,0.3,1077,99,72.29481116067183,12.955031484850505,-13.906936587129392,1.4836262532776299,5.198471331751042,0.32590529247910865,0.045576495794790596
m05_joint_production_wealth,std_D_tot,std,D_tot,canonical_P1,F,full,15.0,0.3,1077,99,72.07576420917563,12.904580684828995,-14.014996447729668,1.4780126418587352,5.142760076892592,0.32590529247910865,0.04566326435942635
m05_joint_production_wealth,std_D_tot,std,D_tot,canonical_P1,F,full,12.0,0.3,1077,99,72.07576420917563,12.904580684828995,-14.014996447729668,1.4780126418587352,5.142760076892592,0.32590529247910865,0.04566326435942635
m05_joint_production_wealth,std_D_tot,std,D_tot,canonical_P1,F,full,10.0,0.3,1077,99,72.07576420917563,12.904580684828995,-14.014996447729668,1.4780126418587352,5.142760076892592,0.32590529247910865,0.04566326435942635
m05_joint_production_wealth,std_D_tot,std,D_tot,canonical_P1,F,full,8.0,0.3,1077,99,72.07576420917563,12.904580684828995,-14.014996447729668,1.4780126418587352,5.142760076892592,0.32590529247910865,0.04566326435942635
m05_joint_production_wealth,std_D_tot,std,D_tot,flat_1.0,F,full,23.0,0.4,1492,99,53.10149143257872,8.656565982509349,-13.527937412665608,1.2121529791718693,3.92532060230129,0.3699731903485255,0.05397251482517938
m05_joint_production_wealth,std_D_tot,std,D_tot,flat_1.0,F,full,18.0,0.4,1492,99,69.2802456556288,8.654967269414142,-16.864478885538578,1.187333582582086,4.108057303510111,0.3699731903485255,0.06823933710196213
m05_joint_production_wealth,std_D_tot,std,D_tot,flat_1.0,F,full,15.0,0.4,1492,99,84.53734498677117,8.653557219974347,-19.789911132285066,1.1648775265819826,4.271739495022683,0.3699731903485255,0.08110167382400735
m05_joint_production_wealth,std_D_tot,std,D_tot,flat_1.0,F,full,12.0,0.4,1492,99,107.88532037556284,8.651545444179453,-23.935628788443353,1.1318535816981767,4.507310893276062,0.3699731903485255,0.09993787801624004
m05_joint_production_wealth,std_D_tot,std,D_tot,flat_1.0,F,full,10.0,0.4,1492,99,131.5039448946328,8.6496502851366,-27.810960255717877,1.0995974072965016,4.7284935034774955,0.3699731903485255,0.11824518516571343
m05_joint_production_wealth,std_D_tot,std,D_tot,flat_1.0,F,full,8.0,0.4,1492,99,168.16940716906578,8.802706614396703,-32.73537177080916,1.0657819659420305,5.13723834714552,0.3699731903485255,0.1424293259877707
m05_joint_production_wealth,std_D_tot,std,D_tot,canonical_P1,F,full,23.0,0.4,1077,99,63.10223249233735,12.904406160505404,-10.738805945158376,1.476627101935007,5.87609393582414,0.32590529247910865,0.04087733192393275
m05_joint_production_wealth,std_D_tot,std,D_tot,canonical_P1,F,full,18.0,0.4,1077,99,83.55762027836933,12.90366959698636,-13.633940335355296,1.4551239023912554,6.128647934719882,0.32590529247910865,0.05165097131723126
m05_joint_production_wealth,std_D_tot,std,D_tot,canonical_P1,F,full,15.0,0.4,1077,99,101.97451235773852,13.20317553776881,-16.666196546512175,1.4833997232205882,6.118643331317203,0.32590529247910865,0.058972212514824686
m05_joint_production_wealth,std_D_tot,std,D_tot,canonical_P1,F,full,12.0,0.4,1077,99,102.61028234052492,12.904580684828982,-18.52919838069635,1.4480019839162392,5.537761549761588,0.32590529247910865,0.06088435247923515
m05_joint_production_wealth,std_D_tot,std,D_tot,canonical_P1,F,full,10.0,0.4,1077,99,102.61028234052492,12.904580684828982,-18.52919838069635,1.4480019839162392,5.537761549761588,0.32590529247910865,0.06088435247923515
m05_joint_production_wealth,std_D_tot,std,D_tot,canonical_P1,F,full,8.0,0.4,1077,99,102.61028234052492,12.904580684828982,-18.52919838069635,1.4480019839162392,5.537761549761588,0.32590529247910865,0.06088435247923515
m05_joint_production_wealth,std_D_tot,std,D_tot,flat_1.0,F,full,23.0,0.5,1492,99,53.10149143257901,8.656565982509354,-13.527937412665631,1.2121529791718701,3.925320602301305,0.3699731903485255,0.05397251482517947
m05_joint_production_wealth,std_D_tot,std,D_tot,flat_1.0,F,full,18.0,0.5,1492,99,69.28024565562885,8.65496726941416,-16.864478885538578,1.1873335825820874,4.108057303510113,0.3699731903485255,0.06823933710196207
m05_joint_production_wealth,std_D_tot,std,D_tot,flat_1.0,F,full,15.0,0.5,1492,99,84.53734498677159,8.653557219974374,-19.789911132285038,1.1648775265819837,4.271739495022709,0.3699731903485255,0.08110167382400725
m05_joint_production_wealth,std_D_tot,std,D_tot,flat_1.0,F,full,12.0,0.5,1492,99,107.88532037556192,8.651545444179408,-23.935628788443353,1.1318535816981696,4.507310893276023,0.3699731903485255,0.09993787801624007
m05_joint_production_wealth,std_D_tot,std,D_tot,flat_1.0,F,full,10.0,0.5,1492,99,131.503944894633,8.649650285136598,-27.810960255717887,1.0995974072965016,4.728493503477501,0.3699731903485255,0.11824518516571352
m05_joint_production_wealth,std_D_tot,std,D_tot,flat_1.0,F,full,8.0,0.5,1492,99,168.16940716906538,8.80270661439669,-32.73537177080914,1.065781965942029,5.137238347145511,0.3699731903485255,0.14242932598777072
m05_joint_production_wealth,std_D_tot,std,D_tot,canonical_P1,F,full,23.0,0.5,1077,99,63.10223249233804,12.9044061605055,-10.738805945158356,1.4766271019350181,5.876093935824215,0.32590529247910865,0.04087733192393275
m05_joint_production_wealth,std_D_tot,std,D_tot,canonical_P1,F,full,18.0,0.5,1077,99,83.62816695938405,12.904069757937885,-13.567170138997268,1.4549797822423558,6.1640095983616,0.32590529247910865,0.051685502650263136
m05_joint_production_wealth,std_D_tot,std,D_tot,canonical_P1,F,full,15.0,0.5,1077,99,103.61259987363178,12.908128869739484,-16.106140486928382,1.4358314768699743,6.433111641968041,0.32590529247910865,0.06142654755035713
m05_joint_production_wealth,std_D_tot,std,D_tot,canonical_P1,F,full,12.0,0.5,1077,99,134.86821529714882,13.21377008479091,-20.378337390800105,1.4552757908115586,6.6182148578046265,0.32590529247910865,0.07323496326416949
m05_joint_production_wealth,std_D_tot,std,D_tot,canonical_P1,F,full,10.0,0.5,1077,99,136.7295827977304,12.91894415911343,-22.948051927614195,1.419296984276269,5.958221779740653,0.32590529247910865,0.07608280816168532
m05_joint_production_wealth,std_D_tot,std,D_tot,canonical_P1,F,full,8.0,0.5,1077,99,136.5375754463773,12.904580684828975,-22.94805192761419,1.417786730166616,5.949854736125853,0.32590529247910865,0.07610544059904392
m05_joint_production_wealth,std_D_tot,std,D_tot,flat_1.0,F,full,23.0,0.6,1492,99,53.10149143257969,8.65656598250944,-13.527937412665652,1.2121529791718806,3.925320602301349,0.3699731903485255,0.053972514825179445
m05_joint_production_wealth,std_D_tot,std,D_tot,flat_1.0,F,full,18.0,0.6,1492,99,69.28024565562865,8.654967269414131,-16.864478885538574,1.1873335825820834,4.108057303510102,0.3699731903485255,0.06823933710196209
m05_joint_production_wealth,std_D_tot,std,D_tot,flat_1.0,F,full,15.0,0.6,1492,99,84.5373449867709,8.65355721997432,-19.78991113228508,1.164877526581979,4.271739495022666,0.3699731903485255,0.08110167382400735
m05_joint_production_wealth,std_D_tot,std,D_tot,flat_1.0,F,full,12.0,0.6,1492,99,107.88532037556263,8.651545444179444,-23.93562878844335,1.1318535816981734,4.507310893276054,0.3699731903485255,0.09993787801624006
m05_joint_production_wealth,std_D_tot,std,D_tot,flat_1.0,F,full,10.0,0.6,1492,99,131.50394489463312,8.649650285136607,-27.81096025571785,1.0995974072965031,4.7284935034775115,0.3699731903485255,0.11824518516571352
m05_joint_production_wealth,std_D_tot,std,D_tot,flat_1.0,F,full,8.0,0.6,1492,99,168.16940716906527,8.802706614396692,-32.735371770809145,1.065781965942029,5.137238347145507,0.3699731903485255,0.14242932598777067
m05_joint_production_wealth,std_D_tot,std,D_tot,canonical_P1,F,full,23.0,0.6,1077,99,63.1022324923383,12.904406160505545,-10.738805945158376,1.476627101935023,5.876093935824229,0.32590529247910865,0.04087733192393268
m05_joint_production_wealth,std_D_tot,std,D_tot,canonical_P1,F,full,18.0,0.6,1077,99,83.62816695938355,12.904069757937846,-13.567170138997236,1.4549797822423522,6.164009598361578,0.32590529247910865,0.05168550265026316
m05_joint_production_wealth,std_D_tot,std,D_tot,canonical_P1,F,full,15.0,0.6,1077,99,103.56942608492554,12.9037773538247,-16.106140486928332,1.4353778205662446,6.430431062549218,0.32590529247910865,0.061430738121668
m05_joint_production_wealth,std_D_tot,std,D_tot,canonical_P1,F,full,12.0,0.6,1077,99,135.31825252605364,12.909727378282104,-19.799019693792804,1.4071189357827607,6.834593561643726,0.32590529247910865,0.07569253576069611
m05_joint_production_wealth,std_D_tot,std,D_tot,canonical_P1,F,full,10.0,0.6,1077,99,169.37333483792793,13.17903865436837,-23.942454048499762,1.4226652487300486,7.074184396254104,0.32590529247910865,0.08721190935099757
m05_joint_production_wealth,std_D_tot,std,D_tot,canonical_P1,F,full,8.0,0.6,1077,99,173.96221831855368,12.911285803291566,-27.262934787742783,1.388076837809796,6.380905785563696,0.32590529247910865,0.09131384845198105
m05_joint_production_wealth,inv_A_pool,inv,A_pool,flat_1.0,P,full,23.0,0.3,1313,99,41.47534330525193,9.54132435797866,-12.37897866474705,1.1997966109091436,3.3504656909512036,0.36633663366336633,0.039351197334443734
m05_joint_production_wealth,inv_A_pool,inv,A_pool,flat_1.0,O,evaluation,23.0,0.3,708,50,6.195860939016562,3.1705461183677808,-12.378978664747049,0.40800096159673466,0.5005147118203849,0.3686440677966102,0.04718865949464997
m05_joint_production_wealth,inv_A_pool,inv,A_pool,flat_1.0,F,full,18.0,0.3,1313,99,53.793384522016275,9.539697994598528,-15.463848137241143,1.1792846075605568,3.4786544749147663,0.36633663366336633,0.049754429260326215
m05_joint_production_wealth,inv_A_pool,inv,A_pool,flat_1.0,F,full,15.0,0.3,1313,99,65.33503774311052,9.538342899343565,-18.179616923833194,1.1607551492508499,3.5938621818514394,0.36633663366336633,0.059133713126276896
m05_joint_production_wealth,inv_A_pool,inv,A_pool,flat_1.0,F,full,12.0,0.3,1313,99,82.91495608078945,9.536549803100296,-22.04646793082014,1.1335565561472714,3.7609179094342564,0.36633663366336633,0.07286920749554812
m05_joint_production_wealth,inv_A_pool,inv,A_pool,flat_1.0,F,full,10.0,0.3,1313,99,100.67111613742136,9.535026507331148,-25.68127152055008,1.107049209066285,3.9200207067965707,0.36633663366336633,0.08621869993888231
m05_joint_production_wealth,inv_A_pool,inv,A_pool,flat_1.0,F,full,8.0,0.3,1313,99,130.35861952937947,9.72039936585704,-29.85051195446654,1.0998888884777844,4.367048033488547,0.36633663366336633,0.10449574487985436
m05_joint_production_wealth,inv_A_pool,inv,A_pool,canonical_P1,P,full,23.0,0.3,944,99,63.9050236131224,18.284758577847608,-6.860429425088249,1.9432558790761165,9.315018004474313,0.3294491525423729,0.028399731683538876
m05_joint_production_wealth,inv_A_pool,inv,A_pool,canonical_P1,O,evaluation,23.0,0.3,472,50,18.840392957869987,11.40661699889769,-6.860429425088281,1.3514361647190976,2.7462410572975973,0.326271186440678,0.03225903205534502
m05_joint_production_wealth,inv_A_pool,inv,A_pool,canonical_P1,F,full,18.0,0.3,944,99,72.97039132328476,18.263822033252637,-7.5752776846165855,1.9715716062048485,9.632701844246396,0.3294491525423729,0.031628130155575127
m05_joint_production_wealth,inv_A_pool,inv,A_pool,canonical_P1,F,full,15.0,0.3,944,99,73.10085344875417,18.232765765411592,-7.57869511852947,1.9628964368794137,9.645572530029188,0.3294491525423729,0.0317385705528305
m05_joint_production_wealth,inv_A_pool,inv,A_pool,canonical_P1,F,full,12.0,0.3,944,99,72.95776456991887,18.19476909256588,-7.5786951185294615,1.959339609093909,9.62669211900891,0.3294491525423729,0.03175944501452656
m05_joint_production_wealth,inv_A_pool,inv,A_pool,canonical_P1,F,full,10.0,0.3,944,99,72.95776456991887,18.19476909256588,-7.5786951185294615,1.959339609093909,9.62669211900891,0.3294491525423729,0.03175944501452656
m05_joint_production_wealth,inv_A_pool,inv,A_pool,canonical_P1,F,full,8.0,0.3,944,99,72.95776456991887,18.19476909256588,-7.5786951185294615,1.959339609093909,9.62669211900891,0.3294491525423729,0.03175944501452656
m05_joint_production_wealth,inv_A_pool,inv,A_pool,flat_1.0,F,full,23.0,0.4,1313,99,41.47534330525158,9.541324357978613,-12.378978664747072,1.1997966109091356,3.350465690951169,0.36633663366336633,0.03935119733444374
m05_joint_production_wealth,inv_A_pool,inv,A_pool,flat_1.0,F,full,18.0,0.4,1313,99,53.79338452201641,9.539697994598532,-15.463848137241143,1.179284607560555,3.4786544749147748,0.36633663366336633,0.049754429260326326
m05_joint_production_wealth,inv_A_pool,inv,A_pool,flat_1.0,F,full,15.0,0.4,1313,99,65.33503774311163,9.538342899343652,-18.1796169238332,1.1607551492508594,3.5938621818514993,0.36633663366336633,0.059133713126276986
m05_joint_production_wealth,inv_A_pool,inv,A_pool,flat_1.0,F,full,12.0,0.4,1313,99,82.91495608078962,9.536549803100334,-22.046467930820153,1.133556556147274,3.7609179094342617,0.36633663366336633,0.0728692074955481
m05_joint_production_wealth,inv_A_pool,inv,A_pool,flat_1.0,F,full,10.0,0.4,1313,99,100.67111613742092,9.535026507331148,-25.681271520550002,1.107049209066284,3.9200207067965653,0.36633663366336633,0.08621869993888219
m05_joint_production_wealth,inv_A_pool,inv,A_pool,flat_1.0,F,full,8.0,0.4,1313,99,130.35861952937995,9.720399365857071,-29.85051195446657,1.099888888477785,4.367048033488559,0.36633663366336633,0.10449574487985434
m05_joint_production_wealth,inv_A_pool,inv,A_pool,canonical_P1,F,full,23.0,0.4,944,99,64.42943371602121,18.23696066155051,-7.169889447086886,1.929989030020377,8.986112574190217,0.3294491525423729,0.028679908992616857
m05_joint_production_wealth,inv_A_pool,inv,A_pool,canonical_P1,F,full,18.0,0.4,944,99,85.96196340102435,18.235905517404507,-8.85223121277776,1.9164560049340607,9.710767978692479,0.3294491525423729,0.03615706140683974
m05_joint_production_wealth,inv_A_pool,inv,A_pool,canonical_P1,F,full,15.0,0.4,944,99,101.5800459418569,18.31817183534058,-9.635228869612982,1.9526704599977645,10.542567002452227,0.3294491525423729,0.04086017557450002
m05_joint_production_wealth,inv_A_pool,inv,A_pool,canonical_P1,F,full,12.0,0.4,944,99,105.90339369769279,18.27058718367871,-10.0178618740909,1.9465986745104196,10.571456766796688,0.3294491525423729,0.04229042613953884
m05_joint_production_wealth,inv_A_pool,inv,A_pool,canonical_P1,F,full,10.0,0.4,944,99,105.44974190145493,18.19476909256587,-10.0178618740909,1.939491828177026,10.526172473407584,0.3294491525423729,0.042345926686035415
m05_joint_production_wealth,inv_A_pool,inv,A_pool,canonical_P1,F,full,8.0,0.4,944,99,105.44974190145493,18.19476909256587,-10.0178618740909,1.939491828177026,10.526172473407584,0.3294491525423729,0.042345926686035415
m05_joint_production_wealth,inv_A_pool,inv,A_pool,flat_1.0,F,full,23.0,0.5,1313,99,41.47534330525193,9.54132435797866,-12.378978664747049,1.1997966109091431,3.350465690951204,0.36633663366336633,0.03935119733444375
m05_joint_production_wealth,inv_A_pool,inv,A_pool,flat_1.0,F,full,18.0,0.5,1313,99,53.793384522016765,9.539697994598633,-15.463848137241119,1.179284607560567,3.4786544749148036,0.36633663366336633,0.049754429260326145
m05_joint_production_wealth,inv_A_pool,inv,A_pool,flat_1.0,F,full,15.0,0.5,1313,99,65.33503774311116,9.538342899343629,-18.179616923833187,1.1607551492508557,3.593862181851476,0.36633663366336633,0.05913371312627697
m05_joint_production_wealth,inv_A_pool,inv,A_pool,flat_1.0,F,full,12.0,0.5,1313,99,82.9149560807897,9.536549803100325,-22.046467930820125,1.1335565561472756,3.7609179094342697,0.36633663366336633,0.07286920749554802
m05_joint_production_wealth,inv_A_pool,inv,A_pool,flat_1.0,F,full,10.0,0.5,1313,99,100.6711161374208,9.535026507331132,-25.681271520550048,1.107049209066281,3.9200207067965533,0.36633663366336633,0.08621869993888218
m05_joint_production_wealth,inv_A_pool,inv,A_pool,flat_1.0,F,full,8.0,0.5,1313,99,130.35861952938043,9.720399365857073,-29.850511954466537,1.0998888884777898,4.3670480334885795,0.36633663366336633,0.10449574487985448
m05_joint_production_wealth,inv_A_pool,inv,A_pool,canonical_P1,F,full,23.0,0.5,944,99,64.42943371602104,18.23696066155048,-7.169889447086875,1.92998903002037,8.986112574190207,0.3294491525423729,0.028679908992616864
m05_joint_production_wealth,inv_A_pool,inv,A_pool,canonical_P1,F,full,18.0,0.5,944,99,86.33003792341636,18.24099934680875,-9.010077617474744,1.9152632852444278,9.581497694979024,0.3294491525423729,0.03626989409529225
m05_joint_production_wealth,inv_A_pool,inv,A_pool,canonical_P1,F,full,15.0,0.5,944,99,107.4949082824289,18.191377382336814,-10.649563703720148,1.8961141069812006,10.093832129937713,0.3294491525423729,0.04307613061594316
m05_joint_production_wealth,inv_A_pool,inv,A_pool,canonical_P1,F,full,12.0,0.5,944,99,135.5235530025995,18.283083051470133,-11.860687627194244,1.9280011150928806,11.426281280005252,0.3294491525423729,0.050715310979053796
m05_joint_production_wealth,inv_A_pool,inv,A_pool,canonical_P1,F,full,10.0,0.5,944,99,143.69192867955937,18.294606194613735,-12.414179505374697,1.9288845201285076,11.574822856182175,0.3294491525423729,0.05283998677415325
m05_joint_production_wealth,inv_A_pool,inv,A_pool,canonical_P1,F,full,8.0,0.5,944,99,142.8591363263538,18.200198011791304,-12.414179505374701,1.9200363065867052,11.507738893617828,0.3294491525423729,0.05292743469200482
m05_joint_production_wealth,inv_A_pool,inv,A_pool,flat_1.0,F,full,23.0,0.6,1313,99,41.47534330525193,9.54132435797866,-12.37897866474705,1.1997966109091436,3.3504656909512036,0.36633663366336633,0.039351197334443734
m05_joint_production_wealth,inv_A_pool,inv,A_pool,flat_1.0,F,full,18.0,0.6,1313,99,53.793384522016275,9.539697994598528,-15.463848137241143,1.1792846075605568,3.4786544749147663,0.36633663366336633,0.049754429260326215
m05_joint_production_wealth,inv_A_pool,inv,A_pool,flat_1.0,F,full,15.0,0.6,1313,99,65.33503774311052,9.538342899343565,-18.179616923833194,1.1607551492508499,3.5938621818514394,0.36633663366336633,0.059133713126276896
m05_joint_production_wealth,inv_A_pool,inv,A_pool,flat_1.0,F,full,12.0,0.6,1313,99,82.91495608078945,9.536549803100296,-22.04646793082014,1.1335565561472714,3.7609179094342564,0.36633663366336633,0.07286920749554812
m05_joint_production_wealth,inv_A_pool,inv,A_pool,flat_1.0,F,full,10.0,0.6,1313,99,100.67111613742136,9.535026507331148,-25.68127152055008,1.107049209066285,3.9200207067965707,0.36633663366336633,0.08621869993888231
m05_joint_production_wealth,inv_A_pool,inv,A_pool,flat_1.0,F,full,8.0,0.6,1313,99,130.35861952937947,9.72039936585704,-29.85051195446654,1.0998888884777844,4.367048033488547,0.36633663366336633,0.10449574487985436
m05_joint_production_wealth,inv_A_pool,inv,A_pool,canonical_P1,F,full,23.0,0.6,944,99,64.42943371602048,18.236960661550405,-7.169889447086876,1.929989030020361,8.986112574190129,0.3294491525423729,0.028679908992616795
m05_joint_production_wealth,inv_A_pool,inv,A_pool,canonical_P1,F,full,18.0,0.6,944,99,86.33003792341678,18.240999346808835,-9.01007761747474,1.9152632852444382,9.581497694979076,0.3294491525423729,0.036269894095292195
m05_joint_production_wealth,inv_A_pool,inv,A_pool,canonical_P1,F,full,15.0,0.6,944,99,108.09587954285061,18.244703880697177,-10.649563703720164,1.9019340774106281,10.15026366808717,0.3294491525423729,0.04311581852806116
m05_joint_production_wealth,inv_A_pool,inv,A_pool,canonical_P1,F,full,12.0,0.6,944,99,142.83497026409466,18.20777123951893,-12.945861861413166,1.878083712448527,11.033253080649112,0.3294491525423729,0.05305585221400869
m05_joint_production_wealth,inv_A_pool,inv,A_pool,canonical_P1,F,full,10.0,0.6,944,99,173.24493688579076,18.258544344307555,-14.020079977084754,1.9040230886867948,12.356915022521449,0.3294491525423729,0.06040454899303544
m05_joint_production_wealth,inv_A_pool,inv,A_pool,canonical_P1,F,full,8.0,0.6,944,99,186.70467047867575,18.287478270408776,-14.768056559174381,1.9081977447003964,12.64246718791776,0.3294491525423729,0.06341712194213488
m05_joint_production_wealth,inv_B_full,inv,B_full,flat_1.0,P,full,23.0,0.3,1328,99,41.043148416274924,9.444628304464329,-12.409397300902619,1.1745887357076072,3.3074248024349724,0.35768072289156627,0.03949110997243981
m05_joint_production_wealth,inv_B_full,inv,B_full,flat_1.0,O,evaluation,23.0,0.3,717,50,5.950797241227357,3.0943355114774476,-12.409397300902613,0.38897075080808124,0.47953958576171285,0.3682008368200837,0.04702318284864052
m05_joint_production_wealth,inv_B_full,inv,B_full,flat_1.0,F,full,18.0,0.3,1328,99,53.167865834099985,9.44244171389426,-15.499722609390568,1.153812135178183,3.430246280787504,0.35768072289156627,0.04993320036301821
m05_joint_production_wealth,inv_B_full,inv,B_full,flat_1.0,F,full,15.0,0.3,1328,99,64.49986942728667,9.440581016973724,-18.21959358264085,1.1350439296586965,3.540137661947654,0.35768072289156627,0.0593482000860842
m05_joint_production_wealth,inv_B_full,inv,B_full,flat_1.0,F,full,12.0,0.3,1328,99,81.70533560015576,9.438046577341717,-22.091156817024626,1.1074952597221082,3.6985539633302165,0.35768072289156627,0.07313717745467366
m05_joint_production_wealth,inv_B_full,inv,B_full,flat_1.0,F,full,10.0,0.3,1328,99,99.01234525750104,9.435801689185462,-25.7291879850927,1.080647025060094,3.8482499064823985,0.35768072289156627,0.08654000736824734
m05_joint_production_wealth,inv_B_full,inv,B_full,flat_1.0,F,full,8.0,0.3,1328,99,127.83408324714588,9.60300773265578,-29.932669945996064,1.070471817019595,4.270721037507901,0.35768072289156627,0.10511051417519236
m05_joint_production_wealth,inv_B_full,inv,B_full,canonical_P1,P,full,23.0,0.3,941,99,63.76087526523908,18.10275375692431,-7.222977837586007,1.904928256740046,8.827505316913532,0.3273113708820404,0.02867461180581565
m05_joint_production_wealth,inv_B_full,inv,B_full,canonical_P1,O,evaluation,23.0,0.3,471,50,17.800657951596556,10.816169337950162,-7.222977837585991,1.2636341428516655,2.464448645954278,0.32908704883227174,0.032451409711253425
m05_joint_production_wealth,inv_B_full,inv,B_full,canonical_P1,F,full,18.0,0.3,941,99,73.00371449895793,18.126065155760795,-7.995136825765078,1.934800658799391,9.13101502699699,0.3273113708820404,0.03192825328076835
m05_joint_production_wealth,inv_B_full,inv,B_full,canonical_P1,F,full,15.0,0.3,941,99,72.98941454204402,18.067868621959175,-8.001037432206738,1.9247608235273175,9.12249382164346,0.3273113708820404,0.03203972945116822
m05_joint_production_wealth,inv_B_full,inv,B_full,canonical_P1,F,full,12.0,0.3,941,99,72.77277381574604,18.01229186813908,-8.00103743220674,1.9194346181253301,9.095417242120666,0.3273113708820404,0.03206917900575401
m05_joint_production_wealth,inv_B_full,inv,B_full,canonical_P1,F,full,10.0,0.3,941,99,72.77277381574604,18.01229186813908,-8.00103743220674,1.9194346181253301,9.095417242120666,0.3273113708820404,0.03206917900575401
m05_joint_production_wealth,inv_B_full,inv,B_full,canonical_P1,F,full,8.0,0.3,941,99,72.77277381574604,18.01229186813908,-8.00103743220674,1.9194346181253301,9.095417242120666,0.3273113708820404,0.03206917900575401
m05_joint_production_wealth,inv_B_full,inv,B_full,flat_1.0,F,full,23.0,0.4,1328,99,41.043148416275834,9.44462830446446,-12.4093973009026,1.1745887357076223,3.3074248024350505,0.35768072289156627,0.03949110997243984
m05_joint_production_wealth,inv_B_full,inv,B_full,flat_1.0,F,full,18.0,0.4,1328,99,53.16786583409947,9.442441713894155,-15.49972260939062,1.1538121351781712,3.4302462807874594,0.35768072289156627,0.04993320036301822
m05_joint_production_wealth,inv_B_full,inv,B_full,flat_1.0,F,full,15.0,0.4,1328,99,64.49986942728674,9.440581016973718,-18.219593582640865,1.1350439296586938,3.5401376619476554,0.35768072289156627,0.059348200086084324
m05_joint_production_wealth,inv_B_full,inv,B_full,flat_1.0,F,full,12.0,0.4,1328,99,81.70533560015639,9.438046577341755,-22.091156817024576,1.107495259722115,3.6985539633302533,0.35768072289156627,0.0731371774546737
m05_joint_production_wealth,inv_B_full,inv,B_full,flat_1.0,F,full,10.0,0.4,1328,99,99.01234525750029,9.43580168918541,-25.729187985092693,1.0806470250600888,3.8482499064823705,0.35768072289156627,0.08654000736824728
m05_joint_production_wealth,inv_B_full,inv,B_full,flat_1.0,F,full,8.0,0.4,1328,99,127.83408324714674,9.603007732655811,-29.93266994599607,1.0704718170196004,4.270721037507928,0.35768072289156627,0.10511051417519235
m05_joint_production_wealth,inv_B_full,inv,B_full,canonical_P1,F,full,23.0,0.4,941,99,64.26207127463877,18.04970419132659,-7.544199280260462,1.8914690863534016,8.518077119566774,0.3273113708820404,0.02895994082124713
m05_joint_production_wealth,inv_B_full,inv,B_full,canonical_P1,F,full,18.0,0.4,941,99,85.68391620591618,18.04378757414167,-9.31435431214246,1.8771857964818803,9.199125707964122,0.3273113708820404,0.03652134783884955
m05_joint_production_wealth,inv_B_full,inv,B_full,canonical_P1,F,full,15.0,0.4,941,99,101.43965936969583,18.156741590049734,-10.143427692357228,1.9145462797194597,10.000530633853446,0.3273113708820404,0.04126416277451934
m05_joint_production_wealth,inv_B_full,inv,B_full,canonical_P1,F,full,12.0,0.4,941,99,105.67584246457633,18.10832092646986,-10.57005678380846,1.9082224230708142,9.997660809774823,0.3273113708820404,0.04269110423593029
m05_joint_production_wealth,inv_B_full,inv,B_full,canonical_P1,F,full,10.0,0.4,941,99,105.13080812930298,18.020289723495395,-10.570056783808472,1.8997821644563926,9.94609681665528,0.3273113708820404,0.04275325025262872
m05_joint_production_wealth,inv_B_full,inv,B_full,canonical_P1,F,full,8.0,0.4,941,99,105.08121175132077,18.012291868139084,-10.570056783808472,1.8990056783633686,9.94140465851492,0.3273113708820404,0.04275890534100534
m05_joint_production_wealth,inv_B_full,inv,B_full,flat_1.0,F,full,23.0,0.5,1328,99,41.043148416275656,9.444628304464434,-12.40939730090265,1.1745887357076221,3.307424802435023,0.35768072289156627,0.039491109972439875
m05_joint_production_wealth,inv_B_full,inv,B_full,flat_1.0,F,full,18.0,0.5,1328,99,53.167865834099736,9.442441713894228,-15.49972260939062,1.1538121351781796,3.4302462807874767,0.35768072289156627,0.04993320036301814
m05_joint_production_wealth,inv_B_full,inv,B_full,flat_1.0,F,full,15.0,0.5,1328,99,64.49986942728697,9.440581016973745,-18.219593582640872,1.1350439296587012,3.5401376619476665,0.35768072289156627,0.05934820008608426
m05_joint_production_wealth,inv_B_full,inv,B_full,flat_1.0,F,full,12.0,0.5,1328,99,81.70533560015636,9.438046577341774,-22.091156817024572,1.107495259722116,3.6985539633302524,0.35768072289156627,0.07313717745467356
m05_joint_production_wealth,inv_B_full,inv,B_full,flat_1.0,F,full,10.0,0.5,1328,99,99.01234525750039,9.435801689185416,-25.729187985092732,1.08064702506009,3.8482499064823683,0.35768072289156627,0.08654000736824738
m05_joint_production_wealth,inv_B_full,inv,B_full,flat_1.0,F,full,8.0,0.5,1328,99,127.8340832471474,9.603007732655831,-29.93266994599607,1.0704718170196033,4.2707210375079505,0.35768072289156627,0.10511051417519243
m05_joint_production_wealth,inv_B_full,inv,B_full,canonical_P1,F,full,23.0,0.5,941,99,64.26207127463893,18.04970419132662,-7.5441992802604965,1.891469086353403,8.518077119566756,0.3273113708820404,0.0289599408212472
m05_joint_production_wealth,inv_B_full,inv,B_full,canonical_P1,F,full,18.0,0.5,941,99,86.04652249724076,18.05309017523188,-9.477290844143859,1.8762969687117421,9.079232020236038,0.3273113708820404,0.03662505597889196
m05_joint_production_wealth,inv_B_full,inv,B_full,canonical_P1,F,full,15.0,0.5,941,99,107.10344159726195,18.006116049140672,-11.198405912842691,1.857091282596554,9.564168546027814,0.3273113708820404,0.04350249939018769
m05_joint_production_wealth,inv_B_full,inv,B_full,canonical_P1,F,full,12.0,0.5,941,99,135.17412371842403,18.117624070274992,-12.479684031241884,1.8888894153175084,10.831534146219287,0.3273113708820404,0.05121799565859691
m05_joint_production_wealth,inv_B_full,inv,B_full,canonical_P1,F,full,10.0,0.5,941,99,143.29342557986456,18.13616444831743,-13.090919576488464,1.8904308362762323,10.946016797568769,0.3273113708820404,0.053339207393637254
m05_joint_production_wealth,inv_B_full,inv,B_full,canonical_P1,F,full,8.0,0.5,941,99,142.34759894749476,18.033070483329656,-13.090919576488474,1.8804815405024184,10.873766209911915,0.3273113708820404,0.053430270492076805
m05_joint_production_wealth,inv_B_full,inv,B_full,flat_1.0,F,full,23.0,0.6,1328,99,41.043148416274924,9.444628304464329,-12.409397300902619,1.1745887357076072,3.3074248024349724,0.35768072289156627,0.03949110997243981
m05_joint_production_wealth,inv_B_full,inv,B_full,flat_1.0,F,full,18.0,0.6,1328,99,53.167865834099985,9.44244171389426,-15.499722609390568,1.153812135178183,3.430246280787504,0.35768072289156627,0.04993320036301821
m05_joint_production_wealth,inv_B_full,inv,B_full,flat_1.0,F,full,15.0,0.6,1328,99,64.49986942728667,9.440581016973724,-18.21959358264085,1.1350439296586965,3.540137661947654,0.35768072289156627,0.0593482000860842
m05_joint_production_wealth,inv_B_full,inv,B_full,flat_1.0,F,full,12.0,0.6,1328,99,81.70533560015576,9.438046577341717,-22.091156817024626,1.1074952597221082,3.6985539633302165,0.35768072289156627,0.07313717745467366
m05_joint_production_wealth,inv_B_full,inv,B_full,flat_1.0,F,full,10.0,0.6,1328,99,99.01234525750104,9.435801689185462,-25.7291879850927,1.080647025060094,3.8482499064823985,0.35768072289156627,0.08654000736824734
m05_joint_production_wealth,inv_B_full,inv,B_full,flat_1.0,F,full,8.0,0.6,1328,99,127.83408324714588,9.60300773265578,-29.932669945996064,1.070471817019595,4.270721037507901,0.35768072289156627,0.10511051417519236
m05_joint_production_wealth,inv_B_full,inv,B_full,canonical_P1,F,full,23.0,0.6,941,99,64.26207127463913,18.049704191326573,-7.544199280260454,1.8914690863534063,8.518077119566831,0.3273113708820404,0.028959940821247254
m05_joint_production_wealth,inv_B_full,inv,B_full,canonical_P1,F,full,18.0,0.6,941,99,86.04652249724205,18.05309017523206,-9.477290844143878,1.8762969687117617,9.079232020236157,0.3273113708820404,0.03662505597889195
m05_joint_production_wealth,inv_B_full,inv,B_full,canonical_P1,F,full,15.0,0.6,941,99,107.66768546311947,18.05621042608435,-11.198405912842695,1.8625641204738264,9.614554634034356,0.3273113708820404,0.04353911192592926
m05_joint_production_wealth,inv_B_full,inv,B_full,canonical_P1,F,full,12.0,0.6,941,99,142.1009031472471,18.01493104743161,-13.609051802429569,1.8378408343483488,10.441646134514558,0.3273113708820404,0.053588515617611875
m05_joint_production_wealth,inv_B_full,inv,B_full,canonical_P1,F,full,10.0,0.6,941,99,172.41490484691698,18.082821604381202,-14.744118371555457,1.863389292828255,11.69380904995595,0.3273113708820404,0.06099232051511518
m05_joint_production_wealth,inv_B_full,inv,B_full,canonical_P1,F,full,8.0,0.6,941,99,185.94628616745788,18.126400309926797,-15.564127468599557,1.868845503619006,11.947106353542935,0.3273113708820404,0.06401754505715977
m05_joint_production_wealth,inv_B_anch,inv,B_anch,flat_1.0,P,full,23.0,0.3,1330,99,42.47851391010757,9.564571069721213,-12.525636600016366,1.2086052012494652,3.3913257478707366,0.3586466165413534,0.04007127594531007
m05_joint_production_wealth,inv_B_anch,inv,B_anch,flat_1.0,O,evaluation,23.0,0.3,721,50,6.36132048760909,3.2240855663882533,-12.525636600016368,0.4128299788764954,0.5078640464150762,0.3633841886269071,0.04762792884485765
m05_joint_production_wealth,inv_B_anch,inv,B_anch,flat_1.0,F,full,18.0,0.3,1330,99,55.13992264158376,9.562779671261774,-15.64292886923006,1.1878745220934703,3.524910398975542,0.3586466165413534,0.050665661775329926
m05_joint_production_wealth,inv_B_anch,inv,B_anch,flat_1.0,F,full,15.0,0.3,1330,99,67.01861636062874,9.56127449681828,-18.38580689313872,1.169147478023225,3.645127828773127,0.3586466165413534,0.06021757524169207
m05_joint_production_wealth,inv_B_anch,inv,B_anch,flat_1.0,F,full,12.0,0.3,1330,99,85.13713344922047,9.5592592947033,-22.28887034581921,1.1416587381724723,3.819715047388658,0.3586466165413534,0.07420638162712427
m05_joint_production_wealth,inv_B_anch,inv,B_anch,flat_1.0,F,full,10.0,0.3,1330,99,103.46431534265119,9.557517346346557,-25.955071043048054,1.1148684334933328,3.986285191477587,0.3586466165413534,0.08780265213990096
m05_joint_production_wealth,inv_B_anch,inv,B_anch,flat_1.0,F,full,8.0,0.3,1330,99,134.42467756774096,9.75284214077958,-29.96002611864525,1.1100036795358237,4.48680108072681,0.3586466165413534,0.10639538746553275
m05_joint_production_wealth,inv_B_anch,inv,B_anch,canonical_P1,P,full,23.0,0.3,956,99,65.40298794046278,18.08552797818943,-6.921139523504287,1.9435550821063805,9.449742736489174,0.33158995815899583,0.02926194255919114
m05_joint_production_wealth,inv_B_anch,inv,B_anch,canonical_P1,O,evaluation,23.0,0.3,480,50,19.26382214936593,11.397707888601392,-6.921139523504275,1.3530489879078365,2.783330993970827,0.32916666666666666,0.032986742075730054
m05_joint_production_wealth,inv_B_anch,inv,B_anch,canonical_P1,F,full,18.0,0.3,956,99,74.69113027450291,18.090610861507187,-7.63016791949095,1.9730329514035523,9.788923528630017,0.33158995815899583,0.03253065047026146
m05_joint_production_wealth,inv_B_anch,inv,B_anch,canonical_P1,F,full,15.0,0.3,956,99,74.67843489044763,18.03439826505765,-7.6331888669048,1.963346867069291,9.783386235106898,0.33158995815899583,0.03264052354984589
m05_joint_production_wealth,inv_B_anch,inv,B_anch,canonical_P1,F,full,12.0,0.3,956,99,74.49458424922078,17.98662170526118,-7.633188866904797,1.958895501835054,9.759300542425565,0.33158995815899583,0.032668738279665294
m05_joint_production_wealth,inv_B_anch,inv,B_anch,canonical_P1,F,full,10.0,0.3,956,99,74.49458424922078,17.98662170526118,-7.633188866904797,1.958895501835054,9.759300542425565,0.33158995815899583,0.032668738279665294
m05_joint_production_wealth,inv_B_anch,inv,B_anch,canonical_P1,F,full,8.0,0.3,956,99,74.49458424922078,17.98662170526118,-7.633188866904797,1.958895501835054,9.759300542425565,0.33158995815899583,0.032668738279665294
m05_joint_production_wealth,inv_B_anch,inv,B_anch,flat_1.0,F,full,23.0,0.4,1330,99,42.47851391010784,9.56457106972125,-12.525636600016343,1.2086052012494688,3.3913257478707646,0.3586466165413534,0.04007127594531018
m05_joint_production_wealth,inv_B_anch,inv,B_anch,flat_1.0,F,full,18.0,0.4,1330,99,55.1399226415836,9.56277967126173,-15.642928869230055,1.1878745220934672,3.5249103989755337,0.3586466165413534,0.05066566177532998
m05_joint_production_wealth,inv_B_anch,inv,B_anch,flat_1.0,F,full,15.0,0.4,1330,99,67.01861636062851,9.561274496818282,-18.385806893138724,1.1691474780232218,3.645127828773114,0.3586466165413534,0.06021757524169211
m05_joint_production_wealth,inv_B_anch,inv,B_anch,flat_1.0,F,full,12.0,0.4,1330,99,85.13713344922138,9.55925929470335,-22.288870345819227,1.1416587381724779,3.8197150473886956,0.3586466165413534,0.07420638162712434
m05_joint_production_wealth,inv_B_anch,inv,B_anch,flat_1.0,F,full,10.0,0.4,1330,99,103.4643153426515,9.557517346346563,-25.955071043048044,1.1148684334933352,3.986285191477601,0.3586466165413534,0.08780265213990106
m05_joint_production_wealth,inv_B_anch,inv,B_anch,flat_1.0,F,full,8.0,0.4,1330,99,134.4246775677412,9.752842140779594,-29.96002611864526,1.110003679535826,4.486801080726817,0.3586466165413534,0.10639538746553283
m05_joint_production_wealth,inv_B_anch,inv,B_anch,canonical_P1,F,full,23.0,0.4,956,99,65.91162659345756,18.034199402809488,-7.244848191998162,1.929430409113317,9.097723630186767,0.33158995815899583,0.029547552772043083
m05_joint_production_wealth,inv_B_anch,inv,B_anch,canonical_P1,F,full,18.0,0.4,956,99,87.9846238388226,18.025518730389255,-8.930781337407499,1.9153743810734831,9.85183944323997,0.33158995815899583,0.037251366012826394
m05_joint_production_wealth,inv_B_anch,inv,B_anch,canonical_P1,F,full,15.0,0.4,956,99,104.17693733639233,18.12460375832933,-9.7189390743852,1.9524870496420494,10.71896186806607,0.33158995815899583,0.04209278667078759
m05_joint_production_wealth,inv_B_anch,inv,B_anch,canonical_P1,F,full,12.0,0.4,956,99,108.33672975746822,18.071583332611954,-10.089630729315733,1.9465703274415522,10.737432584395037,0.33158995815899583,0.04349146319064932
m05_joint_production_wealth,inv_B_anch,inv,B_anch,canonical_P1,F,full,10.0,0.4,956,99,107.84045996404092,17.99062531131471,-10.089630729315724,1.9390207664833057,10.688246463838091,0.33158995815899583,0.04355516273876989
m05_joint_production_wealth,inv_B_anch,inv,B_anch,canonical_P1,F,full,8.0,0.4,956,99,107.81588027562657,17.986621705261197,-10.089630729315735,1.9386431681973233,10.685810330239757,0.33158995815899583,0.0435583177062204
m05_joint_production_wealth,inv_B_anch,inv,B_anch,flat_1.0,F,full,23.0,0.5,1330,99,42.47851391010722,9.564571069721167,-12.525636600016332,1.208605201249458,3.3913257478707175,0.3586466165413534,0.04007127594531003
m05_joint_production_wealth,inv_B_anch,inv,B_anch,flat_1.0,F,full,18.0,0.5,1330,99,55.13992264158334,9.562779671261678,-15.64292886923003,1.1878745220934646,3.524910398975522,0.3586466165413534,0.050665661775330016
m05_joint_production_wealth,inv_B_anch,inv,B_anch,flat_1.0,F,full,15.0,0.5,1330,99,67.01861636062836,9.561274496818248,-18.38580689313874,1.1691474780232205,3.6451278287731026,0.3586466165413534,0.0602175752416922
m05_joint_production_wealth,inv_B_anch,inv,B_anch,flat_1.0,F,full,12.0,0.5,1330,99,85.13713344922023,9.559259294703272,-22.288870345819205,1.1416587381724692,3.8197150473886476,0.3586466165413534,0.07420638162712433
m05_joint_production_wealth,inv_B_anch,inv,B_anch,flat_1.0,F,full,10.0,0.5,1330,99,103.4643153426523,9.557517346346637,-25.95507104304803,1.1148684334933419,3.986285191477634,0.3586466165413534,0.08780265213990095
m05_joint_production_wealth,inv_B_anch,inv,B_anch,flat_1.0,F,full,8.0,0.5,1330,99,134.42467756774064,9.752842140779576,-29.96002611864518,1.1100036795358224,4.48680108072681,0.3586466165413534,0.10639538746553268
m05_joint_production_wealth,inv_B_anch,inv,B_anch,canonical_P1,F,full,23.0,0.5,956,99,65.91162659345827,18.03419940280963,-7.244848191998159,1.9294304091133339,9.09772363018687,0.33158995815899583,0.029547552772043035
m05_joint_production_wealth,inv_B_anch,inv,B_anch,canonical_P1,F,full,18.0,0.5,956,99,88.40853004282016,18.037806557430116,-9.104085886571998,1.9143459537134497,9.710862918507575,0.33158995815899583,0.037367346209683884
m05_joint_production_wealth,inv_B_anch,inv,B_anch,canonical_P1,F,full,15.0,0.5,956,99,110.18082920635823,17.987732565339087,-10.76046923078535,1.894880614823695,10.239407487094939,0.33158995815899583,0.04438120508838564
m05_joint_production_wealth,inv_B_anch,inv,B_anch,canonical_P1,F,full,12.0,0.5,956,99,139.16254956762054,18.086114156612698,-11.963501050743645,1.926996875659643,11.632259568278323,0.33158995815899583,0.05225168312836716
m05_joint_production_wealth,inv_B_anch,inv,B_anch,canonical_P1,F,full,10.0,0.5,956,99,147.18958260459826,18.095234034004804,-12.502777686543128,1.928411767020144,11.772550571943702,0.33158995815899583,0.05433931643858612
m05_joint_production_wealth,inv_B_anch,inv,B_anch,canonical_P1,F,full,8.0,0.5,956,99,146.3508314452685,18.002360520631775,-12.502777686543107,1.9197547809264053,11.705465386526685,0.33158995815899583,0.05443239707182944
m05_joint_production_wealth,inv_B_anch,inv,B_anch,flat_1.0,F,full,23.0,0.6,1330,99,42.47851391010757,9.564571069721213,-12.525636600016366,1.2086052012494652,3.3913257478707366,0.3586466165413534,0.04007127594531007
m05_joint_production_wealth,inv_B_anch,inv,B_anch,flat_1.0,F,full,18.0,0.6,1330,99,55.13992264158376,9.562779671261774,-15.64292886923006,1.1878745220934703,3.524910398975542,0.3586466165413534,0.050665661775329926
m05_joint_production_wealth,inv_B_anch,inv,B_anch,flat_1.0,F,full,15.0,0.6,1330,99,67.01861636062874,9.56127449681828,-18.38580689313872,1.169147478023225,3.645127828773127,0.3586466165413534,0.06021757524169207
m05_joint_production_wealth,inv_B_anch,inv,B_anch,flat_1.0,F,full,12.0,0.6,1330,99,85.13713344922047,9.5592592947033,-22.28887034581921,1.1416587381724723,3.819715047388658,0.3586466165413534,0.07420638162712427
m05_joint_production_wealth,inv_B_anch,inv,B_anch,flat_1.0,F,full,10.0,0.6,1330,99,103.46431534265119,9.557517346346557,-25.955071043048054,1.1148684334933328,3.986285191477587,0.3586466165413534,0.08780265213990096
m05_joint_production_wealth,inv_B_anch,inv,B_anch,flat_1.0,F,full,8.0,0.6,1330,99,134.42467756774096,9.75284214077958,-29.96002611864525,1.1100036795358237,4.48680108072681,0.3586466165413534,0.10639538746553275
m05_joint_production_wealth,inv_B_anch,inv,B_anch,canonical_P1,F,full,23.0,0.6,956,99,65.91162659345846,18.034199402809648,-7.2448481919981615,1.9294304091133392,9.097723630186893,0.33158995815899583,0.029547552772043083
m05_joint_production_wealth,inv_B_anch,inv,B_anch,canonical_P1,F,full,18.0,0.6,956,99,88.40853004282046,18.037806557430173,-9.104085886571923,1.9143459537134493,9.710862918507686,0.33158995815899583,0.0373673462096839
m05_joint_production_wealth,inv_B_anch,inv,B_anch,canonical_P1,F,full,15.0,0.6,956,99,110.80104522335733,18.041123004425362,-10.76046923078537,1.9006909710551618,10.297045867326954,0.33158995815899583,0.04442061786946947
m05_joint_production_wealth,inv_B_anch,inv,B_anch,canonical_P1,F,full,12.0,0.6,956,99,146.59983235374207,18.003151466458277,-13.060190167477437,1.8766563549359736,11.224938570864447,0.33158995815899583,0.054664274677862876
m05_joint_production_wealth,inv_B_anch,inv,B_anch,canonical_P1,F,full,10.0,0.6,956,99,178.10294985120416,18.060333566740024,-14.141323666570013,1.9023376224281126,12.594503460255156,0.33158995815899583,0.06223383822720186
m05_joint_production_wealth,inv_B_anch,inv,B_anch,canonical_P1,F,full,8.0,0.6,956,99,191.50776186781755,18.088183567043775,-14.873037858645086,1.9073251387125816,12.876169864416902,0.33158995815899583,0.06521763716130766
m05_joint_production_wealth,inv_C_sqrt,inv,C_sqrt,flat_1.0,P,full,23.0,0.3,1310,99,41.52999706007019,9.566486998507111,-12.34758247278115,1.1974937420205451,3.363411190135265,0.3648854961832061,0.03930438843181202
m05_joint_production_wealth,inv_C_sqrt,inv,C_sqrt,flat_1.0,O,evaluation,23.0,0.3,708,50,6.203911970917608,3.1850062038659126,-12.347582472781147,0.40780971106911446,0.502439403388755,0.3700564971751412,0.047055299543017945
m05_joint_production_wealth,inv_C_sqrt,inv,C_sqrt,flat_1.0,F,full,18.0,0.3,1310,99,53.86069167535079,9.56469826619955,-15.42483627804015,1.176931282231604,3.4918161012853375,0.3648854961832061,0.04969589774618498
m05_joint_production_wealth,inv_C_sqrt,inv,C_sqrt,flat_1.0,F,full,15.0,0.3,1310,99,65.41212112391194,9.563196709200557,-18.13398729346066,1.1583561821961812,3.607156002998875,0.3648854961832061,0.05906485047790957
m05_joint_production_wealth,inv_C_sqrt,inv,C_sqrt,flat_1.0,F,full,12.0,0.3,1310,99,83.00242789268462,9.561188986951905,-21.99157391491537,1.131090472944333,3.774283196546919,0.3648854961832061,0.07278562596974923
m05_joint_production_wealth,inv_C_sqrt,inv,C_sqrt,flat_1.0,F,full,10.0,0.3,1310,99,100.76268645062956,9.559456921078,-25.617861809331586,1.1045175603796713,3.9332980715012544,0.3648854961832061,0.08612128561859332
m05_joint_production_wealth,inv_C_sqrt,inv,C_sqrt,flat_1.0,F,full,8.0,0.3,1310,99,130.34416561050693,9.735813705613557,-29.807250490003796,1.095789985975739,4.37290134003535,0.3648854961832061,0.10445562448000664
m05_joint_production_wealth,inv_C_sqrt,inv,C_sqrt,canonical_P1,P,full,23.0,0.3,941,99,63.931080722523426,18.273306969367926,-6.94473982627396,1.9346860487094169,9.205684060424215,0.3294367693942614,0.028436255205640658
m05_joint_production_wealth,inv_C_sqrt,inv,C_sqrt,canonical_P1,O,evaluation,23.0,0.3,470,50,18.59589390984928,11.28103278199015,-6.944739826273969,1.3305252913479315,2.6776948273131285,0.3276595744680851,0.03226587168810499
m05_joint_production_wealth,inv_C_sqrt,inv,C_sqrt,canonical_P1,F,full,18.0,0.3,941,99,73.06407888489177,18.264364120919744,-7.671820474988181,1.9634462569558278,9.523695076428954,0.3294367693942614,0.03167010146714213
m05_joint_production_wealth,inv_C_sqrt,inv,C_sqrt,canonical_P1,F,full,15.0,0.3,941,99,73.14956626909115,18.22484481671463,-7.675797144786624,1.9543149456116768,9.529898314049909,0.3294367693942614,0.031780436940093894
m05_joint_production_wealth,inv_C_sqrt,inv,C_sqrt,canonical_P1,F,full,12.0,0.3,941,99,72.99123265298869,18.1830920427766,-7.675797144786629,1.9503945122593689,9.509270669374587,0.3294367693942614,0.03180316240441682
m05_joint_production_wealth,inv_C_sqrt,inv,C_sqrt,canonical_P1,F,full,10.0,0.3,941,99,72.99123265298869,18.1830920427766,-7.675797144786629,1.9503945122593689,9.509270669374587,0.3294367693942614,0.03180316240441682
m05_joint_production_wealth,inv_C_sqrt,inv,C_sqrt,canonical_P1,F,full,8.0,0.3,941,99,72.99123265298869,18.1830920427766,-7.675797144786629,1.9503945122593689,9.509270669374587,0.3294367693942614,0.03180316240441682
m05_joint_production_wealth,inv_C_sqrt,inv,C_sqrt,flat_1.0,F,full,23.0,0.4,1310,99,41.529997060069924,9.56648699850708,-12.34758247278115,1.1974937420205454,3.3634111901352437,0.3648854961832061,0.03930438843181209
m05_joint_production_wealth,inv_C_sqrt,inv,C_sqrt,flat_1.0,F,full,18.0,0.4,1310,99,53.86069167535072,9.564698266199525,-15.424836278040143,1.1769312822316016,3.4918161012853344,0.3648854961832061,0.04969589774618501
m05_joint_production_wealth,inv_C_sqrt,inv,C_sqrt,flat_1.0,F,full,15.0,0.4,1310,99,65.41212112391148,9.563196709200508,-18.13398729346072,1.1583561821961723,3.6071560029988374,0.3648854961832061,0.05906485047790957
m05_joint_production_wealth,inv_C_sqrt,inv,C_sqrt,flat_1.0,F,full,12.0,0.4,1310,99,83.00242789268444,9.561188986951894,-21.991573914915357,1.1310904729443303,3.7742831965469126,0.3648854961832061,0.07278562596974922
m05_joint_production_wealth,inv_C_sqrt,inv,C_sqrt,flat_1.0,F,full,10.0,0.4,1310,99,100.76268645062964,9.559456921078004,-25.617861809331576,1.104517560379671,3.9332980715012593,0.3648854961832061,0.08612128561859335
m05_joint_production_wealth,inv_C_sqrt,inv,C_sqrt,flat_1.0,F,full,8.0,0.4,1310,99,130.34416561050799,9.735813705613596,-29.80725049000379,1.0957899859757452,4.372901340035386,0.3648854961832061,0.10445562448000671
m05_joint_production_wealth,inv_C_sqrt,inv,C_sqrt,canonical_P1,F,full,23.0,0.4,941,99,64.45453610581642,18.22470290249093,-7.2587772124827925,1.9214124529261785,8.879530838193391,0.3294367693942614,0.0287179284685778
m05_joint_production_wealth,inv_C_sqrt,inv,C_sqrt,canonical_P1,F,full,18.0,0.4,941,99,85.97905807243203,18.221348034813776,-8.960064397935525,1.9075809868855875,9.595808049353119,0.3294367693942614,0.03620737189153862
m05_joint_production_wealth,inv_C_sqrt,inv,C_sqrt,canonical_P1,F,full,15.0,0.4,941,99,101.65665832571035,18.313008596465817,-9.752894683378582,1.9442811632656398,10.423229371989345,0.3294367693942614,0.040913021938054184
m05_joint_production_wealth,inv_C_sqrt,inv,C_sqrt,canonical_P1,F,full,12.0,0.4,941,99,105.96578232218658,18.263248876620594,-10.144948625013972,1.9379444332523057,10.445176830261241,0.3294367693942614,0.04234608372153054
m05_joint_production_wealth,inv_C_sqrt,inv,C_sqrt,canonical_P1,F,full,10.0,0.4,941,99,105.48277959702692,18.183092042776618,-10.144948625013969,1.9304075419744242,10.397566660608069,0.3294367693942614,0.04240421653922243
m05_joint_production_wealth,inv_C_sqrt,inv,C_sqrt,canonical_P1,F,full,8.0,0.4,941,99,105.48277959702692,18.183092042776618,-10.144948625013969,1.9304075419744242,10.397566660608069,0.3294367693942614,0.04240421653922243
m05_joint_production_wealth,inv_C_sqrt,inv,C_sqrt,flat_1.0,F,full,23.0,0.5,1310,99,41.52999706006999,9.566486998507052,-12.347582472781134,1.1974937420205412,3.363411190135253,0.3648854961832061,0.03930438843181202
m05_joint_production_wealth,inv_C_sqrt,inv,C_sqrt,flat_1.0,F,full,18.0,0.5,1310,99,53.86069167535052,9.56469826619949,-15.42483627804021,1.1769312822315978,3.4918161012853064,0.3648854961832061,0.04969589774618502
m05_joint_production_wealth,inv_C_sqrt,inv,C_sqrt,flat_1.0,F,full,15.0,0.5,1310,99,65.4121211239111,9.563196709200476,-18.133987293460702,1.1583561821961692,3.6071560029988206,0.3648854961832061,0.059064850477909464
m05_joint_production_wealth,inv_C_sqrt,inv,C_sqrt,flat_1.0,F,full,12.0,0.5,1310,99,83.00242789268528,9.561188986951963,-21.991573914915353,1.1310904729443392,3.7742831965469517,0.3648854961832061,0.07278562596974913
m05_joint_production_wealth,inv_C_sqrt,inv,C_sqrt,flat_1.0,F,full,10.0,0.5,1310,99,100.7626864506305,9.559456921078036,-25.617861809331604,1.1045175603796764,3.933298071501288,0.3648854961832061,0.08612128561859334
m05_joint_production_wealth,inv_C_sqrt,inv,C_sqrt,flat_1.0,F,full,8.0,0.5,1310,99,130.34416561050736,9.735813705613579,-29.807250490003838,1.0957899859757414,4.372901340035358,0.3648854961832061,0.10445562448000671
m05_joint_production_wealth,inv_C_sqrt,inv,C_sqrt,canonical_P1,F,full,23.0,0.5,941,99,64.4545361058157,18.22470290249079,-7.258777212482803,1.921412452926168,8.87953083819328,0.3294367693942614,0.028717928468577777
m05_joint_production_wealth,inv_C_sqrt,inv,C_sqrt,canonical_P1,F,full,18.0,0.5,941,99,86.35469508571862,18.228553943325817,-9.121136863392081,1.906577750400325,9.467536380503775,0.3294367693942614,0.036318332088267846
m05_joint_production_wealth,inv_C_sqrt,inv,C_sqrt,canonical_P1,F,full,15.0,0.5,941,99,107.5193098718795,18.17901989158822,-10.780143602735873,1.8873741483141437,9.973829091162791,0.3294367693942614,0.043135100935938586
m05_joint_production_wealth,inv_C_sqrt,inv,C_sqrt,canonical_P1,F,full,12.0,0.5,941,99,135.5956776667108,18.27676362193332,-12.004247538503323,1.919358003027303,11.295641582847326,0.3294367693942614,0.05078107408155742
m05_joint_production_wealth,inv_C_sqrt,inv,C_sqrt,canonical_P1,F,full,10.0,0.5,941,99,143.76848546120434,18.288407938903912,-12.570090819116505,1.9202367779535732,11.437346597572887,0.3294367693942614,0.05290903534859214
m05_joint_production_wealth,inv_C_sqrt,inv,C_sqrt,canonical_P1,F,full,8.0,0.5,941,99,142.90843263296438,18.19178243688863,-12.570090819116508,1.911126742290713,11.3689260236394,0.3294367693942614,0.0529973827728209
m05_joint_production_wealth,inv_C_sqrt,inv,C_sqrt,flat_1.0,F,full,23.0,0.6,1310,99,41.52999706007019,9.566486998507111,-12.34758247278115,1.1974937420205451,3.363411190135265,0.3648854961832061,0.03930438843181202
m05_joint_production_wealth,inv_C_sqrt,inv,C_sqrt,flat_1.0,F,full,18.0,0.6,1310,99,53.86069167535079,9.56469826619955,-15.42483627804015,1.176931282231604,3.4918161012853375,0.3648854961832061,0.04969589774618498
m05_joint_production_wealth,inv_C_sqrt,inv,C_sqrt,flat_1.0,F,full,15.0,0.6,1310,99,65.41212112391194,9.563196709200557,-18.13398729346066,1.1583561821961812,3.607156002998875,0.3648854961832061,0.05906485047790957
m05_joint_production_wealth,inv_C_sqrt,inv,C_sqrt,flat_1.0,F,full,12.0,0.6,1310,99,83.00242789268462,9.561188986951905,-21.99157391491537,1.131090472944333,3.774283196546919,0.3648854961832061,0.07278562596974923
m05_joint_production_wealth,inv_C_sqrt,inv,C_sqrt,flat_1.0,F,full,10.0,0.6,1310,99,100.76268645062956,9.559456921078,-25.617861809331586,1.1045175603796713,3.9332980715012544,0.3648854961832061,0.08612128561859332
m05_joint_production_wealth,inv_C_sqrt,inv,C_sqrt,flat_1.0,F,full,8.0,0.6,1310,99,130.34416561050693,9.735813705613557,-29.807250490003796,1.095789985975739,4.37290134003535,0.3648854961832061,0.10445562448000664
m05_joint_production_wealth,inv_C_sqrt,inv,C_sqrt,canonical_P1,F,full,23.0,0.6,941,99,64.45453610581589,18.22470290249084,-7.258777212482803,1.9214124529261714,8.879530838193306,0.3294367693942614,0.0287179284685778
m05_joint_production_wealth,inv_C_sqrt,inv,C_sqrt,canonical_P1,F,full,18.0,0.6,941,99,86.35469508572055,18.22855394332605,-9.121136863392016,1.9065777504003552,9.467536380504054,0.3294367693942614,0.03631833208826792
m05_joint_production_wealth,inv_C_sqrt,inv,C_sqrt,canonical_P1,F,full,15.0,0.6,941,99,108.11518545114632,18.23209045321634,-10.780143602735864,1.8931499695738663,10.029104382589862,0.3294367693942614,0.0431737818577205
m05_joint_production_wealth,inv_C_sqrt,inv,C_sqrt,canonical_P1,F,full,12.0,0.6,941,99,142.82501573029492,18.19386664077952,-13.101082463757557,1.8690646885601618,10.90177213412722,0.3294367693942614,0.05312890298781281
m05_joint_production_wealth,inv_C_sqrt,inv,C_sqrt,canonical_P1,F,full,10.0,0.6,941,99,173.26910510432546,18.249917758853947,-14.188281653908177,1.8950338055791336,12.212127538122159,0.3294367693942614,0.06048197001382988
m05_joint_production_wealth,inv_C_sqrt,inv,C_sqrt,canonical_P1,F,full,8.0,0.6,941,99,186.75870869249073,18.2804028658345,-14.951650831715893,1.8993024317211438,12.49084203440148,0.3294367693942614,0.0635004955322013
m05_joint_production_wealth,inv_D_sup,inv,D_sup,flat_1.0,P,full,23.0,0.3,1307,99,41.51810916664817,9.430032601884434,-12.60541071414176,1.1836268436394868,3.293673653970658,0.3641928079571538,0.0399244727389022
m05_joint_production_wealth,inv_D_sup,inv,D_sup,flat_1.0,O,evaluation,23.0,0.3,706,50,5.897420082097304,3.0486222133791565,-12.605410714141776,0.38444197483503423,0.4678483086220347,0.37110481586402266,0.04745333274987347
m05_joint_production_wealth,inv_D_sup,inv,D_sup,flat_1.0,F,full,18.0,0.3,1307,99,53.81571874237841,9.428089410009445,-15.741617761929023,1.162826398446028,3.4186904774508817,0.3641928079571538,0.05048072416083009
m05_joint_production_wealth,inv_D_sup,inv,D_sup,flat_1.0,F,full,15.0,0.3,1307,99,65.32191464072734,9.426447834385476,-18.50080294290285,1.1440350115173334,3.5307610616860106,0.3641928079571538,0.05999849939308159
m05_joint_production_wealth,inv_D_sup,inv,D_sup,flat_1.0,F,full,12.0,0.3,1307,99,82.81458428471966,9.424233738638842,-22.42650424311082,1.1164494900538222,3.6927103478536742,0.3641928079571538,0.07393772794070913
m05_joint_production_wealth,inv_D_sup,inv,D_sup,flat_1.0,F,full,10.0,0.3,1307,99,100.43769614110451,9.42229956832919,-26.113332259675666,1.0895620976227005,3.846222885012683,0.3641928079571538,0.08748628818525446
m05_joint_production_wealth,inv_D_sup,inv,D_sup,flat_1.0,F,full,8.0,0.3,1307,99,130.1814130532765,9.60954194857256,-30.23858152589855,1.0835070322308096,4.305142850096309,0.3641928079571538,0.10613598844151761
m05_joint_production_wealth,inv_D_sup,inv,D_sup,canonical_P1,P,full,23.0,0.3,937,99,63.69068527291481,17.901014303101775,-7.124412529178975,1.9062887881060067,8.939780650272732,0.3287086446104589,0.028969974980385248
m05_joint_production_wealth,inv_D_sup,inv,D_sup,canonical_P1,O,evaluation,23.0,0.3,470,50,17.938533131687386,10.823731754182676,-7.124412529179,1.2749843923062334,2.5178964663005807,0.3276595744680851,0.03263791734715094
m05_joint_production_wealth,inv_D_sup,inv,D_sup,canonical_P1,F,full,18.0,0.3,937,99,72.74675227869685,17.89944293441226,-7.879908975071771,1.9333684114407215,9.231927996736061,0.3287086446104589,0.03224294554011438
m05_joint_production_wealth,inv_D_sup,inv,D_sup,canonical_P1,F,full,15.0,0.3,937,99,72.68389361670205,17.83334738717003,-7.885590996242129,1.9220841303346108,9.217304530673667,0.3287086446104589,0.03235549003361107
m05_joint_production_wealth,inv_D_sup,inv,D_sup,canonical_P1,F,full,12.0,0.3,937,99,72.59454075469544,17.810822895516377,-7.885590996242141,1.9198633529954992,9.205973374638653,0.3287086446104589,0.032367438738531124
m05_joint_production_wealth,inv_D_sup,inv,D_sup,canonical_P1,F,full,10.0,0.3,937,99,72.59454075469544,17.810822895516377,-7.885590996242141,1.9198633529954992,9.205973374638653,0.3287086446104589,0.032367438738531124
m05_joint_production_wealth,inv_D_sup,inv,D_sup,canonical_P1,F,full,8.0,0.3,937,99,72.59454075469544,17.810822895516377,-7.885590996242141,1.9198633529954992,9.205973374638653,0.3287086446104589,0.032367438738531124
m05_joint_production_wealth,inv_D_sup,inv,D_sup,flat_1.0,F,full,23.0,0.4,1307,99,41.51810916664771,9.430032601884362,-12.60541071414174,1.183626843639478,3.2936736539706266,0.3641928079571538,0.03992447273890223
m05_joint_production_wealth,inv_D_sup,inv,D_sup,flat_1.0,F,full,18.0,0.4,1307,99,53.81571874237785,9.428089410009399,-15.741617761929055,1.1628263984460212,3.418690477450839,0.3641928079571538,0.05048072416083016
m05_joint_production_wealth,inv_D_sup,inv,D_sup,flat_1.0,F,full,15.0,0.4,1307,99,65.32191464072798,9.426447834385556,-18.500802942902844,1.1440350115173417,3.5307610616860465,0.3641928079571538,0.05999849939308153
m05_joint_production_wealth,inv_D_sup,inv,D_sup,flat_1.0,F,full,12.0,0.4,1307,99,82.81458428471926,9.424233738638806,-22.426504243110813,1.1164494900538173,3.692710347853658,0.3641928079571538,0.07393772794070914
m05_joint_production_wealth,inv_D_sup,inv,D_sup,flat_1.0,F,full,10.0,0.4,1307,99,100.43769614110562,9.42229956832928,-26.113332259675637,1.0895620976227087,3.84622288501273,0.3641928079571538,0.08748628818525434
m05_joint_production_wealth,inv_D_sup,inv,D_sup,flat_1.0,F,full,8.0,0.4,1307,99,130.18141305327555,9.609541948572515,-30.2385815258986,1.0835070322308016,4.305142850096272,0.3641928079571538,0.10613598844151761
m05_joint_production_wealth,inv_D_sup,inv,D_sup,canonical_P1,F,full,23.0,0.4,937,99,64.20579230672973,17.855513457179118,-7.425787459429273,1.8941078104496376,8.646327767596034,0.3287086446104589,0.029250715046335102
m05_joint_production_wealth,inv_D_sup,inv,D_sup,canonical_P1,F,full,18.0,0.4,937,99,85.60135693999291,17.848213499039456,-9.188164087746872,1.8790664054055506,9.31648108615615,0.3287086446104589,0.03689004993578207
m05_joint_production_wealth,inv_D_sup,inv,D_sup,canonical_P1,F,full,15.0,0.4,937,99,101.2566073406997,17.95230952537136,-10.006626697320458,1.9153968787869855,10.118955208733215,0.3287086446104589,0.04167492269476057
m05_joint_production_wealth,inv_D_sup,inv,D_sup,canonical_P1,F,full,12.0,0.4,937,99,105.22447005377869,17.87685219856787,-10.41912749289789,1.9060151881874399,10.09916330570905,0.3287086446104589,0.04310991563577298
m05_joint_production_wealth,inv_D_sup,inv,D_sup,canonical_P1,F,full,10.0,0.4,937,99,104.80846659167145,17.810822895516385,-10.41912749289789,1.899496537196475,10.059236405650402,0.3287086446104589,0.04315658498470817
m05_joint_production_wealth,inv_D_sup,inv,D_sup,canonical_P1,F,full,8.0,0.4,937,99,104.80846659167145,17.810822895516385,-10.41912749289789,1.899496537196475,10.059236405650402,0.3287086446104589,0.04315658498470817
m05_joint_production_wealth,inv_D_sup,inv,D_sup,flat_1.0,F,full,23.0,0.5,1307,99,41.51810916664864,9.430032601884497,-12.605410714141737,1.1836268436394946,3.293673653970701,0.3641928079571538,0.039924472738902324
m05_joint_production_wealth,inv_D_sup,inv,D_sup,flat_1.0,F,full,18.0,0.5,1307,99,53.81571874237865,9.428089410009479,-15.74161776192905,1.1628263984460345,3.418690477450891,0.3641928079571538,0.05048072416083023
m05_joint_production_wealth,inv_D_sup,inv,D_sup,flat_1.0,F,full,15.0,0.5,1307,99,65.32191464072909,9.426447834385662,-18.50080294290285,1.1440350115173548,3.530761061686105,0.3641928079571538,0.0599984993930815
m05_joint_production_wealth,inv_D_sup,inv,D_sup,flat_1.0,F,full,12.0,0.5,1307,99,82.81458428472,9.424233738638874,-22.426504243110806,1.1164494900538235,3.692710347853692,0.3641928079571538,0.07393772794070903
m05_joint_production_wealth,inv_D_sup,inv,D_sup,flat_1.0,F,full,10.0,0.5,1307,99,100.43769614110442,9.422299568329187,-26.113332259675655,1.089562097622699,3.8462228850126814,0.3641928079571538,0.08748628818525443
m05_joint_production_wealth,inv_D_sup,inv,D_sup,flat_1.0,F,full,8.0,0.5,1307,99,130.18141305327484,9.609541948572497,-30.23858152589859,1.0835070322308007,4.305142850096249,0.3641928079571538,0.10613598844151761
m05_joint_production_wealth,inv_D_sup,inv,D_sup,canonical_P1,F,full,23.0,0.5,937,99,64.20579230672968,17.855513457179036,-7.425787459429259,1.894107810449636,8.646327767596043,0.3287086446104589,0.02925071504633521
m05_joint_production_wealth,inv_D_sup,inv,D_sup,canonical_P1,F,full,18.0,0.5,937,99,85.97110013384506,17.858974137076977,-9.329460710664126,1.8789922066406333,9.21501282872385,0.3287086446104589,0.0369925618737979
m05_joint_production_wealth,inv_D_sup,inv,D_sup,canonical_P1,F,full,15.0,0.5,937,99,106.98688567858672,17.810501947059574,-11.024716392943189,1.8596003630541058,9.704275544636047,0.3287086446104589,0.04393736102780639
m05_joint_production_wealth,inv_D_sup,inv,D_sup,canonical_P1,F,full,12.0,0.5,937,99,134.92515822366298,17.914545731117453,-12.312884645285582,1.8899101068588595,10.958046153329617,0.3287086446104589,0.051726391764891674
m05_joint_production_wealth,inv_D_sup,inv,D_sup,canonical_P1,F,full,10.0,0.5,937,99,142.6518400916862,17.906015470160177,-12.905964457710411,1.8884732636304558,11.05317162147163,0.3287086446104589,0.05386034578849153
m05_joint_production_wealth,inv_D_sup,inv,D_sup,canonical_P1,F,full,8.0,0.5,937,99,141.7676472584751,17.810822895516377,-12.905964457710395,1.8790072128908148,10.98466121792076,0.3287086446104589,0.05394573123088521
m05_joint_production_wealth,inv_D_sup,inv,D_sup,flat_1.0,F,full,23.0,0.6,1307,99,41.51810916664817,9.430032601884434,-12.60541071414176,1.1836268436394868,3.293673653970658,0.3641928079571538,0.0399244727389022
m05_joint_production_wealth,inv_D_sup,inv,D_sup,flat_1.0,F,full,18.0,0.6,1307,99,53.81571874237841,9.428089410009445,-15.741617761929023,1.162826398446028,3.4186904774508817,0.3641928079571538,0.05048072416083009
m05_joint_production_wealth,inv_D_sup,inv,D_sup,flat_1.0,F,full,15.0,0.6,1307,99,65.32191464072734,9.426447834385476,-18.50080294290285,1.1440350115173334,3.5307610616860106,0.3641928079571538,0.05999849939308159
m05_joint_production_wealth,inv_D_sup,inv,D_sup,flat_1.0,F,full,12.0,0.6,1307,99,82.81458428471966,9.424233738638842,-22.42650424311082,1.1164494900538222,3.6927103478536742,0.3641928079571538,0.07393772794070913
m05_joint_production_wealth,inv_D_sup,inv,D_sup,flat_1.0,F,full,10.0,0.6,1307,99,100.43769614110451,9.42229956832919,-26.113332259675666,1.0895620976227005,3.846222885012683,0.3641928079571538,0.08748628818525446
m05_joint_production_wealth,inv_D_sup,inv,D_sup,flat_1.0,F,full,8.0,0.6,1307,99,130.1814130532765,9.60954194857256,-30.23858152589855,1.0835070322308096,4.305142850096309,0.3641928079571538,0.10613598844151761
m05_joint_production_wealth,inv_D_sup,inv,D_sup,canonical_P1,F,full,23.0,0.6,937,99,64.20579230672985,17.85551345717911,-7.425787459429266,1.8941078104496374,8.646327767596057,0.3287086446104589,0.029250715046335155
m05_joint_production_wealth,inv_D_sup,inv,D_sup,canonical_P1,F,full,18.0,0.6,937,99,85.97110013384513,17.858974137077023,-9.329460710664119,1.8789922066406395,9.215012828723866,0.3287086446104589,0.03699256187379784
m05_joint_production_wealth,inv_D_sup,inv,D_sup,canonical_P1,F,full,15.0,0.6,937,99,107.57378631237687,17.862160416228516,-11.024716392943143,1.8653110315428154,9.757510531630022,0.3287086446104589,0.043975748894353184
m05_joint_production_wealth,inv_D_sup,inv,D_sup,canonical_P1,F,full,12.0,0.6,937,99,141.89663115016634,17.81533098161797,-13.427570391590333,1.839617903893231,10.567558166668483,0.3287086446104589,0.05412582967071652
m05_joint_production_wealth,inv_D_sup,inv,D_sup,canonical_P1,F,full,10.0,0.6,937,99,172.29292548888867,17.889587999585043,-14.548807059215092,1.8654768312489343,11.842409125891857,0.3287086446104589,0.06161066204470515
m05_joint_production_wealth,inv_D_sup,inv,D_sup,canonical_P1,F,full,8.0,0.6,937,99,185.06405358098465,17.896308838673317,-15.346578183419357,1.866925464066705,12.058978318758397,0.3287086446104589,0.06464427446640209
m05_joint_production_wealth,inv_D_sup_anch,inv,D_sup_anch,flat_1.0,P,full,23.0,0.3,1319,99,42.35877910094536,9.517762538151745,-12.640031596339954,1.2032540115204462,3.351160855737953,0.36315390447308565,0.040189728557302976
m05_joint_production_wealth,inv_D_sup_anch,inv,D_sup_anch,flat_1.0,O,evaluation,23.0,0.3,716,50,6.128545697972565,3.1256585246794777,-12.640031596339973,0.3983151213625362,0.48485208690041065,0.3687150837988827,0.04771614068333546
m05_joint_production_wealth,inv_D_sup_anch,inv,D_sup_anch,flat_1.0,F,full,18.0,0.3,1319,99,54.97078302952914,9.5160335142658,-15.784386246041016,1.1824903288760273,3.482605035930156,0.36315390447308565,0.050815656704970145
m05_joint_production_wealth,inv_D_sup_anch,inv,D_sup_anch,flat_1.0,F,full,15.0,0.3,1319,99,66.79726264061414,9.51458399732997,-18.550562937162375,1.163731819845494,3.6008213263867623,0.36315390447308565,0.06039608858085648
m05_joint_production_wealth,inv_D_sup_anch,inv,D_sup_anch,flat_1.0,F,full,12.0,0.3,1319,99,84.82491919475666,9.51264937480389,-22.485902872154508,1.1361940231238716,3.7723599393378096,0.36315390447308565,0.07442679607580094
m05_joint_production_wealth,inv_D_sup_anch,inv,D_sup_anch,flat_1.0,F,full,10.0,0.3,1319,99,103.04587573389803,9.510984758211732,-26.1814225795097,1.1093525736072096,3.935839445735258,0.36315390447308565,0.08806394565130671
m05_joint_production_wealth,inv_D_sup_anch,inv,D_sup_anch,flat_1.0,F,full,8.0,0.3,1319,99,134.04543751834214,9.713294739523635,-30.208479263367465,1.1060740595063627,4.437344771634808,0.36315390447308565,0.10671963530017729
m05_joint_production_wealth,inv_D_sup_anch,inv,D_sup_anch,canonical_P1,P,full,23.0,0.3,948,99,64.62860840859945,17.92839527592753,-6.965893802826392,1.9268177107128635,9.27786300479869,0.3291139240506329,0.029251100638568568
m05_joint_production_wealth,inv_D_sup_anch,inv,D_sup_anch,canonical_P1,O,evaluation,23.0,0.3,475,50,18.668296729555188,11.127501990923864,-6.96589380282641,1.3197735213291921,2.6799571250972174,0.32842105263157895,0.03286859914396695
m05_joint_production_wealth,inv_D_sup_anch,inv,D_sup_anch,canonical_P1,F,full,18.0,0.3,948,99,73.6743178779433,17.90820620196604,-7.6884553535700215,1.9525267595978457,9.582460258904112,0.3291139240506329,0.032530677994827485
m05_joint_production_wealth,inv_D_sup_anch,inv,D_sup_anch,canonical_P1,F,full,15.0,0.3,948,99,73.62777751672608,17.845306260786657,-7.692631729566579,1.9417070242447798,9.571207891538368,0.3291139240506329,0.03264353473646842
m05_joint_production_wealth,inv_D_sup_anch,inv,D_sup_anch,canonical_P1,F,full,12.0,0.3,948,99,73.54463483235885,17.82426646596412,-7.692631729566589,1.939658874262409,9.560399797859871,0.3291139240506329,0.03265526152388141
m05_joint_production_wealth,inv_D_sup_anch,inv,D_sup_anch,canonical_P1,F,full,10.0,0.3,948,99,73.54463483235885,17.82426646596412,-7.692631729566589,1.939658874262409,9.560399797859871,0.3291139240506329,0.03265526152388141
m05_joint_production_wealth,inv_D_sup_anch,inv,D_sup_anch,canonical_P1,F,full,8.0,0.3,948,99,73.54463483235885,17.82426646596412,-7.692631729566589,1.939658874262409,9.560399797859871,0.3291139240506329,0.03265526152388141
m05_joint_production_wealth,inv_D_sup_anch,inv,D_sup_anch,flat_1.0,F,full,23.0,0.4,1319,99,42.35877910094536,9.517762538151741,-12.640031596339945,1.2032540115204473,3.3511608557379553,0.36315390447308565,0.040189728557303
m05_joint_production_wealth,inv_D_sup_anch,inv,D_sup_anch,flat_1.0,F,full,18.0,0.4,1319,99,54.97078302952918,9.516033514265793,-15.784386246041013,1.1824903288760276,3.4826050359301597,0.36315390447308565,0.05081565670497019
m05_joint_production_wealth,inv_D_sup_anch,inv,D_sup_anch,flat_1.0,F,full,15.0,0.4,1319,99,66.79726264061388,9.514583997329963,-18.550562937162397,1.1637318198454918,3.600821326386744,0.36315390447308565,0.060396088580856364
m05_joint_production_wealth,inv_D_sup_anch,inv,D_sup_anch,flat_1.0,F,full,12.0,0.4,1319,99,84.82491919475666,9.51264937480389,-22.485902872154526,1.1361940231238723,3.772359939337807,0.36315390447308565,0.07442679607580092
m05_joint_production_wealth,inv_D_sup_anch,inv,D_sup_anch,flat_1.0,F,full,10.0,0.4,1319,99,103.04587573389759,9.510984758211716,-26.181422579509718,1.1093525736072065,3.9358394457352386,0.36315390447308565,0.08806394565130667
m05_joint_production_wealth,inv_D_sup_anch,inv,D_sup_anch,flat_1.0,F,full,8.0,0.4,1319,99,134.04543751834282,9.713294739523672,-30.208479263367423,1.1060740595063652,4.437344771634837,0.36315390447308565,0.10671963530017721
m05_joint_production_wealth,inv_D_sup_anch,inv,D_sup_anch,canonical_P1,F,full,23.0,0.4,948,99,65.14075429909536,17.88201707465079,-7.267647916305152,1.914146771797001,8.96311365785214,0.3291139240506329,0.029531708072942756
m05_joint_production_wealth,inv_D_sup_anch,inv,D_sup_anch,canonical_P1,F,full,18.0,0.4,948,99,86.90875400402082,17.873746611419776,-8.986685467140688,1.899180498321148,9.67083518409516,0.3291139240506329,0.03723896667477673
m05_joint_production_wealth,inv_D_sup_anch,inv,D_sup_anch,canonical_P1,F,full,15.0,0.4,948,99,102.77020503893839,17.96524888026122,-9.783577305572177,1.9350356711588328,10.504358664433125,0.3291139240506329,0.04207134933335513
m05_joint_production_wealth,inv_D_sup_anch,inv,D_sup_anch,canonical_P1,F,full,12.0,0.4,948,99,106.70675416311242,17.887139458068688,-10.167033548526643,1.9255096988705647,10.495367567521782,0.3291139240506329,0.043493657992978496
m05_joint_production_wealth,inv_D_sup_anch,inv,D_sup_anch,canonical_P1,F,full,10.0,0.4,948,99,106.31152423224823,17.824266465964115,-10.167033548526645,1.9193813041361028,10.45649389517893,0.3291139240506329,0.04354034869850854
m05_joint_production_wealth,inv_D_sup_anch,inv,D_sup_anch,canonical_P1,F,full,8.0,0.4,948,99,106.31152423224823,17.824266465964115,-10.167033548526645,1.9193813041361028,10.45649389517893,0.3291139240506329,0.04354034869850854
m05_joint_production_wealth,inv_D_sup_anch,inv,D_sup_anch,flat_1.0,F,full,23.0,0.5,1319,99,42.358779100945235,9.517762538151713,-12.640031596339973,1.2032540115204424,3.3511608557379375,0.36315390447308565,0.04018972855730297
m05_joint_production_wealth,inv_D_sup_anch,inv,D_sup_anch,flat_1.0,F,full,18.0,0.5,1319,99,54.970783029529116,9.516033514265766,-15.784386246041008,1.1824903288760282,3.4826050359301566,0.36315390447308565,0.050815656704970236
m05_joint_production_wealth,inv_D_sup_anch,inv,D_sup_anch,flat_1.0,F,full,15.0,0.5,1319,99,66.79726264061472,9.514583997330037,-18.550562937162372,1.1637318198455018,3.6008213263867943,0.36315390447308565,0.06039608858085651
m05_joint_production_wealth,inv_D_sup_anch,inv,D_sup_anch,flat_1.0,F,full,12.0,0.5,1319,99,84.82491919475679,9.512649374803885,-22.485902872154494,1.1361940231238727,3.7723599393378175,0.36315390447308565,0.0744267960758009
m05_joint_production_wealth,inv_D_sup_anch,inv,D_sup_anch,flat_1.0,F,full,10.0,0.5,1319,99,103.04587573389755,9.510984758211718,-26.181422579509693,1.1093525736072065,3.935839445735241,0.36315390447308565,0.08806394565130671
m05_joint_production_wealth,inv_D_sup_anch,inv,D_sup_anch,flat_1.0,F,full,8.0,0.5,1319,99,134.04543751834441,9.713294739523725,-30.208479263367412,1.1060740595063736,4.4373447716348915,0.36315390447308565,0.10671963530017735
m05_joint_production_wealth,inv_D_sup_anch,inv,D_sup_anch,canonical_P1,F,full,23.0,0.5,948,99,65.14075429909498,17.88201707465074,-7.267647916305163,1.9141467717969924,8.963113657852075,0.3291139240506329,0.029531708072942732
m05_joint_production_wealth,inv_D_sup_anch,inv,D_sup_anch,canonical_P1,F,full,18.0,0.5,948,99,87.3076763064939,17.885638112727566,-9.132246143800945,1.8990943366149906,9.56037265440542,0.3291139240506329,0.037347561233068226
m05_joint_production_wealth,inv_D_sup_anch,inv,D_sup_anch,canonical_P1,F,full,15.0,0.5,948,99,108.72734273014628,17.835512250538788,-10.793232204250476,1.8795748745386154,10.073659184996357,0.3291139240506329,0.044357594237776694
m05_joint_production_wealth,inv_D_sup_anch,inv,D_sup_anch,canonical_P1,F,full,12.0,0.5,948,99,137.1185133756161,17.92775240312054,-12.041576848965612,1.9095948220034853,11.38708950625472,0.3291139240506329,0.052219879020712165
m05_joint_production_wealth,inv_D_sup_anch,inv,D_sup_anch,canonical_P1,F,full,10.0,0.5,948,99,144.81848719640826,17.914358685159165,-12.597248515303022,1.907798948278048,11.496041141086014,0.3291139240506329,0.05433984167527023
m05_joint_production_wealth,inv_D_sup_anch,inv,D_sup_anch,canonical_P1,F,full,8.0,0.5,948,99,143.98544697202018,17.824266465964115,-12.597248515303022,1.898978658816436,11.429912396910165,0.3291139240506329,0.05442543587313569
m05_joint_production_wealth,inv_D_sup_anch,inv,D_sup_anch,flat_1.0,F,full,23.0,0.6,1319,99,42.35877910094536,9.517762538151745,-12.640031596339954,1.2032540115204462,3.351160855737953,0.36315390447308565,0.040189728557302976
m05_joint_production_wealth,inv_D_sup_anch,inv,D_sup_anch,flat_1.0,F,full,18.0,0.6,1319,99,54.97078302952914,9.5160335142658,-15.784386246041016,1.1824903288760273,3.482605035930156,0.36315390447308565,0.050815656704970145
m05_joint_production_wealth,inv_D_sup_anch,inv,D_sup_anch,flat_1.0,F,full,15.0,0.6,1319,99,66.79726264061414,9.51458399732997,-18.550562937162375,1.163731819845494,3.6008213263867623,0.36315390447308565,0.06039608858085648
m05_joint_production_wealth,inv_D_sup_anch,inv,D_sup_anch,flat_1.0,F,full,12.0,0.6,1319,99,84.82491919475666,9.51264937480389,-22.485902872154508,1.1361940231238716,3.7723599393378096,0.36315390447308565,0.07442679607580094
m05_joint_production_wealth,inv_D_sup_anch,inv,D_sup_anch,flat_1.0,F,full,10.0,0.6,1319,99,103.04587573389803,9.510984758211732,-26.1814225795097,1.1093525736072096,3.935839445735258,0.36315390447308565,0.08806394565130671
m05_joint_production_wealth,inv_D_sup_anch,inv,D_sup_anch,flat_1.0,F,full,8.0,0.6,1319,99,134.04543751834214,9.713294739523635,-30.208479263367465,1.1060740595063627,4.437344771634808,0.36315390447308565,0.10671963530017729
m05_joint_production_wealth,inv_D_sup_anch,inv,D_sup_anch,canonical_P1,F,full,23.0,0.6,948,99,65.14075429909532,17.882017074650772,-7.267647916305164,1.9141467717970042,8.96311365785212,0.3291139240506329,0.029531708072942784
m05_joint_production_wealth,inv_D_sup_anch,inv,D_sup_anch,canonical_P1,F,full,18.0,0.6,948,99,87.3076763064939,17.88563811272756,-9.13224614380094,1.8990943366149886,9.560372654405427,0.3291139240506329,0.03734756123306824
m05_joint_production_wealth,inv_D_sup_anch,inv,D_sup_anch,canonical_P1,F,full,15.0,0.6,948,99,109.34427770697272,17.88896666605615,-10.793232204250508,1.8854693597072483,10.130818612788817,0.3291139240506329,0.04439737123257385
m05_joint_production_wealth,inv_D_sup_anch,inv,D_sup_anch,canonical_P1,F,full,12.0,0.6,948,99,144.42403977893403,17.843279564671576,-13.139139030865795,1.86004671654049,10.991895240598371,0.3291139240506329,0.054640267069524864
m05_joint_production_wealth,inv_D_sup_anch,inv,D_sup_anch,canonical_P1,F,full,10.0,0.6,948,99,175.42099802569572,17.907944957593674,-14.231888689493823,1.8857275798356203,12.325911328634401,0.3291139240506329,0.0622041063471896
m05_joint_production_wealth,inv_D_sup_anch,inv,D_sup_anch,canonical_P1,F,full,8.0,0.6,948,99,188.13900916968421,17.90583656862523,-14.98370555039997,1.8864851835239103,12.556240413084073,0.3291139240506329,0.06521968869980331
m05_joint_production_wealth,inv_D_tot,inv,D_tot,flat_1.0,P,full,23.0,0.3,1310,99,40.793372715396984,9.52607837069536,-12.230505873970115,1.1856633293994314,3.335379021583769,0.35954198473282445,0.03888891763117921
m05_joint_production_wealth,inv_D_tot,inv,D_tot,flat_1.0,O,evaluation,23.0,0.3,707,50,6.188302962717196,3.192440199677981,-12.230505873970124,0.4085760326423728,0.5059727722209434,0.36633663366336633,0.04677416290628634
m05_joint_production_wealth,inv_D_tot,inv,D_tot,flat_1.0,F,full,18.0,0.3,1310,99,52.861560714416655,9.524225879499935,-15.280273630105013,1.165162315080621,3.4594642736154566,0.35954198473282445,0.04917025742838705
m05_joint_production_wealth,inv_D_tot,inv,D_tot,flat_1.0,F,full,15.0,0.3,1310,99,64.15070145881683,9.522668666269963,-17.96583757506373,1.1466445751682368,3.57070474397792,0.35954198473282445,0.058439762405506385
m05_joint_production_wealth,inv_D_tot,inv,D_tot,flat_1.0,F,full,12.0,0.3,1310,99,81.31264558006374,9.520582570189863,-21.79087787098081,1.1194662589285311,3.731499302666866,0.35954198473282445,0.07201469042885142
m05_joint_production_wealth,inv_D_tot,inv,D_tot,flat_1.0,F,full,10.0,0.3,1310,99,98.60649066034104,9.518777906636489,-25.38774940928692,1.0929821961536594,3.884018589858559,0.35954198473282445,0.08520835722797308
m05_joint_production_wealth,inv_D_tot,inv,D_tot,flat_1.0,F,full,8.0,0.3,1310,99,127.22689381817122,9.687886893594358,-29.60289770143315,1.0826231803753283,4.297785139189663,0.35954198473282445,0.1033811687395032
m05_joint_production_wealth,inv_D_tot,inv,D_tot,canonical_P1,P,full,23.0,0.3,938,99,63.83306078673574,18.478443572464183,-6.973330669738517,1.9411424791995915,9.153884106449427,0.3283582089552239,0.02807831260011175
m05_joint_production_wealth,inv_D_tot,inv,D_tot,canonical_P1,O,evaluation,23.0,0.3,470,50,18.70389336264182,11.401449710704009,-6.973330669738514,1.341339546440268,2.6822037055849495,0.3276595744680851,0.032074453422590174
m05_joint_production_wealth,inv_D_tot,inv,D_tot,canonical_P1,F,full,18.0,0.3,938,99,73.10637366488304,18.488862175337328,-7.710010683199718,1.9726973837353057,9.482006792050681,0.3283582089552239,0.03128843572055059
m05_joint_production_wealth,inv_D_tot,inv,D_tot,canonical_P1,F,full,15.0,0.3,938,99,73.27544102099506,18.46550490227459,-7.713751071255554,1.9650459146965,9.499326636822381,0.3283582089552239,0.03139580813066245
m05_joint_production_wealth,inv_D_tot,inv,D_tot,canonical_P1,F,full,12.0,0.3,938,99,73.01732526308946,18.39552172679114,-7.713751071255577,1.958686031098772,9.465864867636226,0.3283582089552239,0.03143423260264325
m05_joint_production_wealth,inv_D_tot,inv,D_tot,canonical_P1,F,full,10.0,0.3,938,99,73.01732526308946,18.39552172679114,-7.713751071255577,1.958686031098772,9.465864867636226,0.3283582089552239,0.03143423260264325
m05_joint_production_wealth,inv_D_tot,inv,D_tot,canonical_P1,F,full,8.0,0.3,938,99,73.01732526308946,18.39552172679114,-7.713751071255577,1.958686031098772,9.465864867636226,0.3283582089552239,0.03143423260264325
m05_joint_production_wealth,inv_D_tot,inv,D_tot,flat_1.0,F,full,23.0,0.4,1310,99,40.793372715397005,9.52607837069536,-12.23050587397005,1.185663329399433,3.335379021583789,0.35954198473282445,0.03888891763117908
m05_joint_production_wealth,inv_D_tot,inv,D_tot,flat_1.0,F,full,18.0,0.4,1310,99,52.86156071441634,9.524225879499898,-15.280273630105004,1.1651623150806136,3.459464273615438,0.35954198473282445,0.049170257428386994
m05_joint_production_wealth,inv_D_tot,inv,D_tot,flat_1.0,F,full,15.0,0.4,1310,99,64.15070145881626,9.522668666269903,-17.96583757506374,1.1466445751682324,3.570704743977886,0.35954198473282445,0.05843976240550623
m05_joint_production_wealth,inv_D_tot,inv,D_tot,flat_1.0,F,full,12.0,0.4,1310,99,81.31264558006379,9.520582570189884,-21.790877870980864,1.1194662589285327,3.731499302666859,0.35954198473282445,0.07201469042885142
m05_joint_production_wealth,inv_D_tot,inv,D_tot,flat_1.0,F,full,10.0,0.4,1310,99,98.60649066034135,9.51877790663651,-25.387749409286947,1.0929821961536619,3.8840185898585666,0.35954198473282445,0.08520835722797315
m05_joint_production_wealth,inv_D_tot,inv,D_tot,flat_1.0,F,full,8.0,0.4,1310,99,127.22689381817149,9.687886893594372,-29.602897701433122,1.082623180375331,4.297785139189676,0.35954198473282445,0.10338116873950315
m05_joint_production_wealth,inv_D_tot,inv,D_tot,canonical_P1,F,full,23.0,0.4,938,99,64.3537103164052,18.42524408327022,-7.300738177065727,1.926724095877137,8.814685413396086,0.3283582089552239,0.028363039671108953
m05_joint_production_wealth,inv_D_tot,inv,D_tot,canonical_P1,F,full,18.0,0.4,938,99,85.8412758294629,18.42210867622195,-8.996645669222127,1.9136096403081244,9.54147567722148,0.3283582089552239,0.035757185146612205
m05_joint_production_wealth,inv_D_tot,inv,D_tot,canonical_P1,F,full,15.0,0.4,938,99,101.56015708697606,18.520037753620052,-9.792546978613908,1.9512560197255966,10.371168737691516,0.3283582089552239,0.04041169310257062
m05_joint_production_wealth,inv_D_tot,inv,D_tot,canonical_P1,F,full,12.0,0.4,938,99,106.15429928320448,18.50035386979132,-10.194558909658648,1.9483289493153375,10.412838870608766,0.3283582089552239,0.04183561228674596
m05_joint_production_wealth,inv_D_tot,inv,D_tot,canonical_P1,F,full,10.0,0.4,938,99,105.70985300339517,18.424474488464384,-10.194558909658646,1.94144899736837,10.369242449836875,0.3283582089552239,0.04189109946859362
m05_joint_production_wealth,inv_D_tot,inv,D_tot,canonical_P1,F,full,8.0,0.4,938,99,105.53995786206146,18.39552172679114,-10.194558909658623,1.938787420487778,10.3525771735028,0.3283582089552239,0.04191231013685766
m05_joint_production_wealth,inv_D_tot,inv,D_tot,flat_1.0,F,full,23.0,0.5,1310,99,40.793372715396245,9.526078370695211,-12.23050587397009,1.1856633293994143,3.335379021583716,0.35954198473282445,0.03888891763117913
m05_joint_production_wealth,inv_D_tot,inv,D_tot,flat_1.0,F,full,18.0,0.5,1310,99,52.861560714416946,9.524225879499966,-15.28027363010499,1.1651623150806274,3.459464273615481,0.35954198473282445,0.049170257428387064
m05_joint_production_wealth,inv_D_tot,inv,D_tot,flat_1.0,F,full,15.0,0.5,1310,99,64.15070145881765,9.52266866627003,-17.965837575063766,1.1466445751682461,3.5707047439779585,0.35954198473282445,0.058439762405506385
m05_joint_production_wealth,inv_D_tot,inv,D_tot,flat_1.0,F,full,12.0,0.5,1310,99,81.31264558006374,9.520582570189866,-21.790877870980896,1.1194662589285318,3.7314993026668515,0.35954198473282445,0.07201469042885149
m05_joint_production_wealth,inv_D_tot,inv,D_tot,flat_1.0,F,full,10.0,0.5,1310,99,98.60649066034229,9.51877790663655,-25.38774940928693,1.092982196153668,3.8840185898586066,0.35954198473282445,0.08520835722797324
m05_joint_production_wealth,inv_D_tot,inv,D_tot,flat_1.0,F,full,8.0,0.5,1310,99,127.22689381817128,9.687886893594348,-29.602897701433122,1.0826231803753277,4.297785139189669,0.35954198473282445,0.10338116873950329
m05_joint_production_wealth,inv_D_tot,inv,D_tot,canonical_P1,F,full,23.0,0.5,938,99,64.35371031640524,18.425244083270247,-7.3007381770657185,1.9267240958771388,8.814685413396102,0.3283582089552239,0.028363039671108887
m05_joint_production_wealth,inv_D_tot,inv,D_tot,canonical_P1,F,full,18.0,0.5,938,99,86.21940211318638,18.429171645935046,-9.173485449118372,1.9119379825758025,9.398761527601549,0.3283582089552239,0.03586936302471441
m05_joint_production_wealth,inv_D_tot,inv,D_tot,canonical_P1,F,full,15.0,0.5,938,99,107.37292742117445,18.381157329676608,-10.841609712055071,1.8929774938617292,9.903780921184026,0.3283582089552239,0.042602742511259235
m05_joint_production_wealth,inv_D_tot,inv,D_tot,canonical_P1,F,full,12.0,0.5,938,99,135.47860755396317,18.48307662468767,-12.052557590238376,1.9263972601797563,11.240652163627926,0.3283582089552239,0.05015970771570171
m05_joint_production_wealth,inv_D_tot,inv,D_tot,canonical_P1,F,full,10.0,0.5,938,99,144.04718044465196,18.523193315367934,-12.630875188084707,1.9304167067216245,11.404370504788012,0.3283582089552239,0.05227367449469126
m05_joint_production_wealth,inv_D_tot,inv,D_tot,canonical_P1,F,full,8.0,0.5,938,99,143.2856898123683,18.435473651496025,-12.630875188084698,1.9224540968129002,11.34408247082803,0.3283582089552239,0.052353808944045815
m05_joint_production_wealth,inv_D_tot,inv,D_tot,flat_1.0,F,full,23.0,0.6,1310,99,40.793372715396984,9.52607837069536,-12.230505873970115,1.1856633293994314,3.335379021583769,0.35954198473282445,0.03888891763117921
m05_joint_production_wealth,inv_D_tot,inv,D_tot,flat_1.0,F,full,18.0,0.6,1310,99,52.861560714416655,9.524225879499935,-15.280273630105013,1.165162315080621,3.4594642736154566,0.35954198473282445,0.04917025742838705
m05_joint_production_wealth,inv_D_tot,inv,D_tot,flat_1.0,F,full,15.0,0.6,1310,99,64.15070145881683,9.522668666269963,-17.96583757506373,1.1466445751682368,3.57070474397792,0.35954198473282445,0.058439762405506385
m05_joint_production_wealth,inv_D_tot,inv,D_tot,flat_1.0,F,full,12.0,0.6,1310,99,81.31264558006374,9.520582570189863,-21.79087787098081,1.1194662589285311,3.731499302666866,0.35954198473282445,0.07201469042885142
m05_joint_production_wealth,inv_D_tot,inv,D_tot,flat_1.0,F,full,10.0,0.6,1310,99,98.60649066034104,9.518777906636489,-25.38774940928692,1.0929821961536594,3.884018589858559,0.35954198473282445,0.08520835722797308
m05_joint_production_wealth,inv_D_tot,inv,D_tot,flat_1.0,F,full,8.0,0.6,1310,99,127.22689381817122,9.687886893594358,-29.60289770143315,1.0826231803753283,4.297785139189663,0.35954198473282445,0.1033811687395032
m05_joint_production_wealth,inv_D_tot,inv,D_tot,canonical_P1,F,full,23.0,0.6,938,99,64.35371031640523,18.42524408327021,-7.300738177065733,1.9267240958771328,8.814685413396084,0.3283582089552239,0.028363039671108953
m05_joint_production_wealth,inv_D_tot,inv,D_tot,canonical_P1,F,full,18.0,0.6,938,99,86.21940211318709,18.429171645935146,-9.173485449118372,1.911937982575811,9.398761527601627,0.3283582089552239,0.035869363024714405
m05_joint_production_wealth,inv_D_tot,inv,D_tot,canonical_P1,F,full,15.0,0.6,938,99,107.9464218754695,18.432777979717613,-10.841609712055092,1.8985539402045306,9.956678458498725,0.3283582089552239,0.04263989638579938
m05_joint_production_wealth,inv_D_tot,inv,D_tot,canonical_P1,F,full,12.0,0.6,938,99,142.69486354757106,18.401165018691927,-13.15363551821024,1.875578562710574,10.848321237882905,0.3283582089552239,0.05247101925953243
m05_joint_production_wealth,inv_D_tot,inv,D_tot,canonical_P1,F,full,10.0,0.6,938,99,172.9614759392735,18.44820690299754,-14.244807943605982,1.9012452346697934,12.142071456773142,0.3283582089552239,0.05972965605862207
m05_joint_production_wealth,inv_D_tot,inv,D_tot,canonical_P1,F,full,8.0,0.6,938,99,187.19212089435473,18.515908574093036,-15.02313602586812,1.9096784006522687,12.460256005938529,0.3283582089552239,0.06273638397014342
