model,container,form,scheme,trust,family,selection,n_bets,win_rate,mean_odds,p_model,p_market,stake_units,pnl_units,mean_payoff,flat_roi,kelly_roi,capital_share,efficiency,edge,calibration
m12_joint_hybrid_synergy,raw,none,none,flat_1.0,1X2_away,away,341,0.2697947214076246,4.522759553604161,0.3278356935556728,0.25658887941448827,4986.650636981541,302.62246856668213,0.05136146153506859,5.136146153506859,6.068651898779537,29.013434081704602,0.9337683004745301,0.07124681414118456,-0.05804097214804821
m12_joint_hybrid_synergy,raw,none,none,flat_1.0,1X2_home,home,268,0.34701492537313433,3.343654502742371,0.39340308966409715,0.325983196501733,4140.589872522325,430.802598289186,0.06596794788637805,6.596794788637805,10.404377432985262,24.090865807779437,1.600895552280406,0.06741989316236413,-0.04638816429096282
m12_joint_hybrid_synergy,raw,none,none,flat_1.0,1X2_draw,draw,319,0.25705329153605017,4.134790090485262,0.2537264642000832,0.24700340440214727,2261.346941796065,178.38754286755199,0.04124572151311109,4.124572151311109,7.888552595377889,13.157015641941651,1.2137918722395893,0.006723059797935943,0.003326827335966953
m12_joint_hybrid_synergy,raw,none,none,flat_1.0,O/U 2.5_under_25,under_25,199,0.5125628140703518,2.233530239700012,0.4970606993868076,0.45237330768541095,1882.9639112735777,482.11844222349185,0.12239731713026981,12.239731713026982,25.604231676293896,10.955499651973483,3.9396591361810174,0.04468739170139663,0.015502114683544177
m12_joint_hybrid_synergy,raw,none,none,flat_1.0,O/U 3.5_under_35,under_35,98,0.5918367346938775,1.546036015404914,0.7039888237703702,0.6489474093826043,1349.3190449544813,-294.26731205781505,-0.10572615886593997,-10.572615886593997,-21.808579161331114,7.850636031256499,-3.355631570058555,0.055041414387765886,-0.11215208907649266
m12_joint_hybrid_synergy,raw,none,none,flat_1.0,BTTS_btts_yes,btts_yes,64,0.578125,1.8736114163593829,0.5499472477781092,0.5376022796970504,668.6392010187228,-131.78579926114944,0.05009263604103802,5.009263604103802,-19.70955323294891,3.8902904565504173,-3.03265969648782,0.012344968081058783,0.028177752221890784
m12_joint_hybrid_synergy,raw,none,none,flat_1.0,O/U 2.5_over_25,over_25,71,0.5352112676056338,2.0771968905519906,0.5200924945908978,0.4823245389245929,514.2450661964556,68.63688505184493,0.11037178697778124,11.037178697778124,13.347115911001035,2.9919913015931447,2.0536873671990388,0.037767955666304864,0.015118773014735964
m12_joint_hybrid_synergy,raw,none,none,flat_1.0,O/U 1.5_over_15,over_15,45,0.8222222222222222,1.3769736472828886,0.7551867102444678,0.7250512900941785,463.62666059652946,47.20383612074221,0.12248616764341001,12.248616764341001,10.18143263375039,2.6974822450927665,1.5665915932210557,0.03013542015028936,0.06703551197775437
m12_joint_hybrid_synergy,raw,none,none,flat_1.0,BTTS_btts_no,btts_no,71,0.4084507042253521,2.4032416231341323,0.45510438395424463,0.41784072063070216,413.2818550822769,4.58427456086262,-0.052715117856039176,-5.271511785603917,1.1092368330445996,2.404565054281067,0.1706754992198694,0.03726366332354247,-0.046653679728892505
m12_joint_hybrid_synergy,raw,none,none,flat_1.0,O/U 1.5_under_15,under_15,81,0.18518518518518517,4.725245814417161,0.25350256575368585,0.21658271843366864,363.0682187504557,-20.82474848655505,-0.1748231937795339,-17.482319377953388,-5.7357673878000135,2.1124110347249996,-0.8825481927378913,0.03691984732001721,-0.06831738056850067
m12_joint_hybrid_synergy,raw,none,none,flat_1.0,O/U 3.5_over_35,over_35,35,0.2857142857142857,3.7371807275996387,0.29675859920443776,0.27109644510458314,143.65365851261421,49.54684898982454,0.061253852668248294,6.125385266824829,34.49048879285858,0.8358086931019275,5.306965309564112,0.025662154099854617,-0.011044313490152058
m12_joint_hybrid_synergy,raw,none,none,canonical_P1,1X2_home,home,268,0.34701492537313433,3.343654502742371,0.39340308966409715,0.325983196501733,4795.966072127625,526.1071058307685,0.06596794788637805,6.596794788637805,10.96978372904487,35.50835571040115,0.9778501922038142,0.06741989316236413,-0.04638816429096282
m12_joint_hybrid_synergy,raw,none,none,canonical_P1,1X2_away,away,341,0.2697947214076246,4.522759553604161,0.3278356935556728,0.25658887941448827,4456.673162426134,203.78933251845086,0.05136146153506859,5.136146153506859,4.572678432795632,32.996300131502345,0.407610085562258,0.07124681414118456,-0.05804097214804821
m12_joint_hybrid_synergy,raw,none,none,canonical_P1,O/U 2.5_under_25,under_25,199,0.5125628140703518,2.233530239700012,0.4970606993868076,0.45237330768541095,2290.6008077201914,578.6986474220024,0.12239731713026981,12.239731713026982,25.26405497944334,16.95914171364812,2.252046314467076,0.04468739170139663,0.015502114683544177
m12_joint_hybrid_synergy,raw,none,none,canonical_P1,1X2_draw,draw,319,0.25705329153605017,4.134790090485262,0.2537264642000832,0.24700340440214727,1963.3444677003738,206.6095148288256,0.04124572151311109,4.124572151311109,10.523345150472917,14.536202444448378,0.9380545079272026,0.006723059797935943,0.003326827335966953
m12_joint_hybrid_synergy,std_A_pool,std,A_pool,flat_1.0,1X2_away,away,344,0.27325581395348836,4.515592166566885,0.3018336558413329,0.2567397954118769,2361.6012256964027,214.98415940218229,0.06241470305271431,6.241470305271431,9.103321808227234,29.74000631335788,1.1411545956270275,0.04509386042945601,-0.02857784188784457
m12_joint_hybrid_synergy,std_A_pool,std,A_pool,flat_1.0,1X2_home,home,278,0.3489208633093525,3.301465721225266,0.3740746649958953,0.33091479437566335,2042.6164401103392,244.61781703027359,0.05946037788965127,5.9460377889651275,11.97570979194996,25.722982002067912,1.5012252178790777,0.043159870620231966,-0.025153801686542798
m12_joint_hybrid_synergy,std_A_pool,std,A_pool,flat_1.0,O/U 2.5_under_25,under_25,209,0.5023923444976076,2.217306519842841,0.48431637414271556,0.4558195437408528,977.965337464366,197.1258963209068,0.099624172602086,9.9624172602086,20.156736519108936,12.315667435283766,2.5267647344770356,0.02849683040186274,0.018075970354892057
m12_joint_hybrid_synergy,std_A_pool,std,A_pool,flat_1.0,1X2_draw,draw,272,0.24632352941176472,4.198571382634281,0.2482045795702954,0.2437309494316075,808.3031130813255,67.97547818682209,0.010129484918094005,1.0129484918094005,8.409651909874915,10.179085031198145,1.0541990195166149,0.004473630138687901,-0.0018810501585306838
m12_joint_hybrid_synergy,std_A_pool,std,A_pool,flat_1.0,O/U 3.5_under_35,under_35,90,0.6,1.5417875356921507,0.684498737794219,0.6517378551601241,526.8296659674745,-114.97659328214026,-0.09659566010895336,-9.659566010895336,-21.824244287951448,6.63444675648687,-2.7357965795271197,0.032760882634094934,-0.08449873779421901
m12_joint_hybrid_synergy,std_A_pool,std,A_pool,flat_1.0,BTTS_btts_yes,btts_yes,61,0.5737704918032787,1.870443538064131,0.5507957216942967,0.5397699216045179,307.7363093442371,-63.33800031587768,0.03546779308261768,3.546779308261768,-20.581906779491245,3.8753705253723547,-2.5800623116450447,0.011025800089778826,0.022974770108981968
m12_joint_hybrid_synergy,std_A_pool,std,A_pool,flat_1.0,O/U 1.5_over_15,over_15,39,0.8461538461538461,1.372058425885634,0.7518490659298902,0.7277978755302302,252.8564568375699,31.853806806044666,0.15172381007447436,15.172381007447436,12.597584892406736,3.1842601286358603,1.579180896448071,0.024051190399659972,0.09430478022395594
m12_joint_hybrid_synergy,std_A_pool,std,A_pool,flat_1.0,O/U 2.5_over_25,over_25,53,0.5283018867924528,2.0850656423685527,0.5106783239653592,0.4794674262099635,233.58576837892338,54.776835187689564,0.11240818702753785,11.240818702753785,23.450416336508333,2.941581394314871,2.9396467504409705,0.03121089775539565,0.017623562827093653
m12_joint_hybrid_synergy,std_A_pool,std,A_pool,flat_1.0,BTTS_btts_no,btts_no,62,0.41935483870967744,2.4115461801582687,0.4434505218519657,0.41642779016747833,207.41579483265696,-0.11931083444506108,-0.013580754891281643,-1.3580754891281643,-0.057522540432044265,2.612018905094506,-0.007210786650082388,0.027022731684487378,-0.02409568314228827
m12_joint_hybrid_synergy,std_A_pool,std,A_pool,flat_1.0,O/U 1.5_under_15,under_15,67,0.16417910447761194,4.763675230359561,0.23896388083901068,0.21553251607063892,140.66658270580749,-16.656096866684194,-0.2827085461085375,-28.270854610853753,-11.840834223945741,1.7714358428635895,-1.4843177771109486,0.023431364768371765,-0.07478477636139874
m12_joint_hybrid_synergy,std_A_pool,std,A_pool,flat_1.0,O/U 3.5_over_35,over_35,28,0.2857142857142857,3.6926002238461573,0.2967282193350408,0.2766889127378386,81.24618508269539,17.21852405985865,0.023028831010755875,2.3028831010755875,21.193024684584262,1.023145665324205,2.6566695129016886,0.02003930659720221,-0.01101393362075509
m12_joint_hybrid_synergy,std_A_pool,std,A_pool,canonical_P1,1X2_home,home,278,0.3489208633093525,3.301465721225266,0.3740746649958953,0.33091479437566335,2260.6739208251056,289.88047658753953,0.05946037788965127,5.9460377889651275,12.822746081033143,37.47831893502968,1.0616667647817846,0.043159870620231966,-0.025153801686542798
m12_joint_hybrid_synergy,std_A_pool,std,A_pool,canonical_P1,1X2_away,away,344,0.27325581395348836,4.515592166566885,0.3018336558413329,0.2567397954118769,1988.3994182989934,156.54247908680588,0.06241470305271431,6.241470305271431,7.872788416963155,32.96444785015169,0.6518321236050979,0.04509386042945601,-0.02857784188784457
m12_joint_hybrid_synergy,std_A_pool,std,A_pool,canonical_P1,O/U 2.5_under_25,under_25,209,0.5023923444976076,2.217306519842841,0.48431637414271556,0.4558195437408528,1119.4536241342853,217.56672975531552,0.099624172602086,9.9624172602086,19.435081995787712,18.558731346344132,1.6091389859350766,0.02849683040186274,0.018075970354892057
m12_joint_hybrid_synergy,std_A_pool,std,A_pool,canonical_P1,1X2_draw,draw,272,0.24632352941176472,4.198571382634281,0.2482045795702954,0.2437309494316075,663.4242689836067,64.54568546058044,0.010129484918094005,1.0129484918094005,9.729171584191079,10.998501868474513,0.8055324541654483,0.004473630138687901,-0.0018810501585306838
m12_joint_hybrid_synergy,std_B_full,std,B_full,flat_1.0,1X2_away,away,345,0.27246376811594203,4.510108365573012,0.30233546535810496,0.2571003870840153,2385.3477267159105,216.88272023179155,0.05933524014531514,5.933524014531514,9.09228947221001,30.132956971970593,1.118314496669541,0.04523507827408968,-0.02987169724216293
m12_joint_hybrid_synergy,std_B_full,std,B_full,flat_1.0,1X2_home,home,279,0.35125448028673834,3.3000267759878987,0.37405785232009514,0.3309500809956335,2059.0299530648,246.50896124318106,0.06592109338108622,6.592109338108622,11.972092046366805,26.010740608088128,1.472518459936343,0.04310777132446164,-0.022803372033356806
m12_joint_hybrid_synergy,std_B_full,std,B_full,flat_1.0,O/U 2.5_under_25,under_25,205,0.5073170731707317,2.2210161300347377,0.48335119732969195,0.4550113001769324,954.8669412887533,196.79329872517272,0.10874464426261451,10.87446442626145,20.60949962929569,12.062377377333199,2.5348843407363253,0.02833989715275953,0.023965875841039763
m12_joint_hybrid_synergy,std_B_full,std,B_full,flat_1.0,1X2_draw,draw,271,0.24723247232472326,4.2002674846405785,0.24778828033214478,0.24364340179444643,802.5362805318496,70.1500479100214,0.013856899991592507,1.3856899991592506,8.741043814683643,10.138056996413614,1.0751127143346804,0.004144878537698349,-0.0005558080074215266
m12_joint_hybrid_synergy,std_B_full,std,B_full,flat_1.0,O/U 3.5_under_35,under_35,80,0.575,1.5541240445443596,0.6800903545148494,0.646548406430784,485.11168343369866,-110.07043198403123,-0.12631181206969666,-12.631181206969666,-22.689709554083503,6.1281838785129095,-2.7907416715127304,0.03354194808406541,-0.1050903545148495
m12_joint_hybrid_synergy,std_B_full,std,B_full,flat_1.0,BTTS_btts_yes,btts_yes,59,0.559322033898305,1.875405032325141,0.5499227313754034,0.5383536724129089,295.53123947437354,-64.0308429049215,0.012615926128907976,1.2615926128907975,-21.666353451772338,3.7333048021534965,-2.6648730475574878,0.011569058962494494,0.009399302522901665
m12_joint_hybrid_synergy,std_B_full,std,B_full,flat_1.0,O/U 1.5_over_15,over_15,39,0.8461538461538461,1.372058425885634,0.7518861684605571,0.7277978755302302,251.94894000258324,31.216745416274293,0.15172381007447436,15.172381007447436,12.39010785913774,3.182750457386722,1.5239326988568742,0.024088292930326882,0.09426767769328903
m12_joint_hybrid_synergy,std_B_full,std,B_full,flat_1.0,O/U 2.5_over_25,over_25,54,0.5185185185185185,2.0875644267691356,0.5099324397183326,0.4788547709079318,238.7832155842973,53.5164984610728,0.09180803541591678,9.180803541591679,22.412169268312724,3.0164341576884675,2.7566053490896585,0.03107766881040075,0.008586078800185915
m12_joint_hybrid_synergy,std_B_full,std,B_full,flat_1.0,BTTS_btts_no,btts_no,64,0.421875,2.4039251876097185,0.4445129248749701,0.4179843549771718,213.69997532952442,0.8871750349072878,-0.007415077231161662,-0.7415077231161662,0.4151498068913053,2.6995695803149693,0.05106173189438285,0.026528569897798282,-0.022637924874970072
m12_joint_hybrid_synergy,std_B_full,std,B_full,flat_1.0,O/U 1.5_under_15,under_15,69,0.17391304347826086,4.7630243939446695,0.23878071255577216,0.21544175344125863,144.05150447835877,-16.563511683358954,-0.22935467520684077,-22.935467520684078,-11.498326062847427,1.8197337593920455,-1.4142471775472394,0.02333895911451353,-0.06486766907751129
m12_joint_hybrid_synergy,std_B_full,std,B_full,flat_1.0,O/U 3.5_over_35,over_35,30,0.26666666666666666,3.67026946818234,0.2974299680395803,0.2780967652767618,85.16838002998105,18.314096843111813,-0.04517309105662785,-4.517309105662784,21.50339930930337,1.07589141074588,2.6448303530994655,0.01933320276281847,-0.03076330137291361
m12_joint_hybrid_synergy,std_B_full,std,B_full,canonical_P1,1X2_home,home,279,0.35125448028673834,3.3000267759878987,0.37405785232009514,0.3309500809956335,2276.8277614437056,292.7674914861381,0.06592109338108622,6.592109338108622,12.858570000064397,37.7316481322627,1.0574142160230635,0.04310777132446164,-0.022803372033356806
m12_joint_hybrid_synergy,std_B_full,std,B_full,canonical_P1,1X2_away,away,345,0.27246376811594203,4.510108365573012,0.30233546535810496,0.2571003870840153,2007.1567031412199,157.54046373169962,0.05933524014531514,5.933524014531514,7.848936930791067,33.262652428840504,0.645451048697121,0.04523507827408968,-0.02987169724216293
m12_joint_hybrid_synergy,std_B_full,std,B_full,canonical_P1,O/U 2.5_under_25,under_25,205,0.5073170731707317,2.2210161300347377,0.48335119732969195,0.4550113001769324,1091.981043490796,217.1584643088336,0.10874464426261451,10.87446442626145,19.886651476533984,18.096337895129135,1.6353628731871248,0.02833989715275953,0.023965875841039763
m12_joint_hybrid_synergy,std_B_full,std,B_full,canonical_P1,1X2_draw,draw,271,0.24723247232472326,4.2002674846405785,0.24778828033214478,0.24364340179444643,658.2998212908191,66.32382048395569,0.013856899991592507,1.3856899991592506,10.07501723969869,10.909361543767675,0.8285109818495746,0.004144878537698349,-0.0005558080074215266
m12_joint_hybrid_synergy,std_B_anch,std,B_anch,flat_1.0,1X2_away,away,344,0.27325581395348836,4.515592166566885,0.30204421352377936,0.2567397954118769,2377.308627667994,215.88027595538233,0.06241470305271431,6.241470305271431,9.080868737146202,29.864573089638764,1.1273594207175697,0.045304418111902445,-0.028788399570291
m12_joint_hybrid_synergy,std_B_anch,std,B_anch,flat_1.0,1X2_home,home,279,0.35125448028673834,3.3000267759878987,0.3739580970140606,0.3309500809956335,2051.5071700565136,243.99656829472482,0.06592109338108622,6.592109338108622,11.893527444410704,25.77174251210731,1.4765415730734501,0.043008016018427075,-0.02270361672732224
m12_joint_hybrid_synergy,std_B_anch,std,B_anch,flat_1.0,O/U 2.5_under_25,under_25,210,0.5047619047619047,2.21908210870159,0.48424388867618634,0.4553757272566836,992.7239534807384,201.03452215128982,0.10395643844683798,10.395643844683798,20.250797963161112,12.470941602413218,2.5140686999944997,0.028868161419502714,0.020518016085718405
m12_joint_hybrid_synergy,std_B_anch,std,B_anch,flat_1.0,1X2_draw,draw,272,0.24632352941176472,4.198571382634281,0.24809680009501503,0.2437309494316075,808.9021907878023,71.39150872594307,0.010129484918094005,1.0129484918094005,8.825728195446446,10.161709051150167,1.095684577526014,0.004365850663407528,-0.001773270683250311
m12_joint_hybrid_synergy,std_B_anch,std,B_anch,flat_1.0,O/U 3.5_under_35,under_35,87,0.5862068965517241,1.5463539772472732,0.6829584709164234,0.6497734270353459,510.9101893134229,-113.27585064411622,-0.11376011445690815,-11.376011445690814,-22.171382175082446,6.418230478538769,-2.7525027933906547,0.03318504388107746,-0.09675157436469928
m12_joint_hybrid_synergy,std_B_anch,std,B_anch,flat_1.0,BTTS_btts_yes,btts_yes,56,0.5535714285714286,1.875921585206966,0.5493650728077717,0.5385009528482037,287.8107119536011,-63.74879621541912,0.002671379798646686,0.2671379798646686,-22.149556485477948,3.615577692809216,-2.7497932071713724,0.010864119959568042,0.0042063557636569104
m12_joint_hybrid_synergy,std_B_anch,std,B_anch,flat_1.0,O/U 1.5_over_15,over_15,37,0.8378378378378378,1.371629151609182,0.7533363958632129,0.7280415204555163,247.5073578348607,30.692840023065557,0.13979536737579729,13.979536737579728,12.400778825954788,3.1092730208670534,1.539515132124744,0.025294875407696593,0.08450144197462495
m12_joint_hybrid_synergy,std_B_anch,std,B_anch,flat_1.0,O/U 2.5_over_25,over_25,53,0.5283018867924528,2.0850656423685527,0.5104614949639537,0.4794674262099635,232.75830189312364,54.115385617610315,0.11240818702753785,11.240818702753785,23.24960492384871,2.9239902796828523,2.8863605341683995,0.030994068753990134,0.01784039182849917
m12_joint_hybrid_synergy,std_B_anch,std,B_anch,flat_1.0,BTTS_btts_no,btts_no,64,0.421875,2.4039251876097185,0.4450461400279033,0.4179843549771718,217.88511017182574,0.926099377780814,-0.007415077231161662,-0.7415077231161662,0.42504023200598035,2.7371481019077986,0.0527673203529325,0.027061785050731535,-0.023171140027903325
m12_joint_hybrid_synergy,std_B_anch,std,B_anch,flat_1.0,O/U 1.5_under_15,under_15,71,0.16901408450704225,4.730707456531387,0.2412471592494479,0.217208267950789,149.98612885158178,-17.75854111978006,-0.2510629942150988,-25.10629942150988,-11.84012232048002,1.8841776180798009,-1.4699115059157162,0.024038891298658882,-0.07223307474240565
m12_joint_hybrid_synergy,std_B_anch,std,B_anch,flat_1.0,O/U 3.5_over_35,over_35,29,0.27586206896551724,3.677338147161807,0.2972549261093973,0.2777353725515254,82.99696315985571,17.947082710496897,-0.012248025230994327,-1.2248025230994326,21.623782397833097,1.0426365528050943,2.6845201162333914,0.019519553557871883,-0.021392857143880062
m12_joint_hybrid_synergy,std_B_anch,std,B_anch,canonical_P1,1X2_home,home,279,0.35125448028673834,3.3000267759878987,0.3739580970140606,0.3309500809956335,2272.944528855834,290.0467641481247,0.06592109338108622,6.592109338108622,12.760837779623678,37.389628520328394,1.0532456535044679,0.043008016018427075,-0.02270361672732224
m12_joint_hybrid_synergy,std_B_anch,std,B_anch,canonical_P1,1X2_away,away,344,0.27325581395348836,4.515592166566885,0.30204421352377936,0.2567397954118769,2003.7091546770494,156.85056223574884,0.06241470305271431,6.241470305271431,7.828010460980773,32.96074321438397,0.6461031897749467,0.045304418111902445,-0.028788399570291
m12_joint_hybrid_synergy,std_B_anch,std,B_anch,canonical_P1,O/U 2.5_under_25,under_25,210,0.5047619047619047,2.21908210870159,0.48424388867618634,0.4553757272566836,1137.6594605494024,222.13217899606238,0.10395643844683798,10.395643844683798,19.525366482584303,18.71434347497766,1.6115718839167164,0.028868161419502714,0.020518016085718405
m12_joint_hybrid_synergy,std_B_anch,std,B_anch,canonical_P1,1X2_draw,draw,272,0.24632352941176472,4.198571382634281,0.24809680009501503,0.2437309494316075,664.7644472343975,67.49499613996078,0.010129484918094005,1.0129484918094005,10.153219899282893,10.935284790310018,0.8380198003198929,0.004365850663407528,-0.001773270683250311
m12_joint_hybrid_synergy,std_C_sqrt,std,C_sqrt,flat_1.0,1X2_away,away,344,0.27325581395348836,4.515592166566885,0.30194369339523297,0.2567397954118769,2370.639180655875,215.66351435180948,0.06241470305271431,6.241470305271431,9.097272841501876,29.884590038367836,1.1321431431944131,0.045203897983356056,-0.028687879441744613
m12_joint_hybrid_synergy,std_C_sqrt,std,C_sqrt,flat_1.0,1X2_home,home,279,0.35125448028673834,3.3000267759878987,0.37393813336660037,0.3309500809956335,2049.1876145541855,245.488859529742,0.06592109338108622,6.592109338108622,11.97981374600245,25.83232921836295,1.4908714101009362,0.04298805237096687,-0.02268365307986203
m12_joint_hybrid_synergy,std_C_sqrt,std,C_sqrt,flat_1.0,O/U 2.5_under_25,under_25,207,0.5072463768115942,2.2204697721127244,0.48359307734006624,0.4551171111251255,969.4407048430455,197.702983298206,0.11024856074316895,11.024856074316896,20.39350960925604,12.220897328932779,2.5379443347526256,0.02847596621494075,0.023653299471528
m12_joint_hybrid_synergy,std_C_sqrt,std,C_sqrt,flat_1.0,1X2_draw,draw,272,0.24632352941176472,4.198571382634281,0.24804539142586357,0.2437309494316075,806.2297813629649,68.72709541334578,0.010129484918094005,1.0129484918094005,8.524504676217711,10.163438911057394,1.0608629296332406,0.0043144419942560686,-0.0017218620140988516
m12_joint_hybrid_synergy,std_C_sqrt,std,C_sqrt,flat_1.0,O/U 3.5_under_35,under_35,87,0.5862068965517241,1.5463539772472732,0.6825674282374282,0.6497734270353459,511.0351870300784,-113.49515167303693,-0.11376011445690815,-11.376011445690814,-22.208872217316976,6.44217693868928,-2.7638637245450957,0.03279400120208231,-0.09636053168570413
m12_joint_hybrid_synergy,std_C_sqrt,std,C_sqrt,flat_1.0,BTTS_btts_yes,btts_yes,59,0.559322033898305,1.875405032325141,0.5501036411248674,0.5383536724129089,303.18084535584217,-64.0975542261478,0.012615926128907976,1.2615926128907975,-21.141689921379022,3.8219377056100234,-2.6310543496989562,0.011749968711958547,0.009218392773437611
m12_joint_hybrid_synergy,std_C_sqrt,std,C_sqrt,flat_1.0,O/U 1.5_over_15,over_15,39,0.8461538461538461,1.372058425885634,0.7518624054295748,0.7277978755302302,252.48297625935962,31.620694310177363,0.15172381007447436,15.172381007447436,12.523891621784214,3.182833684158709,1.5585811564350271,0.0240645298993446,0.09429144072427131
m12_joint_hybrid_synergy,std_C_sqrt,std,C_sqrt,flat_1.0,O/U 2.5_over_25,over_25,53,0.5283018867924528,2.0850656423685527,0.5108232869492688,0.4794674262099635,235.6970337301554,54.35843977346074,0.11240818702753785,11.240818702753785,23.062844242534922,2.971227879704703,2.870139373266953,0.0313558607393053,0.017478599843184006
m12_joint_hybrid_synergy,std_C_sqrt,std,C_sqrt,flat_1.0,BTTS_btts_no,btts_no,64,0.421875,2.4039251876097185,0.444403406843452,0.4179843549771718,210.09326117760085,0.2845775248606417,-0.007415077231161662,-0.7415077231161662,0.135452952305822,2.6484633475007704,0.016856934363766896,0.026419051866280185,-0.022528406843451976
m12_joint_hybrid_synergy,std_C_sqrt,std,C_sqrt,flat_1.0,O/U 1.5_under_15,under_15,68,0.17647058823529413,4.770091771089567,0.23863868387486437,0.21517602060285415,141.91357413243225,-16.462733908810744,-0.21802165572458843,-21.802165572458843,-11.600535050613196,1.7889812243185452,-1.443670696015969,0.023462663272010215,-0.06216809563957024
m12_joint_hybrid_synergy,std_C_sqrt,std,C_sqrt,flat_1.0,O/U 3.5_over_35,over_35,28,0.2857142857142857,3.6926002238461573,0.2969740886411598,0.2766889127378386,82.74732782161816,17.632723143025,0.023028831010755875,2.3028831010755875,21.30911487684121,1.0431237232969925,2.6518901560585744,0.02028517590332124,-0.011259802926874118
m12_joint_hybrid_synergy,std_C_sqrt,std,C_sqrt,canonical_P1,1X2_home,home,279,0.35125448028673834,3.3000267759878987,0.37393813336660037,0.3309500809956335,2267.423149457853,291.1278607251847,0.06592109338108622,6.592109338108622,12.8395910924167,37.57673664591316,1.0593278961813213,0.04298805237096687,-0.02268365307986203
m12_joint_hybrid_synergy,std_C_sqrt,std,C_sqrt,canonical_P1,1X2_away,away,344,0.27325581395348836,4.515592166566885,0.30194369339523297,0.2567397954118769,1995.6810713387001,156.90918504850916,0.06241470305271431,6.241470305271431,7.8624379066367895,33.07330705557044,0.6486888676239095,0.045203897983356056,-0.028687879441744613
m12_joint_hybrid_synergy,std_C_sqrt,std,C_sqrt,canonical_P1,O/U 2.5_under_25,under_25,207,0.5072463768115942,2.2204697721127244,0.48359307734006624,0.4551171111251255,1109.3910044336362,218.1775427705953,0.11024856074316895,11.024856074316896,19.666424362434665,18.38531710365371,1.6225744102996762,0.02847596621494075,0.023653299471528
m12_joint_hybrid_synergy,std_C_sqrt,std,C_sqrt,canonical_P1,1X2_draw,draw,272,0.24632352941176472,4.198571382634281,0.24804539142586357,0.2437309494316075,661.6188353489845,65.1506235125595,0.010129484918094005,1.0129484918094005,9.847153683010621,10.964639194862684,0.8124374459681002,0.0043144419942560686,-0.0017218620140988516
m12_joint_hybrid_synergy,std_D_sup,std,D_sup,flat_1.0,1X2_away,away,346,0.27167630057803466,4.5055126766551705,0.3025102169476765,0.2573389984882063,2386.818436065219,216.99059603123072,0.05627357760154254,5.627357760154254,9.091206635262537,30.07910970147208,1.1251663222083876,0.0451712184594702,-0.030833916369641834
m12_joint_hybrid_synergy,std_D_sup,std,D_sup,flat_1.0,1X2_home,home,279,0.35125448028673834,3.3000267759878987,0.3740983060608048,0.3309500809956335,2059.9129938505434,246.412101624956,0.06592109338108622,6.592109338108622,11.962257743922672,25.959389277913736,1.4804997940352713,0.0431482250651713,-0.022843825774066462
m12_joint_hybrid_synergy,std_D_sup,std,D_sup,flat_1.0,O/U 2.5_under_25,under_25,204,0.5098039215686274,2.218711974643794,0.483955057417052,0.4554913639923698,961.0955272308877,195.6474364332402,0.11417966702860771,11.41796670286077,20.356710742057075,12.11189647287528,2.519432928634439,0.028463693424682246,0.02584886415157539
m12_joint_hybrid_synergy,std_D_sup,std,D_sup,flat_1.0,1X2_draw,draw,270,0.24814814814814815,4.20267588273184,0.24764379833867695,0.24351294888925976,795.8513197766644,69.63796135202958,0.017611925547116925,1.7611925547116924,8.750121991576481,10.029459632081336,1.082952238919441,0.00413084944941719,0.0005043498094711996
m12_joint_hybrid_synergy,std_D_sup,std,D_sup,flat_1.0,O/U 3.5_under_35,under_35,87,0.5862068965517241,1.5463539772472732,0.6824927653524833,0.6497734270353459,510.82265976568254,-113.24567364875834,-0.11376011445690815,-11.376011445690814,-22.169273716382282,6.4374778529110825,-2.743763416039942,0.03271933831713736,-0.09628586880075918
m12_joint_hybrid_synergy,std_D_sup,std,D_sup,flat_1.0,BTTS_btts_yes,btts_yes,59,0.559322033898305,1.875405032325141,0.5498715421675501,0.5383536724129089,293.8807088734765,-63.28390392745257,0.012615926128907976,1.2615926128907975,-21.533874805881858,3.7035368705816962,-2.6651237498277647,0.011517869754641197,0.009450491730754962
m12_joint_hybrid_synergy,std_D_sup,std,D_sup,flat_1.0,O/U 1.5_over_15,over_15,39,0.8461538461538461,1.372058425885634,0.7520341821456017,0.7277978755302302,256.8768206735331,32.48316082671632,0.15172381007447436,15.172381007447436,12.64542310261596,3.237207301591936,1.565051238627852,0.02423630661537146,0.09411966400824445
m12_joint_hybrid_synergy,std_D_sup,std,D_sup,flat_1.0,O/U 2.5_over_25,over_25,53,0.5283018867924528,2.0850656423685527,0.5109312136428682,0.4794674262099635,236.8454288315425,53.87624382151742,0.11240818702753785,11.240818702753785,22.74742818018969,2.984768145104734,2.815318266546512,0.03146378743290468,0.017370673149584626
m12_joint_hybrid_synergy,std_D_sup,std,D_sup,flat_1.0,BTTS_btts_no,btts_no,64,0.421875,2.4039251876097185,0.4445345147308882,0.4179843549771718,212.95537534535617,0.6476482187867272,-0.007415077231161662,-0.7415077231161662,0.3041239122217115,2.683701449487255,0.03763966627739595,0.026550159753716385,-0.022659514730888175
m12_joint_hybrid_synergy,std_D_sup,std,D_sup,flat_1.0,O/U 1.5_under_15,under_15,67,0.16417910447761194,4.763675230359561,0.23862592303463476,0.21553251607063892,137.49765844661633,-15.98599705291947,-0.2827085461085375,-28.270854610853753,-11.626377666006624,1.7327699039099858,-1.4389298498976026,0.02309340696399584,-0.07444681855702281
m12_joint_hybrid_synergy,std_D_sup,std,D_sup,flat_1.0,O/U 3.5_over_35,over_35,28,0.2857142857142857,3.6926002238461573,0.296965368168931,0.2766889127378386,82.57964849870861,17.969782463867414,0.023028831010755875,2.3028831010755875,21.760546079520342,1.0406833920708782,2.693177548794434,0.02027645543109241,-0.01125108245464529
m12_joint_hybrid_synergy,std_D_sup,std,D_sup,canonical_P1,1X2_home,home,279,0.35125448028673834,3.3000267759878987,0.3740983060608048,0.3309500809956335,2277.821106358463,292.6261537954411,0.06592109338108622,6.592109338108622,12.846757499023289,37.72248154138537,1.0597087414359623,0.0431482250651713,-0.022843825774066462
m12_joint_hybrid_synergy,std_D_sup,std,D_sup,canonical_P1,1X2_away,away,346,0.27167630057803466,4.5055126766551705,0.3025102169476765,0.2573389984882063,2008.3395270452174,157.76147687898907,0.05627357760154254,5.627357760154254,7.855319021236248,33.25965789249978,0.6479728627402768,0.0451712184594702,-0.030833916369641834
m12_joint_hybrid_synergy,std_D_sup,std,D_sup,canonical_P1,O/U 2.5_under_25,under_25,204,0.5098039215686274,2.218711974643794,0.483955057417052,0.4554913639923698,1099.3616568835334,215.81839721002845,0.11417966702860771,11.41796670286077,19.6312465382711,18.20628042006107,1.619350529771578,0.028463693424682246,0.02584886415157539
m12_joint_hybrid_synergy,std_D_sup,std,D_sup,canonical_P1,1X2_draw,draw,270,0.24814814814814815,4.20267588273184,0.24764379833867695,0.24351294888925976,652.8426668523717,65.81973789205355,0.017611925547116925,1.7611925547116924,10.082021478375198,10.811580146053771,0.8316500325309013,0.00413084944941719,0.0005043498094711996
m12_joint_hybrid_synergy,std_D_sup_anch,std,D_sup_anch,flat_1.0,1X2_away,away,346,0.27167630057803466,4.505698316147169,0.3023711689818836,0.25731267494718274,2380.8463529193027,215.8476179346052,0.05627357760154254,5.627357760154254,9.06600367847934,29.946654387332746,1.1284583450189987,0.04505849403470086,-0.03069486840384894
m12_joint_hybrid_synergy,std_D_sup_anch,std,D_sup_anch,flat_1.0,1X2_home,home,279,0.35125448028673834,3.3000267759878987,0.37405941453466945,0.3309500809956335,2055.4730790089916,243.87447083685004,0.06592109338108622,6.592109338108622,11.864639499653755,25.85405892491682,1.476808517716379,0.043109333539035954,-0.02280493424793112
m12_joint_hybrid_synergy,std_D_sup_anch,std,D_sup_anch,flat_1.0,O/U 2.5_under_25,under_25,208,0.5048076923076923,2.2192175135929517,0.4839873560517271,0.45536913313145766,977.5692792185051,197.1198730710199,0.10491082727805759,10.49108272780576,20.164286793934725,12.296017888149212,2.5098773959232163,0.028618222920269443,0.02082033625596519
m12_joint_hybrid_synergy,std_D_sup_anch,std,D_sup_anch,flat_1.0,1X2_draw,draw,269,0.24907063197026022,4.204565715014352,0.2477089559293433,0.24341193208550743,797.7094955635033,71.27346866252529,0.021394869508258623,2.1394869508258623,8.934764981351714,10.033713656424041,1.1121228781236296,0.004297023843835873,0.0013616760409169149
m12_joint_hybrid_synergy,std_D_sup_anch,std,D_sup_anch,flat_1.0,O/U 3.5_under_35,under_35,89,0.5955056179775281,1.5439424518235232,0.6837549241025891,0.6507990207501585,522.9198097766259,-114.42597048510844,-0.10153493718882924,-10.153493718882924,-21.88212577641444,6.577366404375098,-2.7236992521595833,0.03295590335243059,-0.08824930612506099
m12_joint_hybrid_synergy,std_D_sup_anch,std,D_sup_anch,flat_1.0,BTTS_btts_yes,btts_yes,59,0.559322033898305,1.875405032325141,0.5494688167098911,0.5383536724129089,290.6838772177734,-63.10293049207347,0.012615926128907976,1.2615926128907975,-21.708438423228497,3.6562668549932997,-2.70208014079829,0.011115144296982238,0.00985321718841392
m12_joint_hybrid_synergy,std_D_sup_anch,std,D_sup_anch,flat_1.0,O/U 1.5_over_15,over_15,39,0.8461538461538461,1.372058425885634,0.7518752016899659,0.7277978755302302,254.75530491566852,32.12952103275494,0.15172381007447436,15.172381007447436,12.611914418579332,3.204351704718208,1.5698228874641758,0.02407732615973568,0.09427864446388023
m12_joint_hybrid_synergy,std_D_sup_anch,std,D_sup_anch,flat_1.0,O/U 2.5_over_25,over_25,53,0.5283018867924528,2.0850656423685527,0.5106924407896798,0.4794674262099635,234.37579354700273,54.08651117043185,0.11240818702753785,11.240818702753785,23.07683329916283,2.948015052505507,2.872406193135425,0.03122501457971627,0.017609446002773033
m12_joint_hybrid_synergy,std_D_sup_anch,std,D_sup_anch,flat_1.0,BTTS_btts_no,btts_no,64,0.421875,2.4039251876097185,0.4447603268229166,0.4179843549771718,214.40831209021061,0.896854229443798,-0.007415077231161662,-0.7415077231161662,0.418292658852915,2.6968609763767244,0.052065480920026594,0.026775971845744817,-0.022885326822916607
m12_joint_hybrid_synergy,std_D_sup_anch,std,D_sup_anch,flat_1.0,O/U 1.5_under_15,under_15,67,0.16417910447761194,4.763675230359561,0.23902457345723155,0.21553251607063892,139.92289867554828,-16.61201934419364,-0.2827085461085375,-28.270854610853753,-11.872266442044925,1.7599719034252388,-1.477757854060542,0.02349205738659263,-0.0748454689796196
m12_joint_hybrid_synergy,std_D_sup_anch,std,D_sup_anch,flat_1.0,O/U 3.5_over_35,over_35,28,0.2857142857142857,3.6926002238461573,0.2967295840574292,0.2766889127378386,81.62741270185538,17.63687132397404,0.023028831010755875,2.3028831010755875,21.60655439171253,1.0267222467830925,2.689398490793967,0.02004067131959064,-0.01101529834314352
m12_joint_hybrid_synergy,std_D_sup_anch,std,D_sup_anch,canonical_P1,1X2_home,home,279,0.35125448028673834,3.3000267759878987,0.37405941453466945,0.3309500809956335,2274.500723544835,289.71390102369224,0.06592109338108622,6.592109338108622,12.737472361502256,37.57691876399693,1.054200784836852,0.043109333539035954,-0.02280493424793112
m12_joint_hybrid_synergy,std_D_sup_anch,std,D_sup_anch,canonical_P1,1X2_away,away,346,0.27167630057803466,4.505698316147169,0.3023711689818836,0.25731267494718274,2004.5318300496526,156.9113498513157,0.05627357760154254,5.627357760154254,7.8278302942901625,33.11677545664983,0.647860470712505,0.04505849403470086,-0.03069486840384894
m12_joint_hybrid_synergy,std_D_sup_anch,std,D_sup_anch,canonical_P1,O/U 2.5_under_25,under_25,208,0.5048076923076923,2.2192175135929517,0.4839873560517271,0.45536913313145766,1119.071906662618,217.51320200673342,0.10491082727805759,10.49108272780576,19.436928110850175,18.488133985816,1.6086727639312484,0.028618222920269443,0.02082033625596519
m12_joint_hybrid_synergy,std_D_sup_anch,std,D_sup_anch,canonical_P1,1X2_draw,draw,269,0.24907063197026022,4.204565715014352,0.2477089559293433,0.24341193208550743,654.8152531177784,67.21081819128817,0.021394869508258623,2.1394869508258623,10.264088667952775,10.81817179353727,0.8494943127095188,0.004297023843835873,0.0013616760409169149
m12_joint_hybrid_synergy,std_D_tot,std,D_tot,flat_1.0,1X2_away,away,344,0.27325581395348836,4.515592166566885,0.30178524608803664,0.2567397954118769,2361.6536320119694,215.44770441408758,0.06241470305271431,6.241470305271431,9.12274778543798,29.808397660483944,1.1337339476396224,0.045045450676159726,-0.028529432134548283
m12_joint_hybrid_synergy,std_D_tot,std,D_tot,flat_1.0,1X2_home,home,278,0.3489208633093525,3.301465721225266,0.3740223941246094,0.33091479437566335,2042.1475902737684,246.28777243505266,0.05946037788965127,5.9460377889651275,12.060233726889228,25.77564577089135,1.4987914512410472,0.04310759974894607,-0.0251015308152569
m12_joint_hybrid_synergy,std_D_tot,std,D_tot,flat_1.0,O/U 2.5_under_25,under_25,208,0.5048076923076923,2.2212367443621823,0.4834705384169131,0.454945933644341,971.8536720876474,198.77029093109584,0.10491082727805759,10.49108272780576,20.452697421425146,12.266574713883927,2.5417689859281594,0.028524604772572126,0.02133715389077917
m12_joint_hybrid_synergy,std_D_tot,std,D_tot,flat_1.0,1X2_draw,draw,272,0.24632352941176472,4.198571382634281,0.2483556185860677,0.2437309494316075,815.886119279825,67.54872878346494,0.010129484918094005,1.0129484918094005,8.279185928924685,10.297978314645084,1.0288998849036535,0.0046246691544601926,-0.0020320891743029756
m12_joint_hybrid_synergy,std_D_tot,std,D_tot,flat_1.0,O/U 3.5_under_35,under_35,83,0.5903614457831325,1.549879266495233,0.6817487647156251,0.6483703470690443,499.2003918931805,-111.98085939093693,-0.10627819904977456,-10.627819904977457,-22.432045569166686,6.300823961701904,-2.7877534461008087,0.03337841764658078,-0.09138731893249252
m12_joint_hybrid_synergy,std_D_tot,std,D_tot,flat_1.0,BTTS_btts_yes,btts_yes,62,0.5645161290322581,1.8681783197082578,0.5509058749868411,0.5402691100137623,310.01662824052045,-64.1700568075769,0.018766699645801254,1.8766699645801255,-20.698908046245762,3.9129780975049493,-2.5723669318753513,0.01063676497307875,0.013610254045417047
m12_joint_hybrid_synergy,std_D_tot,std,D_tot,flat_1.0,O/U 1.5_over_15,over_15,37,0.8378378378378378,1.371629151609182,0.7535124759854863,0.7280415204555163,248.04039719493028,30.653196216939747,0.13979536737579729,13.979536737579728,12.358146722709034,3.1307244615510976,1.5358147346582507,0.02547095552997003,0.08432536185235151
m12_joint_hybrid_synergy,std_D_tot,std,D_tot,flat_1.0,O/U 2.5_over_25,over_25,54,0.5185185185185185,2.0875644267691356,0.5096481457186823,0.4788547709079318,234.7933791358393,54.261849560753504,0.09180803541591678,9.180803541591679,23.110468344748515,2.963522812347107,2.8720647686999885,0.030793374810750507,0.008870372799836157
m12_joint_hybrid_synergy,std_D_tot,std,D_tot,flat_1.0,BTTS_btts_no,btts_no,63,0.4126984126984127,2.404061320155757,0.4446421798742473,0.4179924284187882,208.00637250477118,-0.027605028437375,-0.029238203226340666,-2.9238203226340667,-0.013271241695608055,2.625421689062297,-0.0016492900594772852,0.026649751455459114,-0.031943767175834636
m12_joint_hybrid_synergy,std_D_tot,std,D_tot,flat_1.0,O/U 1.5_under_15,under_15,69,0.17391304347826086,4.7630243939446695,0.23914071236861742,0.21544175344125863,147.59531988386334,-17.098091347346912,-0.22935467520684077,-22.935467520684078,-11.584440049183602,1.8629234737425853,-1.4396619589900153,0.023698958927358793,-0.06522766889035655
m12_joint_hybrid_synergy,std_D_tot,std,D_tot,flat_1.0,O/U 3.5_over_35,over_35,29,0.27586206896551724,3.677338147161807,0.2975293494182523,0.2777353725515254,83.58604073206405,17.82453791629994,-0.012248025230994327,-1.2248025230994326,21.324778348380786,1.0550090441857587,2.650147270106622,0.019793976866726903,-0.021667280452735083
m12_joint_hybrid_synergy,std_D_tot,std,D_tot,canonical_P1,1X2_home,home,278,0.3489208633093525,3.301465721225266,0.3740223941246094,0.33091479437566335,2261.1230776089124,291.90679870381496,0.05946037788965127,5.9460377889651275,12.909814666634597,37.48092172209253,1.0630536654218385,0.04310759974894607,-0.0251015308152569
m12_joint_hybrid_synergy,std_D_tot,std,D_tot,canonical_P1,1X2_away,away,344,0.27325581395348836,4.515592166566885,0.30178524608803664,0.2567397954118769,1989.1359623606654,156.9248540574021,0.06241470305271431,6.241470305271431,7.889096423110611,32.97239767181502,0.6496245752566098,0.045045450676159726,-0.028529432134548283
m12_joint_hybrid_synergy,std_D_tot,std,D_tot,canonical_P1,O/U 2.5_under_25,under_25,208,0.5048076923076923,2.2212367443621823,0.4834705384169131,0.454945933644341,1112.6017663889465,219.46790421023064,0.10491082727805759,10.49108272780576,19.725647652217408,18.442755339963288,1.6243007805297816,0.028524604772572126,0.02133715389077917
m12_joint_hybrid_synergy,std_D_tot,std,D_tot,canonical_P1,1X2_draw,draw,272,0.24632352941176472,4.198571382634281,0.2483556185860677,0.2437309494316075,669.8699102826531,64.32042279830955,0.010129484918094005,1.0129484918094005,9.601927450535793,11.103925266129135,0.7906669797350047,0.0046246691544601926,-0.0020320891743029756
m12_joint_hybrid_synergy,inv_A_pool,inv,A_pool,flat_1.0,1X2_away,away,355,0.2619718309859155,4.448915931468878,0.29414497692673663,0.26206212419513275,1620.8175954876904,75.60867127324063,0.015954277925574314,1.5954277925574314,4.664847635152346,28.92283557756111,0.6355443724170181,0.032082852731603884,-0.03217314594082116
m12_joint_hybrid_synergy,inv_A_pool,inv,A_pool,flat_1.0,1X2_home,home,282,0.36879432624113473,3.262457455045287,0.3654147668950014,0.3370886204302269,1304.9059252760158,187.7730891668213,0.08953738278428268,8.953738278428268,14.38977979405705,23.285519373688267,1.9604806595434294,0.028326146464774493,0.0033795593461333207
m12_joint_hybrid_synergy,inv_A_pool,inv,A_pool,flat_1.0,O/U 2.5_under_25,under_25,165,0.5212121212121212,2.2525052816670463,0.4778375377553633,0.4490821659810634,722.1639648600047,224.3131272800605,0.15618208381586074,15.618208381586074,31.061246225923885,12.886724375299494,4.231821011770424,0.02875537177429993,0.04337458345675793
m12_joint_hybrid_synergy,inv_A_pool,inv,A_pool,flat_1.0,O/U 3.5_under_35,under_35,74,0.5945945945945946,1.5551645587082057,0.6875024564097296,0.6464591810417447,542.3332593704281,-150.84087909326348,-0.09940717193446691,-9.940717193446691,-27.813318930203234,9.677718043463098,-3.7893195462863387,0.04104327536798491,-0.092907861815135
m12_joint_hybrid_synergy,inv_A_pool,inv,A_pool,flat_1.0,1X2_draw,draw,173,0.24277456647398843,4.406210298230938,0.24492469083097618,0.2343066029848678,520.6543161140039,116.00283508209785,0.046280547595224014,4.628054759522401,22.28020233230863,9.290866054043418,3.035481180972984,0.010618087846108376,-0.002150124356987748
m12_joint_hybrid_synergy,inv_A_pool,inv,A_pool,flat_1.0,BTTS_btts_yes,btts_yes,41,0.5121951219512195,1.8942353847603974,0.5476238495843145,0.5344631558869941,260.7796536899865,-96.54082634120552,-0.07094044364494148,-7.094044364494148,-37.02007613522363,4.653507628894746,-5.043659063351713,0.013160693697320425,-0.035428727633095014
m12_joint_hybrid_synergy,inv_A_pool,inv,A_pool,flat_1.0,O/U 1.5_over_15,over_15,34,0.8823529411764706,1.3710366547540802,0.7453600216076486,0.7290336077564398,170.2419492395422,23.052794343805385,0.19391494126684206,19.391494126684204,13.541195014965734,3.037898848067002,1.8448684631650987,0.01632641385120881,0.13699291956882198
m12_joint_hybrid_synergy,inv_A_pool,inv,A_pool,flat_1.0,BTTS_btts_no,btts_no,64,0.40625,2.3853127629145487,0.4418528694321803,0.42144485116402963,168.4102824410806,4.355108222115181,-0.05221503684906069,-5.221503684906069,2.586010877120192,3.005213493593884,0.3523211878514571,0.02040801826815064,-0.03560286943218027
m12_joint_hybrid_synergy,inv_A_pool,inv,A_pool,flat_1.0,O/U 1.5_under_15,under_15,61,0.21311475409836064,4.760390042851289,0.24216657823692672,0.2159396750346251,134.31788442948965,5.407016224497469,-0.07342612649233732,-7.342612649233732,4.025537066388124,2.3968484160681047,0.5484439425673829,0.026226903202301616,-0.02905182413856608
m12_joint_hybrid_synergy,inv_A_pool,inv,A_pool,flat_1.0,O/U 2.5_over_25,over_25,42,0.47619047619047616,2.09611384603136,0.4989340071578405,0.47844605392562445,117.87453126560789,15.127935845783998,0.013910523927263255,1.3910523927263254,12.833930861363143,2.1034234179518787,1.748509956351889,0.020487953232216027,-0.02274353096736431
m12_joint_hybrid_synergy,inv_A_pool,inv,A_pool,flat_1.0,O/U 3.5_over_35,over_35,27,0.2962962962962963,3.5830727069763517,0.29482989322157466,0.28598287353138335,41.43802197790137,7.065894425559111,0.059227198711517874,5.922719871151787,17.051717452457808,0.7394447713689737,2.3231462020947,0.008847019690191305,0.0014664030747216228
m12_joint_hybrid_synergy,inv_A_pool,inv,A_pool,canonical_P1,1X2_home,home,282,0.36879432624113473,3.262457455045287,0.3654147668950014,0.3370886204302269,1539.241365147956,212.52860808074573,0.08953738278428268,8.953738278428268,13.807360748800882,35.24605025792507,0.9185812904468196,0.028326146464774493,0.0033795593461333207
m12_joint_hybrid_synergy,inv_A_pool,inv,A_pool,canonical_P1,1X2_away,away,355,0.2619718309859155,4.448915931468878,0.29414497692673663,0.26206212419513275,1472.7264952656308,38.79068319305198,0.015954277925574314,1.5954277925574314,2.633936669011678,33.72297109707726,0.1752315296452342,0.032082852731603884,-0.03217314594082116
m12_joint_hybrid_synergy,inv_A_pool,inv,A_pool,canonical_P1,O/U 2.5_under_25,under_25,165,0.5212121212121212,2.2525052816670463,0.4778375377553633,0.4490821659810634,886.2757098256625,276.6228324036055,0.15618208381586074,15.618208381586074,31.211825996903315,20.29422994871949,2.0764721023115857,0.02875537177429993,0.04337458345675793
m12_joint_hybrid_synergy,inv_A_pool,inv,A_pool,canonical_P1,1X2_draw,draw,173,0.24277456647398843,4.406210298230938,0.24492469083097618,0.2343066029848678,468.88793494793964,128.4892750096163,0.046280547595224014,4.628054759522401,27.402981700495747,10.736748696278193,1.8230758760118622,0.010618087846108376,-0.002150124356987748
m12_joint_hybrid_synergy,inv_B_full,inv,B_full,flat_1.0,1X2_away,away,359,0.2646239554317549,4.4363071444683735,0.29495851732216166,0.26252834860222346,1659.4485454311664,76.29112981669714,0.022285166362632145,2.2285166362632145,4.597378450012428,29.677203922105647,0.6312988973127827,0.0324301687199382,-0.030334561890406786
m12_joint_hybrid_synergy,inv_B_full,inv,B_full,flat_1.0,1X2_home,home,285,0.3649122807017544,3.2520807898579367,0.36667399718128735,0.33819501119540396,1333.2888543325282,186.1151303438587,0.07806856822865864,7.806856822865864,13.959100440919215,23.844237488433976,1.9168238620439997,0.028478985985883387,-0.0017617164795329376
m12_joint_hybrid_synergy,inv_B_full,inv,B_full,flat_1.0,O/U 2.5_under_25,under_25,159,0.5157232704402516,2.2572893030232093,0.47637903750822114,0.4481385947988585,680.932945805554,220.99243141392336,0.14866642627883628,14.866642627883628,32.454360267806685,12.177651392439497,4.456540194119272,0.028240442709362656,0.03934423293203043
m12_joint_hybrid_synergy,inv_B_full,inv,B_full,flat_1.0,1X2_draw,draw,164,0.23170731707317074,4.437395176047338,0.24349110119745013,0.2328150930880137,508.9770395390443,116.95064955264903,0.012028142866181604,1.2028142866181604,22.97758847011361,9.102430705463776,3.155216918035194,0.010676008109436419,-0.011783784124279384
m12_joint_hybrid_synergy,inv_B_full,inv,B_full,flat_1.0,O/U 3.5_under_35,under_35,64,0.5625,1.5682300437336352,0.6841021532359678,0.6413392940542332,483.68132104645434,-144.981948318753,-0.14141766754922738,-14.141766754922738,-29.974684158793156,8.650047774924811,-4.11603814271455,0.042762859181734614,-0.12160215323596779
m12_joint_hybrid_synergy,inv_B_full,inv,B_full,flat_1.0,BTTS_btts_yes,btts_yes,38,0.47368421052631576,1.905885546715166,0.5448009818531142,0.5314700965975152,246.06787524473816,-98.31162878957599,-0.13430942603796314,-13.430942603796314,-39.95305307196058,4.4006224431743055,-5.486239304171188,0.013330885255599001,-0.07111677132679844
m12_joint_hybrid_synergy,inv_B_full,inv,B_full,flat_1.0,BTTS_btts_no,btts_no,66,0.4090909090909091,2.378312660773659,0.44325651158894613,0.4227212118108613,185.131744725046,6.254738915792313,-0.05004488421727097,-5.004488421727097,3.378533986746426,3.3108544135261915,0.4639306516871616,0.020535299778084826,-0.03416560249803702
m12_joint_hybrid_synergy,inv_B_full,inv,B_full,flat_1.0,O/U 1.5_over_15,over_15,34,0.8529411764705882,1.373095478283492,0.7445582931258737,0.7272843827517278,166.9907007956057,21.04381438182678,0.15672082361978323,15.672082361978322,12.601788172375011,2.986424070966825,1.73044161229931,0.01727391037414594,0.10838288334471446
m12_joint_hybrid_synergy,inv_B_full,inv,B_full,flat_1.0,O/U 1.5_under_15,under_15,61,0.19672131147540983,4.786619551048011,0.24116042547891706,0.21472208118398142,136.94069037632386,3.9997043959105216,-0.13801629042676353,-13.801629042676353,2.9207567049056182,2.4490164547260247,0.4010699808976676,0.026438344294935634,-0.044439114003507224
m12_joint_hybrid_synergy,inv_B_full,inv,B_full,flat_1.0,O/U 2.5_over_25,over_25,48,0.4583333333333333,2.1010972920187982,0.4976383184398249,0.47729948324623517,133.33674271281052,13.975544140783086,-0.016853291563644655,-1.6853291563644655,10.481390092815253,2.384564266660807,1.4392745952601544,0.020338835193589755,-0.03930498510649161
m12_joint_hybrid_synergy,inv_B_full,inv,B_full,flat_1.0,O/U 3.5_over_35,over_35,38,0.21052631578947367,3.551246170306304,0.29818026951287235,0.28856666383062474,56.864229409968694,4.878184116723735,-0.24739120091550046,-24.739120091550046,8.578651583500672,1.0169470675781422,1.177995969655248,0.009613605682247617,-0.08765395372339868
m12_joint_hybrid_synergy,inv_B_full,inv,B_full,canonical_P1,1X2_home,home,285,0.3649122807017544,3.2520807898579367,0.36667399718128735,0.33819501119540396,1576.725946312588,211.94783410979312,0.07806856822865864,7.806856822865864,13.442274772319513,35.96259879369597,0.9022068392883154,0.028478985985883387,-0.0017617164795329376
m12_joint_hybrid_synergy,inv_B_full,inv,B_full,canonical_P1,1X2_away,away,359,0.2646239554317549,4.4363071444683735,0.29495851732216166,0.26252834860222346,1510.3037306888605,39.99283804230276,0.022285166362632145,2.2285166362632145,2.6479996857361754,34.44761421628679,0.1777261265201953,0.0324301687199382,-0.030334561890406786
m12_joint_hybrid_synergy,inv_B_full,inv,B_full,canonical_P1,O/U 2.5_under_25,under_25,159,0.5157232704402516,2.2572893030232093,0.47637903750822114,0.4481385947988585,837.665215966587,271.90786914051756,0.14866642627883628,14.866642627883628,32.46020772472466,19.10580475680763,2.1786358268967763,0.028240442709362656,0.03934423293203043
m12_joint_hybrid_synergy,inv_B_full,inv,B_full,canonical_P1,1X2_draw,draw,164,0.23170731707317074,4.437395176047338,0.24349110119745013,0.2328150930880137,459.6544010239733,129.38999937457567,0.012028142866181604,1.2028142866181604,28.149409444646505,10.483982233209614,1.8893074388855766,0.010676008109436419,-0.011783784124279384
m12_joint_hybrid_synergy,inv_B_anch,inv,B_anch,flat_1.0,1X2_away,away,357,0.26330532212885155,4.447688385316988,0.2941103704643672,0.2616128464060252,1658.9572296538154,79.34125849136123,0.02033828757305011,2.033828757305011,4.782598193198619,29.106546547158267,0.6526680601503395,0.032497524058342,-0.030805048335515672
m12_joint_hybrid_synergy,inv_B_anch,inv,B_anch,flat_1.0,1X2_home,home,283,0.3674911660777385,3.2586135868834902,0.3659012334527837,0.3375688927106185,1325.2775186037743,187.58704524543177,0.0856874273680838,8.56874273680838,14.154548206858681,23.252107464634687,1.9316323779013447,0.028332340742165174,0.0015899326249548262
m12_joint_hybrid_synergy,inv_B_anch,inv,B_anch,flat_1.0,O/U 2.5_under_25,under_25,173,0.5260115606936416,2.250390678710363,0.4780721913917956,0.4493009059894631,755.5043875519475,229.49295167828902,0.16296864423474325,16.296864423474325,30.3761242766455,13.255389126247618,4.145346379864805,0.02877128540233248,0.04793936930184606
m12_joint_hybrid_synergy,inv_B_anch,inv,B_anch,flat_1.0,O/U 3.5_under_35,under_35,69,0.5797101449275363,1.5640895267305392,0.6853175550734764,0.6427156883509854,523.9470180160582,-149.60175293305153,-0.11711493801667468,-11.711493801667467,-28.55283984619728,9.192695263946943,-3.896527753617828,0.042601866722491,-0.1056074101459401
m12_joint_hybrid_synergy,inv_B_anch,inv,B_anch,flat_1.0,1X2_draw,draw,171,0.23976608187134502,4.414333199097922,0.24450848201711714,0.23388455974491087,522.8833618324812,117.2789765750719,0.038628858093413765,3.8628858093413765,22.42928062657407,9.174033325191646,3.0608624194965364,0.010623922272206265,-0.004742400145772124
m12_joint_hybrid_synergy,inv_B_anch,inv,B_anch,flat_1.0,BTTS_btts_yes,btts_yes,36,0.4722222222222222,1.9084834766983674,0.5433058055127084,0.5311046141591657,239.38664422245662,-97.24744371651215,-0.1357233025332496,-13.57233025332496,-40.62358784984775,4.2000591566082415,-5.543789632173671,0.012201191353542695,-0.07108358329048614
m12_joint_hybrid_synergy,inv_B_anch,inv,B_anch,flat_1.0,BTTS_btts_no,btts_no,73,0.3835616438356164,2.3686244392949622,0.4457663303945066,0.4244181069918281,205.37798244034263,2.9186350838666453,-0.11079126518273819,-11.079126518273819,1.4211041754266132,3.6033742756036684,0.19393418973942983,0.0213482234026785,-0.062204686558890165
m12_joint_hybrid_synergy,inv_B_anch,inv,B_anch,flat_1.0,O/U 1.5_over_15,over_15,29,0.8620689655172413,1.3780687715954898,0.7426620747273615,0.7247371616616437,155.17049366031637,19.725483698208926,0.17154762604863752,17.154762604863752,12.712135685660684,2.722479588827016,1.7347902966481763,0.01792491306571775,0.11940689078987987
m12_joint_hybrid_synergy,inv_B_anch,inv,B_anch,flat_1.0,O/U 1.5_under_15,under_15,68,0.20588235294117646,4.708557816599633,0.24463678276741185,0.21871797044096072,150.7028737244485,4.497756173195136,-0.11884002022951534,-11.884002022951535,2.984519181378733,2.6440948147689856,0.40728914826298096,0.02591881232645113,-0.03875442982623539
m12_joint_hybrid_synergy,inv_B_anch,inv,B_anch,flat_1.0,O/U 2.5_over_25,over_25,38,0.5,2.1102521761689514,0.49612347965974246,0.4752678386331598,114.92864157972117,16.454849809267827,0.07096565355615098,7.096565355615097,14.31744914330497,2.016432850676856,1.9538630219764148,0.02085564102658266,0.0038765203402575388
m12_joint_hybrid_synergy,inv_B_anch,inv,B_anch,flat_1.0,O/U 3.5_over_35,over_35,31,0.25806451612903225,3.6083795751781444,0.2924095827291681,0.28400036159295067,47.465575652536145,7.205662599912408,-0.07744727854158122,-7.744727854158122,15.180817889285201,0.8327875863360887,2.0716845871320864,0.008409221136217448,-0.034345066600135865
m12_joint_hybrid_synergy,inv_B_anch,inv,B_anch,canonical_P1,1X2_home,home,283,0.3674911660777385,3.2586135868834902,0.3659012334527837,0.3375688927106185,1566.8666275101111,214.2309374287625,0.0856874273680838,8.56874273680838,13.67257006227737,34.99541886116981,0.916146261071557,0.028332340742165174,0.0015899326249548262
m12_joint_hybrid_synergy,inv_B_anch,inv,B_anch,canonical_P1,1X2_away,away,357,0.26330532212885155,4.447688385316988,0.2941103704643672,0.2616128464060252,1509.4778386306846,41.80520073245806,0.02033828757305011,2.033828757305011,2.7695140440340245,33.71366030590451,0.18557446953058934,0.032497524058342,-0.030805048335515672
m12_joint_hybrid_synergy,inv_B_anch,inv,B_anch,canonical_P1,O/U 2.5_under_25,under_25,173,0.5260115606936416,2.250390678710363,0.4780721913917956,0.4493009059894631,929.2209476721291,282.20785154981826,0.16296864423474325,16.296864423474325,30.370371250971182,20.753825314432813,2.035001608490416,0.02877128540233248,0.04793936930184606
m12_joint_hybrid_synergy,inv_B_anch,inv,B_anch,canonical_P1,1X2_draw,draw,171,0.23976608187134502,4.414333199097922,0.24450848201711714,0.23388455974491087,471.7824177018865,129.9555600854147,0.038628858093413765,3.8628858093413765,27.545655626262025,10.537095518492912,1.845728293643225,0.010623922272206265,-0.004742400145772124
m12_joint_hybrid_synergy,inv_C_sqrt,inv,C_sqrt,flat_1.0,1X2_away,away,356,0.2612359550561798,4.445267291211943,0.2943956396358618,0.26220675658101805,1630.590256210884,75.64711207758472,0.013100473774097983,1.3100473774097983,4.6392471554056245,29.13485517707137,0.6316371327305681,0.03218888305484374,-0.03315968457968199
m12_joint_hybrid_synergy,inv_C_sqrt,inv,C_sqrt,flat_1.0,1X2_home,home,282,0.36879432624113473,3.262457455045287,0.36553383489541036,0.3370886204302269,1311.86715044227,187.7621234680267,0.08953738278428268,8.953738278428268,14.312586713123078,23.440014616860136,1.948669887721095,0.028445214465183444,0.00326049134572437
m12_joint_hybrid_synergy,inv_C_sqrt,inv,C_sqrt,flat_1.0,O/U 2.5_under_25,under_25,165,0.5212121212121212,2.2525052816670463,0.47750339178153856,0.4490821659810634,711.9405519031492,223.36163734817734,0.15618208381586074,15.618208381586074,31.37363600810352,12.72072171127945,4.271545108003276,0.02842122580047518,0.04370872943058268
m12_joint_hybrid_synergy,inv_C_sqrt,inv,C_sqrt,flat_1.0,O/U 3.5_under_35,under_35,69,0.5797101449275363,1.5648141644116988,0.684675783335604,0.6424830343037292,525.4906616943897,-149.41781340118607,-0.11640479308913848,-11.640479308913848,-28.433961684381593,9.389295849802624,-3.871306147068883,0.042192749031874754,-0.10496563840806772
m12_joint_hybrid_synergy,inv_C_sqrt,inv,C_sqrt,flat_1.0,1X2_draw,draw,170,0.23529411764705882,4.4136998370701,0.24459079195609307,0.23399240524577108,517.5472277027513,115.83942752831256,0.02101196251634744,2.101196251634744,22.382387795311292,9.247365160548537,3.0473796237006034,0.010598386710321983,-0.009296674309034247
m12_joint_hybrid_synergy,inv_C_sqrt,inv,C_sqrt,flat_1.0,BTTS_btts_yes,btts_yes,39,0.48717948717948717,1.9039397634660593,0.5452333345572042,0.5318402404590155,256.71456177082644,-96.9481284436157,-0.11000918434468204,-11.000918434468204,-37.764950992598145,4.586892108884936,-5.141727647530239,0.013393094098188785,-0.05805384737771707
m12_joint_hybrid_synergy,inv_C_sqrt,inv,C_sqrt,flat_1.0,BTTS_btts_no,btts_no,64,0.40625,2.3853127629145487,0.4419962301813743,0.42144485116402963,172.13361542329216,4.924772879389289,-0.05221503684906069,-5.221503684906069,2.8610175108904943,3.0756273302633517,0.38952977427925284,0.020551379017344662,-0.035746230181374294
m12_joint_hybrid_synergy,inv_C_sqrt,inv,C_sqrt,flat_1.0,O/U 1.5_over_15,over_15,34,0.8823529411764706,1.3710366547540802,0.7453913008450131,0.7290336077564398,169.53136992466622,22.70500788715478,0.19391494126684206,19.391494126684204,13.392806238305091,3.0291312559437173,1.8234410558881855,0.016357693088573377,0.1369616403314574
m12_joint_hybrid_synergy,inv_C_sqrt,inv,C_sqrt,flat_1.0,O/U 1.5_under_15,under_15,61,0.21311475409836064,4.760390042851289,0.24216131822613798,0.2159396750346251,135.13026736852052,5.186907175371477,-0.07342612649233732,-7.342612649233732,3.8384495763824718,2.41446356914303,0.5226079153235167,0.026221643191512878,-0.02904656412777734
m12_joint_hybrid_synergy,inv_C_sqrt,inv,C_sqrt,flat_1.0,O/U 2.5_over_25,over_25,42,0.47619047619047616,2.09611384603136,0.49926642103849583,0.47844605392562445,121.16045331051154,14.84910755233466,0.013910523927263255,1.3910523927263254,12.255737863805429,2.1648554852725295,1.6686283063775853,0.020820367112871385,-0.02307594484801967
m12_joint_hybrid_synergy,inv_C_sqrt,inv,C_sqrt,flat_1.0,O/U 3.5_over_35,over_35,29,0.27586206896551724,3.581811743212077,0.2947424073565672,0.28563226402419223,44.593254472933,7.15610988808483,-0.013822952923759235,-1.3822952923759235,16.04751654183126,0.7967777349303412,2.184881942346617,0.009110143332374976,-0.018880338391049967
m12_joint_hybrid_synergy,inv_C_sqrt,inv,C_sqrt,canonical_P1,1X2_home,home,282,0.36879432624113473,3.262457455045287,0.36553383489541036,0.3370886204302269,1547.73718367848,212.78619271381075,0.08953738278428268,8.953738278428268,13.748212226063181,35.42136601488114,0.9167946441657413,0.028445214465183444,0.00326049134572437
m12_joint_hybrid_synergy,inv_C_sqrt,inv,C_sqrt,canonical_P1,1X2_away,away,356,0.2612359550561798,4.445267291211943,0.2943956396358618,0.26220675658101805,1481.6389016919534,38.98742586531093,0.013100473774097983,1.3100473774097983,2.6313716399312512,33.90864701847176,0.17547208223373464,0.03218888305484374,-0.03315968457968199
m12_joint_hybrid_synergy,inv_C_sqrt,inv,C_sqrt,canonical_P1,O/U 2.5_under_25,under_25,165,0.5212121212121212,2.2525052816670463,0.47750339178153856,0.4490821659810634,873.8791303349154,275.13399620998587,0.15618208381586074,15.618208381586074,31.48421637035094,19.999514681679507,2.0995137745526717,0.02842122580047518,0.04370872943058268
m12_joint_hybrid_synergy,inv_C_sqrt,inv,C_sqrt,canonical_P1,1X2_draw,draw,170,0.23529411764705882,4.4136998370701,0.24459079195609307,0.23399240524577108,466.2464659301033,128.34093867434342,0.02101196251634744,2.101196251634744,27.52641533020938,10.670472284967579,1.8355892193732959,0.010598386710321983,-0.009296674309034247
m12_joint_hybrid_synergy,inv_D_sup,inv,D_sup,flat_1.0,1X2_away,away,361,0.2631578947368421,4.429734805717857,0.2952077098601575,0.2627832026427686,1674.001038453459,75.9814520737802,0.01662153663209129,1.662153663209129,4.538913078810056,29.641468171608448,0.6245850530653573,0.032424507217388876,-0.032049815123315395
m12_joint_hybrid_synergy,inv_D_sup,inv,D_sup,flat_1.0,1X2_home,home,287,0.3623693379790941,3.2435525708225605,0.3676299089702596,0.3392725841118187,1346.672776070618,187.0350292505707,0.07055589527933001,7.055589527933001,13.888676787267494,23.84547996836778,1.911175600317346,0.02835732485844089,-0.005260570991165503
m12_joint_hybrid_synergy,inv_D_sup,inv,D_sup,flat_1.0,O/U 2.5_under_25,under_25,160,0.51875,2.2543062448793143,0.4772184116701511,0.44884758079811427,690.4845001999623,220.30383390607486,0.15251476111459356,15.251476111459356,31.905688519043586,12.226380907490206,4.390437933210647,0.028370830872036845,0.041531588329848934
m12_joint_hybrid_synergy,inv_D_sup,inv,D_sup,flat_1.0,O/U 3.5_under_35,under_35,66,0.5606060606060606,1.5668511718849576,0.6851796824723497,0.6417871547640743,519.9359791797917,-148.47823105477593,-0.144859556411372,-14.485955641137199,-28.557021825841517,9.206485195714142,-3.929638810610984,0.0433925277082754,-0.12457362186628917
m12_joint_hybrid_synergy,inv_D_sup,inv,D_sup,flat_1.0,1X2_draw,draw,162,0.2345679012345679,4.446235525427465,0.24308223965940207,0.23240515594199163,504.36152791980754,116.53559471012805,0.024522317469467796,2.45223174694678,23.105567784039422,8.930709021919418,3.1794819662602745,0.01067708371741044,-0.008514338424834178
m12_joint_hybrid_synergy,inv_D_sup,inv,D_sup,flat_1.0,BTTS_btts_yes,btts_yes,38,0.47368421052631576,1.905885546715166,0.5447130596404125,0.5314700965975152,244.769395532519,-97.28953246945511,-0.13430942603796314,-13.430942603796314,-39.74742522764846,4.334121712232567,-5.469513794154999,0.013242963042897293,-0.07102884911409674
m12_joint_hybrid_synergy,inv_D_sup,inv,D_sup,flat_1.0,BTTS_btts_no,btts_no,67,0.40298507462686567,2.3761105200273245,0.4436502319594146,0.4231026245012808,183.5436357099551,6.244070306234583,-0.06422331878119229,-6.42233187811923,3.401954135910099,3.249999678031376,0.46813183412191967,0.020547607458133832,-0.04066515733254894
m12_joint_hybrid_synergy,inv_D_sup,inv,D_sup,flat_1.0,O/U 1.5_over_15,over_15,38,0.8421052631578947,1.366212320511762,0.7474695095516415,0.731305633885766,182.20934229419854,23.518529652646777,0.13868719690854436,13.868719690854437,12.9074225045351,3.2263733988916243,1.7761483927878081,0.016163875665875516,0.0946357536062532
m12_joint_hybrid_synergy,inv_D_sup,inv,D_sup,flat_1.0,O/U 1.5_under_15,under_15,58,0.20689655172413793,4.78274443498816,0.24163063039620258,0.21514421897763533,127.836660439777,5.655745653141588,-0.09343092613849269,-9.343092613849269,4.424196966414006,2.263598537006354,0.6087993422785971,0.02648641141856725,-0.034734078672064655
m12_joint_hybrid_synergy,inv_D_sup,inv,D_sup,flat_1.0,O/U 2.5_over_25,over_25,44,0.45454545454545453,2.0941515912932345,0.49974733103003594,0.47886042370422005,127.09809395998975,13.802569958738218,-0.03217631806943049,-3.217631806943049,10.859777301682621,2.2505207704456733,1.4943786022065946,0.020886907325815884,-0.045201876484581405
m12_joint_hybrid_synergy,inv_D_sup,inv,D_sup,flat_1.0,O/U 3.5_over_35,over_35,31,0.25806451612903225,3.5461624930702054,0.29751046403137704,0.28851157101217073,46.58409310526499,7.09938542288481,-0.07744727854158122,-7.744727854158122,15.239934813891287,0.8248626382924115,2.0971178185554344,0.008998893019206311,-0.03944594790234479
m12_joint_hybrid_synergy,inv_D_sup,inv,D_sup,canonical_P1,1X2_home,home,287,0.3623693379790941,3.2435525708225605,0.3676299089702596,0.3392725841118187,1590.116648735615,213.04172906867572,0.07055589527933001,7.055589527933001,13.397867963842549,36.03252363259235,0.9064685637226765,0.02835732485844089,-0.005260570991165503
m12_joint_hybrid_synergy,inv_D_sup,inv,D_sup,canonical_P1,1X2_away,away,361,0.2631578947368421,4.429734805717857,0.2952077098601575,0.2627832026427686,1520.3138696477215,39.44522478319444,0.01662153663209129,1.662153663209129,2.5945448220066862,34.450771571128755,0.17554086401400718,0.032424507217388876,-0.032049815123315395
m12_joint_hybrid_synergy,inv_D_sup,inv,D_sup,canonical_P1,O/U 2.5_under_25,under_25,160,0.51875,2.2543062448793143,0.4772184116701511,0.44884758079811427,847.8890716686932,271.2208626743054,0.15251476111459356,15.251476111459356,31.987776672310158,19.21342251023668,2.1642185200722497,0.028370830872036845,0.041531588329848934
m12_joint_hybrid_synergy,inv_D_sup,inv,D_sup,canonical_P1,1X2_draw,draw,162,0.2345679012345679,4.446235525427465,0.24308223965940207,0.23240515594199163,454.68424212283674,128.5469337609903,0.024522317469467796,2.45223174694678,28.27169315585436,10.303282286042204,1.9127969583039173,0.01067708371741044,-0.008514338424834178
m12_joint_hybrid_synergy,inv_D_sup_anch,inv,D_sup_anch,flat_1.0,1X2_away,away,359,0.2646239554317549,4.4363071444683735,0.2950484112617917,0.26252834860222346,1675.1994427889128,78.12886514011385,0.022285166362632145,2.2285166362632145,4.663854532451552,29.397763448209414,0.6378353173569341,0.03252006265956825,-0.030424455830036834
m12_joint_hybrid_synergy,inv_D_sup_anch,inv,D_sup_anch,flat_1.0,1X2_home,home,285,0.3649122807017544,3.2511491983585503,0.3668210859481857,0.33840475895810945,1343.5008459870514,188.26416526788938,0.07806856822865864,7.806856822865864,14.012954724235719,23.576846466139457,1.9164314327237408,0.028416326990076235,-0.0019088052464312777
m12_joint_hybrid_synergy,inv_D_sup_anch,inv,D_sup_anch,flat_1.0,O/U 2.5_under_25,under_25,168,0.5297619047619048,2.249161958562586,0.4780513469250497,0.44968847444717897,724.0332513463451,224.51074848506943,0.1720355038202367,17.203550382023668,31.008347761320362,12.705924863658076,4.240745331450024,0.028362872477870726,0.051710557836855076
m12_joint_hybrid_synergy,inv_D_sup_anch,inv,D_sup_anch,flat_1.0,O/U 3.5_under_35,under_35,74,0.5945945945945946,1.5551645587082057,0.6875032862010984,0.6464591810417447,540.7174298745665,-150.23309633167162,-0.09940717193446691,-9.940717193446691,-27.784030628811447,9.48894960788216,-3.799783177256895,0.04104410515935364,-0.09290869160650372
m12_joint_hybrid_synergy,inv_D_sup_anch,inv,D_sup_anch,flat_1.0,1X2_draw,draw,165,0.23636363636363636,4.434524247940961,0.24353564502923195,0.2329331230342231,511.14093576120536,116.5528471573209,0.02955777956229738,2.9557779562297384,22.802487338202944,8.969917213670989,3.1185002977022496,0.010602521995008857,-0.007172008665595586
m12_joint_hybrid_synergy,inv_D_sup_anch,inv,D_sup_anch,flat_1.0,BTTS_btts_yes,btts_yes,37,0.4864864864864865,1.9055040750047652,0.5445652404338811,0.5317800992082589,241.7382933175197,-96.81009772550229,-0.11091238349844863,-11.091238349844863,-40.04748126451925,4.242220348098447,-5.476949965734349,0.012785141225622243,-0.05807875394739459
m12_joint_hybrid_synergy,inv_D_sup_anch,inv,D_sup_anch,flat_1.0,BTTS_btts_no,btts_no,69,0.391304347826087,2.372383942666556,0.44477226449930185,0.4237421858120246,192.55245568109356,4.85618994371312,-0.09134728055565049,-9.134728055565049,2.522008834702149,3.379067231577329,0.3449134818134355,0.021030078687277243,-0.05346791667321488
m12_joint_hybrid_synergy,inv_D_sup_anch,inv,D_sup_anch,flat_1.0,O/U 1.5_over_15,over_15,35,0.8571428571428571,1.3701498931896778,0.7455266283315757,0.7290253600854345,174.80383447141458,22.83887335191206,0.15980308580207514,15.980308580207513,13.065430412881973,3.0675999790659745,1.7868466728152788,0.016501268246141176,0.11161622881128141
m12_joint_hybrid_synergy,inv_D_sup_anch,inv,D_sup_anch,flat_1.0,O/U 1.5_under_15,under_15,61,0.21311475409836064,4.760390042851289,0.24220447578761,0.2159396750346251,133.40438238410852,5.710749602856618,-0.07342612649233732,-7.342612649233732,4.280781111383412,2.341088694342809,0.5854456565307061,0.0262648007529849,-0.029089721689249365
m12_joint_hybrid_synergy,inv_D_sup_anch,inv,D_sup_anch,flat_1.0,O/U 2.5_over_25,over_25,40,0.475,2.1037780288989656,0.4976471517773982,0.47674954474071757,118.50585216758675,15.253254907239931,0.017417370878343424,1.7417370878343423,12.87130941488807,2.0796371585769293,1.760298411607826,0.020897607036680643,-0.022647151777398233
m12_joint_hybrid_synergy,inv_D_sup_anch,inv,D_sup_anch,flat_1.0,O/U 3.5_over_35,over_35,27,0.2962962962962963,3.5830727069763517,0.29483398410985157,0.28598287353138335,42.79405938348703,7.594074762404278,0.059227198711517874,5.922719871151787,17.745628416206312,0.7509849887783788,2.426917146277174,0.008851110578468213,0.0014623121864447142
m12_joint_hybrid_synergy,inv_D_sup_anch,inv,D_sup_anch,canonical_P1,1X2_home,home,285,0.3649122807017544,3.2511491983585503,0.3668210859481857,0.33840475895810945,1586.3991095779063,214.82580178686166,0.07806856822865864,7.806856822865864,13.541724808709734,35.58558273100121,0.9136239057617929,0.028416326990076235,-0.0019088052464312777
m12_joint_hybrid_synergy,inv_D_sup_anch,inv,D_sup_anch,canonical_P1,1X2_away,away,359,0.2646239554317549,4.4363071444683735,0.2950484112617917,0.26252834860222346,1521.578090144333,40.82530152739063,0.022285166362632145,2.2285166362632145,2.683089470847865,34.131538956118476,0.18102086082030885,0.03252006265956825,-0.030424455830036834
m12_joint_hybrid_synergy,inv_D_sup_anch,inv,D_sup_anch,canonical_P1,O/U 2.5_under_25,under_25,168,0.5297619047619048,2.249161958562586,0.4780513469250497,0.44968847444717897,889.2528714505407,276.3531425863073,0.1720355038202367,17.203550382023668,31.07700311785586,19.947427753034532,2.0966821707708414,0.028362872477870726,0.051710557836855076
m12_joint_hybrid_synergy,inv_D_sup_anch,inv,D_sup_anch,canonical_P1,1X2_draw,draw,165,0.23636363636363636,4.434524247940961,0.24353564502923195,0.2329331230342231,460.7525943629403,128.75751917548257,0.02955777956229738,2.9557779562297384,27.945044857210018,10.335450559845802,1.8853773348511396,0.010602521995008857,-0.007172008665595586
m12_joint_hybrid_synergy,inv_D_tot,inv,D_tot,flat_1.0,1X2_away,away,353,0.26345609065155806,4.45831367824776,0.2935929910559242,0.2614515132342555,1606.0124587588143,75.33920067834055,0.021710392814671055,2.1710392814671056,4.691071994333435,28.944467658065722,0.6390127072862329,0.03214147782166871,-0.030136900404366118
m12_joint_hybrid_synergy,inv_D_tot,inv,D_tot,flat_1.0,1X2_home,home,280,0.3678571428571429,3.27121890004154,0.36444867960416943,0.33598786171923667,1292.0393799351984,186.22530091532624,0.0901140075007374,9.01140075007374,14.413283666684084,23.285866707649156,1.9633617705841553,0.028460817884932765,0.003408463252973448
m12_joint_hybrid_synergy,inv_D_tot,inv,D_tot,flat_1.0,O/U 2.5_under_25,under_25,166,0.5180722891566265,2.2542371775606185,0.47712911703244393,0.44873159444002003,712.2228799131666,224.76599147174807,0.14921713150371702,14.921713150371701,31.558378396823095,12.836084801554428,4.298847862765055,0.028397522592423896,0.04094317212418258
m12_joint_hybrid_synergy,inv_D_tot,inv,D_tot,flat_1.0,1X2_draw,draw,175,0.24,4.3988668283778525,0.245400313156421,0.23466170636169542,525.5266809097823,116.4235997272245,0.03432305562270717,3.432305562270717,22.153699128210594,9.471339986241146,3.01775271695314,0.010738606794725575,-0.005400313156421005
m12_joint_hybrid_synergy,inv_D_tot,inv,D_tot,flat_1.0,O/U 3.5_under_35,under_35,65,0.5692307692307692,1.5671803507531177,0.6852514697674079,0.6417060521676845,504.2914848085231,-147.66336619814462,-0.13170354958693156,-13.170354958693157,-29.281352282640988,9.08862723490882,-3.9886738506112063,0.04354541759972341,-0.11602070053663871
m12_joint_hybrid_synergy,inv_D_tot,inv,D_tot,flat_1.0,BTTS_btts_yes,btts_yes,43,0.5116279069767442,1.8954337389575886,0.5467738440722009,0.5338940659746817,262.8256618057829,-97.46202746565508,-0.06719437649866512,-6.719437649866513,-37.08238639865974,4.736793183862622,-5.051322203936624,0.012879778097519168,-0.03514593709545666
m12_joint_hybrid_synergy,inv_D_tot,inv,D_tot,flat_1.0,BTTS_btts_no,btts_no,64,0.390625,2.387322431422836,0.4414445143289265,0.42119731441840125,169.70094307026008,4.645503450689121,-0.08499003684906069,-8.499003684906068,2.7374647227303717,3.058446671102723,0.3728944568929069,0.02024719991052526,-0.05081951432892651
m12_joint_hybrid_synergy,inv_D_tot,inv,D_tot,flat_1.0,O/U 1.5_over_15,over_15,30,0.8666666666666667,1.3736364138494963,0.7449991021967757,0.7273509098162293,157.2007384120733,20.11350099733637,0.17383590779472868,17.38359077947287,12.794787862008935,2.8331608911108845,1.7428920384789601,0.01764819238054638,0.12166756446989102
m12_joint_hybrid_synergy,inv_D_tot,inv,D_tot,flat_1.0,O/U 1.5_under_15,under_15,67,0.208955223880597,4.7225693635240775,0.24334827581512908,0.21802320618526586,144.52751643074598,3.4300597017109733,-0.10568837874040364,-10.568837874040364,2.373291803816869,2.6047568947648614,0.3232872193326329,0.025325069629863223,-0.03439305193453207
m12_joint_hybrid_synergy,inv_D_tot,inv,D_tot,flat_1.0,O/U 2.5_over_25,over_25,44,0.4772727272727273,2.1019745578004114,0.4977632560220331,0.4772427654790883,123.62541891921926,15.498278340148238,0.02306913647602403,2.306913647602403,12.536481959487071,2.2280474351908754,1.7077058903495144,0.020520490542944803,-0.020490528749305792
m12_joint_hybrid_synergy,inv_D_tot,inv,D_tot,flat_1.0,O/U 3.5_over_35,over_35,33,0.24242424242424243,3.5899473806832916,0.29462810318139376,0.2853954059583402,50.62589137516511,6.0135362567014035,-0.1333595646905763,-13.335956469057631,11.878380989161974,0.9124085355487735,1.618060094415638,0.009232697223053588,-0.05220386075715133
m12_joint_hybrid_synergy,inv_D_tot,inv,D_tot,canonical_P1,1X2_home,home,280,0.3678571428571429,3.27121890004154,0.36444867960416943,0.33598786171923667,1524.9778291147948,210.40612807652715,0.0901140075007374,9.01140075007374,13.797323741989207,35.18529385667713,0.9126898453932774,0.028460817884932765,0.003408463252973448
m12_joint_hybrid_synergy,inv_D_tot,inv,D_tot,canonical_P1,1X2_away,away,353,0.26345609065155806,4.45831367824776,0.2935929910559242,0.2614515132342555,1460.8414754652742,38.83301457460033,0.021710392814671055,2.1710392814671056,2.6582634205557527,33.70549762163018,0.17584352412766138,0.03214147782166871,-0.030136900404366118
m12_joint_hybrid_synergy,inv_D_tot,inv,D_tot,canonical_P1,O/U 2.5_under_25,under_25,166,0.5180722891566265,2.2542371775606185,0.47712911703244393,0.44873159444002003,874.7592834795536,276.729036440938,0.14921713150371702,14.921713150371701,31.63487849367948,20.183022897421754,2.0926400584167744,0.028397522592423896,0.04094317212418258
m12_joint_hybrid_synergy,inv_D_tot,inv,D_tot,canonical_P1,1X2_draw,draw,175,0.24,4.3988668283778525,0.245400313156421,0.23466170636169542,473.5555400411676,129.2319637433484,0.03432305562270717,3.432305562270717,27.289716372468973,10.9261856242709,1.8052085667176034,0.010738606794725575,-0.005400313156421005
m05_joint_production_wealth,raw,none,none,flat_1.0,1X2_away,away,348,0.2614942528735632,4.513523410350956,0.32062298485614416,0.25594298982786134,4155.0180914072125,281.10011250030504,0.03606713676206562,3.606713676206562,6.765316210815888,27.90636490580411,1.0803973257191188,0.06467999502828281,-0.05912873198258095
m05_joint_production_wealth,raw,none,none,flat_1.0,1X2_home,home,273,0.34065934065934067,3.3446374930606124,0.38643279851243356,0.3245782718323849,3520.998456142746,291.42173471738823,0.04951632023322977,4.951632023322977,8.276678855367656,23.648096250915355,1.3217566515042154,0.06185452668004865,-0.04577345785309289
m05_joint_production_wealth,raw,none,none,flat_1.0,1X2_draw,draw,305,0.25573770491803277,4.150712864757662,0.2534274552484377,0.24625453434504693,1839.0241803037786,144.3545379111976,0.0372428155305038,3.72428155305038,7.849518209562228,12.35144558149768,1.2535405910866966,0.00717292090339075,0.002310249669595088
m05_joint_production_wealth,raw,none,none,flat_1.0,O/U 2.5_under_25,under_25,187,0.5187165775401069,2.2250887725930344,0.4998748611203814,0.45426457294949524,1619.5944850358783,475.3383151859446,0.13264929713394277,13.264929713394277,29.349217941762415,10.87768902674787,4.686967406716923,0.04561028817088614,0.01884171641972554
m05_joint_production_wealth,raw,none,none,flat_1.0,O/U 3.5_under_35,under_35,82,0.5609756097560976,1.5464662078986233,0.7078113522392062,0.6494053281671294,1105.7552774584733,-237.6696730643394,-0.15282924468129666,-15.282924468129666,-21.493876439876644,7.426588667108315,-3.432496856222981,0.058406024072076845,-0.1468357424831086
m05_joint_production_wealth,raw,none,none,flat_1.0,BTTS_btts_yes,btts_yes,76,0.5657894736842105,1.8540309453763306,0.5568796056755669,0.5431383723963004,660.0818067387193,-111.13725145004871,0.024411052992131747,2.4411052992131745,-16.83689056651129,4.433310123156301,-2.688792507939626,0.013741233279266574,0.008909868008643573
m05_joint_production_wealth,raw,none,none,flat_1.0,O/U 2.5_over_25,over_25,82,0.5365853658536586,2.0396188956830716,0.5314150356934682,0.49135863692833676,560.3148193867804,14.917475802660919,0.10041712171302082,10.041712171302082,2.662338258157601,3.7632447002514815,0.42516610379195885,0.040056398765131396,0.005170330160190417
m05_joint_production_wealth,raw,none,none,flat_1.0,O/U 1.5_over_15,over_15,51,0.8235294117647058,1.353162371383178,0.7682570048207102,0.7373834826983805,492.2942480989686,81.53320584337223,0.10864465772457746,10.864465772457747,16.56188471797484,3.306397860671041,2.6448750362269386,0.030873522122329744,0.0552724069439956
m05_joint_production_wealth,raw,none,none,flat_1.0,BTTS_btts_no,btts_no,64,0.484375,2.3539003998404815,0.4627212998544589,0.4274571737330125,363.73163848950554,25.58816273052683,0.11474879320027973,11.474879320027972,7.03490156555768,2.4429322828860274,1.1234491635401551,0.035264126121446415,0.021653700145541077
m05_joint_production_wealth,raw,none,none,flat_1.0,O/U 1.5_under_15,under_15,73,0.2191780821917808,4.641632175383594,0.2651129952456927,0.22225122658510948,346.7267000007739,-10.659091909524975,-0.058059280581880465,-5.805928058188046,-3.074205681160748,2.3287219453549626,-0.490939890041894,0.04286176866058322,-0.0459349130539119
m05_joint_production_wealth,raw,none,none,flat_1.0,O/U 3.5_over_35,over_35,54,0.2037037037037037,3.4138903117556425,0.3254474311390347,0.29921938241871304,225.60155711982145,-22.447672042874895,-0.2788574643717482,-27.88574643717482,-9.950140561730473,1.5152086556068702,-1.5890026302446085,0.02622804872032164,-0.12174372743533099
m05_joint_production_wealth,raw,none,none,canonical_P1,1X2_home,home,273,0.34065934065934067,3.3446374930606124,0.38643279851243356,0.3245782718323849,4110.557508158382,365.8256095855375,0.04951632023322977,4.951632023322977,8.89965920339198,35.84155300634801,0.7842127099820099,0.06185452668004865,-0.04577345785309289
m05_joint_production_wealth,raw,none,none,canonical_P1,1X2_away,away,348,0.2614942528735632,4.513523410350956,0.32062298485614416,0.25594298982786134,3753.631305409369,208.76117995639152,0.03606713676206562,3.606713676206562,5.561579254082444,32.72937433233775,0.49007057899041895,0.06467999502828281,-0.05912873198258095
m05_joint_production_wealth,raw,none,none,canonical_P1,O/U 2.5_under_25,under_25,187,0.5187165775401069,2.2250887725930344,0.4998748611203814,0.45426457294949524,1993.1887895399382,563.2135070129565,0.13264929713394277,13.264929713394277,28.256907221666427,17.37938990274838,2.489918465593323,0.04561028817088614,0.01884171641972554
m05_joint_production_wealth,raw,none,none,canonical_P1,1X2_draw,draw,305,0.25573770491803277,4.150712864757662,0.2534274552484377,0.24625453434504693,1611.3149154066407,163.72738367883844,0.0372428155305038,3.72428155305038,10.16110396008587,14.049682758565863,0.8953676417082129,0.00717292090339075,0.002310249669595088
m05_joint_production_wealth,std_A_pool,std,A_pool,flat_1.0,1X2_away,away,351,0.2621082621082621,4.500996586807949,0.2993330300468,0.25666340220693185,2159.495877483201,187.35511175604856,0.03433260922956027,3.4332609229560265,8.675872628865717,29.1237432916243,1.2186974024625805,0.04266962783986816,-0.037224767938537906
m05_joint_production_wealth,std_A_pool,std,A_pool,flat_1.0,1X2_home,home,277,0.34657039711191334,3.323055508077997,0.36841251148221765,0.32722539455968913,1854.4793269412714,183.84873044515888,0.0555301515805849,5.55301515805849,9.913765431313491,25.01017965378447,1.3925838583161245,0.04118711692252852,-0.02184211437030431
m05_joint_production_wealth,std_A_pool,std,A_pool,flat_1.0,O/U 2.5_under_25,under_25,195,0.5230769230769231,2.207967234176887,0.4865338111039173,0.4582578695053552,869.6447777142228,199.6540622441839,0.13339926493256898,13.339926493256899,22.958116619633515,11.728344344221941,3.224920222628757,0.028275941598562115,0.036543111973005804
m05_joint_production_wealth,std_A_pool,std,A_pool,flat_1.0,1X2_draw,draw,255,0.23921568627450981,4.2266244294539685,0.24736155498252288,0.24233347149793835,709.0960044929003,42.05338058140063,-0.01199942210768672,-1.199942210768672,5.9305623378141155,9.56312545872334,0.8330644334483969,0.005028083484584528,-0.008145868708013065
m05_joint_production_wealth,std_A_pool,std,A_pool,flat_1.0,O/U 3.5_under_35,under_35,76,0.5526315789473685,1.5504038525568158,0.6818475755630882,0.6484690999140202,449.9710846877121,-97.46501735045341,-0.16247883051870904,-16.247883051870904,-21.660284553194312,6.068472968965234,-3.042614115120943,0.03337847564906793,-0.1292159966157197
m05_joint_production_wealth,std_A_pool,std,A_pool,flat_1.0,BTTS_btts_yes,btts_yes,66,0.5757575757575758,1.8598039768489614,0.556899303701448,0.5426758263485698,317.5284846609708,-55.76092595858354,0.04082531708204264,4.0825317082042645,-17.560920878679653,4.282304111560646,-2.466777645915696,0.014223477352878211,0.01885827205612778
m05_joint_production_wealth,std_A_pool,std,A_pool,flat_1.0,O/U 1.5_over_15,over_15,42,0.8333333333333334,1.3492490578028944,0.7669401789893607,0.7397955875004647,293.70241086237286,52.73653925264005,0.12060111368387337,12.060111368387338,17.955773361816927,3.960977053614892,2.522242463823956,0.02714459148889603,0.06639315434397264
m05_joint_production_wealth,std_A_pool,std,A_pool,flat_1.0,O/U 2.5_over_25,over_25,60,0.5666666666666667,2.0456978331516447,0.5223118607855015,0.4892922865264647,273.7525582715642,31.059151702656216,0.16049789056524547,16.049789056524546,11.345702812335126,3.691926118339385,1.5937277018684117,0.03301957425903679,0.04435480588116514
m05_joint_production_wealth,std_A_pool,std,A_pool,flat_1.0,BTTS_btts_no,btts_no,61,0.4918032786885246,2.358310481919923,0.45450636963729846,0.4268797693352918,221.62758767244125,10.659806258269631,0.13355799211338137,13.355799211338137,4.8097831006600575,2.9889498919704924,0.6756288873675158,0.027626600302006643,0.037296909051226124
m05_joint_production_wealth,std_A_pool,std,A_pool,flat_1.0,O/U 1.5_under_15,under_15,69,0.2028985507246377,4.658109880474746,0.24546134257778163,0.22178934898305436,134.59916941794353,-14.692333600010054,-0.13161045471894267,-13.161045471894267,-10.915619809204712,1.8152531330426351,-1.5333140626669257,0.02367199359472727,-0.04256279185314393
m05_joint_production_wealth,std_A_pool,std,A_pool,flat_1.0,O/U 3.5_over_35,over_35,45,0.2222222222222222,3.4497261207538705,0.31909683394204824,0.29632041898961836,131.0007817549548,-11.583991720752383,-0.22104686769385892,-22.104686769385893,-8.842689001979368,1.7667239741526586,-1.2421300517531473,0.02277641495242988,-0.09687461171982603
m05_joint_production_wealth,std_A_pool,std,A_pool,canonical_P1,1X2_home,home,277,0.34657039711191334,3.323055508077997,0.36841251148221765,0.32722539455968913,2064.9963850356617,233.44025293841375,0.0555301515805849,5.55301515805849,11.304632522849785,37.63181793471228,0.9844691270918895,0.04118711692252852,-0.02184211437030431
m05_joint_production_wealth,std_A_pool,std,A_pool,canonical_P1,1X2_away,away,351,0.2621082621082621,4.500996586807949,0.2993330300468,0.25666340220693185,1837.1855062072143,139.00187290990183,0.03433260922956027,3.4332609229560265,7.566022725536566,33.480267075958174,0.6588905719058867,0.04266962783986816,-0.037224767938537906
m05_joint_production_wealth,std_A_pool,std,A_pool,canonical_P1,O/U 2.5_under_25,under_25,195,0.5230769230769231,2.207967234176887,0.4865338111039173,0.4582578695053552,999.8277148093192,215.79371334246682,0.13339926493256898,13.339926493256899,21.583089780985077,18.220532879593375,1.8795733088788527,0.028275941598562115,0.036543111973005804
m05_joint_production_wealth,std_A_pool,std,A_pool,canonical_P1,1X2_draw,draw,255,0.23921568627450981,4.2266244294539685,0.24736155498252288,0.24233347149793835,585.3585264633241,41.87716840477587,-0.01199942210768672,-1.199942210768672,7.154105819179471,10.667382109736167,0.6230185984988703,0.005028083484584528,-0.008145868708013065
m05_joint_production_wealth,std_B_full,std,B_full,flat_1.0,1X2_away,away,352,0.26136363636363635,4.498238563589156,0.2997133301209173,0.25673899561904934,2186.86456497188,190.22235535681364,0.03139416431697628,3.139416431697628,8.698405854834435,29.60874470304052,1.1950991043408543,0.04297433450186794,-0.03834969375728092
m05_joint_production_wealth,std_B_full,std,B_full,flat_1.0,1X2_home,home,278,0.34532374100719426,3.3184402004949827,0.3691501966684984,0.3277872651345271,1873.0275328626963,185.9728537262007,0.0517332805317339,5.17332805317339,9.928997329898491,25.359592418568695,1.3641736214652955,0.0413629315339713,-0.023826455661304147
m05_joint_production_wealth,std_B_full,std,B_full,flat_1.0,O/U 2.5_under_25,under_25,190,0.5263157894736842,2.215518101710153,0.4846976785341085,0.4566307444589852,840.5960722554141,195.0369465672637,0.1436901227816717,14.36901227816717,23.202219592099397,11.381132101387905,3.187819965635025,0.028066934075123284,0.04161811093957568
m05_joint_production_wealth,std_B_full,std,B_full,flat_1.0,1X2_draw,draw,252,0.23412698412698413,4.232100117106198,0.24671920330361669,0.24210865648387786,700.9372871791609,43.13670177304942,-0.029757351735952845,-2.9757351735952846,6.154145679230159,9.490241655269784,0.8455358501286087,0.0046105468197388255,-0.012592219176632558
m05_joint_production_wealth,std_B_full,std,B_full,flat_1.0,O/U 3.5_under_35,under_35,70,0.5571428571428572,1.5598805806307607,0.6773502013674502,0.6444405187806735,404.2380338956463,-88.77320660259603,-0.15239594456316977,-15.239594456316977,-21.960626947219115,5.473123912924684,-3.017233966014424,0.03290968258677662,-0.120207344224593
m05_joint_production_wealth,std_B_full,std,B_full,flat_1.0,BTTS_btts_yes,btts_yes,65,0.5692307692307692,1.8604163457235607,0.5566942535043807,0.5428565646762165,303.0363677503508,-55.83529827536738,0.029090321960227913,2.909032196022791,-18.42527967513323,4.102918210928262,-2.5315023930210256,0.013837688828164274,0.012536515726388475
m05_joint_production_wealth,std_B_full,std,B_full,flat_1.0,O/U 1.5_over_15,over_15,42,0.8333333333333334,1.3492490578028944,0.7669739658004507,0.7397955875004647,293.1769373923381,52.48199053451575,0.12060111368387337,12.060111368387338,17.90113199261741,3.969427842542528,2.4594882290039664,0.02717837829998604,0.06635936753288263
m05_joint_production_wealth,std_B_full,std,B_full,flat_1.0,O/U 2.5_over_25,over_25,61,0.5573770491803278,2.0461079807921405,0.5223085444048248,0.4895005162353463,279.6222686458267,29.587549393966764,0.14665958622756692,14.665958622756692,10.581256470471867,3.7859063145621703,1.4537893887342066,0.032808028169478476,0.03506850477550305
m05_joint_production_wealth,std_B_full,std,B_full,flat_1.0,BTTS_btts_no,btts_no,64,0.484375,2.3641612701666843,0.4534509680033437,0.42582730922928846,228.44687357644148,11.991583302060352,0.12260204984066156,12.260204984066156,5.249178119326638,3.093024262350515,0.7211997432203374,0.02762365877405526,0.030924031996656276
m05_joint_production_wealth,std_B_full,std,B_full,flat_1.0,O/U 1.5_under_15,under_15,70,0.2,4.662994025039393,0.24499428700979117,0.22147807256901073,138.451870961951,-15.074643524865426,-0.1440160196515292,-14.401601965152919,-10.888002755129401,1.8745496024914685,-1.4959341467705722,0.023516214440780447,-0.04499428700979116
m05_joint_production_wealth,std_B_full,std,B_full,flat_1.0,O/U 3.5_over_35,over_35,47,0.23404255319148937,3.4277388258859625,0.32022060774499383,0.29828305303555874,137.47615073502067,-11.173596145745837,-0.19713575853536006,-19.713575853536007,-8.127661478740745,1.8613389759334658,-1.1166828860060831,0.021937554709435092,-0.08617805455350447
m05_joint_production_wealth,std_B_full,std,B_full,canonical_P1,1X2_home,home,278,0.34532374100719426,3.3184402004949827,0.3691501966684984,0.3277872651345271,2079.6718952767756,236.18374262582446,0.0517332805317339,5.17332805317339,11.356779074729557,37.97496549351089,0.9876426466720117,0.0413629315339713,-0.023826455661304147
m05_joint_production_wealth,std_B_full,std,B_full,canonical_P1,1X2_away,away,352,0.26136363636363635,4.498238563589156,0.2997133301209173,0.25673899561904934,1856.0957181292251,140.5181652310126,0.03139416431697628,3.139416431697628,7.570631398936801,33.8924476542152,0.6583801958833323,0.04297433450186794,-0.03834969375728092
m05_joint_production_wealth,std_B_full,std,B_full,canonical_P1,O/U 2.5_under_25,under_25,190,0.5263157894736842,2.215518101710153,0.4846976785341085,0.4566307444589852,963.5267635697251,210.19786981631654,0.1436901227816717,14.36901227816717,21.815467692621667,17.594071296407513,1.8971828287362986,0.028066934075123284,0.04161811093957568
m05_joint_production_wealth,std_B_full,std,B_full,canonical_P1,1X2_draw,draw,252,0.23412698412698413,4.232100117106198,0.24671920330361669,0.24210865648387786,577.1342866188368,42.82789417792096,-0.029757351735952845,-2.9757351735952846,7.420784931844859,10.538515555866347,0.6453487931960646,0.0046105468197388255,-0.012592219176632558
m05_joint_production_wealth,std_B_anch,std,B_anch,flat_1.0,1X2_away,away,351,0.2621082621082621,4.500996586807949,0.29960503878645234,0.25666340220693185,2181.40228793612,189.45134318169139,0.03433260922956027,3.4332609229560265,8.684842049970346,29.28385015358236,1.1990207216940747,0.04294163657952049,-0.037496776678190236
m05_joint_production_wealth,std_B_anch,std,B_anch,flat_1.0,1X2_home,home,277,0.34657039711191334,3.323055508077997,0.3685326935936849,0.32722539455968913,1866.9959086331944,184.33252266599692,0.0555301515805849,5.55301515805849,9.873215137409947,25.063157184772717,1.363086337251068,0.04130729903399577,-0.02196229648177156
m05_joint_production_wealth,std_B_anch,std,B_anch,flat_1.0,O/U 2.5_under_25,under_25,198,0.5202020202020202,2.2103717710327926,0.48639048451449435,0.45769715038762265,887.2579474433179,203.86893032958102,0.1289982659689442,12.899826596894421,22.977413830672404,11.910837778155866,3.172239075322079,0.028693334126871695,0.03381153568752587
m05_joint_production_wealth,std_B_anch,std,B_anch,flat_1.0,1X2_draw,draw,254,0.24015748031496062,4.228610725384267,0.2472000887299264,0.24226609329145618,710.6649481300334,45.63504442443887,-0.00800203069037343,-0.8002030690373431,6.421457051528708,9.540196214854575,0.8865400227143736,0.004933995438470229,-0.00704260841496579
m05_joint_production_wealth,std_B_anch,std,B_anch,flat_1.0,O/U 3.5_under_35,under_35,72,0.5555555555555556,1.5559923928887345,0.6802391535510112,0.6461153315395114,433.34163534502613,-94.87798267994835,-0.15584154332530395,-15.584154332530394,-21.894499614468526,5.8173183300171205,-3.022733007442585,0.03412382201149977,-0.12468359799545559
m05_joint_production_wealth,std_B_anch,std,B_anch,flat_1.0,BTTS_btts_yes,btts_yes,62,0.5645161290322581,1.863178426968249,0.5553082396460327,0.5423334043095867,293.87738684893526,-55.882128921240344,0.019123724635722802,1.9123724635722803,-19.015457269587742,3.945105131503644,-2.625255262852107,0.012974835336446056,0.00920788938622541
m05_joint_production_wealth,std_B_anch,std,B_anch,flat_1.0,O/U 1.5_over_15,over_15,41,0.8292682926829268,1.3502063518956477,0.7664158713634217,0.7392479078365611,289.1825412591061,51.89787196508442,0.11613284816396788,11.613284816396789,17.94640566443608,3.8820800051860025,2.477663053372427,0.027167963526860572,0.06285242131950508
m05_joint_production_wealth,std_B_anch,std,B_anch,flat_1.0,O/U 2.5_over_25,over_25,59,0.559322033898305,2.046980847272859,0.5217913265761278,0.4890046021597878,272.522418379424,30.397952188603185,0.14710632938838525,14.710632938838526,11.154294156556734,3.65842912490272,1.5399508422410884,0.03278672441634001,0.037530707322177226
m05_joint_production_wealth,std_B_anch,std,B_anch,flat_1.0,BTTS_btts_no,btts_no,67,0.47761194029850745,2.3597276669307616,0.45464838422981757,0.426543292236654,234.13055207708206,12.048166221774913,0.10744673417615432,10.74467341761543,5.145917999547677,3.143044289133688,0.7104403601234466,0.028105091993163578,0.022963556068689883
m05_joint_production_wealth,std_B_anch,std,B_anch,flat_1.0,O/U 1.5_under_15,under_15,70,0.2,4.662994025039393,0.24615898636523623,0.22147807256901073,146.19450828133384,-16.61975723597128,-0.1440160196515292,-14.401601965152919,-11.368250033023502,1.962562383593046,-1.5694893793769191,0.0246809137962255,-0.046158986365236215
m05_joint_production_wealth,std_B_anch,std,B_anch,flat_1.0,O/U 3.5_over_35,over_35,46,0.2391304347826087,3.433776626448701,0.3196064518425809,0.2978826233198836,133.59476883153698,-10.688137948836598,-0.17968218806873745,-17.968218806873747,-8.000416515046588,1.7934194042982354,-1.1045296078536175,0.02172382852269733,-0.0804760170599722
m05_joint_production_wealth,std_B_anch,std,B_anch,canonical_P1,1X2_home,home,277,0.34657039711191334,3.323055508077997,0.3685326935936849,0.32722539455968913,2079.800575420385,234.49344101712558,0.0555301515805849,5.55301515805849,11.274804122492753,37.50986858263362,0.9757406194117708,0.04130729903399577,-0.02196229648177156
m05_joint_production_wealth,std_B_anch,std,B_anch,canonical_P1,1X2_away,away,351,0.2621082621082621,4.500996586807949,0.29960503878645234,0.25666340220693185,1856.7965966207473,140.47248035148715,0.03433260922956027,3.4332609229560265,7.565313325495007,33.48792049922757,0.6547150114596029,0.04294163657952049,-0.037496776678190236
m05_joint_production_wealth,std_B_anch,std,B_anch,canonical_P1,O/U 2.5_under_25,under_25,198,0.5202020202020202,2.2103717710327926,0.48639048451449435,0.45769715038762265,1020.9873193808235,220.72856935123002,0.1289982659689442,12.899826596894421,21.619129362457763,18.41383285835911,1.8709560224806732,0.028693334126871695,0.03381153568752587
m05_joint_production_wealth,std_B_anch,std,B_anch,canonical_P1,1X2_draw,draw,254,0.24015748031496062,4.228610725384267,0.2472000887299264,0.24226609329145618,587.0912272855594,44.999679508065896,-0.00800203069037343,-0.8002030690373431,7.66485299331141,10.58837805977971,0.6633293426777799,0.004933995438470229,-0.00704260841496579
m05_joint_production_wealth,std_C_sqrt,std,C_sqrt,flat_1.0,1X2_away,away,351,0.2621082621082621,4.500996586807949,0.29948320328599054,0.25666340220693185,2169.191163841176,188.35528718162877,0.03433260922956027,3.4332609229560265,8.683203689991602,29.30542312364622,1.2094984494382262,0.042819801079058695,-0.03737494117772844
m05_joint_production_wealth,std_C_sqrt,std,C_sqrt,flat_1.0,1X2_home,home,277,0.34657039711191334,3.323055508077997,0.36852516779363725,0.32722539455968913,1861.1385740272424,184.5798677959255,0.0555301515805849,5.55301515805849,9.917577894080214,25.143682268660267,1.3814365657342362,0.04129977323394812,-0.021954770681723912
m05_joint_production_wealth,std_C_sqrt,std,C_sqrt,flat_1.0,O/U 2.5_under_25,under_25,194,0.5257731958762887,2.2086268590953244,0.4862159932342488,0.4582004989610423,858.5111753992174,198.41630285884054,0.13924152918479873,13.924152918479873,23.111673854050263,11.598347656414767,3.219264995777477,0.028015494273206487,0.03955720264203988
m05_joint_production_wealth,std_C_sqrt,std,C_sqrt,flat_1.0,1X2_draw,draw,254,0.23622047244094488,4.229091454766779,0.2470745975036062,0.24221345758385307,705.6594895037913,42.369558590468245,-0.022078159990000467,-2.2078159990000468,6.004249814632529,9.533346007414824,0.8363423340175987,0.004861139919753121,-0.010854125062661313
m05_joint_production_wealth,std_C_sqrt,std,C_sqrt,flat_1.0,O/U 3.5_under_35,under_35,75,0.56,1.5501425705909067,0.6814780378353174,0.6486389431332914,432.5624697157053,-93.96077052262658,-0.15131188159229184,-15.131188159229184,-21.721896165513567,5.843849271440372,-3.025680459543869,0.03283909470202595,-0.1214780378353173
m05_joint_production_wealth,std_C_sqrt,std,C_sqrt,flat_1.0,BTTS_btts_yes,btts_yes,66,0.5757575757575758,1.8598039768489614,0.5567712812088432,0.5426758263485698,311.952761183036,-56.138316156961736,0.04082531708204264,4.0825317082042645,-17.9957747269379,4.214431541787334,-2.5066625643895333,0.014095454860273415,0.018986294548732574
m05_joint_production_wealth,std_C_sqrt,std,C_sqrt,flat_1.0,O/U 1.5_over_15,over_15,42,0.8333333333333334,1.3492490578028944,0.7669526860831876,0.7397955875004647,293.27194892278163,52.60543528825636,0.12060111368387337,12.060111368387338,17.937424796841835,3.9620567780017697,2.498534901778398,0.02715709858272286,0.06638064725014581
m05_joint_production_wealth,std_C_sqrt,std,C_sqrt,flat_1.0,O/U 2.5_over_25,over_25,61,0.5573770491803278,2.040815887684632,0.5234504894595623,0.4906500422328405,276.12822592118846,30.39616930967753,0.14147333498220865,14.147333498220865,11.007990656613677,3.7304478424450602,1.5333220440228554,0.03280044722672182,0.033926559720765526
m05_joint_production_wealth,std_C_sqrt,std,C_sqrt,flat_1.0,BTTS_btts_no,btts_no,61,0.4918032786885246,2.358310481919923,0.45459586119904055,0.4268797693352918,224.12736370955477,11.153402266560937,0.13355799211338137,13.355799211338137,4.976367937390528,3.027924572339241,0.6931668908153608,0.027716091863748737,0.03720741748948403
m05_joint_production_wealth,std_C_sqrt,std,C_sqrt,flat_1.0,O/U 1.5_under_15,under_15,69,0.2028985507246377,4.658109880474746,0.24546140933229033,0.22178934898305436,135.87300047889005,-14.879488133855249,-0.13161045471894267,-13.161045471894267,-10.951026385972103,1.835622344626515,-1.5253873923120154,0.023672060349235968,-0.04256285860765263
m05_joint_production_wealth,std_C_sqrt,std,C_sqrt,flat_1.0,O/U 3.5_over_35,over_35,46,0.2391304347826087,3.433776626448701,0.31986431626994266,0.2978826233198836,133.59660387077253,-11.493834982092089,-0.17968218806873745,-17.968218806873747,-8.603388596023018,1.804868593223625,-1.1983808670523566,0.021981692950059084,-0.08073388148733396
m05_joint_production_wealth,std_C_sqrt,std,C_sqrt,canonical_P1,1X2_home,home,277,0.34657039711191334,3.323055508077997,0.36852516779363725,0.32722539455968913,2070.510986928936,234.42530156267657,0.0555301515805849,5.55301515805849,11.32209889455286,37.76487507438669,0.9846495055900141,0.04129977323394812,-0.021954770681723912
m05_joint_production_wealth,std_C_sqrt,std,C_sqrt,canonical_P1,1X2_away,away,351,0.2621082621082621,4.500996586807949,0.29948320328599054,0.25666340220693185,1844.0708183427394,139.60037453577834,0.03433260922956027,3.4332609229560265,7.570228493786196,33.63474259382223,0.6583604164768597,0.042819801079058695,-0.03737494117772844
m05_joint_production_wealth,std_C_sqrt,std,C_sqrt,canonical_P1,O/U 2.5_under_25,under_25,194,0.5257731958762887,2.2086268590953244,0.4862159932342488,0.4582004989610423,986.0166563158286,214.25823762032184,0.13924152918479873,13.924152918479873,21.72967730797575,17.98435076273748,1.889765865604891,0.028015494273206487,0.03955720264203988
m05_joint_production_wealth,std_C_sqrt,std,C_sqrt,canonical_P1,1X2_draw,draw,254,0.23622047244094488,4.229091454766779,0.2470745975036062,0.24221345758385307,582.0384671738994,42.143026608259774,-0.022078159990000467,-2.2078159990000468,7.240591298524676,10.616031569053563,0.6296928430559555,0.004861139919753121,-0.010854125062661313
m05_joint_production_wealth,std_D_sup,std,D_sup,flat_1.0,1X2_away,away,352,0.26136363636363635,4.498238563589156,0.29977934825033037,0.25673899561904934,2190.0326631600237,190.77892418624825,0.03139416431697628,3.139416431697628,8.711236475851056,29.555445814881217,1.2023268532407834,0.04304035263128103,-0.038415711886694015
m05_joint_production_wealth,std_D_sup,std,D_sup,flat_1.0,1X2_home,home,278,0.34532374100719426,3.3184402004949827,0.3691983091744914,0.3277872651345271,1875.3164503683347,186.25426803483026,0.0517332805317339,5.17332805317339,9.931884722615626,25.30821328237276,1.3708010037835676,0.04141104403996432,-0.02387456816729716
m05_joint_production_wealth,std_D_sup,std,D_sup,flat_1.0,O/U 2.5_under_25,under_25,192,0.5260416666666666,2.2110856214840053,0.4856597757568275,0.4576806641783467,849.5625853029868,195.14206595833252,0.14045585066936261,14.045585066936262,22.969710452672224,11.465217564400373,3.170284696664171,0.02797911157848082,0.040381890909839124
m05_joint_production_wealth,std_D_sup,std,D_sup,flat_1.0,1X2_draw,draw,251,0.2350597609561753,4.234096537852888,0.24654387994914034,0.24200540505421783,693.8514384404156,43.01534525820716,-0.02589184317713194,-2.589184317713194,6.1995036509391195,9.36382773525084,0.8556569135680786,0.004538474894922512,-0.011484118992965031
m05_joint_production_wealth,std_D_sup,std,D_sup,flat_1.0,O/U 3.5_under_35,under_35,75,0.56,1.5501425705909067,0.6813412484010019,0.6486389431332914,431.4064654949725,-93.00361534026642,-0.15131188159229184,-15.131188159229184,-21.558234004110044,5.822018378816491,-2.975472394010265,0.03270230526771045,-0.1213412484010018
m05_joint_production_wealth,std_D_sup,std,D_sup,flat_1.0,BTTS_btts_yes,btts_yes,65,0.5692307692307692,1.8604163457235607,0.5566477612685322,0.5428565646762165,301.3159273844233,-55.23267213936321,0.029090321960227913,2.909032196022791,-18.330485420671625,4.066389837364853,-2.529977795380537,0.013791196592315758,0.012583007962236992
m05_joint_production_wealth,std_D_sup,std,D_sup,flat_1.0,O/U 1.5_over_15,over_15,42,0.8333333333333334,1.3492490578028944,0.7671424509903455,0.7397955875004647,298.9159677932181,53.216129324360054,0.12060111368387337,12.060111368387338,17.803040003929638,4.034001336111443,2.4571796581785836,0.0273468634898808,0.06619088234298787
m05_joint_production_wealth,std_D_sup,std,D_sup,flat_1.0,O/U 2.5_over_25,over_25,61,0.5573770491803278,2.040815887684632,0.5235965234409534,0.4906500422328405,278.0617803314841,29.781653079070644,0.14147333498220865,14.147333498220865,10.710444651389063,3.7525649822584786,1.4782580234404799,0.03294648120811294,0.0337805257393744
m05_joint_production_wealth,std_D_sup,std,D_sup,flat_1.0,BTTS_btts_no,btts_no,62,0.5,2.364372848585568,0.4542603248975256,0.4258936559708636,227.54728294666612,11.853244293312697,0.1588150191903603,15.881501919036031,5.209134620205916,3.0708498117784586,0.7189659531551085,0.02836666892666201,0.0457396751024744
m05_joint_production_wealth,std_D_sup,std,D_sup,flat_1.0,O/U 3.5_over_35,over_35,46,0.2391304347826087,3.433776626448701,0.3198485815532544,0.2978826233198836,133.39129698882897,-11.210726452692366,-0.17968218806873745,-17.968218806873747,-8.404391220239221,1.8001737219030656,-1.1599760007947078,0.02196595823337083,-0.0807181467706457
m05_joint_production_wealth,std_D_sup,std,D_sup,flat_1.0,O/U 1.5_under_15,under_15,66,0.21212121212121213,4.642569420496324,0.246460544693344,0.2228081335029681,130.51060555983412,-13.723136011120456,-0.09213820266071278,-9.213820266071277,-10.514958498778034,1.7612975348620008,-1.451276979891435,0.023652411190375894,-0.03433933257213187
m05_joint_production_wealth,std_D_sup,std,D_sup,canonical_P1,1X2_home,home,278,0.34532374100719426,3.3184402004949827,0.3691983091744914,0.3277872651345271,2083.286271400108,236.47937872746695,0.0517332805317339,5.17332805317339,11.351266600942795,37.952060849982686,0.987907191068529,0.04141104403996432,-0.02387456816729716
m05_joint_production_wealth,std_D_sup,std,D_sup,canonical_P1,1X2_away,away,352,0.26136363636363635,4.498238563589156,0.29977934825033037,0.25673899561904934,1859.7120611185328,141.23366047772083,0.03139416431697628,3.139416431697628,7.594383207515209,33.87911986746922,0.6609434916990867,0.04304035263128103,-0.038415711886694015
m05_joint_production_wealth,std_D_sup,std,D_sup,canonical_P1,O/U 2.5_under_25,under_25,192,0.5260416666666666,2.2110856214840053,0.4856597757568275,0.4576806641783467,974.595307969738,210.34687611079937,0.14045585066936261,14.045585066936262,21.582997003032034,17.754593278876055,1.8783805097428448,0.02797911157848082,0.040381890909839124
m05_joint_production_wealth,std_D_sup,std,D_sup,canonical_P1,1X2_draw,draw,251,0.2350597609561753,4.234096537852888,0.24654387994914034,0.24200540505421783,571.6636613349508,42.667582545157856,-0.02589184317713194,-2.589184317713194,7.463756301304929,10.414226003672029,0.6495749577258426,0.004538474894922512,-0.011484118992965031
m05_joint_production_wealth,std_D_sup_anch,std,D_sup_anch,flat_1.0,1X2_away,away,352,0.26136363636363635,4.4964189583269665,0.2998111777496982,0.2569173701373914,2184.281612341594,189.73173091928766,0.03139416431697628,3.139416431697628,8.686230284926099,29.383358083434544,1.2043083099723526,0.04289380761230677,-0.03844754138606182
m05_joint_production_wealth,std_D_sup_anch,std,D_sup_anch,flat_1.0,1X2_home,home,279,0.34408602150537637,3.31306982097651,0.36970975015516055,0.32858164432412357,1871.120334833828,183.79595741101295,0.047963627196494704,4.79636271964947,9.822775905395503,25.17065496727725,1.3618854510906684,0.04112810583103699,-0.025623728649784183
m05_joint_production_wealth,std_D_sup_anch,std,D_sup_anch,flat_1.0,O/U 2.5_under_25,under_25,194,0.5257731958762887,2.20966549480204,0.48631994931691114,0.4578760115726111,870.1959849476328,199.48775914227392,0.13924152918479873,13.924152918479873,22.924463292516663,11.706036476254782,3.1783778162944323,0.02844393774430004,0.03945324655937754
m05_joint_production_wealth,std_D_sup_anch,std,D_sup_anch,flat_1.0,1X2_draw,draw,251,0.2350597609561753,4.234096537852888,0.24673361876089048,0.24200540505421783,697.8140445687601,45.39395337436004,-0.02589184317713194,-2.589184317713194,6.505164768131444,9.387122901809716,0.9019129968952605,0.004728213706672646,-0.011673857804715165
m05_joint_production_wealth,std_D_sup_anch,std,D_sup_anch,flat_1.0,O/U 3.5_under_35,under_35,75,0.56,1.5501425705909067,0.6821087048564212,0.6486389431332914,445.67865530181695,-96.19280216649507,-0.15131188159229184,-15.131188159229184,-21.583443815893,5.995351260975091,-2.992451258218336,0.033469761723129765,-0.12210870485642111
m05_joint_production_wealth,std_D_sup_anch,std,D_sup_anch,flat_1.0,O/U 1.5_over_15,over_15,42,0.8333333333333334,1.3492490578028944,0.7669841067455194,0.7397955875004647,297.14458574113706,52.90431481953178,0.12060111368387337,12.060111368387338,17.80423314380035,3.997243631981009,2.4684800223376038,0.02718851924505472,0.06634922658781395
m05_joint_production_wealth,std_D_sup_anch,std,D_sup_anch,flat_1.0,BTTS_btts_yes,btts_yes,63,0.5714285714285714,1.8636041662227212,0.555626945581539,0.542116656689425,296.93687720651855,-55.27355206243981,0.03266461789547324,3.2664617895473236,-18.61457983340926,3.9944494985619494,-2.5808310906656176,0.01351028889211403,0.015801625847032374
m05_joint_production_wealth,std_D_sup_anch,std,D_sup_anch,flat_1.0,O/U 2.5_over_25,over_25,61,0.5573770491803278,2.040815887684632,0.5233199257983692,0.4906500422328405,275.20386057148926,30.31547500391414,0.14147333498220865,14.147333498220865,11.015643073088045,3.702092960644787,1.5272713314579347,0.03266988356552869,0.034057123381958654
m05_joint_production_wealth,std_D_sup_anch,std,D_sup_anch,flat_1.0,BTTS_btts_no,btts_no,65,0.47692307692307695,2.361568822532013,0.45390887756743636,0.42628297438813717,229.63991423294377,11.637657079833591,0.10533124907388217,10.533124907388217,5.067784979238628,3.0891583722678635,0.7026264977387794,0.027625903179299194,0.023014199355640585
m05_joint_production_wealth,std_D_sup_anch,std,D_sup_anch,flat_1.0,O/U 1.5_under_15,under_15,68,0.20588235294117646,4.653082084599375,0.24606028342088174,0.22212863428107063,133.97909461714215,-14.41228430594907,-0.11884002022951534,-11.884002022951535,-10.757114270053492,1.8023114284286645,-1.4914274295984564,0.023931649139811106,-0.040177930479705276
m05_joint_production_wealth,std_D_sup_anch,std,D_sup_anch,flat_1.0,O/U 3.5_over_35,over_35,46,0.2391304347826087,3.433776626448701,0.31957835767168047,0.2978826233198836,131.74220801644327,-11.220249381320397,-0.17968218806873745,-17.968218806873747,-8.51682201950035,1.7722204183643027,-1.1808205857078597,0.02169573435179689,-0.08044792288907177
m05_joint_production_wealth,std_D_sup_anch,std,D_sup_anch,canonical_P1,1X2_home,home,279,0.34408602150537637,3.31306982097651,0.36970975015516055,0.32858164432412357,2082.0954386643702,233.70712760729828,0.047963627196494704,4.79636271964947,11.224611670885631,37.74645107435219,0.9755370739662232,0.04112810583103699,-0.025623728649784183
m05_joint_production_wealth,std_D_sup_anch,std,D_sup_anch,canonical_P1,1X2_away,away,352,0.26136363636363635,4.4964189583269665,0.2998111777496982,0.2569173701373914,1857.706484992613,140.71831167759913,0.03139416431697628,3.139416431697628,7.574840956544257,33.678488336376375,0.6583335262879211,0.04289380761230677,-0.03844754138606182
m05_joint_production_wealth,std_D_sup_anch,std,D_sup_anch,canonical_P1,O/U 2.5_under_25,under_25,194,0.5257731958762887,2.20966549480204,0.48631994931691114,0.4578760115726111,1000.2699345294502,215.59794107279413,0.13924152918479873,13.924152918479873,21.55397594492494,18.133962278444653,1.8732677122531947,0.02844393774430004,0.03945324655937754
m05_joint_production_wealth,std_D_sup_anch,std,D_sup_anch,canonical_P1,1X2_draw,draw,251,0.2350597609561753,4.234096537852888,0.24673361876089048,0.24200540505421783,575.9313140405436,44.65258671646992,-0.02589184317713194,-2.589184317713194,7.753109724700007,10.441098310826801,0.6738269613897612,0.004728213706672646,-0.011673857804715165
m05_joint_production_wealth,std_D_tot,std,D_tot,flat_1.0,1X2_away,away,351,0.2621082621082621,4.500996586807949,0.299282922575603,0.25666340220693185,2158.7006575733694,187.1927004645031,0.03433260922956027,3.4332609229560265,8.671545070770927,29.20009917624498,1.2072518065898556,0.04261952036867117,-0.037174660467340914
m05_joint_production_wealth,std_D_tot,std,D_tot,flat_1.0,1X2_home,home,277,0.34657039711191334,3.323055508077997,0.36835959933597434,0.32722539455968913,1853.0599689363105,185.57077338822796,0.0555301515805849,5.55301515805849,10.014288609059367,25.06578884971255,1.3941884538834919,0.04113420477628521,-0.021789202224061
m05_joint_production_wealth,std_D_tot,std,D_tot,flat_1.0,O/U 2.5_under_25,under_25,194,0.5257731958762887,2.2086268590953244,0.486354507074186,0.4582004989610423,861.2266126539099,199.73519351818186,0.13924152918479873,13.924152918479873,23.19194397659038,11.649555214841532,3.2287805731926285,0.02815400811314367,0.0394186888021027
m05_joint_production_wealth,std_D_tot,std,D_tot,flat_1.0,1X2_draw,draw,255,0.23921568627450981,4.2266244294539685,0.24755772643623614,0.24233347149793835,716.9456695054323,41.041897266441524,-0.01199942210768672,-1.199942210768672,5.724547760327959,9.697909981215842,0.7969710782984417,0.005224254938297784,-0.008342040161726322
m05_joint_production_wealth,std_D_tot,std,D_tot,flat_1.0,O/U 3.5_under_35,under_35,71,0.5633802816901409,1.558420994988074,0.6786312053802642,0.6450356562481281,420.5624684328575,-92.7404678131424,-0.14395198759749134,-14.395198759749134,-22.051532120476974,5.6888229245506,-3.0700125264012845,0.03359554913213614,-0.11525092369012335
m05_joint_production_wealth,std_D_tot,std,D_tot,flat_1.0,BTTS_btts_yes,btts_yes,66,0.5757575757575758,1.8598039768489614,0.5569476615834805,0.5426758263485698,319.99163620262823,-56.43904460535907,0.04082531708204264,4.0825317082042645,-17.637662432408135,4.328431308854629,-2.45551394379753,0.014271835234910712,0.018809914174095277
m05_joint_production_wealth,std_D_tot,std,D_tot,flat_1.0,O/U 1.5_over_15,over_15,42,0.8333333333333334,1.3492490578028944,0.766783932119778,0.7397955875004647,288.69930204565316,52.16802248684648,0.12060111368387337,12.060111368387338,18.070020300429043,3.905149249049719,2.5157067713734325,0.02698834461931332,0.06654940121355535
m05_joint_production_wealth,std_D_tot,std,D_tot,flat_1.0,O/U 2.5_over_25,over_25,59,0.559322033898305,2.046980847272859,0.522118656192556,0.4890046021597878,274.33625657858056,30.44345818200259,0.14710632938838525,14.710632938838526,11.097132607144985,3.7108646220264925,1.5449419081151061,0.033114054032768236,0.037203377705749
m05_joint_production_wealth,std_D_tot,std,D_tot,flat_1.0,BTTS_btts_no,btts_no,61,0.4918032786885246,2.358310481919923,0.4544730448320146,0.4268797693352918,222.02066232204194,11.141247895438514,0.13355799211338137,13.355799211338137,5.018113079618727,3.0032072006995616,0.6986212989265254,0.027593275496722802,0.037330233856509965
m05_joint_production_wealth,std_D_tot,std,D_tot,flat_1.0,O/U 1.5_under_15,under_15,70,0.2,4.662994025039393,0.24548615478428007,0.22147807256901073,142.98312061453635,-16.01970925796659,-0.1440160196515292,-14.401601965152919,-11.203916370767718,1.9340899757573529,-1.5598083350892955,0.024008082215269344,-0.04548615478428006
m05_joint_production_wealth,std_D_tot,std,D_tot,flat_1.0,O/U 3.5_over_35,over_35,46,0.2391304347826087,3.433776626448701,0.3199147426787482,0.2978826233198836,134.25900707457086,-11.07915719937957,-0.17968218806873745,-17.968218806873747,-8.25207741423704,1.8160814970467487,-1.1488535532193604,0.02203211935886462,-0.0807843078961395
m05_joint_production_wealth,std_D_tot,std,D_tot,canonical_P1,1X2_home,home,277,0.34657039711191334,3.323055508077997,0.36835959933597434,0.32722539455968913,2062.1970567347134,235.35368054642677,0.0555301515805849,5.55301515805849,11.412763866469978,37.647468600893724,0.9912641867167111,0.04113420477628521,-0.021789202224061
m05_joint_production_wealth,std_D_tot,std,D_tot,canonical_P1,1X2_away,away,351,0.2621082621082621,4.500996586807949,0.299282922575603,0.25666340220693185,1835.112256945472,138.5832846537704,0.03433260922956027,3.4332609229560265,7.5517606146035465,33.501808591397605,0.6559138462425461,0.04261952036867117,-0.037174660467340914
m05_joint_production_wealth,std_D_tot,std,D_tot,canonical_P1,O/U 2.5_under_25,under_25,194,0.5257731958762887,2.2086268590953244,0.486354507074186,0.4582004989610423,989.0198865018538,215.60667377980997,0.13924152918479873,13.924152918479873,21.800034228068665,18.055546632238215,1.8934583640138782,0.02815400811314367,0.0394186888021027
m05_joint_production_wealth,std_D_tot,std,D_tot,canonical_P1,1X2_draw,draw,255,0.23921568627450981,4.2266244294539685,0.24755772643623614,0.24233347149793835,591.3221091167702,41.11710488234896,-0.01199942210768672,-1.199942210768672,6.953419168406138,10.795176175470448,0.6039444500486663,0.005224254938297784,-0.008342040161726322
m05_joint_production_wealth,inv_A_pool,inv,A_pool,flat_1.0,1X2_away,away,359,0.2646239554317549,4.441997549106078,0.2912513611685528,0.2620752869754125,1434.5255629561725,72.1160906930652,0.03118545104265,3.1185451042650003,5.027173621392517,27.532977810736842,0.6315227525261802,0.029176074193140333,-0.02662740573679795
m05_joint_production_wealth,inv_A_pool,inv,A_pool,flat_1.0,1X2_home,home,281,0.35587188612099646,3.277120083785983,0.36128895103706027,0.3349130155673208,1183.91040446742,139.66362371663521,0.05577863291792775,5.577863291792775,11.796806852074473,22.722898592987878,1.4819364707316698,0.026375935469739487,-0.005417064916063807
m05_joint_production_wealth,inv_A_pool,inv,A_pool,flat_1.0,O/U 2.5_under_25,under_25,159,0.5157232704402516,2.239737399614487,0.48201365668979296,0.45222325168623645,694.4830281570675,252.11502128928373,0.13904225460603595,13.904225460603595,36.30254607636923,13.329275056471095,4.560392289675239,0.029790405003556508,0.03370961375045861
m05_joint_production_wealth,inv_A_pool,inv,A_pool,flat_1.0,O/U 3.5_under_35,under_35,69,0.5652173913043478,1.5518877556124802,0.6897269141997232,0.6482560883448909,503.90820289474914,-132.35442632928238,-0.14689665263200383,-14.689665263200382,-26.265582812297882,9.671555340121385,-3.2995305918501447,0.041470825854832305,-0.12450952289537542
m05_joint_production_wealth,inv_A_pool,inv,A_pool,flat_1.0,1X2_draw,draw,145,0.23448275862068965,4.513280599585871,0.24300942408304502,0.22924515159965705,445.9364002243286,111.47350608380201,0.039680933094048826,3.9680933094048827,24.997624331121024,8.558897331236626,3.1402473264554005,0.013764272483387963,-0.008526665462355365
m05_joint_production_wealth,inv_A_pool,inv,A_pool,flat_1.0,BTTS_btts_yes,btts_yes,50,0.56,1.8560460478984822,0.5554913863631659,0.5445317999100804,248.0248389778552,-91.5045484412922,-0.0001605253588056499,-0.01605253588056499,-36.893300210735006,4.760362983017473,-4.634603905405659,0.01095958645308548,0.004508613636834191
m05_joint_production_wealth,inv_A_pool,inv,A_pool,flat_1.0,O/U 1.5_over_15,over_15,41,0.8292682926829268,1.3520094907019902,0.7563291392334287,0.7392100577063602,214.9692015999706,43.54739667449801,0.11249531714811292,11.249531714811292,20.2575049590285,4.1259231696414425,2.54478485417712,0.017119081527068536,0.07293915344949808
m05_joint_production_wealth,inv_A_pool,inv,A_pool,flat_1.0,BTTS_btts_no,btts_no,58,0.4482758620689655,2.354282271183701,0.4466371987668223,0.42768776011426807,151.65486630369912,14.29792920913382,0.024302739711179848,2.430273971117985,9.427939608941562,2.9107254528287414,1.1843550314540636,0.018949438652554218,0.0016386633021432395
m05_joint_production_wealth,inv_A_pool,inv,A_pool,flat_1.0,O/U 1.5_under_15,under_15,60,0.23333333333333334,4.653067379682497,0.2520950405715847,0.22259438264848605,142.44393346209745,8.401159522718016,-0.0013520229267840614,-0.13520229267840614,5.897871056020409,2.7339391925536747,0.7409013580698214,0.029500657923098667,-0.01876170723825138
m05_joint_production_wealth,inv_A_pool,inv,A_pool,flat_1.0,O/U 2.5_over_25,over_25,47,0.46808510638297873,2.0493347798521473,0.5087504189411135,0.4892512549612208,133.7930258506875,7.372756725644226,-0.0208818775127905,-2.08818775127905,5.510568789939914,2.567901546757494,0.6922477384506464,0.01949916397989271,-0.04066531255813477
m05_joint_production_wealth,inv_A_pool,inv,A_pool,flat_1.0,O/U 3.5_over_35,over_35,44,0.1590909090909091,3.343639994914261,0.3162094140480251,0.30604562310878136,56.559081443285905,-10.375076091687898,-0.4343045454545454,-43.43045454545454,-18.343784635348804,1.0855435236473547,-2.304379804064544,0.010163790939243744,-0.15711850495711602
m05_joint_production_wealth,inv_A_pool,inv,A_pool,canonical_P1,1X2_home,home,281,0.35587188612099646,3.277120083785983,0.36128895103706027,0.3349130155673208,1387.142261389603,162.12720397521716,0.05577863291792775,5.577863291792775,11.687857005582279,35.346655262720006,0.7177489553922566,0.026375935469739487,-0.005417064916063807
m05_joint_production_wealth,inv_A_pool,inv,A_pool,canonical_P1,1X2_away,away,359,0.2646239554317549,4.441997549106078,0.2912513611685528,0.2620752869754125,1290.3989049925733,48.093286049598184,0.03118545104265,3.1185451042650003,3.7270092111458335,32.881476194425574,0.22887488842134165,0.029176074193140333,-0.02662740573679795
m05_joint_production_wealth,inv_A_pool,inv,A_pool,canonical_P1,O/U 2.5_under_25,under_25,159,0.5157232704402516,2.239737399614487,0.48201365668979296,0.45222325168623645,846.4299582952859,305.9322352021778,0.13904225460603595,13.904225460603595,36.14383354510831,21.568420754429617,2.2195855714595707,0.029790405003556508,0.03370961375045861
m05_joint_production_wealth,inv_A_pool,inv,A_pool,canonical_P1,1X2_draw,draw,145,0.23448275862068965,4.513280599585871,0.24300942408304502,0.22924515159965705,400.42356296535115,122.89751090422892,0.039680933094048826,3.9680933094048827,30.691877869051204,10.203447788424805,1.8847820664658064,0.013764272483387963,-0.008526665462355365
m05_joint_production_wealth,inv_B_full,inv,B_full,flat_1.0,1X2_away,away,365,0.2602739726027397,4.418415074885084,0.2930242071177143,0.263236857126779,1492.598679717192,73.63388749508452,0.014234457326880431,1.4234457326880432,4.933267628846904,28.546532399764423,0.6284687682843255,0.029787349990935297,-0.03275023451497461
m05_joint_production_wealth,inv_B_full,inv,B_full,flat_1.0,1X2_home,home,287,0.3554006968641115,3.259414602172045,0.3633342654837075,0.3368034107511255,1227.439214937682,137.04964224320892,0.048306038836149826,4.830603883614983,11.165493213459621,23.475254128322646,1.422417005336916,0.026530854732581988,-0.007933568619595988
m05_joint_production_wealth,inv_B_full,inv,B_full,flat_1.0,O/U 2.5_under_25,under_25,149,0.5234899328859061,2.242003860914799,0.48128725458353655,0.4519725915286864,644.2162307482606,249.39989606972046,0.15769619139226462,15.769619139226462,38.71369334796814,12.32088688902886,4.931892815193074,0.029314663054850143,0.04220267830236951
m05_joint_production_wealth,inv_B_full,inv,B_full,flat_1.0,1X2_draw,draw,140,0.2357142857142857,4.538121168057771,0.24144152751828674,0.22817005496674259,435.26824864186403,113.19607777123198,0.05041953784740771,5.0419537847407705,26.00604986107521,8.32467516640037,3.313015095422851,0.01327147255154415,-0.0057272418040010264
m05_joint_production_wealth,inv_B_full,inv,B_full,flat_1.0,O/U 3.5_under_35,under_35,60,0.5333333333333333,1.5673766045200546,0.6841361844987498,0.641980967889635,427.8742159002213,-120.09356184596918,-0.18629807182310074,-18.629807182310074,-28.067492123426888,8.183261403885039,-3.575630501068751,0.04215521660911481,-0.15080285116541647
m05_joint_production_wealth,inv_B_full,inv,B_full,flat_1.0,BTTS_btts_yes,btts_yes,43,0.5116279069767442,1.868218789770193,0.5538557550388559,0.5416192417489458,222.92798611881153,-94.58180400865946,-0.08333820497790664,-8.333820497790665,-42.42706609220935,4.263584756594225,-5.404954276750015,0.012236513289910045,-0.04222784806211166
m05_joint_production_wealth,inv_B_full,inv,B_full,flat_1.0,O/U 1.5_over_15,over_15,40,0.825,1.353926007039307,0.7557556013498965,0.7380907934089009,211.2342794783237,43.146208420735334,0.10856165356518784,10.856165356518783,20.425760689643596,4.039938052344644,2.602119655302625,0.017664807940995564,0.06924439865010346
m05_joint_production_wealth,inv_B_full,inv,B_full,flat_1.0,BTTS_btts_no,btts_no,68,0.45588235294117646,2.350037708988191,0.4472550618287331,0.4282461449319888,175.66661168086475,18.59202760937581,0.050591730024413493,5.05917300244135,10.583700244160301,3.3596925215388698,1.3483000633178008,0.019008916896744277,0.00862729111244337
m05_joint_production_wealth,inv_B_full,inv,B_full,flat_1.0,O/U 2.5_over_25,over_25,57,0.43859649122807015,2.053490650762522,0.5073989868465357,0.4884838028620478,157.15588321113546,4.644120127138595,-0.08209079749328187,-8.209079749328186,2.9551042138838177,3.005667613715362,0.3764625893376638,0.018915183984487938,-0.06880249561846558
m05_joint_production_wealth,inv_B_full,inv,B_full,flat_1.0,O/U 1.5_under_15,under_15,60,0.21666666666666667,4.657048861163978,0.2518139348981348,0.22238009693420033,145.25709864146742,7.0404994132754855,-0.061302022926784085,-6.130202292678408,4.8469227866469256,2.7780987140160773,0.617468952197354,0.02943383796393448,-0.03514726823146813
m05_joint_production_wealth,inv_B_full,inv,B_full,flat_1.0,O/U 3.5_over_35,over_35,59,0.1864406779661017,3.328423548627371,0.31865386660608613,0.3071192571839147,89.01299907523014,-21.595509132393328,-0.35857462840804066,-35.85746284080407,-24.26107350246865,1.7024083543894817,-3.090715551735808,0.011534609422171438,-0.13221318863998444
m05_joint_production_wealth,inv_B_full,inv,B_full,canonical_P1,1X2_home,home,287,0.3554006968641115,3.259414602172045,0.3633342654837075,0.3368034107511255,1445.2182915872934,160.59492437549875,0.048306038836149826,4.830603883614983,11.112156918462208,36.371364893555466,0.6924970794601089,0.026530854732581988,-0.007933568619595988
m05_joint_production_wealth,inv_B_full,inv,B_full,canonical_P1,1X2_away,away,365,0.2602739726027397,4.418415074885084,0.2930242071177143,0.263236857126779,1347.385095386699,49.902490012555596,0.014234457326880431,1.4234457326880432,3.703654596107403,33.90922689099359,0.23080757497873053,0.029787349990935297,-0.03275023451497461
m05_joint_production_wealth,inv_B_full,inv,B_full,canonical_P1,O/U 2.5_under_25,under_25,149,0.5234899328859061,2.242003860914799,0.48128725458353655,0.4519725915286864,788.2197303929274,302.5966282242396,0.15769619139226462,15.769619139226462,38.38988248535662,19.83688387927482,2.3924141547854667,0.029314663054850143,0.04220267830236951
m05_joint_production_wealth,inv_B_full,inv,B_full,canonical_P1,1X2_draw,draw,140,0.2357142857142857,4.538121168057771,0.24144152751828674,0.22817005496674259,392.6826771416821,124.51471004009784,0.05041953784740771,5.0419537847407705,31.70873514116647,9.882524336176154,1.976052591747477,0.01327147255154415,-0.0057272418040010264
m05_joint_production_wealth,inv_B_anch,inv,B_anch,flat_1.0,1X2_away,away,362,0.26243093922651933,4.43211911637868,0.29223332718915174,0.26243778471796253,1487.327961660788,77.7135650621041,0.022639715260528593,2.2639715260528592,5.225045656731092,27.898621152700205,0.6557597827449092,0.029795542471189207,-0.029802387962632404
m05_joint_production_wealth,inv_B_anch,inv,B_anch,flat_1.0,1X2_home,home,282,0.3546099290780142,3.2774417582762227,0.36126429822623857,0.3347556298842661,1211.967650827855,139.54622492629443,0.05122402436495292,5.1224024364952925,11.514022245641211,22.733537734353348,1.44504626798715,0.026508668341972463,-0.0066543691482243705
m05_joint_production_wealth,inv_B_anch,inv,B_anch,flat_1.0,O/U 2.5_under_25,under_25,167,0.5269461077844312,2.2307710164583385,0.48363726699887793,0.4538352589320711,733.9836996027495,258.4044921207951,0.15818760055790732,15.818760055790731,35.205753514778344,13.767732265726476,4.418433597126752,0.02980200806680683,0.04330884078555325
m05_joint_production_wealth,inv_B_anch,inv,B_anch,flat_1.0,O/U 3.5_under_35,under_35,65,0.5692307692307692,1.5584202845142383,0.6882685972536472,0.6456757571689394,479.11674889119047,-129.43911915797565,-0.13797317740935794,-13.797317740935794,-27.01619583484272,8.987053971810715,-3.3906181639633752,0.04259284008470776,-0.11903782802287799
m05_joint_production_wealth,inv_B_anch,inv,B_anch,flat_1.0,1X2_draw,draw,145,0.23448275862068965,4.516728875447939,0.24257526381062594,0.22906515700069796,449.01408096282603,113.06759296428952,0.039680933094048826,3.9680933094048827,25.181302270485013,8.422401823886856,3.16033320873563,0.01351010680992798,-0.008092505189936289
m05_joint_production_wealth,inv_B_anch,inv,B_anch,flat_1.0,BTTS_btts_yes,btts_yes,38,0.5,1.8692073275402614,0.5527708164991982,0.5421002836519314,213.19195472210748,-93.66989460624195,-0.10533668921570456,-10.533668921570456,-43.936880605245754,3.998957681770651,-5.514217706991376,0.010670532847266823,-0.052770816499198236
m05_joint_production_wealth,inv_B_anch,inv,B_anch,flat_1.0,BTTS_btts_no,btts_no,79,0.43037974683544306,2.3440089799135135,0.44921373169380796,0.42924361200380856,205.10615095154859,14.380347741797186,-0.01744420829654762,-1.7444208296547619,7.011173324194552,3.8472878537805917,0.8799244634231799,0.0199701196899994,-0.018833984858364905
m05_joint_production_wealth,inv_B_anch,inv,B_anch,flat_1.0,O/U 1.5_over_15,over_15,33,0.8484848484848485,1.355743728197379,0.7559577618868307,0.736430176663799,192.87408527976487,42.068346382165934,0.14267632838090633,14.267632838090632,21.811300528604235,3.617844331646451,2.7373873140411376,0.019527585223031774,0.09252708659801778
m05_joint_production_wealth,inv_B_anch,inv,B_anch,flat_1.0,O/U 1.5_under_15,under_15,67,0.208955223880597,4.611085311082099,0.25351572511104353,0.22434673729183635,163.629735903953,6.8552110433864115,-0.10568837874040364,-10.568837874040364,4.189465322739546,3.069292132586096,0.5257911701341531,0.02916898781920718,-0.044560501230446525
m05_joint_production_wealth,inv_B_anch,inv,B_anch,flat_1.0,O/U 2.5_over_25,over_25,42,0.4523809523809524,2.0566410492324607,0.5072878700372145,0.48742771899142745,128.31411429502947,8.848536852773288,-0.04502395966674696,-4.502395966674696,6.89599651713144,2.4068577714790087,0.8654694092592683,0.01986015104578709,-0.054906917656262155
m05_joint_production_wealth,inv_B_anch,inv,B_anch,flat_1.0,O/U 3.5_over_35,over_35,50,0.18,3.347341792877152,0.31525349076252757,0.3060205734041398,66.6618835813711,-12.990164228313283,-0.3878237583892617,-38.78237583892617,-19.486644436706904,1.250413280259592,-2.445635610050682,0.009232917358387771,-0.13525349076252757
m05_joint_production_wealth,inv_B_anch,inv,B_anch,canonical_P1,1X2_home,home,282,0.3546099290780142,3.2774417582762227,0.36126429822623857,0.3347556298842661,1424.2137316271078,164.08906151038872,0.05122402436495292,5.1224024364952925,11.521378980311013,35.03583098617813,0.7160933141691253,0.026508668341972463,-0.0066543691482243705
m05_joint_production_wealth,inv_B_anch,inv,B_anch,canonical_P1,1X2_away,away,362,0.26243093922651933,4.43211911637868,0.29223332718915174,0.26243778471796253,1340.099319863946,52.37670324916581,0.022639715260528593,2.2639715260528592,3.9084195083751974,32.966606228269725,0.24292170960598908,0.029795542471189207,-0.029802387962632404
m05_joint_production_wealth,inv_B_anch,inv,B_anch,canonical_P1,O/U 2.5_under_25,under_25,167,0.5269461077844312,2.2307710164583385,0.48363726699887793,0.4538352589320711,896.8000425047265,313.07331879069744,0.15818760055790732,15.818760055790731,34.91004727389355,22.061390098869996,2.1697794589418526,0.02980200806680683,0.04330884078555325
m05_joint_production_wealth,inv_B_anch,inv,B_anch,canonical_P1,1X2_draw,draw,145,0.23448275862068965,4.516728875447939,0.24257526381062594,0.22906515700069796,403.90746221414395,124.49079585437465,0.039680933094048826,3.9680933094048827,30.821613240800197,9.936172686682113,1.9156692277340406,0.01351010680992798,-0.008092505189936289
m05_joint_production_wealth,inv_C_sqrt,inv,C_sqrt,flat_1.0,1X2_away,away,360,0.2638888888888889,4.438408667025228,0.2915802522821572,0.2622182757715094,1449.0888604995057,72.71249089415225,0.02832104701197597,2.832104701197597,5.017807594565872,27.819442926877773,0.6293593561712701,0.029361976510647814,-0.02769136339326833
m05_joint_production_wealth,inv_C_sqrt,inv,C_sqrt,flat_1.0,1X2_home,home,283,0.35335689045936397,3.2748192376484053,0.36132466637730376,0.3349589392237261,1194.452919703345,139.41554031080176,0.0483172998231014,4.83172998231014,11.671915904850152,22.930971132491884,1.4639520030853719,0.026365727153577656,-0.00796777591793979
m05_joint_production_wealth,inv_C_sqrt,inv,C_sqrt,flat_1.0,O/U 2.5_under_25,under_25,154,0.525974025974026,2.2447922747048943,0.4811606511571256,0.45125097125508334,681.084441738912,251.57675972742302,0.16453462673667166,16.453462673667165,36.93767531748477,13.07538155307387,4.6329141000646334,0.02990967990204224,0.0448133748169004
m05_joint_production_wealth,inv_C_sqrt,inv,C_sqrt,flat_1.0,O/U 3.5_under_35,under_35,66,0.5606060606060606,1.5557709111706228,0.6883342745893914,0.6468438862607391,482.5456040370075,-128.8973661475374,-0.1510341898728525,-15.10341898728525,-26.711955319699065,9.26385555575656,-3.35035146032458,0.04149038832865237,-0.1277282139833309
m05_joint_production_wealth,inv_C_sqrt,inv,C_sqrt,flat_1.0,1X2_draw,draw,144,0.2361111111111111,4.5217823102224886,0.24240423886848717,0.2288231130061043,443.3402495860172,111.92398075360072,0.04690093957386861,4.6900939573868605,25.245616850288968,8.511195625570235,3.1664357127306455,0.013581125862382859,-0.00629312775737606
m05_joint_production_wealth,inv_C_sqrt,inv,C_sqrt,flat_1.0,BTTS_btts_yes,btts_yes,47,0.5319148936170213,1.8606447318068962,0.5547593841435472,0.5434508207289467,241.6703851171243,-92.17622855405315,-0.04921247378596347,-4.921247378596346,-38.141300809108415,4.6395605329302745,-4.783879028512657,0.011308563414600514,-0.02284449052652593
m05_joint_production_wealth,inv_C_sqrt,inv,C_sqrt,flat_1.0,O/U 1.5_over_15,over_15,40,0.825,1.3545597279695398,0.7554641588308657,0.7376903091490192,214.36178634304792,43.410888026013666,0.10918270007681574,10.918270007681574,20.251225167783524,4.1152931634698895,2.5400133012430404,0.017773849681846476,0.06953584116913425
m05_joint_production_wealth,inv_C_sqrt,inv,C_sqrt,flat_1.0,BTTS_btts_no,btts_no,62,0.46774193548387094,2.3635202620964244,0.44500991973615034,0.4259853419071899,157.23537074434736,15.559569952778789,0.07953931680096962,7.953931680096963,9.89571867902258,3.0185867421553683,1.241172169181288,0.019024577828960443,0.022732015747720602
m05_joint_production_wealth,inv_C_sqrt,inv,C_sqrt,flat_1.0,O/U 1.5_under_15,under_15,59,0.22033898305084745,4.6700685217110145,0.2515623122003589,0.22179089760862988,143.41787027689526,7.753565018796985,-0.04539188772215329,-4.539188772215328,5.406275385227284,2.753319941668138,0.6780829937393412,0.029771414591729023,-0.031223329149511453
m05_joint_production_wealth,inv_C_sqrt,inv,C_sqrt,flat_1.0,O/U 2.5_over_25,over_25,48,0.4791666666666667,2.054556971938561,0.5080303177300076,0.4879722849936415,138.68263841443405,6.920324089360486,0.00609482826872595,0.609482826872595,4.990043576096415,2.662413499603664,0.6258770495145566,0.020058032736366138,-0.028863651063340934
m05_joint_production_wealth,inv_C_sqrt,inv,C_sqrt,flat_1.0,O/U 3.5_over_35,over_35,47,0.1702127659574468,3.328516619855729,0.31742208007451683,0.3070623043317122,63.02669567945825,-12.89955347063499,-0.4050550621162359,-40.50550621162359,-20.46680907442722,1.2099793264023788,-2.567052948764221,0.010359775742804611,-0.14720931411707003
m05_joint_production_wealth,inv_C_sqrt,inv,C_sqrt,canonical_P1,1X2_home,home,283,0.35335689045936397,3.2748192376484053,0.36132466637730376,0.3349589392237261,1400.4453896467412,162.210209430632,0.0483172998231014,4.83172998231014,11.582758644487317,35.601659521691374,0.7126821746504765,0.026365727153577656,-0.00796777591793979
m05_joint_production_wealth,inv_C_sqrt,inv,C_sqrt,canonical_P1,1X2_away,away,360,0.2638888888888889,4.438408667025228,0.2915802522821572,0.2622182757715094,1304.2520888539777,48.65238830727714,0.02832104701197597,2.832104701197597,3.7302902347679656,33.15626524326438,0.22952315922227717,0.029361976510647814,-0.02769136339326833
m05_joint_production_wealth,inv_C_sqrt,inv,C_sqrt,canonical_P1,O/U 2.5_under_25,under_25,154,0.525974025974026,2.2447922747048943,0.4811606511571256,0.45125097125508334,830.5146636119727,305.2007228552612,0.16453462673667166,16.453462673667165,36.74838461345397,21.11306909949832,2.261112353720094,0.02990967990204224,0.0448133748169004
m05_joint_production_wealth,inv_C_sqrt,inv,C_sqrt,canonical_P1,1X2_draw,draw,144,0.2361111111111111,4.5217823102224886,0.24240423886848717,0.2288231130061043,398.43985181606763,123.24748663206378,0.04690093957386861,4.6900939573868605,30.932519945057777,10.129006135545895,1.9032646935413016,0.013581125862382859,-0.00629312775737606
m05_joint_production_wealth,inv_D_sup,inv,D_sup,flat_1.0,1X2_away,away,366,0.25956284153005466,4.41631558014496,0.29317435551813864,0.26326216112923734,1510.6965156006584,72.98720173040705,0.011463324929812432,1.1463324929812433,4.831360963415413,28.540560441938062,0.6159516884087827,0.029912194388901303,-0.033611513988083985
m05_joint_production_wealth,inv_D_sup,inv,D_sup,flat_1.0,1X2_home,home,288,0.3541666666666667,3.2560276409199957,0.36372511425203113,0.33715421199111806,1243.2236227761266,139.044022730049,0.0446660873124132,4.46660873124132,11.184152246042652,23.48737723445358,1.4258709940192322,0.026570902260913076,-0.009558447585364449
m05_joint_production_wealth,inv_D_sup,inv,D_sup,flat_1.0,O/U 2.5_under_25,under_25,148,0.527027027027027,2.2432336167317914,0.4815919380087616,0.4517893246363486,654.9835984372551,248.4268688924004,0.16591576025302318,16.591576025302317,37.928715999168446,12.374159062810788,4.835543615095494,0.029802613372413023,0.04543508901826537
m05_joint_production_wealth,inv_D_sup,inv,D_sup,flat_1.0,O/U 3.5_under_35,under_35,64,0.546875,1.5558774674224827,0.6890521058017763,0.6469434675677012,474.5522532114537,-126.7933348917882,-0.1726700673341569,-17.26700673341569,-26.7185192007277,8.965392536338944,-3.4063521931171556,0.04210863823407518,-0.14217710580177634
m05_joint_production_wealth,inv_D_sup,inv,D_sup,flat_1.0,1X2_draw,draw,135,0.24444444444444444,4.553294299354238,0.24111153170729863,0.22759493997463318,429.14142646297427,112.82727972503372,0.08932396517508946,8.932396517508947,26.29139783939463,8.107476712644837,3.351898359992135,0.01351659173266545,0.00333291273714581
m05_joint_production_wealth,inv_D_sup,inv,D_sup,flat_1.0,O/U 1.5_over_15,over_15,43,0.8372093023255814,1.3477883121960332,0.7589128968048722,0.7417491895118483,232.7335494742618,45.155215283295895,0.11917130564203522,11.917130564203521,19.402108284473893,4.396876452048962,2.4735807253911792,0.017163707293023855,0.07829640552070927
m05_joint_production_wealth,inv_D_sup,inv,D_sup,flat_1.0,BTTS_btts_yes,btts_yes,43,0.5116279069767442,1.8683882812956165,0.5536563191615524,0.5415865124741351,223.73598142130672,-93.09027111590802,-0.08317210328299136,-8.317210328299137,-41.607197253004244,4.226891526424298,-5.304514316361103,0.012069806687417306,-0.04202841218480824
m05_joint_production_wealth,inv_D_sup,inv,D_sup,flat_1.0,BTTS_btts_no,btts_no,65,0.46153846153846156,2.3565484239127104,0.4468668926981826,0.4271202179178471,173.17067158776766,18.652579574229982,0.06500057910246333,6.500057910246333,10.77121166258014,3.2715955641537824,1.3732250726065554,0.019746674780335483,0.014671568840278981
m05_joint_production_wealth,inv_D_sup,inv,D_sup,flat_1.0,O/U 2.5_over_25,over_25,51,0.47058823529411764,2.062618566042692,0.5063649126695546,0.4861337982319018,148.73570101823336,5.14268734052804,-0.010040463288559596,-1.0040463288559596,3.4576011712867802,2.8099623060936834,0.44081063191617265,0.020231114437652853,-0.035776677375436994
m05_joint_production_wealth,inv_D_sup,inv,D_sup,flat_1.0,O/U 1.5_under_15,under_15,56,0.23214285714285715,4.66590754360655,0.25050207365902843,0.22164503576468994,133.60039342374705,8.22716013788959,0.005747832578445625,0.5747832578445625,6.158035861312995,2.524021247286112,0.7850898773202334,0.028857037894338494,-0.018359216516171284
m05_joint_production_wealth,inv_D_sup,inv,D_sup,flat_1.0,O/U 3.5_over_35,over_35,48,0.16666666666666666,3.3309810342470327,0.3175780645950177,0.3067094116745958,68.58273554231528,-15.398317739656417,-0.4174497483221476,-41.74497483221476,-22.452177822734576,1.2956869158069368,-2.8624350246418335,0.010868652920421884,-0.15091139792835104
m05_joint_production_wealth,inv_D_sup,inv,D_sup,canonical_P1,1X2_home,home,288,0.3541666666666667,3.2560276409199957,0.36372511425203113,0.33715421199111806,1461.1695393760665,162.66301403001367,0.0446660873124132,4.46660873124132,11.132384685453568,36.454428604177075,0.7005878450105708,0.026570902260913076,-0.009558447585364449
m05_joint_production_wealth,inv_D_sup,inv,D_sup,canonical_P1,1X2_away,away,366,0.25956284153005466,4.41631558014496,0.29317435551813864,0.26326216112923734,1360.3915604483757,49.27779365686404,0.011463324929812432,1.1463324929812433,3.622324269684709,33.94013882555117,0.227961611616236,0.029912194388901303,-0.033611513988083985
m05_joint_production_wealth,inv_D_sup,inv,D_sup,canonical_P1,O/U 2.5_under_25,under_25,148,0.527027027027027,2.2432336167317914,0.4815919380087616,0.4517893246363486,800.1098216217836,301.3033356329121,0.16591576025302318,16.591576025302317,37.65774741049734,19.961781012945963,2.3698929610963066,0.029802613372413023,0.04543508901826537
m05_joint_production_wealth,inv_D_sup,inv,D_sup,canonical_P1,1X2_draw,draw,135,0.24444444444444444,4.553294299354238,0.24111153170729863,0.22759493997463318,386.53767027654146,123.66270940935863,0.08932396517508946,8.932396517508947,31.99240822269311,9.643651557325864,2.0133594882615067,0.01351659173266545,0.00333291273714581
m05_joint_production_wealth,inv_D_sup_anch,inv,D_sup_anch,flat_1.0,1X2_away,away,364,0.260989010989011,4.425312472108219,0.2927249863286098,0.2627483255431332,1509.7886854616554,76.25939849221555,0.017020815726130102,1.7020815726130103,5.050998144743504,28.248539939754274,0.6373146997587888,0.029976660785476616,-0.03173597533959882
m05_joint_production_wealth,inv_D_sup_anch,inv,D_sup_anch,flat_1.0,1X2_home,home,286,0.35664335664335667,3.264144058258058,0.3627097844668167,0.33614774639394507,1236.6929790779436,140.49150005401603,0.051971444566346156,5.197144456634615,11.36025694580752,23.138848071321195,1.4333916855888442,0.026562038072871608,-0.006066427823460008
m05_joint_production_wealth,inv_D_sup_anch,inv,D_sup_anch,flat_1.0,O/U 2.5_under_25,under_25,158,0.5189873417721519,2.2378370034095156,0.48252640321398427,0.4526393897984804,697.4592034500912,252.61259284603668,0.14625138279974503,14.625138279974504,36.21897762570899,13.04964353934383,4.569965418641268,0.02988701341550387,0.03646093855816762
m05_joint_production_wealth,inv_D_sup_anch,inv,D_sup_anch,flat_1.0,O/U 3.5_under_35,under_35,67,0.5671641791044776,1.5532967184665838,0.6898153141821718,0.647872282305622,500.6649974664882,-131.26055745971618,-0.14307547062101889,-14.30754706210189,-26.217242692006256,9.367572636858432,-3.3079865951144103,0.0419430318765498,-0.1226511350776942
m05_joint_production_wealth,inv_D_sup_anch,inv,D_sup_anch,flat_1.0,1X2_draw,draw,140,0.2357142857142857,4.536291749258134,0.24167769838169956,0.22823842262324925,436.2614446757559,112.69934641052376,0.05041953784740771,5.0419537847407705,25.832983360307185,8.162565372736053,3.2595022928847284,0.013439275758450303,-0.005963412667413848
m05_joint_production_wealth,inv_D_sup_anch,inv,D_sup_anch,flat_1.0,O/U 1.5_over_15,over_15,42,0.8333333333333334,1.350881911466007,0.7565240500495266,0.7398595423692382,221.88336756897604,44.706807962887666,0.11692538434779792,11.692538434779792,20.14878737992375,4.151495657038149,2.5422932283004958,0.016664507680288376,0.07680928328380676
m05_joint_production_wealth,inv_D_sup_anch,inv,D_sup_anch,flat_1.0,BTTS_btts_yes,btts_yes,40,0.5,1.866584824930437,0.554036202608567,0.542569592973764,218.93563582450471,-92.78480574056044,-0.10700629543288545,-10.700629543288546,-42.3799466866761,4.096342827561275,-5.347331799462387,0.01146660963480306,-0.05403620260856701
m05_joint_production_wealth,inv_D_sup_anch,inv,D_sup_anch,flat_1.0,BTTS_btts_no,btts_no,72,0.4444444444444444,2.342034614544153,0.44923252794869445,0.4295084045432068,186.73180768430237,16.80456192638959,0.0205421894675016,2.0542189467501597,8.99930340459199,3.4938008068192654,1.1354960312754263,0.019724123405487626,-0.004788083504250029
m05_joint_production_wealth,inv_D_sup_anch,inv,D_sup_anch,flat_1.0,O/U 1.5_under_15,under_15,60,0.23333333333333334,4.653067379682497,0.25212508705344894,0.22259438264848605,141.3512492863806,8.627426081317171,-0.0013520229267840614,-0.13520229267840614,6.1035371989092395,2.644718727494992,0.7701198586733937,0.029530704404962888,-0.0187917537201156
m05_joint_production_wealth,inv_D_sup_anch,inv,D_sup_anch,flat_1.0,O/U 2.5_over_25,over_25,45,0.4444444444444444,2.0435592938786997,0.5103354702254487,0.49058102508957,135.39446359252787,6.1700106511537545,-0.07317429651200907,-7.317429651200907,4.557062739081057,2.5332657140993438,0.5749919101359897,0.01975444513587865,-0.06589102578100425
m05_joint_production_wealth,inv_D_sup_anch,inv,D_sup_anch,flat_1.0,O/U 3.5_over_35,over_35,45,0.17777777777777778,3.3385389719102005,0.31639441706185867,0.3063806245875901,59.4971242532388,-10.738490214811033,-0.37861306487695745,-37.86130648769574,-18.048755044201098,1.1132067069731824,-2.277319565833868,0.01001379247426859,-0.13861663928408088
m05_joint_production_wealth,inv_D_sup_anch,inv,D_sup_anch,canonical_P1,1X2_home,home,286,0.35664335664335667,3.264144058258058,0.3627097844668167,0.33614774639394507,1452.0394163726437,164.7121519919121,0.051971444566346156,5.197144456634615,11.34350418691673,35.814853887904846,0.7116028075725382,0.026562038072871608,-0.006066427823460008
m05_joint_production_wealth,inv_D_sup_anch,inv,D_sup_anch,canonical_P1,1X2_away,away,364,0.260989010989011,4.425312472108219,0.2927249863286098,0.2627483255431332,1358.3657466427367,51.600190394452646,0.017020815726130102,1.7020815726130103,3.7986963762878214,33.50437336189997,0.23830052529973855,0.029976660785476616,-0.03173597533959882
m05_joint_production_wealth,inv_D_sup_anch,inv,D_sup_anch,canonical_P1,O/U 2.5_under_25,under_25,158,0.5189873417721519,2.2378370034095156,0.48252640321398427,0.4526393897984804,851.5009812425676,306.30829518401043,0.14625138279974503,14.625138279974504,35.972747176054305,21.00244861451043,2.2566490446666108,0.02988701341550387,0.03646093855816762
m05_joint_production_wealth,inv_D_sup_anch,inv,D_sup_anch,canonical_P1,1X2_draw,draw,140,0.2357142857142857,4.536291749258134,0.24167769838169956,0.22823842262324925,392.38769962400994,123.66544651562172,0.05041953784740771,5.0419537847407705,31.51613739016775,9.678324135684788,1.9770761733884528,0.013439275758450303,-0.005963412667413848
m05_joint_production_wealth,inv_D_tot,inv,D_tot,flat_1.0,1X2_away,away,357,0.26330532212885155,4.446980796641251,0.2910488663589917,0.2619533894300945,1414.3930463866411,71.14878592072773,0.02618683672470343,2.6186836724703433,5.030340477315835,27.536789590294426,0.6333803331968016,0.02909547692889719,-0.027743544230140138
m05_joint_production_wealth,inv_D_tot,inv,D_tot,flat_1.0,1X2_home,home,280,0.3535714285714286,3.282303428814564,0.36054844867338165,0.3341530260780616,1167.21424732291,137.4269552672391,0.0530876001559639,5.30876001559639,11.773927158826044,22.72447055465701,1.482478957541922,0.026395422595320073,-0.0069770201019530576
m05_joint_production_wealth,inv_D_tot,inv,D_tot,flat_1.0,O/U 2.5_under_25,under_25,155,0.5225806451612903,2.2466968406745402,0.4807209763311953,0.45083305163377113,680.8235830112875,253.387716112692,0.15702150011256408,15.702150011256407,37.21782300665267,13.254940556577983,4.686171292602388,0.029887924697424184,0.04185966883009501
m05_joint_production_wealth,inv_D_tot,inv,D_tot,flat_1.0,O/U 3.5_under_35,under_35,62,0.5483870967741935,1.561977359212956,0.6868854576160364,0.644295411765453,455.2775743411627,-125.91476230498715,-0.1676432953126781,-16.764329531267812,-27.656702065152192,8.863789879227898,-3.482311236812716,0.04259004585058335,-0.13849836084184286
m05_joint_production_wealth,inv_D_tot,inv,D_tot,flat_1.0,1X2_draw,draw,146,0.2328767123287671,4.513874568081857,0.2431192080858873,0.22916206618519336,451.40283921716167,111.77665192209643,0.032559830812582735,3.2559830812582735,24.76206222272402,8.788352739530188,3.1178412856931854,0.013957141900693942,-0.01024249575712019
m05_joint_production_wealth,inv_D_tot,inv,D_tot,flat_1.0,BTTS_btts_yes,btts_yes,48,0.5416666666666666,1.862089633227586,0.5543440038770856,0.5428849854391152,247.7146281831928,-93.4605501573441,-0.02919971391542257,-2.919971391542257,-37.729120336093786,4.82275108191809,-4.750549772417904,0.01145901843797037,-0.01267733721041897
m05_joint_production_wealth,inv_D_tot,inv,D_tot,flat_1.0,O/U 1.5_over_15,over_15,36,0.8333333333333334,1.3582287575729926,0.7542109256158593,0.7355675276122687,196.12249009661218,41.56934571423098,0.12088547871782948,12.088547871782948,21.195603672864564,3.8183047898262203,2.668781283725304,0.018643398003590606,0.07912240771747403
m05_joint_production_wealth,inv_D_tot,inv,D_tot,flat_1.0,O/U 1.5_under_15,under_15,66,0.21212121212121213,4.6385259976136455,0.2513573316755504,0.22305116791805185,154.788594791035,6.266070238914862,-0.09213820266071278,-9.213820266071277,4.048147247136698,3.0135760187928002,0.5097103990840208,0.02830616375749856,-0.03923611955433828
m05_joint_production_wealth,inv_D_tot,inv,D_tot,flat_1.0,BTTS_btts_no,btts_no,60,0.45,2.3680484568794835,0.4443027189076175,0.4251867234964821,153.65966156948986,14.766573719942967,0.042086596353249975,4.208659635324998,9.609922063550195,2.991596840754135,1.2100047036686017,0.0191159954111354,0.005697281092382489
m05_joint_production_wealth,inv_D_tot,inv,D_tot,flat_1.0,O/U 2.5_over_25,over_25,49,0.4489795918367347,2.058074927021961,0.5067068145838021,0.4870956332361668,140.70321000735737,7.751019769002915,-0.0598182582028762,-5.98182582028762,5.508772520966375,2.7393479475523836,0.693620678474802,0.019611181347635287,-0.057727222747067375
m05_joint_production_wealth,inv_D_tot,inv,D_tot,flat_1.0,O/U 3.5_over_35,over_35,51,0.19607843137254902,3.3482638400204054,0.3166304924815518,0.30579675449677685,74.2761058271157,-16.784079048545532,-0.334209981298503,-33.4209981298503,-22.596875349943602,1.4460800008688763,-2.8452182318265087,0.010833737984774938,-0.12055206110900277
m05_joint_production_wealth,inv_D_tot,inv,D_tot,canonical_P1,1X2_home,home,280,0.3535714285714286,3.282303428814564,0.36054844867338165,0.3341530260780616,1370.1919931510677,159.8290990647984,0.0530876001559639,5.30876001559639,11.664722890201329,35.28721137464374,0.7095660747876156,0.026395422595320073,-0.0069770201019530576
m05_joint_production_wealth,inv_D_tot,inv,D_tot,canonical_P1,1X2_away,away,357,0.26330532212885155,4.446980796641251,0.2910488663589917,0.2619533894300945,1275.6330454856381,47.148443897380105,0.02618683672470343,2.6186836724703433,3.6960820405393715,32.851989456611406,0.22483298148484837,0.02909547692889719,-0.027743544230140138
m05_joint_production_wealth,inv_D_tot,inv,D_tot,canonical_P1,O/U 2.5_under_25,under_25,155,0.5225806451612903,2.2466968406745402,0.4807209763311953,0.45083305163377113,831.1031097769259,307.6841673587857,0.15702150011256408,15.702150011256407,37.021178688811595,21.40379688059431,2.2520014143068576,0.029887924697424184,0.04185966883009501
m05_joint_production_wealth,inv_D_tot,inv,D_tot,canonical_P1,1X2_draw,draw,146,0.2328767123287671,4.513874568081857,0.2431192080858873,0.22916206618519336,406.04230964768084,123.66889754639318,0.032559830812582735,3.2559830812582735,30.457145624479267,10.457002288150536,1.852710730758178,0.013957141900693942,-0.01024249575712019
